doc_id,source,published_at,n_annotators,sentence_id,start,end,text,passive,passive_tokens,n_passive_tokens,evidential_nfh,evidential_tokens,n_evidential_tokens,explicit_agent,agent_tokens,agentless_passive,n_words,any_ANTAGONIST,any_PROTAGONIST,any_INNOCENT,any_l3_Attack on Reputation,any_l3_Justification,any_l3_Manipulative Wording,any_l3_Simplification,any_l3_Call,any_l3_Distraction,l3_by_annotator,l1_role_disagreement,l1_span_disagreement,l1_presence_disagreement,l1_label_conflict,l3_role_disagreement,l3_span_disagreement,l3_presence_disagreement,l3_label_conflict,l1_annotated_any,l3_annotated_any
cumhuriyet:2227758,cumhuriyet,2024-07-16,2,0,0,42,Hocamız Sevda Şener’i yitireli 10 yıl oldu,0,,0,0,,0,0,,0,7,0,0,0,0,0,0,0,0,0,"{""6"": [], ""11"": []}",0.0,0.0,0.0,,0.0,0.0,0.0,,0.0,0.0
cumhuriyet:2227758,cumhuriyet,2024-07-16,2,1,44,108,"Türkiye’de yetişmiş ilk tiyatro bilimcimiz, *“hocaların hocası”*",1,yetişmiş,1,1,yetişmiş,1,0,,1,9,0,1,0,0,0,0,0,0,0,"{""6"": [], ""11"": []}",1.0,1.0,1.0,,0.0,0.0,0.0,,1.0,0.0
cumhuriyet:2227758,cumhuriyet,2024-07-16,2,2,109,164,**Sevda Şener**’i 10 yıl önce 22 Temmuz’da yitirmiştik.,0,,0,0,,0,0,,0,10,0,1,0,0,0,0,0,0,0,"{""6"": [], ""11"": []}",1.0,1.0,1.0,,0.0,0.0,0.0,,1.0,0.0
cumhuriyet:2227758,cumhuriyet,2024-07-16,2,3,165,253,"Ne ki ölüm onu meslektaşlarından, öğrencilerinden, okurlarından, dostlarından ayıramadı.",0,,0,0,,0,0,,0,13,0,0,0,0,0,0,0,0,0,"{""6"": [], ""11"": []}",0.0,0.0,0.0,,0.0,0.0,0.0,,0.0,0.0
cumhuriyet:2227758,cumhuriyet,2024-07-16,2,4,254,309,"Yeni baskıları yapılan kitapları, derslerde okutuluyor.",1,yapılan | okutuluyor,2,0,,0,0,,1,8,0,0,0,0,0,0,0,0,0,"{""6"": [], ""11"": []}",0.0,0.0,0.0,,0.0,0.0,0.0,,0.0,0.0
cumhuriyet:2227758,cumhuriyet,2024-07-16,2,5,310,369,Tiyatro üstüne yazılan yapıtlar Şener’den alıntılarla dolu.,1,yazılan,1,0,,0,0,,1,8,0,0,0,0,0,0,0,0,0,"{""6"": [], ""11"": []}",0.0,0.0,0.0,,0.0,0.0,0.0,,0.0,0.0
cumhuriyet:2227758,cumhuriyet,2024-07-16,2,6,370,443,"Dahası, her anıldığında, yürekten gelme sevgi sözcükleriyle kucaklanıyor.",1,anıldığında,1,0,,0,0,,1,11,0,0,0,0,0,0,0,0,0,"{""6"": [], ""11"": []}",0.0,0.0,0.0,,0.0,0.0,0.0,,0.0,0.0
cumhuriyet:2227758,cumhuriyet,2024-07-16,2,7,444,467,10 yıl geçmemiş gibi...,0,,0,1,geçmemiş,1,0,,0,5,0,0,0,0,0,0,0,0,0,"{""6"": [], ""11"": []}",0.0,0.0,0.0,,0.0,0.0,0.0,,0.0,0.0
cumhuriyet:2227758,cumhuriyet,2024-07-16,2,8,470,637,"1958’de DTCF’de kurulan -tiyatro bilimine odaklı- Tiyatro Araştırmaları Enstitüsü’ne asistan olması istendiğinde, üniversite mezunu, evli ve çocuklu bir ev hanımıymış.",1,kurulan | istendiğinde,2,1,ymış,1,0,,1,28,0,0,0,0,0,0,0,0,0,"{""6"": [], ""11"": []}",0.0,0.0,0.0,,0.0,0.0,0.0,,0.0,0.0
cumhuriyet:2227758,cumhuriyet,2024-07-16,2,9,638,717,Hocalarından gelen öneriye olumlu karşılık vererek zorlu bir yaşama adım atmış.,0,,0,1,atmış,1,0,,0,12,0,0,0,0,0,0,0,0,0,"{""6"": [], ""11"": []}",0.0,0.0,0.0,,0.0,0.0,0.0,,0.0,0.0
cumhuriyet:2227758,cumhuriyet,2024-07-16,2,10,718,998,"*“Sanırım ben Cumhuriyet döneminin kadına tanıdığı haklardan sonuna kadar yararlanmaya çok istekli olan, aynı zamanda kendini evi ile işi arasında uyum sağlamakla, bütün beklentileri yanıtlamakla yükümlü sayan bir kuşağın temsilcisiyim”* diyordu kendisiyle yaptığım bir söyleşide.",0,,0,0,,0,0,,0,41,0,0,0,0,0,0,0,0,0,"{""6"": [], ""11"": []}",0.0,0.0,0.0,,0.0,0.0,0.0,,0.0,0.0
cumhuriyet:2227758,cumhuriyet,2024-07-16,2,11,1001,1022,Gerçekten de öyleydi.,0,,0,0,,0,0,,0,5,0,0,0,0,0,0,0,0,0,"{""6"": [], ""11"": []}",0.0,0.0,0.0,,0.0,0.0,0.0,,0.0,0.0
cumhuriyet:2227758,cumhuriyet,2024-07-16,2,12,1023,1511,"Onun doktora tez öğrencisi olduğum aşamada başlayan 35 yıllık dostluğumuz boyunca, eşini, çocuklarını ve torunlarını özenle sarıp sarmalayışının, DTCF Tiyatro Bölümü’ndeki görevine ödünsüz bağlılığının, derslerinde zor olanı kolaymış gibi açıklayışının, öğrencilerine -zorbalık karşısındasahip çıkışının, konuklarını ağırlarken kusursuzluğu arayışının, bilimsel çalışmalarını yaparken gösterdiği titizliğin, hangi konumda olursa olsun alçakgönüllülükten ödün vermeyişinin canlı tanığıyım.",0,,0,1,kolaymış,1,0,,0,64,0,0,0,0,0,0,0,0,0,"{""6"": [], ""11"": []}",0.0,0.0,0.0,,0.0,0.0,0.0,,0.0,0.0
cumhuriyet:2227758,cumhuriyet,2024-07-16,2,13,1513,1612,"Sevda Şener’in, yaşamını etkilediği birçok seveninden seçtiğim düşünceleri de burada paylaşmalıyım.",0,,0,0,,0,0,,0,13,0,0,0,0,0,0,0,0,0,"{""6"": [], ""11"": []}",0.0,0.0,0.0,,0.0,0.0,0.0,,0.0,0.0
cumhuriyet:2227758,cumhuriyet,2024-07-16,2,14,1613,1734,Felsefeci **Füsun Akatlı** tiyatroya olan düşünsel yaklaşımı açısından onu bir *“tiyatro filozofu”* olarak tanımlamıştır.,0,,0,1,tanımlamıştır,1,0,,0,16,0,1,0,0,0,0,0,0,0,"{""6"": [], ""11"": []}",1.0,1.0,1.0,,0.0,0.0,0.0,,1.0,0.0
cumhuriyet:2227758,cumhuriyet,2024-07-16,2,15,1735,1852,"**Özdemir Nutku** yıllarca birlikte çalıştığı meslektaşını betimlerken *“Berrak bir kafası, parlak bir zekası vardır.",0,,0,0,,0,0,,0,19,0,1,0,0,0,0,0,0,0,"{""6"": [], ""11"": []}",1.0,1.0,1.0,,0.0,0.0,0.0,,1.0,0.0
cumhuriyet:2227758,cumhuriyet,2024-07-16,2,16,1853,1924,(…) sorunları çözümleyebilecek analitik bir düşünce sistemine sahiptir.,0,,0,0,,0,0,,0,12,0,0,0,0,0,0,0,0,0,"{""6"": [], ""11"": []}",0.0,0.0,0.0,,0.0,0.0,0.0,,0.0,0.0
cumhuriyet:2227758,cumhuriyet,2024-07-16,2,17,1925,1976,Yazdığı kitaplar bunun en güzel delilleridir”* der.,0,,0,0,,0,0,,0,8,0,0,0,0,0,0,0,0,0,"{""6"": [], ""11"": []}",0.0,0.0,0.0,,0.0,0.0,0.0,,0.0,0.0
cumhuriyet:2227758,cumhuriyet,2024-07-16,2,18,1977,2173,"**Murat Tuncay**, Şener’in oyun inceleme yöntemini anlatırken, onun hiçbir ögenin rastlantısal olmadığını gösterme, ama aynı anda *“bütün”*ü de gözetme bağlamında yaman bir usta olduğunu vurgular.",0,,0,0,,0,0,,0,30,0,1,0,0,0,0,0,0,0,"{""6"": [], ""11"": []}",1.0,1.0,1.0,,0.0,0.0,0.0,,1.0,0.0
cumhuriyet:2227758,cumhuriyet,2024-07-16,2,19,2176,2313,"**Kerem Alışık**, *“Hepimiz Sevda Şener’in paltosundan çıktık”* diyerek hocanın yapıtlarıyla yarattığı geniş etki alanını göstermektedir.",0,,0,0,,0,0,,0,20,0,1,0,0,1,0,0,0,0,"{""6"": [""Justification""], ""11"": []}",1.0,1.0,1.0,,1.0,1.0,1.0,,1.0,1.0
cumhuriyet:2227758,cumhuriyet,2024-07-16,2,20,2314,2487,"Öğrencisi **Uğur Akıncı**’ya göre Sevda Şener’in en üstün özelliği, *“kuramı (teoriyi), ezberlenmesi gereken bir yük olmaktan çıkarıp yaşamsal bir bilgiye dönüştürmesi”*dir.",1,ezberlenmesi,1,0,,0,0,,1,28,0,1,0,0,0,0,0,0,0,"{""6"": [], ""11"": []}",1.0,1.0,1.0,,0.0,0.0,0.0,,1.0,0.0
cumhuriyet:2227758,cumhuriyet,2024-07-16,2,21,2488,2660,"**Nurhan Tekerek**, hocasını, tiyatro, sanat, felsefe ve çağdaşlaşma arasındaki diyalektik ilişkinin kavranmasına katkıda bulunan en önemli insanlardan biri olarak niteler.",0,,0,0,,0,0,,0,28,0,1,0,0,0,0,0,0,0,"{""6"": [], ""11"": []}",1.0,1.0,1.0,,0.0,0.0,0.0,,1.0,0.0
cumhuriyet:2227758,cumhuriyet,2024-07-16,2,22,2661,2908,"**Hasan Erkek**, Sevda Şener’in disiplinler arası ilişkileri gözeten aydın kişi yaklaşımını, *“Öğrencileri olarak onu yalnız derste değil, tiyatroda, sinemada resim sergilerinde, edebiyat söyleşilerinde görüp daha çok sevdik”* sözleriyle belirler.",0,,0,0,,0,0,,0,37,0,1,0,0,0,0,0,0,0,"{""6"": [], ""11"": []}",1.0,1.0,1.0,,0.0,0.0,0.0,,1.0,0.0
cumhuriyet:2227758,cumhuriyet,2024-07-16,2,23,2909,3016,**Metin Boran** hocasının sanata bakış açısını şöyle açımlar: *“Sevda Hoca bize sadece tiyatroyu öğretmedi.,0,,0,0,,0,0,,0,18,0,1,0,0,0,0,0,0,0,"{""6"": [], ""11"": []}",1.0,1.0,1.0,,0.0,0.0,0.0,,1.0,0.0
cumhuriyet:2227758,cumhuriyet,2024-07-16,2,24,3017,3114,"İnsan olmayı, çevremize ve topluma karşı duyarlı olmayı, (…) soru sormayı ve sorgulamayı öğretti.",0,,0,0,,0,0,,0,19,0,0,0,0,0,0,0,0,0,"{""6"": [], ""11"": []}",0.0,0.0,0.0,,0.0,0.0,0.0,,0.0,0.0
cumhuriyet:2227758,cumhuriyet,2024-07-16,2,25,3115,3197,Onun bilimsel aklı ve yöntemi bizim sanat algımızı oluşturmamızın (…) yolunu açtı.,0,,0,0,,0,0,,0,15,0,0,0,0,0,0,0,0,0,"{""6"": [], ""11"": []}",0.0,0.0,0.0,,0.0,0.0,0.0,,0.0,0.0
cumhuriyet:2227758,cumhuriyet,2024-07-16,2,26,3197,3199,”*,0,,0,0,,0,0,,0,1,0,0,0,0,0,0,0,0,0,"{""6"": [], ""11"": []}",0.0,0.0,0.0,,0.0,0.0,0.0,,0.0,0.0
cumhuriyet:2227758,cumhuriyet,2024-07-16,2,27,3200,3366,**Murathan Mungan** da *“bilgi (Sevda Şener için) entelektüel bir rütbe”* olmaktansa *“hayatı kullanışlı kılmaya yarayan içkinleştirilmiş bir değer kazanıyor”* diyor.,1,içkinleştirilmiş,1,1,içkinleştirilmiş,1,0,,1,24,0,1,0,0,0,0,0,0,0,"{""6"": [], ""11"": []}",1.0,1.0,1.0,,0.0,0.0,0.0,,1.0,0.0
cumhuriyet:2227758,cumhuriyet,2024-07-16,2,28,3367,3498,"**Ayşın Candan** ise *“Sevda Şener’in yazılarında kullandığı dil, genç kuşakların özenmesi gereken Türkçedir”* saptamasını yapıyor.",1,özenmesi,1,0,,0,0,,1,19,0,1,0,0,0,0,0,0,0,"{""6"": [], ""11"": []}",1.0,1.0,1.0,,0.0,0.0,0.0,,1.0,0.0
cumhuriyet:2227758,cumhuriyet,2024-07-16,2,29,3501,3654,"**Üstün Akmen**’e göre Şener, *“tiyatro sanatının itibar (…), eleştirmenlerin saygınlık kazanmasında”* önemli katkısı olmuş bir bilim insanı ve yazardır.",0,,0,1,olmuş,1,0,,0,27,0,1,0,0,0,0,0,0,0,"{""6"": [], ""11"": []}",0.0,1.0,0.0,0.0,0.0,0.0,0.0,,1.0,0.0
cumhuriyet:2227758,cumhuriyet,2024-07-16,2,30,3655,3778,"**Pınar Şenel**, hocasını *“her yorumunu, en küçük meselelerde bile hayranlıkla dinlediği”* bir *“bilge”* olarak niteliyor.",0,,0,0,,0,0,,0,20,0,1,0,0,0,0,0,0,0,"{""6"": [], ""11"": []}",1.0,1.0,1.0,,0.0,0.0,0.0,,1.0,0.0
cumhuriyet:2227758,cumhuriyet,2024-07-16,2,31,3779,3851,"**Gülşen Karakadıoğlu**, bir Sevda Şener Kitabı oluşturulmasını özlüyor.",0,,0,0,,0,0,,0,11,0,1,0,0,0,0,0,0,0,"{""6"": [], ""11"": []}",1.0,1.0,1.0,,0.0,0.0,0.0,,1.0,0.0
cumhuriyet:2227758,cumhuriyet,2024-07-16,2,32,3852,4089,"**Hülya Nutku**, hocasını *“Siz bize Cumhuriyetimizin en güzel hediyesisiniz”* diyerek selamlarken, **Dikmen Gürün**, *“Sevda Şener Hoca’mın yazılarından, kitaplarından, öğrencileriyle kurduğu yapıcı ilişkilerden hep ilham aldım”* diyor.",0,,0,0,,0,0,,0,36,0,1,0,0,0,1,0,0,0,"{""6"": [""Manipulative Wording""], ""11"": []}",1.0,1.0,1.0,,1.0,1.0,1.0,,1.0,1.0
cumhuriyet:2227758,cumhuriyet,2024-07-16,2,33,4090,4154,"Onun öğrencisi olmaktan, hepimiz gibi onur duyduğunu belirtiyor.",0,,0,0,,0,0,,0,10,0,0,0,0,0,0,0,0,0,"{""6"": [], ""11"": []}",0.0,0.0,0.0,,0.0,0.0,0.0,,0.0,0.0
cumhuriyet:2227758,cumhuriyet,2024-07-16,2,34,4157,4193,Aklımızda ve yüreğimizdesiniz hocam.,0,,0,0,,0,0,,0,5,0,0,0,0,0,0,0,0,0,"{""6"": [], ""11"": []}",0.0,0.0,0.0,,0.0,0.0,0.0,,0.0,0.0
cumhuriyet:2237757,cumhuriyet,2024-08-15,3,0,0,32,Ayvalık Müzik Akademisi mucizesi,0,,0,0,,0,0,,0,4,0,0,0,0,0,0,0,0,0,"{""6"": [], ""7"": [], ""11"": []}",0.0,0.0,0.0,,0.0,0.0,0.0,,0.0,0.0
cumhuriyet:2237757,cumhuriyet,2024-08-15,3,1,34,132,"Onlardan ne zaman söz edecek olsam, aklıma ve yüreğime yerleşen ilk sözcük hep bu oluyor: “Mucize!",0,,0,0,,0,0,,0,19,0,0,0,0,0,1,0,0,0,"{""6"": [], ""7"": [""Manipulative Wording""], ""11"": []}",0.0,0.0,0.0,,1.0,1.0,1.0,,0.0,1.0
cumhuriyet:2237757,cumhuriyet,2024-08-15,3,2,132,133,”,0,,0,0,,0,0,,0,1,0,0,0,0,0,0,0,0,0,"{""6"": [], ""7"": [], ""11"": []}",0.0,0.0,0.0,,0.0,0.0,0.0,,0.0,0.0
cumhuriyet:2237757,cumhuriyet,2024-08-15,3,3,135,154,Onlar dediğim AIMA.,0,,0,0,,0,0,,0,4,0,1,0,0,0,0,0,0,0,"{""6"": [], ""7"": [], ""11"": []}",1.0,1.0,1.0,0.0,0.0,0.0,0.0,,1.0,0.0
cumhuriyet:2237757,cumhuriyet,2024-08-15,3,4,155,197,Yani Ayvalık Uluslararası Müzik Akademisi.,0,,0,0,,0,0,,0,6,0,1,0,0,0,0,0,0,0,"{""6"": [], ""7"": [], ""11"": []}",1.0,1.0,1.0,0.0,0.0,0.0,0.0,,1.0,0.0
cumhuriyet:2237757,cumhuriyet,2024-08-15,3,5,198,234,Bu sayfanın okurları anımsayacaktır.,0,,0,0,,0,0,,0,5,0,0,0,0,0,0,0,0,0,"{""6"": [], ""7"": [], ""11"": []}",0.0,0.0,0.0,,0.0,0.0,0.0,,0.0,0.0
cumhuriyet:2237757,cumhuriyet,2024-08-15,3,6,235,338,Ama yeni ya da genç okurlar için bir ön bilgi vermeliyim: Bu “mucize” önceleri Filiz Ali’nin hayaliydi.,0,,0,0,,0,0,,0,20,0,0,0,0,0,0,0,0,0,"{""6"": [], ""7"": [], ""11"": []}",0.0,0.0,0.0,,0.0,0.0,0.0,,0.0,0.0
cumhuriyet:2237757,cumhuriyet,2024-08-15,3,7,338,348,(1998’di).,0,,0,0,,0,0,,0,4,0,0,0,0,0,0,0,0,0,"{""6"": [], ""7"": [], ""11"": []}",0.0,0.0,0.0,,0.0,0.0,0.0,,0.0,0.0
cumhuriyet:2237757,cumhuriyet,2024-08-15,3,8,349,372,Sayısız insan el verdi.,0,,0,0,,0,0,,0,5,0,0,0,0,0,0,0,0,0,"{""6"": [], ""7"": [], ""11"": []}",0.0,0.0,0.0,,0.0,0.0,0.0,,0.0,0.0
cumhuriyet:2237757,cumhuriyet,2024-08-15,3,9,373,440,"Usta müzisyenler, İdil Biret, Ayla Erduran, Suna Kan seferber oldu.",0,,0,0,,0,0,,0,14,0,0,0,0,0,1,0,0,0,"{""6"": [], ""7"": [""Manipulative Wording""], ""11"": []}",0.0,0.0,0.0,,1.0,1.0,1.0,,0.0,1.0
cumhuriyet:2237757,cumhuriyet,2024-08-15,3,10,441,595,"Ayvalık’la gönül bağı olan; Filiz Ali’ye inanıp güvenenlerin katkısı, desteği, ilgisi, müziğin gücüne duyulan inançla bütünleşince ortaya bu mucize çıktı.",1,duyulan,1,0,,0,0,,1,25,0,1,0,0,0,1,0,0,0,"{""6"": [], ""7"": [""Manipulative Wording""], ""11"": []}",1.0,1.0,1.0,,1.0,1.0,1.0,,1.0,1.0
cumhuriyet:2237757,cumhuriyet,2024-08-15,3,11,596,609,AIMA kuruldu.,1,kuruldu,1,0,,0,0,,1,3,0,0,0,0,0,0,0,0,0,"{""6"": [], ""7"": [], ""11"": []}",0.0,0.0,0.0,,0.0,0.0,0.0,,0.0,0.0
cumhuriyet:2237757,cumhuriyet,2024-08-15,3,12,610,659,"Ustalık sınıflarını, ustaların ustaları üstlendi.",0,,0,0,,0,0,,0,7,0,0,0,0,0,0,0,0,0,"{""6"": [], ""7"": [], ""11"": []}",0.0,0.0,0.0,,0.0,0.0,0.0,,0.0,0.0
cumhuriyet:2237757,cumhuriyet,2024-08-15,3,13,660,750,"O gün bugün 1000’i aşkın yetenekli genç sanatçıya, ufuklarını genişletmek olanağı sunuldu.",1,sunuldu,1,0,,0,0,,1,15,0,0,0,0,0,0,0,0,0,"{""6"": [], ""7"": [], ""11"": []}",0.0,0.0,0.0,,0.0,0.0,0.0,,0.0,0.0
cumhuriyet:2237757,cumhuriyet,2024-08-15,3,14,752,785,Ustalık sınıflarıyla yetinilmedi.,1,yetinilmedi,1,0,,0,0,,1,4,0,0,0,0,0,0,0,0,0,"{""6"": [], ""7"": [], ""11"": []}",0.0,0.0,0.0,,0.0,0.0,0.0,,0.0,0.0
cumhuriyet:2237757,cumhuriyet,2024-08-15,3,15,786,879,AIMA’ya katılmış genç müzisyenlerden 20’si seçilerek AIMA Festival Orkestrası kuruldu (2013).,1,katılmış | seçilerek | kuruldu,3,1,katılmış,1,0,,1,14,0,0,0,0,0,0,0,0,0,"{""6"": [], ""7"": [], ""11"": []}",0.0,0.0,0.0,,0.0,0.0,0.0,,0.0,0.0
cumhuriyet:2237757,cumhuriyet,2024-08-15,3,16,880,943,"Sadece Ayvalık’ta değil, Ayvalık dışında da konserler verdiler.",0,,0,0,,0,0,,0,10,0,0,0,0,0,0,0,0,0,"{""6"": [], ""7"": [], ""11"": []}",0.0,0.0,0.0,,0.0,0.0,0.0,,0.0,0.0
cumhuriyet:2237757,cumhuriyet,2024-08-15,3,17,944,1000,Bununla da yetinmediler bir de festival kurdular iyi mi!,0,,0,0,,0,0,,0,10,0,0,0,0,0,0,0,0,0,"{""6"": [], ""7"": [], ""11"": []}",0.0,0.0,0.0,,0.0,0.0,0.0,,0.0,0.0
cumhuriyet:2237757,cumhuriyet,2024-08-15,3,18,1001,1069,Bu yıl Ayvalık Uluslararası Müzik Festivali tam 10. yaşını kutluyor.,0,,0,0,,0,0,,0,11,0,0,0,0,0,0,0,0,0,"{""6"": [], ""7"": [], ""11"": []}",0.0,0.0,0.0,,0.0,0.0,0.0,,0.0,0.0
cumhuriyet:2237757,cumhuriyet,2024-08-15,3,19,1071,1104,### AYVALIK-MİDİLLİ MÜZİK KÖPRÜSÜ,0,,0,0,,0,0,,0,6,0,0,0,0,0,0,0,0,0,"{""6"": [], ""7"": [], ""11"": []}",0.0,0.0,0.0,,0.0,0.0,0.0,,0.0,0.0
cumhuriyet:2237757,cumhuriyet,2024-08-15,3,20,1106,1136,Şimdi bir de hedef büyüttüler.,0,,0,0,,0,0,,0,6,0,0,0,0,0,0,0,0,0,"{""6"": [], ""7"": [], ""11"": []}",0.0,0.0,0.0,,0.0,0.0,0.0,,0.0,0.0
cumhuriyet:2237757,cumhuriyet,2024-08-15,3,21,1137,1192,Şöyle ki: Ayvalık’ın karşı kıyısı Lesbos-Midilli Adası.,0,,0,0,,0,0,,0,11,0,0,0,0,0,0,0,0,0,"{""6"": [], ""7"": [], ""11"": []}",0.0,0.0,0.0,,0.0,0.0,0.0,,0.0,0.0
cumhuriyet:2237757,cumhuriyet,2024-08-15,3,22,1193,1233,İki yakanın balıkları birbirine karışır.,0,,0,0,,0,0,,0,6,0,0,0,0,0,0,0,0,0,"{""6"": [], ""7"": [], ""11"": []}",0.0,0.0,0.0,,0.0,0.0,0.0,,0.0,0.0
cumhuriyet:2237757,cumhuriyet,2024-08-15,3,23,1234,1275,Hani neredeyse zeytinleri bile karışacak.,0,,0,0,,0,0,,0,7,0,0,0,0,0,0,0,0,0,"{""6"": [], ""7"": [], ""11"": []}",0.0,0.0,0.0,,0.0,0.0,0.0,,0.0,0.0
cumhuriyet:2237757,cumhuriyet,2024-08-15,3,24,1276,1359,Şair Sapho’nun adası Lesbos’un da bir müzik festivali var: Molivos Müzik Festivali.,0,,0,0,,0,0,,0,14,0,0,0,0,0,0,0,0,0,"{""6"": [], ""7"": [], ""11"": []}",0.0,0.0,0.0,,0.0,0.0,0.0,,0.0,0.0
cumhuriyet:2237757,cumhuriyet,2024-08-15,3,25,1360,1385,O festival de 10 yaşında.,0,,0,0,,0,0,,0,6,0,0,0,0,0,0,0,0,0,"{""6"": [], ""7"": [], ""11"": []}",0.0,0.0,0.0,,0.0,0.0,0.0,,0.0,0.0
cumhuriyet:2237757,cumhuriyet,2024-08-15,3,26,1386,1432,Ve onların bu yılki festival teması “dostluk”.,0,,0,0,,0,0,,0,9,0,0,0,0,0,0,0,0,0,"{""6"": [], ""7"": [], ""11"": []}",0.0,0.0,0.0,,0.0,0.0,0.0,,0.0,0.0
cumhuriyet:2237757,cumhuriyet,2024-08-15,3,27,1433,1460,(Yunanca söylenişi “filia”),0,,0,0,,0,0,,0,5,0,0,0,0,0,0,0,0,0,"{""6"": [], ""7"": [], ""11"": []}",0.0,0.0,0.0,,0.0,0.0,0.0,,0.0,0.0
cumhuriyet:2237757,cumhuriyet,2024-08-15,3,28,1462,1478,Anladınız elbet!,0,,0,0,,0,0,,0,3,0,0,0,0,0,0,0,0,1,"{""6"": [], ""7"": [""Distraction""], ""11"": []}",0.0,0.0,0.0,,1.0,1.0,1.0,,0.0,1.0
cumhuriyet:2237757,cumhuriyet,2024-08-15,3,29,1479,1505,Bundan iyi fırsat mı olur!,0,,0,0,,0,0,,0,6,0,0,0,0,0,0,0,0,1,"{""6"": [], ""7"": [""Distraction""], ""11"": []}",0.0,0.0,0.0,,1.0,1.0,1.0,,0.0,1.0
cumhuriyet:2237757,cumhuriyet,2024-08-15,3,30,1506,1620,"Dünyanın kin, nefret, şiddetle çalkalandığı, savaş oyunlarının egemen olduğu sırada iki festival güçbirliği yaptı.",0,,0,0,,0,0,,0,18,0,0,0,0,0,0,0,0,1,"{""6"": [], ""7"": [""Distraction""], ""11"": []}",0.0,0.0,0.0,,1.0,1.0,1.0,,0.0,1.0
cumhuriyet:2237757,cumhuriyet,2024-08-15,3,31,1621,1741,"AIMA Festivali’nin Selçuk Demirel elinden çıkma, saçlarında notaları taşıyan genç kız afişiyle, Molivos Festivali’nin S.",0,,0,0,,0,0,,0,17,0,0,0,0,0,0,0,0,0,"{""6"": [], ""7"": [], ""11"": []}",0.0,0.0,0.0,,0.0,0.0,0.0,,0.0,0.0
cumhuriyet:2237757,cumhuriyet,2024-08-15,3,32,1742,1867,"Mitropoulos imzalı, notaları taşıyan emekçi karınca misali genç müzisyenleri içeren afişleri adanın dört bir yanını sarmıştı.",0,,0,0,,0,0,,0,18,0,0,0,0,0,0,0,0,0,"{""6"": [], ""7"": [], ""11"": []}",0.0,0.0,0.0,,0.0,0.0,0.0,,0.0,0.0
cumhuriyet:2237757,cumhuriyet,2024-08-15,3,33,1869,1952,"*Muhteşem konserin dört kahramanı: Umut Sağlam, Danae ve Kiveli Dörken, Orkun Pala.",0,,0,0,,0,0,,0,16,0,1,0,0,0,1,0,0,0,"{""6"": [], ""7"": [""Manipulative Wording""], ""11"": []}",1.0,1.0,1.0,0.0,1.0,1.0,1.0,,1.0,1.0
cumhuriyet:2237757,cumhuriyet,2024-08-15,3,34,1952,1953,*,0,,0,0,,0,0,,0,1,0,0,0,0,0,0,0,0,0,"{""6"": [], ""7"": [], ""11"": []}",0.0,0.0,0.0,,0.0,0.0,0.0,,0.0,0.0
cumhuriyet:2237757,cumhuriyet,2024-08-15,3,35,1955,2150,"Geçen hafta içinde iki genç Türk müzisyen Umut Sağlam (viyolonsel) ve Orkun Pala (keman), iki Yunan genç piyanist Kiveli Dörken ve Danae Dörken kız kardeşlerle birlikte muhteşem bir konser verdi.",0,,0,0,,0,0,,0,36,0,0,0,0,0,0,0,0,0,"{""6"": [], ""7"": [], ""11"": []}",0.0,0.0,0.0,,0.0,0.0,0.0,,0.0,0.0
cumhuriyet:2237757,cumhuriyet,2024-08-15,3,36,2151,2250,(Piyanist kız kardeşler hem bu festivalin kurucuları hem de dünya sahnelerinde ünlenmiş sanatçılar.,0,,0,1,ünlenmiş,1,0,,0,15,0,0,0,0,0,0,0,0,0,"{""6"": [], ""7"": [], ""11"": []}",0.0,0.0,0.0,,0.0,0.0,0.0,,0.0,0.0
cumhuriyet:2237757,cumhuriyet,2024-08-15,3,37,2250,2363,") Adanın Sigri bölgesinde Osmanlı kalesinin girişinde, tam da koskoca Osmanlı tuğrasının altına kurulmuştu sahne.",1,kurulmuştu,1,0,,0,0,,1,17,0,0,0,0,0,0,0,0,0,"{""6"": [], ""7"": [], ""11"": []}",0.0,0.0,0.0,,0.0,0.0,0.0,,0.0,0.0
cumhuriyet:2237757,cumhuriyet,2024-08-15,3,38,2364,2439,Çağdaş Yunan besteci Xenakis ve Adnan Saygun’un eserleriyle başladı konser.,0,,0,0,,0,0,,0,11,0,0,0,0,0,0,0,0,0,"{""6"": [], ""7"": [], ""11"": []}",0.0,0.0,0.0,,0.0,0.0,0.0,,0.0,0.0
cumhuriyet:2237757,cumhuriyet,2024-08-15,3,39,2440,2512,"İki bestecinin de ortak yanı, güçlerini geleneksel müzikten almalarıydı.",0,,0,0,,0,0,,0,12,0,0,0,0,0,0,0,0,0,"{""6"": [], ""7"": [], ""11"": []}",0.0,0.0,0.0,,0.0,0.0,0.0,,0.0,0.0
cumhuriyet:2237757,cumhuriyet,2024-08-15,3,40,2514,2530,### BÜYÜLÜ ANLAR,0,,0,0,,0,0,,0,3,0,0,0,0,0,0,0,0,0,"{""6"": [], ""7"": [], ""11"": []}",0.0,0.0,0.0,,0.0,0.0,0.0,,0.0,0.0
cumhuriyet:2237757,cumhuriyet,2024-08-15,3,41,2532,2687,"Umut Sağlam, Adnan Saygun’un viyolonsel için solo partita’sını yorumlarken dünyanın her yerinden gelmiş o kalabalık dinleyici kitlesi adeta soluğunu tuttu.",0,,0,1,gelmiş,1,0,,0,23,0,0,0,0,0,0,0,0,0,"{""6"": [], ""7"": [], ""11"": []}",0.0,0.0,0.0,,0.0,0.0,0.0,,0.0,0.0
cumhuriyet:2237757,cumhuriyet,2024-08-15,3,42,2688,2725,Gökyüzü ve yıldızlar daha da alçaldı.,0,,0,0,,0,0,,0,7,0,0,0,0,0,0,0,0,0,"{""6"": [], ""7"": [], ""11"": []}",0.0,0.0,0.0,,0.0,0.0,0.0,,0.0,0.0
cumhuriyet:2237757,cumhuriyet,2024-08-15,3,43,2726,2774,Dalgalar ve çakıl taşları gitgellerini durdurdu.,0,,0,0,,0,0,,0,7,0,0,0,0,0,0,0,0,0,"{""6"": [], ""7"": [], ""11"": []}",0.0,0.0,0.0,,0.0,0.0,0.0,,0.0,0.0
cumhuriyet:2237757,cumhuriyet,2024-08-15,3,44,2775,2791,Büyülü bir andı.,0,,0,0,,0,0,,0,4,0,0,0,0,0,0,0,0,0,"{""6"": [], ""7"": [], ""11"": []}",0.0,0.0,0.0,,0.0,0.0,0.0,,0.0,0.0
cumhuriyet:2237757,cumhuriyet,2024-08-15,3,45,2792,2971,Sanatçının hem kendi başına hem de kurmuş olduğu uluslararası Viatores Kuartet ile 2024’te birbirinden ünlü uluslararası yarışmalarda birçok önemli ödül kazandığını belirtmeliyim.,0,,0,1,kurmuş,1,0,,0,24,0,0,0,0,0,0,0,0,0,"{""6"": [], ""7"": [], ""11"": []}",0.0,0.0,0.0,,0.0,0.0,0.0,,0.0,0.0
cumhuriyet:2237757,cumhuriyet,2024-08-15,3,46,2972,3060,Halen Leipzig’de ustalık derecelerini tamamlayan Orkun Pala da Menuhin bursunu kazanmış.,0,,0,1,kazanmış,1,0,,0,12,0,0,0,0,0,0,0,0,0,"{""6"": [], ""7"": [], ""11"": []}",0.0,0.0,0.0,,0.0,0.0,0.0,,0.0,0.0
cumhuriyet:2237757,cumhuriyet,2024-08-15,3,47,3061,3095,Ayrıca sahne karizması da çarpıcı.,0,,0,0,,0,0,,0,7,0,0,0,0,0,0,0,0,0,"{""6"": [], ""7"": [], ""11"": []}",0.0,0.0,0.0,,0.0,0.0,0.0,,0.0,0.0
cumhuriyet:2237757,cumhuriyet,2024-08-15,3,48,3097,3168,Konser Beethoven’ın 1 no’lu piyano ve yaylı sazlar üçlüsüyle sona erdi.,0,,0,0,,0,0,,0,13,0,0,0,0,0,0,0,0,0,"{""6"": [], ""7"": [], ""11"": []}",0.0,0.0,0.0,,0.0,0.0,0.0,,0.0,0.0
cumhuriyet:2237757,cumhuriyet,2024-08-15,3,49,3169,3193,Alkışlar dinmek bitmedi.,0,,0,0,,0,0,,0,4,0,0,0,0,0,0,0,0,0,"{""6"": [], ""7"": [], ""11"": []}",0.0,0.0,0.0,,0.0,0.0,0.0,,0.0,0.0
cumhuriyet:2237757,cumhuriyet,2024-08-15,3,50,3194,3310,"Sahnede dört gencin Umut (26), Orkun (25), Kiveli (29) Danae (33) yaydıkları sinerji elle tutulabilir yoğunluktaydı.",1,tutulabilir,1,0,,0,0,,1,28,0,0,0,0,0,0,0,0,0,"{""6"": [], ""7"": [], ""11"": []}",0.0,0.0,0.0,,0.0,0.0,0.0,,0.0,0.0
cumhuriyet:2237757,cumhuriyet,2024-08-15,3,51,3311,3363,Birbirleriyle kurdukları iletişim ve ilişki de öyle.,0,,0,0,,0,0,,0,8,0,0,0,0,0,0,0,0,0,"{""6"": [], ""7"": [], ""11"": []}",0.0,0.0,0.0,,0.0,0.0,0.0,,0.0,0.0
cumhuriyet:2237757,cumhuriyet,2024-08-15,3,52,3365,3484,"O konser anları boyunca içinde yaşadığımız hoyratlık, çirkinlik, şiddet, acımasızlık, ayrımcılık, yalan dolan yok oldu.",0,,0,0,,0,0,,0,21,0,0,0,0,0,0,0,0,0,"{""6"": [], ""7"": [], ""11"": []}",0.0,0.0,0.0,,0.0,0.0,0.0,,0.0,0.0
cumhuriyet:2237757,cumhuriyet,2024-08-15,3,53,3485,3560,"Yerini daha güzel, daha eşitlikçi bir dünya mümkün düşüncesi ve umudu aldı.",0,,0,0,,0,0,,0,14,0,0,0,0,0,0,0,0,0,"{""6"": [], ""7"": [], ""11"": []}",0.0,0.0,0.0,,0.0,0.0,0.0,,0.0,0.0
cumhuriyet:2237757,cumhuriyet,2024-08-15,3,54,3561,3575,Sanki arındık.,0,,0,0,,0,0,,0,3,0,0,0,0,0,0,0,0,0,"{""6"": [], ""7"": [], ""11"": []}",0.0,0.0,0.0,,0.0,0.0,0.0,,0.0,0.0
cumhuriyet:2237757,cumhuriyet,2024-08-15,3,55,3577,3668,Bu önemli konserde Ayvalık Belediye Başkanı Mesut Ergil de sanatçıları yalnız bırakmamıştı.,0,,0,0,,0,0,,0,14,0,1,0,0,0,0,0,0,0,"{""6"": [], ""7"": [], ""11"": []}",1.0,1.0,1.0,,0.0,0.0,0.0,,1.0,0.0
cumhuriyet:2237757,cumhuriyet,2024-08-15,3,56,3669,3767,Konser öncesi yaptığı konuşmada kültürlerarası etkileşim ve dostluğu vurgulayan bir konuşma yaptı.,0,,0,0,,0,0,,0,13,0,0,0,0,0,0,0,0,0,"{""6"": [], ""7"": [], ""11"": []}",0.0,0.0,0.0,,0.0,0.0,0.0,,0.0,0.0
cumhuriyet:2237757,cumhuriyet,2024-08-15,3,57,3769,3907,"Konser alanından insanlar dağılırken, dinleyicilerin sanatçılarımızın peşinden koşup onları tekrar tekrar kutlamaları görülecek bir şeydi!",1,görülecek,1,0,,0,0,,1,17,0,0,0,0,0,1,0,0,0,"{""6"": [], ""7"": [""Manipulative Wording""], ""11"": []}",0.0,0.0,0.0,,1.0,1.0,1.0,,0.0,1.0
cumhuriyet:2237757,cumhuriyet,2024-08-15,3,58,3908,3934,(Tanrı’m iyi ki yaşıyorum.,0,,0,0,,0,0,,0,6,0,0,0,0,0,1,0,0,0,"{""6"": [], ""7"": [""Manipulative Wording""], ""11"": []}",0.0,0.0,0.0,,1.0,1.0,1.0,,0.0,1.0
cumhuriyet:2237757,cumhuriyet,2024-08-15,3,59,3935,3953,İyi ki yaşıyorum!),0,,0,0,,0,0,,0,5,0,0,0,0,0,1,0,0,0,"{""6"": [], ""7"": [""Manipulative Wording""], ""11"": []}",0.0,0.0,0.0,,1.0,1.0,1.0,,0.0,1.0
cumhuriyet:2237757,cumhuriyet,2024-08-15,3,60,3955,3973,### HEEEY EGELİLER,0,,0,0,,0,0,,0,3,0,0,0,0,0,0,0,0,0,"{""6"": [], ""7"": [], ""11"": []}",0.0,0.0,0.0,,0.0,0.0,0.0,,0.0,0.0
cumhuriyet:2237757,cumhuriyet,2024-08-15,3,61,3975,4098,Şimdi dikkat: Uluslararası Molivos Müzik Festivali’nin ( 9- 12 Ağustos) bütçesi AIMA’nın bir yıllık bütçesinin tam 10 katı!,0,,0,0,,0,0,,0,22,0,0,0,0,0,0,0,0,0,"{""6"": [], ""7"": [], ""11"": []}",0.0,0.0,0.0,,0.0,0.0,0.0,,0.0,0.0
cumhuriyet:2237757,cumhuriyet,2024-08-15,3,62,4100,4197,Bu gerçeği AIMA Yönetim Kurulu Başkanı Eren Tapan Coşkun’dan öğrendiğimde kulaklarıma inanamadım.,0,,0,0,,0,0,,0,13,0,1,0,0,0,0,0,0,0,"{""6"": [], ""7"": [], ""11"": []}",1.0,1.0,1.0,,0.0,0.0,0.0,,1.0,0.0
cumhuriyet:2237757,cumhuriyet,2024-08-15,3,63,4198,4338,"Onların üç günlük festival bütçesi, AIMA’nın bir yıllık tüm faaliyetleri, ustalık sınıfları, artı festival, artı orkestra vb.nin 10 katıydı.",0,,0,0,,0,0,,0,25,0,0,0,0,0,0,0,0,0,"{""6"": [], ""7"": [], ""11"": []}",0.0,0.0,0.0,,0.0,0.0,0.0,,0.0,0.0
cumhuriyet:2237757,cumhuriyet,2024-08-15,3,64,4339,4423,"Çünkü onları devlet, kültür bakanlığı, valilikler, yerel yönetimlerce destekliyordu.",0,,0,0,,0,0,,0,13,0,0,0,0,0,0,0,0,0,"{""6"": [], ""7"": [], ""11"": []}",0.0,0.0,0.0,,0.0,0.0,0.0,,0.0,0.0
cumhuriyet:2237757,cumhuriyet,2024-08-15,3,65,4425,4541,"AIMA’nın her yaptığı ise devlet bütçesiyle falan değil, sadece sponsorların katkılarıyla gerçekleşti, gerçekleşiyor.",0,,0,0,,0,0,,0,16,0,0,0,0,0,0,0,0,0,"{""6"": [], ""7"": [], ""11"": []}",0.0,0.0,0.0,,0.0,0.0,0.0,,0.0,0.0
cumhuriyet:2237757,cumhuriyet,2024-08-15,3,66,4542,4604,AIMA Müzik Festivali’nin ana sponsoru yıllardır Sabancı Vakfı.,0,,0,0,,0,0,,0,10,0,0,0,0,0,0,0,0,0,"{""6"": [], ""7"": [], ""11"": []}",0.0,0.0,0.0,,0.0,0.0,0.0,,0.0,0.0
cumhuriyet:2237757,cumhuriyet,2024-08-15,3,67,4605,4700,"Master class ustalık sınıflarının geçen yıldan beri eğitim sponsoru ise İş Bankası, İş Yatırım.",0,,0,0,,0,0,,0,16,0,0,0,0,0,0,0,0,0,"{""6"": [], ""7"": [], ""11"": []}",0.0,0.0,0.0,,0.0,0.0,0.0,,0.0,0.0
cumhuriyet:2237757,cumhuriyet,2024-08-15,3,68,4701,4740,Her iki kuruluşa da sonsuz teşekkürler!,0,,0,0,,0,0,,0,7,0,0,0,0,0,0,0,0,0,"{""6"": [], ""7"": [], ""11"": []}",0.0,0.0,0.0,,0.0,0.0,0.0,,0.0,0.0
cumhuriyet:2237757,cumhuriyet,2024-08-15,3,69,4741,4755,İyi ki varlar!,0,,0,0,,0,0,,0,4,0,0,0,0,0,0,0,0,0,"{""6"": [], ""7"": [], ""11"": []}",0.0,0.0,0.0,,0.0,0.0,0.0,,0.0,0.0
cumhuriyet:2237757,cumhuriyet,2024-08-15,3,70,4757,4886,"Devletin bırakın yardımını, Ayvalık’ta Kültür Bakanlığı’na ait mekânların kullanımı için bile onlardan insafsız kiralar alınıyor.",1,alınıyor,1,0,,0,0,,1,17,1,0,0,1,0,0,0,0,0,"{""6"": [""Attack on Reputation""], ""7"": [], ""11"": []}",1.0,1.0,1.0,0.0,1.0,1.0,1.0,,1.0,1.0
cumhuriyet:2237757,cumhuriyet,2024-08-15,3,71,4888,5013,"Bu yıl Balıkesir CHP’ye geçince ilk kez, evet ilk kez belediye başkanı Ahmet Akın ilk iş kültür kurumlarıyla iletişime geçti.",0,,0,0,,0,0,,0,22,0,1,0,0,0,0,0,0,0,"{""6"": [], ""7"": [], ""11"": []}",1.0,1.0,1.0,0.0,0.0,0.0,0.0,,1.0,0.0
cumhuriyet:2237757,cumhuriyet,2024-08-15,3,72,5014,5091,“Sesimizi duyan bir muhatap bulmak bile çok sevindiriciydi” diyor Eren Tapan.,0,,0,0,,0,0,,0,14,0,0,0,0,0,0,0,0,0,"{""6"": [], ""7"": [], ""11"": []}",0.0,0.0,0.0,,0.0,0.0,0.0,,0.0,0.0
cumhuriyet:2237757,cumhuriyet,2024-08-15,3,73,5093,5293,"Yıllardır hizmet görmüş piyanoları artık taşınamaz hale geldiğinde hemen Ayvalık Belediye Başkanı Mesut Ergil, Balıkesir’e başvurmuş, ve Balıkesir’deki iki piyanonun biri derhal Ayvalık’a yollanmıştı.",1,taşınamaz | yollanmıştı,2,1,görmüş | başvurmuş,2,0,,1,29,0,0,0,0,0,0,0,0,0,"{""6"": [], ""7"": [], ""11"": []}",0.0,0.0,0.0,,0.0,0.0,0.0,,0.0,0.0
cumhuriyet:2237757,cumhuriyet,2024-08-15,3,74,5294,5363,Bu basit işlem bile AIMA’ya gönül verenleri sevince boğmaya yetmişti.,0,,0,0,,0,0,,0,11,0,0,0,0,0,0,0,0,0,"{""6"": [], ""7"": [], ""11"": []}",0.0,0.0,0.0,,0.0,0.0,0.0,,0.0,0.0
cumhuriyet:2237757,cumhuriyet,2024-08-15,3,75,5364,5409,"Umarım geri istemezler, bu bağış kalıcı olur!",0,,0,0,,0,0,,0,9,0,0,0,0,0,0,0,0,0,"{""6"": [], ""7"": [], ""11"": []}",0.0,0.0,0.0,,0.0,0.0,0.0,,0.0,0.0
cumhuriyet:2237757,cumhuriyet,2024-08-15,3,76,5411,5575,"Bu yaz ustalık sınıflarında 10 genç viyonsel, 34 genç flüt, 9 genç klarnet, 16 genç keman, 11 genç piyano, 15 genç viyola ustalık sınıflarına katılmaya hak kazandı.",1,katılmaya,1,0,,0,0,,1,33,0,0,0,0,0,0,0,0,0,"{""6"": [], ""7"": [], ""11"": []}",0.0,0.0,0.0,,0.0,0.0,0.0,,0.0,0.0
cumhuriyet:2237757,cumhuriyet,2024-08-15,3,77,5576,5721,"Üstelik hocalar, ücret almadan gönüllü ders vermek isteseler bile emeğe olan saygıdan AIMA bunu kabul etmiyor mutlak emeğin karşılığını ödüyordu!",0,,0,0,,0,0,,0,22,0,0,0,0,0,0,0,0,0,"{""6"": [], ""7"": [], ""11"": []}",0.0,0.0,0.0,,0.0,0.0,0.0,,0.0,0.0
cumhuriyet:2237757,cumhuriyet,2024-08-15,3,78,5723,5780,Festivalleri ise 14 Haziran’la 21 Eylül arasında sürüyor.,0,,0,0,,0,0,,0,9,0,0,0,0,0,0,0,0,0,"{""6"": [], ""7"": [], ""11"": []}",0.0,0.0,0.0,,0.0,0.0,0.0,,0.0,0.0
cumhuriyet:2237757,cumhuriyet,2024-08-15,3,79,5781,5868,AIMA Festival Orkestrası’nı pandemi sonrasında ekonomik güçlüklerden toplayamamışlardı!,0,,0,0,,0,0,,0,9,0,0,0,0,0,0,0,0,0,"{""6"": [], ""7"": [], ""11"": []}",0.0,0.0,0.0,,0.0,0.0,0.0,,0.0,0.0
cumhuriyet:2237757,cumhuriyet,2024-08-15,3,80,5870,5884,Eren’e sordum.,0,,0,0,,0,0,,0,3,0,0,0,0,0,0,0,0,0,"{""6"": [], ""7"": [], ""11"": []}",0.0,0.0,0.0,,0.0,0.0,0.0,,0.0,0.0
cumhuriyet:2237757,cumhuriyet,2024-08-15,3,81,5885,5918,"Peki nasıl sürdürüyorsunuz, diye.",0,,0,0,,0,0,,0,6,0,0,0,0,0,0,0,0,0,"{""6"": [], ""7"": [], ""11"": []}",0.0,0.0,0.0,,0.0,0.0,0.0,,0.0,0.0
cumhuriyet:2237757,cumhuriyet,2024-08-15,3,82,5919,5982,"Yanıt şöyle geldi: “Filiz Ali’nin iradesi, inadı, kişiliği ile.",0,,0,0,,0,0,,0,13,0,1,0,0,0,0,0,0,0,"{""6"": [], ""7"": [], ""11"": []}",1.0,1.0,1.0,0.0,0.0,0.0,0.0,,1.0,0.0
cumhuriyet:2237757,cumhuriyet,2024-08-15,3,83,5983,5998,Sponsorlar ile.,0,,0,0,,0,0,,0,3,0,0,0,0,0,0,0,0,0,"{""6"": [], ""7"": [], ""11"": []}",0.0,0.0,0.0,,0.0,0.0,0.0,,0.0,0.0
cumhuriyet:2237757,cumhuriyet,2024-08-15,3,84,5999,6034,Gönül veren insanların desteği ile.,0,,0,0,,0,0,,0,6,0,0,0,0,0,0,0,0,0,"{""6"": [], ""7"": [], ""11"": []}",0.0,0.0,0.0,,0.0,0.0,0.0,,0.0,0.0
cumhuriyet:2237757,cumhuriyet,2024-08-15,3,85,6035,6044,İmeceyle.,0,,0,0,,0,0,,0,2,0,0,0,0,0,0,0,0,0,"{""6"": [], ""7"": [], ""11"": []}",0.0,0.0,0.0,,0.0,0.0,0.0,,0.0,0.0
cumhuriyet:2237757,cumhuriyet,2024-08-15,3,86,6044,6045,”,0,,0,0,,0,0,,0,1,0,0,0,0,0,0,0,0,0,"{""6"": [], ""7"": [], ""11"": []}",0.0,0.0,0.0,,0.0,0.0,0.0,,0.0,0.0
cumhuriyet:2237757,cumhuriyet,2024-08-15,3,87,6047,6151,"Öyleyse hep birlikte haykıralım: Eyyy Egeliler, Eyyy Türkiye’nin aydınlık insanları AIMA’ya sahip çıkın!",0,,0,0,,0,0,,0,17,0,0,0,0,0,0,0,1,0,"{""6"": [""Call""], ""7"": [""Call""], ""11"": [""Call""]}",0.0,0.0,0.0,,0.0,1.0,0.0,0.0,0.0,1.0
cumhuriyet:2237757,cumhuriyet,2024-08-15,3,88,6152,6247,"Ona sahip çıkmak, umutsuzluğu, tek sesliliği, ayrımcılığı, şiddeti, karanlığı geriletmek demek!",0,,0,0,,0,0,,0,17,0,0,0,0,0,0,0,1,0,"{""6"": [""Call""], ""7"": [""Call""], ""11"": [""Call""]}",0.0,0.0,0.0,,0.0,1.0,0.0,0.0,0.0,1.0
cumhuriyet:2240958,cumhuriyet,2024-08-25,2,0,0,22,İlhan Çomak’a özgürlük,0,,0,0,,0,0,,0,3,0,0,0,0,0,0,0,0,0,"{""6"": [], ""11"": []}",0.0,0.0,0.0,,0.0,0.0,0.0,,0.0,0.0
cumhuriyet:2240958,cumhuriyet,2024-08-25,2,1,24,79,Kim ki bu ülkede işkence yoktur diyorsa yalan söylüyor.,0,,0,0,,0,0,,0,11,0,0,0,0,0,0,0,0,0,"{""6"": [], ""11"": []}",0.0,0.0,0.0,,0.0,0.0,0.0,,0.0,0.0
cumhuriyet:2240958,cumhuriyet,2024-08-25,2,2,80,151,"Kim ki bu ülkede hak, hukuk, adalet vardır diyorsa o da yalan söylüyor.",0,,0,0,,0,0,,0,17,0,0,0,1,0,0,0,0,0,"{""6"": [""Attack on Reputation""], ""11"": []}",0.0,0.0,0.0,,1.0,1.0,1.0,,0.0,1.0
cumhuriyet:2240958,cumhuriyet,2024-08-25,2,3,153,219,"Evet, bu kadar net, açık seçik ve kesin söylüyorum bu iki tümceyi.",0,,0,0,,0,0,,0,16,0,0,0,0,0,0,0,0,0,"{""6"": [], ""11"": []}",0.0,0.0,0.0,,0.0,0.0,0.0,,0.0,0.0
cumhuriyet:2240958,cumhuriyet,2024-08-25,2,4,220,261,"Müneccim değilim, gökten vahiy de inmedi.",0,,0,0,,0,0,,0,8,0,0,0,0,0,0,0,0,0,"{""6"": [], ""11"": []}",0.0,0.0,0.0,,0.0,0.0,0.0,,0.0,0.0
cumhuriyet:2240958,cumhuriyet,2024-08-25,2,5,262,366,"Gerçekleri, yaşanmakta olanı, hapishaneleri, duruşmaları, suçlamaları izliyorum, görüyorum, farkındayım.",0,,0,0,,0,0,,0,17,0,0,0,0,0,0,0,0,0,"{""6"": [], ""11"": []}",0.0,0.0,0.0,,0.0,0.0,0.0,,0.0,0.0
cumhuriyet:2240958,cumhuriyet,2024-08-25,2,6,367,376,Hepsi bu!,0,,0,0,,0,0,,0,3,0,0,0,0,0,0,0,0,0,"{""6"": [], ""11"": []}",0.0,0.0,0.0,,0.0,0.0,0.0,,0.0,0.0
cumhuriyet:2240958,cumhuriyet,2024-08-25,2,7,378,458,"**İlhan Sami Çomak**, yazar, şair! Çeşitli ülkelerin PEN Yazarlar Derneği üyesi.",0,,0,0,,0,0,,0,17,0,1,1,0,0,0,0,0,0,"{""6"": [], ""11"": []}",1.0,1.0,0.0,1.0,0.0,0.0,0.0,,1.0,0.0
cumhuriyet:2240958,cumhuriyet,2024-08-25,2,8,459,477,30 yıldır hapiste.,0,,0,0,,0,0,,0,5,0,0,0,0,0,0,0,0,0,"{""6"": [], ""11"": []}",0.0,0.0,0.0,,0.0,0.0,0.0,,0.0,0.0
cumhuriyet:2240958,cumhuriyet,2024-08-25,2,9,478,513,İçeri girdiğinde çocuktu neredeyse.,0,,0,0,,0,0,,0,6,0,0,0,0,0,0,0,0,0,"{""6"": [], ""11"": []}",0.0,0.0,0.0,,0.0,0.0,0.0,,0.0,0.0
cumhuriyet:2240958,cumhuriyet,2024-08-25,2,10,514,537,Şimdi saçları bembeyaz!,0,,0,0,,0,0,,0,4,0,0,0,0,0,0,0,0,0,"{""6"": [], ""11"": []}",0.0,0.0,0.0,,0.0,0.0,0.0,,0.0,0.0
cumhuriyet:2240958,cumhuriyet,2024-08-25,2,11,539,671,1994’te İstanbul Üniversitesi Edebiyat Fakültesi Coğrafya Bölümü’nde öğrenciyken 21 yaşında *“örgüt üyeliği”* gerekçesiyle suçlandı.,1,suçlandı,1,0,,0,0,,1,16,0,0,0,0,0,0,0,0,0,"{""6"": [], ""11"": []}",0.0,0.0,0.0,,0.0,0.0,0.0,,0.0,0.0
cumhuriyet:2240958,cumhuriyet,2024-08-25,2,12,672,713,İşkenceyle alınmış ifadelerle tutuklandı.,1,alınmış | tutuklandı,2,1,alınmış,1,0,,1,5,0,0,0,0,0,0,0,0,0,"{""6"": [], ""11"": []}",0.0,0.0,0.0,,0.0,0.0,0.0,,0.0,0.0
cumhuriyet:2240958,cumhuriyet,2024-08-25,2,13,714,773,Gözaltında da tutuklandığında da görmediği işkence kalmadı.,0,,0,0,,0,0,,0,8,0,0,0,0,0,0,0,0,0,"{""6"": [], ""11"": []}",0.0,0.0,0.0,,0.0,0.0,0.0,,0.0,0.0
cumhuriyet:2240958,cumhuriyet,2024-08-25,2,14,775,793,DGM’de yargılandı.,1,yargılandı,1,0,,0,0,,1,3,0,0,0,0,0,0,0,0,0,"{""6"": [], ""11"": []}",0.0,0.0,0.0,,0.0,0.0,0.0,,0.0,0.0
cumhuriyet:2240958,cumhuriyet,2024-08-25,2,15,794,866,"(DGM’yi gençler bilmeyebilir, Devlet Güvenlik Mahkemesi, askeri mahkeme.",0,,0,0,,0,0,,0,12,0,0,0,0,0,0,0,0,0,"{""6"": [], ""11"": []}",0.0,0.0,0.0,,0.0,0.0,0.0,,0.0,0.0
cumhuriyet:2240958,cumhuriyet,2024-08-25,2,16,867,967,"Boşuna tekrarlayıp durmuyorum, askeri darbe mi yoksa sivil darbe mi, yok birbirinden farkları diye!)",0,,0,0,,0,0,,0,19,0,0,0,0,0,0,0,0,0,"{""6"": [], ""11"": []}",0.0,0.0,0.0,,0.0,0.0,0.0,,0.0,0.0
cumhuriyet:2240958,cumhuriyet,2024-08-25,2,17,969,1024,"Sonra Balyoz, Ergenekon kumpas hâkimlerince yargılandı.",1,yargılandı,1,0,,0,0,,1,8,0,0,0,0,0,0,0,0,0,"{""6"": [], ""11"": []}",0.0,0.0,0.0,,0.0,0.0,0.0,,0.0,0.0
cumhuriyet:2240958,cumhuriyet,2024-08-25,2,18,1025,1061,Davası birkaç **Kafka** romanı olur.,0,,0,0,,0,0,,0,7,0,0,0,0,0,0,0,0,0,"{""6"": [], ""11"": []}",0.0,0.0,0.0,,0.0,0.0,0.0,,0.0,0.0
cumhuriyet:2240958,cumhuriyet,2024-08-25,2,19,1062,1077,Sonuç: Müebbet.,0,,0,0,,0,0,,0,4,0,0,0,0,0,0,0,0,0,"{""6"": [], ""11"": []}",0.0,0.0,0.0,,0.0,0.0,0.0,,0.0,0.0
cumhuriyet:2240958,cumhuriyet,2024-08-25,2,20,1079,1107,Avukatları AİHM’ye başvurdu.,0,,0,0,,0,0,,0,4,0,0,0,0,0,0,0,0,0,"{""6"": [], ""11"": []}",0.0,0.0,0.0,,0.0,0.0,0.0,,0.0,0.0
cumhuriyet:2240958,cumhuriyet,2024-08-25,2,21,1108,1172,"(2006) AİHM, adil yargılanma değildi, yeniden yargılanmalı dedi.",1,yargılanmalı,1,0,,0,0,,1,13,0,0,0,0,0,0,0,0,0,"{""6"": [], ""11"": []}",0.0,0.0,0.0,,0.0,0.0,0.0,,0.0,0.0
cumhuriyet:2240958,cumhuriyet,2024-08-25,2,22,1173,1196,Bu hak ondan esirgendi.,1,esirgendi,1,0,,0,0,,1,5,0,0,0,0,0,0,0,0,0,"{""6"": [], ""11"": []}",0.0,0.0,0.0,,0.0,0.0,0.0,,0.0,0.0
cumhuriyet:2240958,cumhuriyet,2024-08-25,2,23,1197,1242,AİHM Türkiye’yi tazminat ödemeye mahkûm etti.,0,,0,0,,0,0,,0,7,0,0,0,0,0,0,0,0,0,"{""6"": [], ""11"": []}",0.0,0.0,0.0,,0.0,0.0,0.0,,0.0,0.0
cumhuriyet:2240958,cumhuriyet,2024-08-25,2,24,1244,1297,"Sekiz yıl sonra, 2014’te yeniden mahkemeye çıkarıldı.",1,çıkarıldı,1,0,,0,0,,1,9,0,0,0,0,0,0,0,0,0,"{""6"": [], ""11"": []}",0.0,0.0,0.0,,0.0,0.0,0.0,,0.0,0.0
cumhuriyet:2240958,cumhuriyet,2024-08-25,2,25,1298,1336,Tutuksuz yargılanma talebi reddedildi.,1,yargılanma | reddedildi,2,0,,0,0,,1,5,0,0,0,0,0,0,0,0,0,"{""6"": [], ""11"": []}",0.0,0.0,0.0,,0.0,0.0,0.0,,0.0,0.0
cumhuriyet:2240958,cumhuriyet,2024-08-25,2,26,1338,1398,"Bütün bu süreçte o şiirlerini, kitaplarını yazmayı sürdürdü.",0,,0,0,,0,0,,0,10,0,0,0,0,0,0,0,0,0,"{""6"": [], ""11"": []}",0.0,0.0,0.0,,0.0,0.0,0.0,,0.0,0.0
cumhuriyet:2240958,cumhuriyet,2024-08-25,2,27,1399,1482,"Hapiste olduğu için değil, iyi şair olduğu için kitapları çeşitli dillere çevrildi.",1,çevrildi,1,0,,0,0,,1,14,0,0,0,0,0,0,0,0,0,"{""6"": [], ""11"": []}",0.0,0.0,0.0,,0.0,0.0,0.0,,0.0,0.0
cumhuriyet:2240958,cumhuriyet,2024-08-25,2,28,1483,1499,Ödüller kazandı.,0,,0,0,,0,0,,0,3,0,0,0,0,0,0,0,0,0,"{""6"": [], ""11"": []}",0.0,0.0,0.0,,0.0,0.0,0.0,,0.0,0.0
cumhuriyet:2240958,cumhuriyet,2024-08-25,2,29,1500,1570,"Onun için dünyanın birçok yerinde etkinlikler, kampanyalar düzenlendi.",1,düzenlendi,1,0,,0,0,,1,10,0,0,0,0,0,0,0,0,0,"{""6"": [], ""11"": []}",0.0,0.0,0.0,,0.0,0.0,0.0,,0.0,0.0
cumhuriyet:2240958,cumhuriyet,2024-08-25,2,30,1571,1605,Birbirinden değerli 12 kitabı var.,0,,0,0,,0,0,,0,6,0,0,0,0,0,0,0,0,0,"{""6"": [], ""11"": []}",0.0,0.0,0.0,,0.0,0.0,0.0,,0.0,0.0
cumhuriyet:2240958,cumhuriyet,2024-08-25,2,31,1606,1698,*“Hayat Seni Çok Seviyorum”* adlı kitabından oluşan oyunu geçen yıl oynandı ve ödül kazandı.,0,,0,0,,0,0,,0,17,0,0,0,0,0,0,0,0,0,"{""6"": [], ""11"": []}",0.0,0.0,0.0,,0.0,0.0,0.0,,0.0,0.0
cumhuriyet:2240958,cumhuriyet,2024-08-25,2,32,1699,1738,Ödül töreni 9 Ekim’de Moda Sahnesi’nde.,0,,0,0,,0,0,,0,7,0,0,0,0,0,0,0,0,0,"{""6"": [], ""11"": []}",0.0,0.0,0.0,,0.0,0.0,0.0,,0.0,0.0
cumhuriyet:2240958,cumhuriyet,2024-08-25,2,33,1739,1791,Bir başka şiir kitabının adı *“Hayattayız Nihayet”*.,0,,0,0,,0,0,,0,10,0,0,0,0,0,0,0,0,0,"{""6"": [], ""11"": []}",0.0,0.0,0.0,,0.0,0.0,0.0,,0.0,0.0
cumhuriyet:2240958,cumhuriyet,2024-08-25,2,34,1792,1823,Son kitabı *“Haritadan Taşan”*.,0,,0,0,,0,0,,0,6,0,0,0,0,0,0,0,0,0,"{""6"": [], ""11"": []}",0.0,0.0,0.0,,0.0,0.0,0.0,,0.0,0.0
cumhuriyet:2240958,cumhuriyet,2024-08-25,2,35,1824,1858,Okuyun tanıyın bu nitelikli şairi.,0,,0,0,,0,0,,0,7,0,0,0,0,0,0,0,0,0,"{""6"": [], ""11"": []}",0.0,0.0,0.0,,0.0,0.0,0.0,,0.0,0.0
cumhuriyet:2240958,cumhuriyet,2024-08-25,2,36,1860,1883,### TAM TAHLİYE OLURKEN,0,,0,0,,0,0,,0,4,0,0,0,0,0,0,0,0,0,"{""6"": [], ""11"": []}",0.0,0.0,0.0,,0.0,0.0,0.0,,0.0,0.0
cumhuriyet:2240958,cumhuriyet,2024-08-25,2,37,1885,2107,"Geçen Salı İlhan Çomak’ın avukatları, dostları, ailesi, sevenleri hem yurtiçi hem yurtdışından okurları, hepimiz 30 yıl yattığı, denetimli tahliye süresini doldurduğu için iyi halden tahliye olabilir diye bayram ediyorduk.",0,,0,0,,0,0,,0,35,0,0,0,0,0,0,0,0,0,"{""6"": [], ""11"": []}",0.0,0.0,0.0,,0.0,0.0,0.0,,0.0,0.0
cumhuriyet:2240958,cumhuriyet,2024-08-25,2,38,2108,2194,"Öyle ya adam içeride ha bire şiir yazıyor, kitap yazıyor, üretiyor, ödüller kazanıyor.",0,,0,0,,0,0,,0,17,0,0,0,0,0,0,0,0,0,"{""6"": [], ""11"": []}",0.0,0.0,0.0,,0.0,0.0,0.0,,0.0,0.0
cumhuriyet:2240958,cumhuriyet,2024-08-25,2,39,2195,2221,Emindik tahliye olacağına!,0,,0,0,,0,0,,0,4,0,0,0,0,0,0,0,0,0,"{""6"": [], ""11"": []}",0.0,0.0,0.0,,0.0,0.0,0.0,,0.0,0.0
cumhuriyet:2240958,cumhuriyet,2024-08-25,2,40,2223,2233,Nah çıkar!,0,,0,0,,0,0,,0,3,0,0,0,0,1,0,0,0,0,"{""6"": [""Justification""], ""11"": []}",0.0,0.0,0.0,,1.0,1.0,1.0,,0.0,1.0
cumhuriyet:2240958,cumhuriyet,2024-08-25,2,41,2234,2358,"Katil olsa, ormanları yaksa, milleti dolandırsa, kadınları katletse, kaçakçılık yapsa, mafya babası olsa çıkarırlardı elbet.",0,,0,0,,0,0,,0,21,0,0,0,0,1,0,0,0,0,"{""6"": [""Justification""], ""11"": []}",0.0,0.0,0.0,,1.0,1.0,1.0,,0.0,1.0
cumhuriyet:2240958,cumhuriyet,2024-08-25,2,42,2359,2381,Ama adam şiir yazıyor.,0,,0,0,,0,0,,0,5,0,0,0,0,1,0,0,0,0,"{""6"": [""Justification""], ""11"": []}",0.0,0.0,0.0,,1.0,1.0,1.0,,0.0,1.0
cumhuriyet:2240958,cumhuriyet,2024-08-25,2,43,2382,2401,Ve başı hep dimdik!,0,,0,0,,0,0,,0,5,0,0,0,0,1,0,0,0,0,"{""6"": [""Justification""], ""11"": []}",0.0,0.0,0.0,,1.0,1.0,1.0,,0.0,1.0
cumhuriyet:2240958,cumhuriyet,2024-08-25,2,44,2403,2520,"Tahliyesine birkaç saat kala, (bir hafta, üç gün önce, bir gün önce değil) birkaç saat önce, yok öyle iş dedi devlet.",0,,0,0,,0,0,,0,28,0,0,0,0,0,0,0,0,0,"{""6"": [], ""11"": []}",0.0,0.0,0.0,,0.0,0.0,0.0,,0.0,0.0
cumhuriyet:2240958,cumhuriyet,2024-08-25,2,45,2521,2551,Hukuk işlerinde uzman değilim.,0,,0,0,,0,0,,0,5,0,0,0,0,0,0,0,0,0,"{""6"": [], ""11"": []}",0.0,0.0,0.0,,0.0,0.0,0.0,,0.0,0.0
cumhuriyet:2240958,cumhuriyet,2024-08-25,2,46,2552,2589,Derhal avukat **İpek Özel**’i aradım.,0,,0,0,,0,0,,0,7,0,0,0,0,0,0,0,0,0,"{""6"": [], ""11"": []}",0.0,0.0,0.0,,0.0,0.0,0.0,,0.0,0.0
cumhuriyet:2240958,cumhuriyet,2024-08-25,2,47,2591,2698,"İpek Özel, İlhan Çomak’ın mahkeme tarafından atanmış hukuki vasisi ve hukuk fakültesinde öğretim görevlisi.",1,atanmış,1,1,atanmış,1,1,,0,16,0,1,0,0,0,0,0,0,0,"{""6"": [], ""11"": []}",1.0,1.0,1.0,,0.0,0.0,0.0,,1.0,0.0
cumhuriyet:2240958,cumhuriyet,2024-08-25,2,48,2700,2760,İşte söyledikleri: *“İdare Gözlem Kurulu diye bir kurul var.,0,,0,0,,0,0,,0,11,1,0,0,0,0,0,0,0,0,"{""6"": [], ""11"": []}",1.0,1.0,1.0,,0.0,0.0,0.0,,1.0,0.0
cumhuriyet:2240958,cumhuriyet,2024-08-25,2,49,2761,2828,"Bu kurul her üç ayda bir hükümlülerin iyi halini, sözde denetliyor.",0,,0,0,,0,0,,0,13,0,0,0,0,0,0,0,0,0,"{""6"": [], ""11"": []}",0.0,0.0,0.0,,0.0,0.0,0.0,,0.0,0.0
cumhuriyet:2240958,cumhuriyet,2024-08-25,2,50,2829,2943,Bizim yasalarımız cezaevlerine aynen bir mahkeme gibi kişileri tahliye olmaya uygunluğunu denetleme hakkı veriyor.,0,,0,0,,0,0,,0,15,0,0,0,0,0,0,0,0,0,"{""6"": [], ""11"": []}",0.0,0.0,0.0,,0.0,0.0,0.0,,0.0,0.0
cumhuriyet:2240958,cumhuriyet,2024-08-25,2,51,2944,3046,Yani bir kişi tahliye süresini doldurduğunda siz kurul olarak tahliye inisiyatifinde bulunabilirsiniz.,0,,0,0,,0,0,,0,13,0,0,0,0,0,0,0,0,0,"{""6"": [], ""11"": []}",0.0,0.0,0.0,,0.0,0.0,0.0,,0.0,0.0
cumhuriyet:2240958,cumhuriyet,2024-08-25,2,52,3047,3140,Ancak uygulamadaki garabet şu ki bu denetleme bir anlamda sadece bu tahliye anında yapılıyor.,1,yapılıyor,1,0,,0,0,,1,16,0,0,0,0,0,0,0,0,0,"{""6"": [], ""11"": []}",0.0,0.0,0.0,,0.0,0.0,0.0,,0.0,0.0
cumhuriyet:2240958,cumhuriyet,2024-08-25,2,53,3141,3224,Öncesinde hükümlü herhangi bir disiplin cezası almadıysa serbest bırakılması gerek.,1,bırakılması,1,0,,0,0,,1,13,0,0,0,0,0,0,0,0,0,"{""6"": [], ""11"": []}",0.0,0.0,0.0,,0.0,0.0,0.0,,0.0,0.0
cumhuriyet:2240958,cumhuriyet,2024-08-25,2,54,3224,3226,”*,0,,0,0,,0,0,,0,1,0,0,0,0,0,0,0,0,0,"{""6"": [], ""11"": []}",0.0,0.0,0.0,,0.0,0.0,0.0,,0.0,0.0
cumhuriyet:2240958,cumhuriyet,2024-08-25,2,55,3227,3272,(İyi işte İlhan hiç disiplin cezası almamış!),0,,0,1,almamış,1,0,,0,10,0,0,0,0,0,0,0,0,0,"{""6"": [], ""11"": []}",0.0,0.0,0.0,,0.0,0.0,0.0,,0.0,0.0
cumhuriyet:2240958,cumhuriyet,2024-08-25,2,56,3274,3394,"Evet, bizim yasalar cezaevlerine aynen bir mahkeme gibi kişilerin tahliye olup olamayacaklarını denetleme hakkı veriyor.",0,,0,0,,0,0,,0,17,0,0,0,0,0,0,0,0,0,"{""6"": [], ""11"": []}",0.0,0.0,0.0,,0.0,0.0,0.0,,0.0,0.0
cumhuriyet:2240958,cumhuriyet,2024-08-25,2,57,3395,3450,Ancak bu kurulu oluşturanların hiçbir hukuki vasfı yok!,0,,0,0,,0,0,,0,9,0,0,0,0,0,0,0,0,0,"{""6"": [], ""11"": []}",0.0,0.0,0.0,,0.0,0.0,0.0,,0.0,0.0
cumhuriyet:2240958,cumhuriyet,2024-08-25,2,58,3452,3670,"İpek devam ediyor: *“KPSS’den aldıkları puanla memur olarak cezaevlerine atanan öğretmen, sosyal psikolog, birinci ve ikinci müdür, baş gardiyan, idari memurdan oluşan bir kurula yeniden bir karar alma hakkı tanınıyor.",1,atanan | tanınıyor,2,0,,0,0,,1,36,0,0,0,0,0,0,0,0,0,"{""6"": [], ""11"": []}",0.0,0.0,0.0,,0.0,0.0,0.0,,0.0,0.0
cumhuriyet:2240958,cumhuriyet,2024-08-25,2,59,3671,3801,Hukuki vasıfta olmayan bu grup kendi uzmanlıklarını çok aşan bir şekilde aldıkları yeni kararın yaptırımını da uygulayabiliyorlar.,0,,0,0,,0,0,,0,18,0,0,0,0,0,0,0,0,0,"{""6"": [], ""11"": []}",0.0,0.0,0.0,,0.0,0.0,0.0,,0.0,0.0
cumhuriyet:2240958,cumhuriyet,2024-08-25,2,60,3802,3838,Bu kabul edilebilir bir durum değil.,1,edilebilir,1,0,,0,0,,1,7,0,0,0,0,0,0,0,0,0,"{""6"": [], ""11"": []}",0.0,0.0,0.0,,0.0,0.0,0.0,,0.0,0.0
cumhuriyet:2240958,cumhuriyet,2024-08-25,2,61,3839,3930,Bu kurulun tutuklunun ‘ıslahatı’ yönünde teknik bir değerlendirme yapması söz konusu değil.,0,,0,0,,0,0,,0,13,0,0,0,0,0,0,0,0,0,"{""6"": [], ""11"": []}",0.0,0.0,0.0,,0.0,0.0,0.0,,0.0,0.0
cumhuriyet:2240958,cumhuriyet,2024-08-25,2,62,3931,4082,Hükümlü ancak bir disiplin cezası aldıysa o dosyasına işleniyor ve her üç ayda bir yeniden yeniden yeni bir disiplin cezası var mı bu kontrol ediliyor.,1,işleniyor | ediliyor,2,0,,0,0,,1,27,0,0,0,0,0,0,0,0,0,"{""6"": [], ""11"": []}",0.0,0.0,0.0,,0.0,0.0,0.0,,0.0,0.0
cumhuriyet:2240958,cumhuriyet,2024-08-25,2,63,4082,4083,”,0,,0,0,,0,0,,0,1,0,0,0,0,0,0,0,0,0,"{""6"": [], ""11"": []}",0.0,0.0,0.0,,0.0,0.0,0.0,,0.0,0.0
cumhuriyet:2240958,cumhuriyet,2024-08-25,2,64,4083,4084,*,0,,0,0,,0,0,,0,1,0,0,0,0,0,0,0,0,0,"{""6"": [], ""11"": []}",0.0,0.0,0.0,,0.0,0.0,0.0,,0.0,0.0
cumhuriyet:2240958,cumhuriyet,2024-08-25,2,65,4086,4122,Özetle Gözlem Kurulu: *“Yok”* demiş.,0,,0,1,demiş,1,0,,0,8,0,0,0,0,0,0,0,0,0,"{""6"": [], ""11"": []}",0.0,0.0,0.0,,0.0,0.0,0.0,,0.0,0.0
cumhuriyet:2240958,cumhuriyet,2024-08-25,2,66,4123,4197,"*“Bu adam eskiden çok dik başlıydı”* demiş, *“Üç ay sonra bakarız”* demiş.",0,,0,1,ydı” | demiş | demiş,3,0,,0,17,0,0,0,0,0,0,0,0,0,"{""6"": [], ""11"": []}",0.0,0.0,0.0,,0.0,0.0,0.0,,0.0,0.0
cumhuriyet:2240958,cumhuriyet,2024-08-25,2,67,4198,4225,Üç ay sonra ne değişecekse?,0,,0,0,,0,0,,0,6,0,0,0,0,0,0,0,0,0,"{""6"": [], ""11"": []}",0.0,0.0,0.0,,0.0,0.0,0.0,,0.0,0.0
cumhuriyet:2240958,cumhuriyet,2024-08-25,2,68,4226,4241,Bu mu insanlık!,0,,0,0,,0,0,,0,4,0,0,0,0,0,1,0,0,0,"{""6"": [""Manipulative Wording""], ""11"": []}",0.0,0.0,0.0,,1.0,1.0,1.0,,0.0,1.0
cumhuriyet:2240958,cumhuriyet,2024-08-25,2,69,4242,4254,Bu mu hukuk!,0,,0,0,,0,0,,0,4,0,0,0,0,0,1,0,0,0,"{""6"": [""Manipulative Wording""], ""11"": []}",0.0,0.0,0.0,,1.0,1.0,1.0,,0.0,1.0
cumhuriyet:2240958,cumhuriyet,2024-08-25,2,70,4255,4268,Bu mu adalet!,0,,0,0,,0,0,,0,4,0,0,0,0,0,1,0,0,0,"{""6"": [""Manipulative Wording""], ""11"": []}",0.0,0.0,0.0,,1.0,1.0,1.0,,0.0,1.0
cumhuriyet:2240958,cumhuriyet,2024-08-25,2,71,4269,4282,Bu mu vicdan!,0,,0,0,,0,0,,0,4,0,0,0,0,0,1,0,0,0,"{""6"": [""Manipulative Wording""], ""11"": []}",0.0,0.0,0.0,,1.0,1.0,1.0,,0.0,1.0
cumhuriyet:2240958,cumhuriyet,2024-08-25,2,72,4283,4294,Sus Zeynep.,0,,0,0,,0,0,,0,3,0,0,0,0,0,1,0,0,0,"{""6"": [""Manipulative Wording""], ""11"": []}",0.0,0.0,0.0,,1.0,1.0,1.0,,0.0,1.0
cumhuriyet:2240958,cumhuriyet,2024-08-25,2,73,4295,4306,Sus Zeynep.,0,,0,0,,0,0,,0,3,0,0,0,0,0,1,0,0,0,"{""6"": [""Manipulative Wording""], ""11"": []}",0.0,0.0,0.0,,1.0,1.0,1.0,,0.0,1.0
cumhuriyet:2240958,cumhuriyet,2024-08-25,2,74,4307,4318,Sus Zeynep.,0,,0,0,,0,0,,0,3,0,0,0,0,0,1,0,0,0,"{""6"": [""Manipulative Wording""], ""11"": []}",0.0,0.0,0.0,,1.0,1.0,1.0,,0.0,1.0
cumhuriyet:2240958,cumhuriyet,2024-08-25,2,75,4319,4332,Susma millet!,0,,0,0,,0,0,,0,3,0,0,0,0,0,1,0,1,0,"{""6"": [""Call"", ""Manipulative Wording""], ""11"": []}",0.0,0.0,0.0,,1.0,1.0,1.0,,0.0,1.0
cumhuriyet:2240958,cumhuriyet,2024-08-25,2,76,4333,4346,Susma millet!,0,,0,0,,0,0,,0,3,0,0,0,0,0,1,0,1,0,"{""6"": [""Call"", ""Manipulative Wording""], ""11"": []}",0.0,0.0,0.0,,1.0,1.0,1.0,,0.0,1.0
cumhuriyet:2240958,cumhuriyet,2024-08-25,2,77,4347,4360,Susma millet!,0,,0,0,,0,0,,0,3,0,0,0,0,0,1,0,1,0,"{""6"": [""Call"", ""Manipulative Wording""], ""11"": []}",0.0,0.0,0.0,,1.0,1.0,1.0,,0.0,1.0
cumhuriyet:2240958,cumhuriyet,2024-08-25,2,78,4362,4410,### ÇOMAK’IN ŞİİRİ: DOĞANIN UMUDUN DİRENCİN SESİ,0,,0,0,,0,0,,0,8,0,0,0,0,0,0,0,0,0,"{""6"": [], ""11"": []}",0.0,0.0,0.0,,0.0,0.0,0.0,,0.0,0.0
cumhuriyet:2240958,cumhuriyet,2024-08-25,2,79,4412,4503,"29 yıl boyunca sözcüklerle ve en çok inanması zor ama doğayla dost oldu, doğanın sesi oldu.",0,,0,0,,0,0,,0,18,0,0,0,0,0,0,0,0,0,"{""6"": [], ""11"": []}",0.0,0.0,0.0,,0.0,0.0,0.0,,0.0,0.0
cumhuriyet:2240958,cumhuriyet,2024-08-25,2,80,4504,4523,Şiirini geliştirdi.,0,,0,0,,0,0,,0,3,0,0,0,0,0,0,0,0,0,"{""6"": [], ""11"": []}",0.0,0.0,0.0,,0.0,0.0,0.0,,0.0,0.0
cumhuriyet:2240958,cumhuriyet,2024-08-25,2,81,4524,4542,Hem de ne şiirler!,0,,0,0,,0,0,,0,5,0,0,0,0,0,0,0,0,0,"{""6"": [], ""11"": []}",0.0,0.0,0.0,,0.0,0.0,0.0,,0.0,0.0
cumhuriyet:2240958,cumhuriyet,2024-08-25,2,82,4543,4590,"Suyun berraklığını, gülün kokusunu kattı şiire.",0,,0,0,,0,0,,0,8,0,0,0,0,0,0,0,0,0,"{""6"": [], ""11"": []}",0.0,0.0,0.0,,0.0,0.0,0.0,,0.0,0.0
cumhuriyet:2240958,cumhuriyet,2024-08-25,2,83,4591,4609,En çok da umudu...,0,,0,0,,0,0,,0,5,0,0,0,0,0,0,0,0,0,"{""6"": [], ""11"": []}",0.0,0.0,0.0,,0.0,0.0,0.0,,0.0,0.0
cumhuriyet:2240958,cumhuriyet,2024-08-25,2,84,4610,4728,*“Kanatlanmış bir kuşu düğümlediler kalbime”* derken *“Acıyı muska gibi gövdesinde taşısa da”* asla umudunu yitirmedi.,0,,0,0,,0,0,,0,19,0,0,0,0,0,0,0,0,0,"{""6"": [], ""11"": []}",0.0,0.0,0.0,,0.0,0.0,0.0,,0.0,0.0
cumhuriyet:2240958,cumhuriyet,2024-08-25,2,85,4729,4756,Hayata hep sımsıkı sarıldı.,1,sarıldı,1,0,,0,0,,1,5,0,0,0,0,0,0,0,0,0,"{""6"": [], ""11"": []}",0.0,0.0,0.0,,0.0,0.0,0.0,,0.0,0.0
cumhuriyet:2240958,cumhuriyet,2024-08-25,2,86,4759,5038,"İlhan Çomak şiirleri, neredeyse 30 yıl yoksun kaldığı, çiçeklerin, nehirlerin, mevsimlerin, kadınların, kırların, gökkuşağının, kuş tüylerinin, taze pişmiş susamlı ekmek kokusunun olmadığı bir dünyayla uzlaşmak için hassas ve cesur çabalar olarak değerlendirildi eleştirmenlerce.",0,,0,0,,0,0,,0,45,0,0,1,0,0,0,0,0,0,"{""6"": [], ""11"": []}",1.0,1.0,1.0,,0.0,0.0,0.0,,1.0,0.0
cumhuriyet:2240958,cumhuriyet,2024-08-25,2,87,5040,5224,"Gerçek şiirin, yoz politikaların, provokasyonların, haksızlığın, hukuksuzluğun, adaletsizliğin her daim üstünde olduğu inancıyla İlhan Çomak’ın hapisten başı dik çıkacağına inanıyorum.",0,,0,0,,0,0,,0,26,0,0,0,0,0,0,0,0,0,"{""6"": [], ""11"": []}",0.0,0.0,0.0,,0.0,0.0,0.0,,0.0,0.0
cumhuriyet:2242039,cumhuriyet,2024-08-28,2,0,0,35,Kabuk değiştiren sinema ve savaş...,0,,0,0,,0,0,,0,6,0,0,0,0,0,0,0,0,0,"{""6"": [], ""11"": []}",0.0,0.0,0.0,,0.0,0.0,0.0,,0.0,0.0
cumhuriyet:2242039,cumhuriyet,2024-08-28,2,1,37,184,"Sinema, 130 yaşına gelip dayanmış en genç sanat dalıysa Venedik Film Festivali de bu yıl 81. kez düzenlenen en yaşlı uluslararası sinema etkinliği.",1,düzenlenen,1,1,dayanmış,1,0,,1,26,0,0,0,0,0,0,0,0,0,"{""6"": [], ""11"": []}",0.0,0.0,0.0,,0.0,0.0,0.0,,0.0,0.0
cumhuriyet:2242039,cumhuriyet,2024-08-28,2,2,185,226,Birçok köktenci değişim sürecinin tanığı.,0,,0,0,,0,0,,0,6,0,0,0,0,0,0,0,0,0,"{""6"": [], ""11"": []}",0.0,0.0,0.0,,0.0,0.0,0.0,,0.0,0.0
cumhuriyet:2242039,cumhuriyet,2024-08-28,2,3,227,309,"Yedinci sanatın, bir türlü tarafsız olamayan tutkulu gözlemcisi, cilveli aynası...",0,,0,0,,0,0,,0,13,0,0,0,0,0,0,0,0,0,"{""6"": [], ""11"": []}",0.0,0.0,0.0,,0.0,0.0,0.0,,0.0,0.0
cumhuriyet:2242039,cumhuriyet,2024-08-28,2,4,311,401,"Hayır, beylik “sanat sineması/eğlence endüstrisi” karşıtlığından dem vuracak değilim yine.",0,,0,0,,0,0,,0,12,0,0,0,0,0,0,0,0,0,"{""6"": [], ""11"": []}",0.0,0.0,0.0,,0.0,0.0,0.0,,0.0,0.0
cumhuriyet:2242039,cumhuriyet,2024-08-28,2,5,402,558,"Kabuk değiştiren dünya sinemasının en net görüntülerinin, tüm ayrıntı ve çelişkileriyle bir kez daha Venedik’te belirginleşiyor olmasına değinmek istiyorum.",0,,0,0,,0,0,,0,21,0,0,0,0,0,1,0,0,0,"{""6"": [""Manipulative Wording""], ""11"": []}",0.0,0.0,0.0,,1.0,1.0,1.0,,0.0,1.0
cumhuriyet:2242039,cumhuriyet,2024-08-28,2,6,560,583,### ÖZGÜRLÜK VURGUSU...,0,,0,0,,0,0,,0,4,0,0,0,0,0,0,0,0,0,"{""6"": [], ""11"": []}",0.0,0.0,0.0,,0.0,0.0,0.0,,0.0,0.0
cumhuriyet:2242039,cumhuriyet,2024-08-28,2,7,585,710,"Önce, yeni teknolojilerin yeni formatları da beraberinde getirerek, yapım dağıtım sunum ve ulaşım alışkanlıklarını zorlaması.",0,,0,0,,0,0,,0,18,0,0,0,0,0,0,1,0,0,"{""6"": [""Simplification""], ""11"": []}",0.0,0.0,0.0,,1.0,1.0,1.0,,0.0,1.0
cumhuriyet:2242039,cumhuriyet,2024-08-28,2,8,711,776,Pandemi döneminin çelişkilere yön vererek değişimi hızlandırması.,0,,0,0,,0,0,,0,8,0,0,0,0,0,0,1,0,0,"{""6"": [""Simplification""], ""11"": []}",0.0,0.0,0.0,,1.0,1.0,1.0,,0.0,1.0
cumhuriyet:2242039,cumhuriyet,2024-08-28,2,9,777,1000,"Toplumsal ve siyasal dalgalanmalar eşliğinde gelişen yabancı düşmanlığı, ırkçılık, milliyetçilik, dincilik, çevre kirliliği, iklim değişimi, kadın-erkek eşitliği, farklı cinsel kimlikler gibi yeni temaların gündeme gelmesi.",0,,0,0,,0,0,,0,35,0,0,0,0,0,0,1,0,0,"{""6"": [""Simplification""], ""11"": []}",0.0,0.0,0.0,,1.0,1.0,1.0,,0.0,1.0
cumhuriyet:2242039,cumhuriyet,2024-08-28,2,10,1001,1092,"Bunlarla birlikte, temel beklentilerin farklılaşması; izleyici alışkanlıklarının mutasyonu.",0,,0,0,,0,0,,0,12,0,0,0,0,0,0,1,0,0,"{""6"": [""Simplification""], ""11"": []}",0.0,0.0,0.0,,1.0,1.0,1.0,,0.0,1.0
cumhuriyet:2242039,cumhuriyet,2024-08-28,2,11,1093,1174,"Dolayısıyla, sinema türleri arasındaki sınırların esnekleşmesi, hatta yok olması.",1,esnekleşmesi,1,0,,0,0,,1,13,0,0,0,0,0,0,1,0,0,"{""6"": [""Simplification""], ""11"": []}",0.0,0.0,0.0,,1.0,1.0,1.0,,0.0,1.0
cumhuriyet:2242039,cumhuriyet,2024-08-28,2,12,1175,1204,Belgesel sinemanın gelişmesi.,0,,0,0,,0,0,,0,4,0,0,0,0,0,0,1,0,0,"{""6"": [""Simplification""], ""11"": []}",0.0,0.0,0.0,,1.0,1.0,1.0,,0.0,1.0
cumhuriyet:2242039,cumhuriyet,2024-08-28,2,13,1205,1234,Distopik filmlerin çoğalması.,1,çoğalması,1,0,,0,0,,1,4,0,0,0,0,0,0,1,0,0,"{""6"": [""Simplification""], ""11"": []}",0.0,0.0,0.0,,1.0,1.0,1.0,,0.0,1.0
cumhuriyet:2242039,cumhuriyet,2024-08-28,2,14,1235,1285,Sanal gerçekliğin üç boyutlu büyüleyici dünyası...,0,,0,0,,0,0,,0,7,0,0,0,0,0,0,1,0,0,"{""6"": [""Simplification""], ""11"": []}",0.0,0.0,0.0,,1.0,1.0,1.0,,0.0,1.0
cumhuriyet:2242039,cumhuriyet,2024-08-28,2,15,1287,1439,"Venedik Festivali, tüm bu değişimin tanıklığını yapmayı, moda akımların ve değişik baskı gruplarının etkilerinden korunmaya özen göstererek sürdürmekte.",1,korunmaya,1,0,,0,0,,1,21,0,1,0,0,0,0,0,0,0,"{""6"": [], ""11"": []}",0.0,1.0,0.0,0.0,0.0,0.0,0.0,,1.0,0.0
cumhuriyet:2242039,cumhuriyet,2024-08-28,2,16,1441,2016,"La Mostra’nın sanat çizgisine 2000’li yılların başından bu yana yön veren sol eğilimli liberal sinefil Alberto Barbera (ki görevi, Venedik Bienali’nin geçen yıl atanan yeni başkanı, aşırı sağ eğilimli gazeteci yazar Pietrangelo Buttafuoco tarafından iki yıl daha uzatıldı) Amerikan sinema dergisi Variety’e verdiği söyleşide, festivallerin değişen dünyanın ciddi sorunları karşısında önemi daha da artan bir konuma sahip olduklarını belirttikten sonra, önümüzdeki iki yıl boyunca program oluşturmakta önceki dönemdeki gibi özgür olacağına ilişkin güvence aldığını bildiriyor.",1,atanan | uzatıldı,2,0,,0,1,,0,86,1,1,0,1,0,0,0,0,0,"{""6"": [""Attack on Reputation""], ""11"": []}",1.0,1.0,1.0,,1.0,1.0,1.0,,1.0,1.0
cumhuriyet:2242039,cumhuriyet,2024-08-28,2,17,2018,2043,### AÇILIŞ TİM BURTON İLE,0,,0,0,,0,0,,0,5,0,0,0,0,0,0,0,0,0,"{""6"": [], ""11"": []}",0.0,0.0,0.0,,0.0,0.0,0.0,,0.0,0.0
cumhuriyet:2242039,cumhuriyet,2024-08-28,2,18,2045,2332,"Hem Ukrayna hem de Gazze savaşlarına farklı gözlerle eğilen Rus, Ukraynalı, İsrailli ve Filistinli yönetmenlerin filmlerine seçkilerde birlikte yer verdiklerinin altını çizen Alberto Barbera ilginç iki değişimden daha söz ediyor: “Filmlerin uzunluğu genellikle bir buçuk iki saat olurdu.",0,,0,0,,0,0,,0,42,0,0,0,0,0,0,0,0,0,"{""6"": [], ""11"": []}",0.0,0.0,0.0,,0.0,0.0,0.0,,0.0,0.0
cumhuriyet:2242039,cumhuriyet,2024-08-28,2,19,2333,2382,"Bugün, bu normal uzunluk istisna olma eğiliminde.",0,,0,0,,0,0,,0,9,0,0,0,0,0,0,0,0,0,"{""6"": [], ""11"": []}",0.0,0.0,0.0,,0.0,0.0,0.0,,0.0,0.0
cumhuriyet:2242039,cumhuriyet,2024-08-28,2,20,2383,2413,Süreler iki uca doğru evrildi.,1,evrildi,1,0,,0,0,,1,6,0,0,0,0,0,0,0,0,0,"{""6"": [], ""11"": []}",0.0,0.0,0.0,,0.0,0.0,0.0,,0.0,0.0
cumhuriyet:2242039,cumhuriyet,2024-08-28,2,21,2414,2626,"Ya seyircisine farklı bir sinema deneyimi ve yaklaşımı sunmak isteyen oldukça uzun yapıtlar, ya da Tik Tok benzeri platformlarda takipçisine kısa sürede mesaj vermeyi hedefleyen kısacık filmler çoğalmaya başladı.",0,,0,0,,0,0,,0,31,0,0,0,0,0,0,0,0,0,"{""6"": [], ""11"": []}",0.0,0.0,0.0,,0.0,0.0,0.0,,0.0,0.0
cumhuriyet:2242039,cumhuriyet,2024-08-28,2,22,2626,2627,”,0,,0,0,,0,0,,0,1,0,0,0,0,0,0,0,0,0,"{""6"": [], ""11"": []}",0.0,0.0,0.0,,0.0,0.0,0.0,,0.0,0.0
cumhuriyet:2242039,cumhuriyet,2024-08-28,2,23,2629,2866,"Bu akşam Tim Burton’a ün kazandıran, 1988 yapımı “Beetlejuice”un bir noktada devamı olduğu söylenen ve yarışma dışı sunulan yeni filmi “Beetlejuice, Beetlejuice”tan sonra, 81. yıl seçkisinin ilk “Altın Aslan” adayı “Maria”yı izleyeceğiz.",1,söylenen | sunulan,2,0,,0,0,,1,36,0,0,0,0,0,0,0,0,0,"{""6"": [], ""11"": []}",0.0,0.0,0.0,,0.0,0.0,0.0,,0.0,0.0
cumhuriyet:2242039,cumhuriyet,2024-08-28,2,24,2867,3087,Büyük soprano Maria Callas’ı yorumlayan Angelina Jolie burada ama Maria’nın âşık olduğu İzmir doğumlu zengin Yunan armatör Onassis’i yorumlayan Haluk Bilginer’in Lido adasına gelemeyeceği alabildigimiz bilgiler arasında.,0,,0,0,,0,0,,0,29,0,0,0,0,0,0,0,0,0,"{""6"": [], ""11"": []}",0.0,0.0,0.0,,0.0,0.0,0.0,,0.0,0.0
cumhuriyet:2242039,cumhuriyet,2024-08-28,2,25,3089,3383,"Bu arada, üç genç Türk yönetmenin “Orizzonti” (Ufuklar) seçkilerinin her birinde yer aldığını da bir kez daha anımsatalım: Murat Fıratoğlu, ilk kurmaca filmi “Hemme’nin Öldüğü Günlerden Biri”, Cansu Baydar ilk konulu kısa filmi “Neredeyse Kesinlikle Yanlış” ile ayrı kategorilerde yarışacaklar.",0,,0,0,,0,0,,0,48,0,0,0,0,0,0,0,0,0,"{""6"": [], ""11"": []}",0.0,0.0,0.0,,0.0,0.0,0.0,,0.0,0.0
cumhuriyet:2242039,cumhuriyet,2024-08-28,2,26,3384,3543,"Ayrıca, bu seçkinin bir diğer bölümü olan “Orizzonti Extra” programındaki 9 film arasında, Köln doğumlu Türker Süer’in “Edge of Night” adlı filmi de bulunuyor.",1,bulunuyor,1,0,,0,0,,1,30,0,0,0,0,0,0,0,0,0,"{""6"": [], ""11"": []}",0.0,0.0,0.0,,0.0,0.0,0.0,,0.0,0.0
cumhuriyet:2244746,cumhuriyet,2024-09-06,3,0,0,50,ODTÜ’lü gençlerden tokat gibi ‘Bilim nedir?’ dersi,0,,0,0,,0,0,,0,11,0,0,0,0,0,0,0,0,0,"{""6"": [], ""7"": [], ""11"": []}",0.0,0.0,0.0,,0.0,0.0,0.0,,0.0,0.0
cumhuriyet:2244746,cumhuriyet,2024-09-06,3,1,52,76,Aferin ODTÜ’lü gençlere.,0,,0,0,,0,0,,0,5,0,1,0,0,1,0,0,0,0,"{""6"": [""Justification""], ""7"": [], ""11"": []}",1.0,1.0,1.0,0.0,1.0,1.0,1.0,,1.0,1.0
cumhuriyet:2244746,cumhuriyet,2024-09-06,3,2,77,235,"Mezuniyet törenlerinde hem rektörlerine hem de bu ülkeyi yönetenlere tokat gibi yanıt verdiler: *“Bilim, Kavaklık’ta yüzlerce ağacı alelacele kesmek değildir.",0,,0,0,,0,0,,0,24,1,0,0,0,1,1,0,0,0,"{""6"": [""Justification"", ""Manipulative Wording""], ""7"": [], ""11"": []}",1.0,1.0,1.0,,1.0,1.0,1.0,,1.0,1.0
cumhuriyet:2244746,cumhuriyet,2024-09-06,3,3,236,314,"Bilim, fikrinin uyuşmadığı öğretim görevlilerini görevlerinden etmek değildir.",0,,0,0,,0,0,,0,10,0,0,0,0,0,0,0,0,0,"{""6"": [], ""7"": [], ""11"": []}",0.0,0.0,0.0,,0.0,0.0,0.0,,0.0,0.0
cumhuriyet:2244746,cumhuriyet,2024-09-06,3,4,315,460,"Bilim, ODTÜ onur yürüyüşünde anayasamızın bize verdiği barışçıl gösteri yürüyüş haklarını kullanan öğrencilerin üzerine polis göndermek değildir.",0,,0,0,,0,0,,0,19,0,0,0,0,0,0,0,0,0,"{""6"": [], ""7"": [], ""11"": []}",0.0,0.0,0.0,,0.0,0.0,0.0,,0.0,0.0
cumhuriyet:2244746,cumhuriyet,2024-09-06,3,5,461,627,"Bilim, öğrencilerin derslerden nefes almaya fırsat bulduğu tek etkinlik olan bahar şenliklerini, sorunları çözmek yerine sorunları bahane ederek iptal etmek değildir.",0,,0,0,,0,0,,0,24,0,0,0,0,0,0,0,0,0,"{""6"": [], ""7"": [], ""11"": []}",0.0,0.0,0.0,,0.0,0.0,0.0,,0.0,0.0
cumhuriyet:2244746,cumhuriyet,2024-09-06,3,6,628,787,"Bilim karşılaştığı ilk kriz anında öğrencilerle olan bütün diyaloğu bitirmek, sonra da hakkını arayan öğrencileri soruşturmalarla korkutmaya çalışmak değildir.",0,,0,0,,0,0,,0,21,0,0,0,0,0,0,0,0,0,"{""6"": [], ""7"": [], ""11"": []}",0.0,0.0,0.0,,0.0,0.0,0.0,,0.0,0.0
cumhuriyet:2244746,cumhuriyet,2024-09-06,3,7,787,788,”,0,,0,0,,0,0,,0,1,0,0,0,0,0,0,0,0,0,"{""6"": [], ""7"": [], ""11"": []}",0.0,0.0,0.0,,0.0,0.0,0.0,,0.0,0.0
cumhuriyet:2244746,cumhuriyet,2024-09-06,3,8,788,789,*,0,,0,0,,0,0,,0,1,0,0,0,0,0,0,0,0,0,"{""6"": [], ""7"": [], ""11"": []}",0.0,0.0,0.0,,0.0,0.0,0.0,,0.0,0.0
cumhuriyet:2244746,cumhuriyet,2024-09-06,3,9,792,895,Açtıkları pankart da attıkları slogan da önemliydi: *“Cumhuriyeti her şeye rağmen bilimle yücelteceğiz.,0,,0,0,,0,0,,0,17,0,0,0,0,0,0,0,0,0,"{""6"": [], ""7"": [], ""11"": []}",0.0,0.0,0.0,,0.0,0.0,0.0,,0.0,0.0
cumhuriyet:2244746,cumhuriyet,2024-09-06,3,10,895,896,”,0,,0,0,,0,0,,0,1,0,0,0,0,0,0,0,0,0,"{""6"": [], ""7"": [], ""11"": []}",0.0,0.0,0.0,,0.0,0.0,0.0,,0.0,0.0
cumhuriyet:2244746,cumhuriyet,2024-09-06,3,11,896,897,*,0,,0,0,,0,0,,0,1,0,0,0,0,0,0,0,0,0,"{""6"": [], ""7"": [], ""11"": []}",0.0,0.0,0.0,,0.0,0.0,0.0,,0.0,0.0
cumhuriyet:2244746,cumhuriyet,2024-09-06,3,12,899,930,### ATATÜRK MAYASI TUTTU AMA...,0,,0,0,,0,0,,0,6,0,0,0,0,0,0,0,0,0,"{""6"": [], ""7"": [], ""11"": []}",0.0,0.0,0.0,,0.0,0.0,0.0,,0.0,0.0
cumhuriyet:2244746,cumhuriyet,2024-09-06,3,13,932,1011,Şunu artık iyice biliyoruz bu ülkede **Atatürk** ve devrimlerinin mayası tuttu.,0,,0,0,,0,0,,0,13,0,1,0,0,1,0,0,0,0,"{""6"": [""Justification""], ""7"": [], ""11"": []}",1.0,1.0,1.0,0.0,1.0,1.0,1.0,,1.0,1.0
cumhuriyet:2244746,cumhuriyet,2024-09-06,3,14,1012,1036,Bunu hiçbir güç bozamaz.,0,,0,0,,0,0,,0,5,0,0,0,0,1,0,0,0,0,"{""6"": [""Justification""], ""7"": [], ""11"": []}",0.0,0.0,0.0,,1.0,1.0,1.0,,0.0,1.0
cumhuriyet:2244746,cumhuriyet,2024-09-06,3,15,1037,1151,"Ulusal bayramlarda her kesimden her inanıştan milyonların coşkusu, Anıtkabir’e akınları bunun en temel göstergesi.",0,,0,0,,0,0,,0,16,0,0,0,0,0,0,0,0,0,"{""6"": [], ""7"": [], ""11"": []}",0.0,0.0,0.0,,0.0,0.0,0.0,,0.0,0.0
cumhuriyet:2244746,cumhuriyet,2024-09-06,3,16,1153,1229,Ama bu gerçek bugün yaşadığımız sorunların çözülmesine yetmiyor ne yazık ki.,1,çözülmesine,1,0,,0,0,,1,12,0,0,0,0,0,0,0,0,0,"{""6"": [], ""7"": [], ""11"": []}",0.0,0.0,0.0,,0.0,0.0,0.0,,0.0,0.0
cumhuriyet:2244746,cumhuriyet,2024-09-06,3,17,1230,1360,"ODTÜ’lü gençler hayvan katliamı yasasından ekonomik krize, atanmış kayyum rektörlere kadar ülke sorunlarını da gündeme getirdiler.",1,atanmış,1,1,atanmış,1,0,,1,19,1,0,0,1,0,0,0,0,0,"{""6"": [""Attack on Reputation""], ""7"": [], ""11"": []}",1.0,1.0,1.0,,1.0,1.0,1.0,,1.0,1.0
cumhuriyet:2244746,cumhuriyet,2024-09-06,3,18,1361,1371,Çok doğru.,0,,0,0,,0,0,,0,3,0,0,0,0,0,0,0,0,0,"{""6"": [], ""7"": [], ""11"": []}",0.0,0.0,0.0,,0.0,0.0,0.0,,0.0,0.0
cumhuriyet:2244746,cumhuriyet,2024-09-06,3,19,1372,1394,Çünkü gelecek onların.,0,,0,0,,0,0,,0,4,0,0,0,0,0,0,0,0,0,"{""6"": [], ""7"": [], ""11"": []}",0.0,0.0,0.0,,0.0,0.0,0.0,,0.0,0.0
cumhuriyet:2244746,cumhuriyet,2024-09-06,3,20,1395,1411,Söz hakları var.,0,,0,0,,0,0,,0,4,0,0,0,0,0,0,0,0,0,"{""6"": [], ""7"": [], ""11"": []}",0.0,0.0,0.0,,0.0,0.0,0.0,,0.0,0.0
cumhuriyet:2244746,cumhuriyet,2024-09-06,3,21,1412,1428,Ve baskılanamaz.,1,baskılanamaz,1,0,,0,0,,1,3,0,0,0,0,0,0,0,0,0,"{""6"": [], ""7"": [], ""11"": []}",0.0,0.0,0.0,,0.0,0.0,0.0,,0.0,0.0
cumhuriyet:2244746,cumhuriyet,2024-09-06,3,22,1429,1509,Dile getirdikleri gerçekler hem bilim dünyasının hem de tüm gençliğin sorunları.,0,,0,0,,0,0,,0,12,0,0,0,0,0,0,0,0,0,"{""6"": [], ""7"": [], ""11"": []}",0.0,0.0,0.0,,0.0,0.0,0.0,,0.0,0.0
cumhuriyet:2244746,cumhuriyet,2024-09-06,3,23,1510,1606,"Ve örgütlü, kitlesel, akıllı ve barışçıl bir karşı güce dönüşmedikçe ne yazık ki havada kalıyor.",0,,0,0,,0,0,,0,19,0,0,0,0,0,0,0,0,0,"{""6"": [], ""7"": [], ""11"": []}",0.0,0.0,0.0,,0.0,0.0,0.0,,0.0,0.0
cumhuriyet:2244746,cumhuriyet,2024-09-06,3,24,1608,1649,13 milyona yakın genç yaşıyor Türkiye’de.,0,,0,0,,0,0,,0,7,0,0,0,0,0,0,0,0,0,"{""6"": [], ""7"": [], ""11"": []}",0.0,0.0,0.0,,0.0,0.0,0.0,,0.0,0.0
cumhuriyet:2244746,cumhuriyet,2024-09-06,3,25,1650,1678,Ülke nüfusunun yüzde 15.3’ü.,0,,0,0,,0,0,,0,5,0,0,0,0,0,0,0,0,0,"{""6"": [], ""7"": [], ""11"": []}",0.0,0.0,0.0,,0.0,0.0,0.0,,0.0,0.0
cumhuriyet:2244746,cumhuriyet,2024-09-06,3,26,1679,1781,"Sayı hayli büyük; Finlandiya, Norveç ve Slovakya üçünün nüfusunu toplayın, Türkiye’nin gençleri kadar.",0,,0,0,,0,0,,0,17,0,0,0,0,0,0,0,0,0,"{""6"": [], ""7"": [], ""11"": []}",0.0,0.0,0.0,,0.0,0.0,0.0,,0.0,0.0
cumhuriyet:2244746,cumhuriyet,2024-09-06,3,27,1783,1825,"Enerji dolu, atılgan, yaratıcıdır gençlik.",0,,0,0,,0,0,,0,9,0,0,0,0,0,0,0,0,0,"{""6"": [], ""7"": [], ""11"": []}",0.0,0.0,0.0,,0.0,0.0,0.0,,0.0,0.0
cumhuriyet:2244746,cumhuriyet,2024-09-06,3,28,1826,1877,"Direnişin adıdır; dinamizmin, umudun, coşkunun adı.",0,,0,0,,0,0,,0,11,0,0,0,0,0,0,0,0,0,"{""6"": [], ""7"": [], ""11"": []}",0.0,0.0,0.0,,0.0,0.0,0.0,,0.0,0.0
cumhuriyet:2244746,cumhuriyet,2024-09-06,3,29,1878,1923,"Öte yandan umutsuz, gelecek göremiyor önünde.",0,,0,0,,0,0,,0,8,0,0,0,0,0,0,0,0,0,"{""6"": [], ""7"": [], ""11"": []}",0.0,0.0,0.0,,0.0,0.0,0.0,,0.0,0.0
cumhuriyet:2244746,cumhuriyet,2024-09-06,3,30,1924,1995,Çünkü gelecek gençliğin sırtına giderek büyüyen bir yük olarak biniyor.,0,,0,0,,0,0,,0,11,0,0,0,0,0,0,0,0,0,"{""6"": [], ""7"": [], ""11"": []}",0.0,0.0,0.0,,0.0,0.0,0.0,,0.0,0.0
cumhuriyet:2244746,cumhuriyet,2024-09-06,3,31,1996,2045,Çözüm siyasilerde ama onlar da gençliği görmüyor.,0,,0,0,,0,0,,0,8,0,0,0,0,0,0,0,0,0,"{""6"": [], ""7"": [], ""11"": []}",0.0,0.0,0.0,,0.0,0.0,0.0,,0.0,0.0
cumhuriyet:2244746,cumhuriyet,2024-09-06,3,32,2045,2073,Tam bir açmaz anlayacağınız.,0,,0,0,,0,0,,0,5,0,0,0,0,0,0,0,0,0,"{""6"": [], ""7"": [], ""11"": []}",0.0,0.0,0.0,,0.0,0.0,0.0,,0.0,0.0
cumhuriyet:2244746,cumhuriyet,2024-09-06,3,33,2074,2131,Günü kurtarma politikaları daima geleceğin önüne geçiyor.,0,,0,0,,0,0,,0,8,0,0,0,0,0,0,0,0,0,"{""6"": [], ""7"": [], ""11"": []}",0.0,0.0,0.0,,0.0,0.0,0.0,,0.0,0.0
cumhuriyet:2244746,cumhuriyet,2024-09-06,3,34,2132,2182,Böyle sürdükçe de çözümsüzlük azalacağına artıyor.,0,,0,0,,0,0,,0,7,0,0,0,0,0,0,0,0,0,"{""6"": [], ""7"": [], ""11"": []}",0.0,0.0,0.0,,0.0,0.0,0.0,,0.0,0.0
cumhuriyet:2244746,cumhuriyet,2024-09-06,3,35,2183,2202,Küfe doluyor hızla.,0,,0,0,,0,0,,0,4,0,0,0,0,0,0,0,0,0,"{""6"": [], ""7"": [], ""11"": []}",0.0,0.0,0.0,,0.0,0.0,0.0,,0.0,0.0
cumhuriyet:2244746,cumhuriyet,2024-09-06,3,36,2204,2244,### GELECEĞE KAMU YARARI GİBİ BAKABİLMEK,0,,0,0,,0,0,,0,6,0,0,0,0,0,0,0,0,0,"{""6"": [], ""7"": [], ""11"": []}",0.0,0.0,0.0,,0.0,0.0,0.0,,0.0,0.0
cumhuriyet:2244746,cumhuriyet,2024-09-06,3,37,2246,2309,Peki şu geleceğe bir de kamu yararı olarak bakmaya ne dersiniz?,0,,0,0,,0,0,,0,12,0,0,0,0,0,0,0,0,0,"{""6"": [], ""7"": [], ""11"": []}",0.0,0.0,0.0,,0.0,0.0,0.0,,0.0,0.0
cumhuriyet:2244746,cumhuriyet,2024-09-06,3,38,2310,2386,Tıpkı su ya da hava gibi gelecek de daha iyi ya da kötü kalitede olabiliyor.,0,,0,0,,0,0,,0,16,0,0,0,0,0,0,0,0,0,"{""6"": [], ""7"": [], ""11"": []}",0.0,0.0,0.0,,0.0,0.0,0.0,,0.0,0.0
cumhuriyet:2244746,cumhuriyet,2024-09-06,3,39,2387,2487,"Bu bir yandan, doğal sermayenin bolluğu ve sürdürülebilirliğine bağlı bir yandan da adil fırsatlara.",0,,0,0,,0,0,,0,16,0,0,0,0,0,0,0,0,0,"{""6"": [], ""7"": [], ""11"": []}",0.0,0.0,0.0,,0.0,0.0,0.0,,0.0,0.0
cumhuriyet:2244746,cumhuriyet,2024-09-06,3,40,2488,2695,"Adil fırsatlar diye tanımladığımız olgu ise toplumsal sermayenin sağlamlığı, fırsat eşitliği, beşeri sermayenin gücü, herkes için eğitim ve sağlık, kurumsal sermayenin niteliği ve kapsayıcılığından oluşuyor.",0,,0,0,,0,0,,0,30,0,0,0,0,0,0,0,0,0,"{""6"": [], ""7"": [], ""11"": []}",0.0,0.0,0.0,,0.0,0.0,0.0,,0.0,0.0
cumhuriyet:2244746,cumhuriyet,2024-09-06,3,41,2697,2802,"Şiddet içeren veya bölünmüş toplumlarda, gelecek de o kişinin nerede durduğuna bağlı olarak şekilleniyor.",1,bölünmüş,1,1,bölünmüş,1,0,,1,16,0,0,0,0,0,0,0,0,0,"{""6"": [], ""7"": [], ""11"": []}",0.0,0.0,0.0,,0.0,0.0,0.0,,0.0,0.0
cumhuriyet:2244746,cumhuriyet,2024-09-06,3,42,2804,2805,*,0,,0,0,,0,0,,0,1,0,0,0,0,0,0,0,0,0,"{""6"": [], ""7"": [], ""11"": []}",0.0,0.0,0.0,,0.0,0.0,0.0,,0.0,0.0
cumhuriyet:2244746,cumhuriyet,2024-09-06,3,43,2805,2886,*Dolayısıyla tıpkı ormanlar ya da balıkçılık gibi geleceğin korunması gerekiyor.*,1,korunması,1,0,,0,0,,1,11,0,0,0,0,0,0,0,0,0,"{""6"": [], ""7"": [], ""11"": []}",0.0,0.0,0.0,,0.0,0.0,0.0,,0.0,0.0
cumhuriyet:2244746,cumhuriyet,2024-09-06,3,44,2886,2887,*,0,,0,0,,0,0,,0,1,0,0,0,0,0,0,0,0,0,"{""6"": [], ""7"": [], ""11"": []}",0.0,0.0,0.0,,0.0,0.0,0.0,,0.0,0.0
cumhuriyet:2244746,cumhuriyet,2024-09-06,3,45,2889,2972,"Gençlerin içine doğdukları dünya bambaşka, haliyle kendilerini bekleyen gelecek de.",0,,0,0,,0,0,,0,12,0,0,0,0,0,0,0,0,0,"{""6"": [], ""7"": [], ""11"": []}",0.0,0.0,0.0,,0.0,0.0,0.0,,0.0,0.0
cumhuriyet:2244746,cumhuriyet,2024-09-06,3,46,2973,2994,Rekabet ortamları da.,0,,0,0,,0,0,,0,4,0,0,0,0,0,0,0,0,0,"{""6"": [], ""7"": [], ""11"": []}",0.0,0.0,0.0,,0.0,0.0,0.0,,0.0,0.0
cumhuriyet:2244746,cumhuriyet,2024-09-06,3,47,2995,3104,"Seçecekleri mesleklerin, orada nasıl ve ne kadar varlık gösterebileceklerinin artık farklı parametreleri var.",1,gösterebileceklerinin,1,0,,0,0,,1,15,0,0,0,0,0,0,0,0,0,"{""6"": [], ""7"": [], ""11"": []}",0.0,0.0,0.0,,0.0,0.0,0.0,,0.0,0.0
cumhuriyet:2244746,cumhuriyet,2024-09-06,3,48,3105,3171,"Rakipleri sadece başkaları, yani diğer insanlar değil: Yapay zekâ.",0,,0,0,,0,0,,0,12,0,0,0,0,0,0,0,0,0,"{""6"": [], ""7"": [], ""11"": []}",0.0,0.0,0.0,,0.0,0.0,0.0,,0.0,0.0
cumhuriyet:2244746,cumhuriyet,2024-09-06,3,49,3173,3300,"Bu yüzden daha okul öncesinden itibaren çağın gereklerine uyan şekilde eğitim almaları, farklı beceriler kazanmaları gerekiyor.",0,,0,0,,0,0,,0,18,0,0,0,0,0,0,0,0,0,"{""6"": [], ""7"": [], ""11"": []}",0.0,0.0,0.0,,0.0,0.0,0.0,,0.0,0.0
cumhuriyet:2244746,cumhuriyet,2024-09-06,3,50,3301,3339,Burada yol gösterici ise bilimin yolu.,0,,0,0,,0,0,,0,7,0,0,0,0,0,0,0,0,0,"{""6"": [], ""7"": [], ""11"": []}",0.0,0.0,0.0,,0.0,0.0,0.0,,0.0,0.0
cumhuriyet:2244746,cumhuriyet,2024-09-06,3,51,3341,3361,### TÜSİAD DA UYARDI,0,,0,0,,0,0,,0,4,0,0,0,0,0,0,0,0,0,"{""6"": [], ""7"": [], ""11"": []}",0.0,0.0,0.0,,0.0,0.0,0.0,,0.0,0.0
cumhuriyet:2244746,cumhuriyet,2024-09-06,3,52,3363,3442,Dün TÜSİAD’ın *“Geleceğimiz için Eğitimi Birlikte Konuşmak” konferansı yapıldı.,1,yapıldı,1,0,,0,0,,1,11,0,1,0,0,0,0,0,0,0,"{""6"": [], ""7"": [], ""11"": []}",1.0,1.0,1.0,,0.0,0.0,0.0,,1.0,0.0
cumhuriyet:2244746,cumhuriyet,2024-09-06,3,53,3443,3536,"Orada da “Eğitim, ülkemizin refahının itici gücü ve geleceğimizi belirleyecek en temel unsur.",0,,0,0,,0,0,,0,15,0,0,0,0,0,0,0,0,0,"{""6"": [], ""7"": [], ""11"": []}",0.0,0.0,0.0,,0.0,0.0,0.0,,0.0,0.0
cumhuriyet:2244746,cumhuriyet,2024-09-06,3,54,3537,3641,"Tüm dünyada paradigmalar değişirken, eğitimi de bu değişimlerden bağımsız düşünemeyiz”* vurgusu yapıldı.",1,yapıldı,1,0,,0,0,,1,14,0,0,0,0,0,0,0,0,0,"{""6"": [], ""7"": [], ""11"": []}",0.0,0.0,0.0,,0.0,0.0,0.0,,0.0,0.0
cumhuriyet:2244746,cumhuriyet,2024-09-06,3,55,3643,3689,Umarız tüm bunlara kulak veren birileri çıkar.,0,,0,0,,0,0,,0,8,0,0,0,0,0,0,0,0,0,"{""6"": [], ""7"": [], ""11"": []}",0.0,0.0,0.0,,0.0,0.0,0.0,,0.0,0.0
cumhuriyet:2246245,cumhuriyet,2024-09-11,3,0,0,26,Eylüldeki yıldönümleri (2),0,,0,0,,0,0,,0,6,0,0,0,0,0,0,0,0,0,"{""6"": [], ""7"": [], ""11"": []}",0.0,0.0,0.0,,0.0,0.0,0.0,,0.0,0.0
cumhuriyet:2246245,cumhuriyet,2024-09-11,3,1,28,109,"Geçen yazılarımda, yakın tarihimizin eylül ayındaki önemli günlerine değinmiştim.",0,,0,0,,0,0,,0,13,0,0,0,0,0,0,0,0,0,"{""6"": [], ""7"": [], ""11"": []}",0.0,0.0,0.0,,0.0,0.0,0.0,,0.0,0.0
cumhuriyet:2246245,cumhuriyet,2024-09-11,3,2,111,186,O yazıdan bu yana o önemli günlerden bazılarının anma törenlerine katıldım.,1,katıldım,1,0,,0,0,,1,13,0,0,0,0,0,0,0,0,0,"{""6"": [], ""7"": [], ""11"": []}",0.0,0.0,0.0,,0.0,0.0,0.0,,0.0,0.0
cumhuriyet:2246245,cumhuriyet,2024-09-11,3,3,187,324,"Tarih sırasına göre biri, *“Anadolu ve Rumeli Müdafaa-i Hukuk Cemiyeti”*nin 4 Eylül 1919’daki  kuruluş kongresinin 105’inci yıldönümüydü.",0,,0,0,,0,0,,0,25,0,1,0,0,0,0,0,0,0,"{""6"": [], ""7"": [], ""11"": []}",1.0,1.0,1.0,,0.0,0.0,0.0,,1.0,0.0
cumhuriyet:2246245,cumhuriyet,2024-09-11,3,4,326,361,O kongre bir başlangıç kongresiydi.,0,,0,0,,0,0,,0,7,0,0,0,0,0,0,0,0,0,"{""6"": [], ""7"": [], ""11"": []}",0.0,0.0,0.0,,0.0,0.0,0.0,,0.0,0.0
cumhuriyet:2246245,cumhuriyet,2024-09-11,3,5,362,433,Hem Kurtuluş Savaşımızın merkezi yönetiminin kuruluşunun başlangıcıydı.,0,,0,0,,0,0,,0,9,0,0,0,0,0,0,0,0,0,"{""6"": [], ""7"": [], ""11"": []}",0.0,0.0,0.0,,0.0,0.0,0.0,,0.0,0.0
cumhuriyet:2246245,cumhuriyet,2024-09-11,3,6,434,569,"O vakte kadar ülkenin birçok yerinde harekete geçen, *“işgale direniş”* hareketlerinin artık bir araya getirilmesi sürecine girilmişti.",1,getirilmesi,1,0,,0,0,,1,19,0,0,0,0,0,0,0,0,0,"{""6"": [], ""7"": [], ""11"": []}",0.0,0.0,0.0,,0.0,0.0,0.0,,0.0,0.0
cumhuriyet:2246245,cumhuriyet,2024-09-11,3,7,570,681,Hem de o hareketin ülke çapındaki siyasi yönetimini üstlenecek olan *“Halk Fırkası”*nın temelini oluşturacaktı.,0,,0,0,,0,0,,0,17,0,1,0,0,0,0,0,0,0,"{""6"": [], ""7"": [], ""11"": []}",1.0,1.0,1.0,,0.0,0.0,0.0,,1.0,0.0
cumhuriyet:2246245,cumhuriyet,2024-09-11,3,8,684,771,Tabii bir de dört yıl sonra Ankara’da *“siyasal parti”* haline gelişinin yıldönümü var.,0,,0,0,,0,0,,0,14,0,0,0,0,0,0,0,0,0,"{""6"": [], ""7"": [], ""11"": []}",0.0,0.0,0.0,,0.0,0.0,0.0,,0.0,0.0
cumhuriyet:2246245,cumhuriyet,2024-09-11,3,9,772,803,O da 1923 yılının 9 Eylül günü.,0,,0,0,,0,0,,0,8,0,0,0,0,0,0,0,0,0,"{""6"": [], ""7"": [], ""11"": []}",0.0,0.0,0.0,,0.0,0.0,0.0,,0.0,0.0
cumhuriyet:2246245,cumhuriyet,2024-09-11,3,10,805,836,Ben bu yıl ikisine de katıldım.,1,katıldım,1,0,,0,0,,1,7,0,0,0,0,0,0,0,0,0,"{""6"": [], ""7"": [], ""11"": []}",0.0,0.0,0.0,,0.0,0.0,0.0,,0.0,0.0
cumhuriyet:2246245,cumhuriyet,2024-09-11,3,11,837,867,Ve bundan çok mutluluk duydum.,0,,0,0,,0,0,,0,6,0,0,0,0,0,0,0,0,0,"{""6"": [], ""7"": [], ""11"": []}",0.0,0.0,0.0,,0.0,0.0,0.0,,0.0,0.0
cumhuriyet:2246245,cumhuriyet,2024-09-11,3,12,869,985,"Tabii 9 Eylül günü, aynı zamanda Milli Kurtuluş Savaşımızın fiilen sona erdiği, İzmir’in işgalden kurtarılması günü.",1,kurtarılması,1,0,,0,0,,1,19,0,0,0,0,0,0,0,0,0,"{""6"": [], ""7"": [], ""11"": []}",0.0,0.0,0.0,,0.0,0.0,0.0,,0.0,0.0
cumhuriyet:2246245,cumhuriyet,2024-09-11,3,13,986,1033,O da yakın tarihimizin önemli günlerinden biri.,0,,0,0,,0,0,,0,9,0,0,0,0,0,0,0,0,0,"{""6"": [], ""7"": [], ""11"": []}",0.0,0.0,0.0,,0.0,0.0,0.0,,0.0,0.0
cumhuriyet:2246245,cumhuriyet,2024-09-11,3,14,1035,1136,Onun da bu yıl da çok büyük katılımlarla ve coşkulu törenlerle kutlandığını televizyonlardan izledim.,1,kutlandığını,1,0,,0,0,,1,15,0,0,0,0,0,1,0,0,0,"{""6"": [], ""7"": [""Manipulative Wording""], ""11"": []}",0.0,0.0,0.0,,1.0,1.0,1.0,,0.0,1.0
cumhuriyet:2246245,cumhuriyet,2024-09-11,3,15,1138,1170,Tüm yurttaşlarımıza kutlu olsun.,0,,0,0,,0,0,,0,5,0,0,0,0,0,0,0,0,0,"{""6"": [], ""7"": [], ""11"": []}",0.0,0.0,0.0,,0.0,0.0,0.0,,0.0,0.0
cumhuriyet:2246245,cumhuriyet,2024-09-11,3,16,1172,1175,***,0,,0,0,,0,0,,0,2,0,0,0,0,0,0,0,0,0,"{""6"": [], ""7"": [], ""11"": []}",0.0,0.0,0.0,,0.0,0.0,0.0,,0.0,0.0
cumhuriyet:2246245,cumhuriyet,2024-09-11,3,17,1177,1225,Katıldığım törenlerdeki izlenimlerime gelince...,0,,0,0,,0,0,,0,6,0,0,0,0,0,0,0,0,0,"{""6"": [], ""7"": [], ""11"": []}",0.0,0.0,0.0,,0.0,0.0,0.0,,0.0,0.0
cumhuriyet:2246245,cumhuriyet,2024-09-11,3,18,1227,1486,"4 Eylül’de Sivas’ta, Anadolu ve Rumeli Müdafaa-i Hukuk Cemiyeti’nin kuruluş gününün 105’inci yıldönümü törenine katılan *“devlet erkânı”* arasında Meclis Başkan Vekili **Celal Adan** ile Sivas Valisi **Yılmaz Şimşek** ile belediye başkanı **Adem Uzun** vardı.",1,katılan,1,0,,0,0,,1,42,0,0,0,0,0,0,0,0,0,"{""6"": [], ""7"": [], ""11"": []}",0.0,0.0,0.0,,0.0,0.0,0.0,,0.0,0.0
cumhuriyet:2246245,cumhuriyet,2024-09-11,3,19,1487,1532,Cumhurbaşkanı bir kutlama mesajı göndermişti.,0,,0,0,,0,0,,0,6,0,0,0,0,0,0,0,0,0,"{""6"": [], ""7"": [], ""11"": []}",0.0,0.0,0.0,,0.0,0.0,0.0,,0.0,0.0
cumhuriyet:2246245,cumhuriyet,2024-09-11,3,20,1533,1650,CHP dışındaki partilerden de BBP Başkanı **Mustafa Destici** ile AKP TBMM Grup Başkanı **Abdullah Güler** katılmıştı.,1,katılmıştı,1,0,,0,0,,1,20,0,0,0,0,0,0,0,0,0,"{""6"": [], ""7"": [], ""11"": []}",0.0,0.0,0.0,,0.0,0.0,0.0,,0.0,0.0
cumhuriyet:2246245,cumhuriyet,2024-09-11,3,21,1652,1854,"CHP ise o resmi devlet töreninde genel başkanı **Özgür Özel** başta olmak üzere, kendi protokolündeki kişilerin tümüne yakınıyla birlikte genel ve yerel yöneticilerinden geniş bir katılımla yer almıştı.",0,,0,0,,0,0,,0,32,0,1,0,0,0,0,0,0,0,"{""6"": [], ""7"": [], ""11"": []}",1.0,1.0,1.0,,0.0,0.0,0.0,,1.0,0.0
cumhuriyet:2246245,cumhuriyet,2024-09-11,3,22,1857,1860,***,0,,0,0,,0,0,,0,2,0,0,0,0,0,0,0,0,0,"{""6"": [], ""7"": [], ""11"": []}",0.0,0.0,0.0,,0.0,0.0,0.0,,0.0,0.0
cumhuriyet:2246245,cumhuriyet,2024-09-11,3,23,1862,2120,"Sivas’taki Anadolu ve Rumeli Müdafaa-i Hukuk Cemiyeti’nin **Mustafa Kemal** **Paşa**’nın liderliğindeki kuruluşundan sonra, Türkiye Büyük Millet Meclisi’nin kuruluşunda da etkili çoğunluğu Anadolu ve Rumeli Müdafaa-i Hukuk Cemiyeti’nin üyeleri oluşturuyordu.",0,,0,0,,0,0,,0,39,0,1,0,0,0,0,0,0,0,"{""6"": [], ""7"": [], ""11"": []}",1.0,1.0,1.0,,0.0,0.0,0.0,,1.0,0.0
cumhuriyet:2246245,cumhuriyet,2024-09-11,3,24,2122,2418,"Türkiye Büyük Millet Meclis ordularının da başkomutanlığına seçilen, **Mustafa Kemal Paşa**’nın yönetimindeki Meclis, Türkiye’nin işgal altında kalmayan bölgelerini doğrudan doğruya yöneten, işgal altında bulunan bölgelerini ise işgalden kurtarmayı hedefleyip o hedefe ulaşmayı başaran Meclis’ti.",1,seçilen,1,0,,0,0,,1,40,0,1,0,0,0,0,0,0,0,"{""6"": [], ""7"": [], ""11"": []}",1.0,1.0,1.0,,0.0,0.0,0.0,,1.0,0.0
cumhuriyet:2246245,cumhuriyet,2024-09-11,3,25,2419,2524,"Savaşın zaferle sonuçlanması başarıldıktan sonra, barış düzenine ulaşmak da gene o Meclis’in görevi oldu.",1,sonuçlanması,1,0,,0,0,,1,16,0,0,0,0,0,0,0,0,0,"{""6"": [], ""7"": [], ""11"": []}",0.0,0.0,0.0,,0.0,0.0,0.0,,0.0,0.0
cumhuriyet:2246245,cumhuriyet,2024-09-11,3,26,2525,2648,O görevin yerine getirilmesi de artık güvenlik önlemleri ihmal edilmeden sürdürülecek siyasal çalışmalarla mümkün olacaktı.,1,getirilmesi | edilmeden | sürdürülecek,3,0,,0,0,,1,16,0,0,0,0,0,0,0,0,0,"{""6"": [], ""7"": [], ""11"": []}",0.0,0.0,0.0,,0.0,0.0,0.0,,0.0,0.0
cumhuriyet:2246245,cumhuriyet,2024-09-11,3,27,2651,2720,"O çalışmaların yürütülmesi için de, bir siyasi partiye ihtiyaç vardı.",0,,0,0,,0,0,,0,13,0,0,0,0,0,0,0,0,0,"{""6"": [], ""7"": [], ""11"": []}",0.0,0.0,0.0,,0.0,0.0,0.0,,0.0,0.0
cumhuriyet:2246245,cumhuriyet,2024-09-11,3,28,2721,2834,O partinin kurulması da Anadolu ve Rumeli Müdafaa-i Hukuk Cemiyeti’nin bir siyasal partiye dönüşmesiyle sağlandı.,1,kurulması | sağlandı,2,0,,0,0,,1,19,0,0,0,0,0,0,0,0,0,"{""6"": [], ""7"": [], ""11"": []}",0.0,0.0,0.0,,0.0,0.0,0.0,,0.0,0.0
cumhuriyet:2246245,cumhuriyet,2024-09-11,3,29,2836,2839,***,0,,0,0,,0,0,,0,2,0,0,0,0,0,0,0,0,0,"{""6"": [], ""7"": [], ""11"": []}",0.0,0.0,0.0,,0.0,0.0,0.0,,0.0,0.0
cumhuriyet:2246245,cumhuriyet,2024-09-11,3,30,2841,3092,"1922’nin gene bir eylül günü, İzmir’in de düşman işgalinden kurtulduğu günün yıldönümü olan, 9 Eylül 1923 günü **Mustafa Kemal Paşa**’nın başkanlığında ve cemiyet üyelerinden bir kısmının katılımıyla, dönemin İçişleri Bakanlığı’na bir dilekçe verildi.",1,verildi,1,0,,0,0,,1,38,0,0,0,0,0,0,0,0,0,"{""6"": [], ""7"": [], ""11"": []}",0.0,0.0,0.0,,0.0,0.0,0.0,,0.0,0.0
cumhuriyet:2246245,cumhuriyet,2024-09-11,3,31,3093,3119,Yeni parti resmen kuruldu.,1,kuruldu,1,0,,0,0,,1,5,0,0,0,0,0,0,0,0,0,"{""6"": [], ""7"": [], ""11"": []}",0.0,0.0,0.0,,0.0,0.0,0.0,,0.0,0.0
cumhuriyet:2246245,cumhuriyet,2024-09-11,3,32,3120,3145,İlk adı Halk Fırkası’ydı.,0,,0,0,,0,0,,0,6,0,0,0,0,0,0,0,0,0,"{""6"": [], ""7"": [], ""11"": []}",0.0,0.0,0.0,,0.0,0.0,0.0,,0.0,0.0
cumhuriyet:2246245,cumhuriyet,2024-09-11,3,33,3146,3223,İlk hedefi başkanlarının yönetimi altında Cumhuriyetin kuruluşunu sağlamaktı.,0,,0,0,,0,0,,0,9,0,0,0,0,0,0,0,0,0,"{""6"": [], ""7"": [], ""11"": []}",0.0,0.0,0.0,,0.0,0.0,0.0,,0.0,0.0
cumhuriyet:2246245,cumhuriyet,2024-09-11,3,34,3225,3247,O aşama da tamamlandı.,1,tamamlandı,1,0,,0,0,,1,5,0,0,0,0,0,0,0,0,0,"{""6"": [], ""7"": [], ""11"": []}",0.0,0.0,0.0,,0.0,0.0,0.0,,0.0,0.0
cumhuriyet:2246245,cumhuriyet,2024-09-11,3,35,3248,3403,29 Ekim’de ilan edilen Cumhuriyetin cumhurbaşkanlığına o zamanki adıyla *“reisicumhurluğu”*na yeni partinin de başkanı olan **Mustafa Kemal Paşa** seçildi.,1,edilen | seçildi,2,0,,0,0,,1,22,0,0,0,0,0,0,0,0,0,"{""6"": [], ""7"": [], ""11"": []}",0.0,0.0,0.0,,0.0,0.0,0.0,,0.0,0.0
cumhuriyet:2246245,cumhuriyet,2024-09-11,3,36,3405,3408,***,0,,0,0,,0,0,,0,2,0,0,0,0,0,0,0,0,0,"{""6"": [], ""7"": [], ""11"": []}",0.0,0.0,0.0,,0.0,0.0,0.0,,0.0,0.0
cumhuriyet:2246245,cumhuriyet,2024-09-11,3,37,3410,3645,"29 Ekim’de *“cumhuriyet”*in ilanı Meclis’teki yeni Halk Partisi Meclis Grubu’nun katkısıyla gerçekleştikten sonra, cumhurbaşkanlığına seçilen **Mustafa Kemal Paşa**, partisindeki liderlik görevini fiilen **İsmet Paşa**’ya devretmiştir.",1,seçilen,1,1,devretmiştir,1,0,,1,32,0,1,0,0,0,0,0,0,0,"{""6"": [], ""7"": [], ""11"": []}",1.0,1.0,1.0,0.0,0.0,0.0,0.0,,1.0,0.0
cumhuriyet:2246245,cumhuriyet,2024-09-11,3,38,3646,3789,"İsmet Paşa bu durumu, Anadolu ve Rumeli Müdafaa-i Hukuk Cemiyeti’nin tüm merkezlerindeki yöneticilerine gönderdiği bir genelgeyle bildirmiştir.",0,,0,1,bildirmiştir,1,0,,0,23,0,1,0,0,0,0,0,0,0,"{""6"": [], ""7"": [], ""11"": []}",1.0,1.0,1.0,,0.0,0.0,0.0,,1.0,0.0
cumhuriyet:2246245,cumhuriyet,2024-09-11,3,39,3790,3820,Genelgenin tam metni şöyledir:,0,,0,0,,0,0,,0,6,0,0,0,0,0,0,0,0,0,"{""6"": [], ""7"": [], ""11"": []}",0.0,0.0,0.0,,0.0,0.0,0.0,,0.0,0.0
cumhuriyet:2246245,cumhuriyet,2024-09-11,3,40,3822,3871,"**“Bütün İllerdeki Müdafaai Hukuk Merkezlerine,**",0,,0,0,,0,0,,0,10,0,0,0,0,0,0,0,0,0,"{""6"": [], ""7"": [], ""11"": []}",0.0,0.0,0.0,,0.0,0.0,0.0,,0.0,0.0
cumhuriyet:2246245,cumhuriyet,2024-09-11,3,41,3873,3874,*,0,,0,0,,0,0,,0,1,0,0,0,0,0,0,0,0,0,"{""6"": [], ""7"": [], ""11"": []}",0.0,0.0,0.0,,0.0,0.0,0.0,,0.0,0.0
cumhuriyet:2246245,cumhuriyet,2024-09-11,3,42,3874,4028,"*Yeni seçim münasebetiyle, Gazi Mustafa Kemal Paşa hazretleri tarafından yayınlanan umdeleri havi beyannamede bahsedildiği üzere Halk Fırkası kurulmuştur.",1,yayınlanan | bahsedildiği | kurulmuştur,3,1,kurulmuştur,1,1,,0,20,0,0,0,0,0,0,0,0,0,"{""6"": [], ""7"": [], ""11"": []}",0.0,0.0,0.0,,0.0,0.0,0.0,,0.0,0.0
cumhuriyet:2246245,cumhuriyet,2024-09-11,3,43,4029,4085,"Meclis’teki Halk Fırkası Grubu, tüzüğü tespit etmiştir.*",0,,0,1,etmiştir,1,0,,0,10,0,0,0,0,0,0,0,0,0,"{""6"": [], ""7"": [], ""11"": []}",0.0,0.0,0.0,,0.0,0.0,0.0,,0.0,0.0
cumhuriyet:2246245,cumhuriyet,2024-09-11,3,44,4085,4086,*,0,,0,0,,0,0,,0,1,0,0,0,0,0,0,0,0,0,"{""6"": [], ""7"": [], ""11"": []}",0.0,0.0,0.0,,0.0,0.0,0.0,,0.0,0.0
cumhuriyet:2246245,cumhuriyet,2024-09-11,3,45,4088,4089,*,0,,0,0,,0,0,,0,1,0,0,0,0,0,0,0,0,0,"{""6"": [], ""7"": [], ""11"": []}",0.0,0.0,0.0,,0.0,0.0,0.0,,0.0,0.0
cumhuriyet:2246245,cumhuriyet,2024-09-11,3,46,4089,4204,"*Bu tüzük hükümlerine göre, Umumi Reisliğe, Fırka’nın kurucusu olan Gazi Mustafa Kemal Paşa hazretleri seçilmiştir.",1,seçilmiştir,1,1,seçilmiştir,1,0,,1,18,0,0,0,0,0,0,0,0,0,"{""6"": [], ""7"": [], ""11"": []}",0.0,0.0,0.0,,0.0,0.0,0.0,,0.0,0.0
cumhuriyet:2246245,cumhuriyet,2024-09-11,3,47,4205,4348,"Kendileri daha sonra cumhurbaşkanlığına seçilmiş olmalarından dolayı, Fırka Umumi Reisliği vazifesini fiilen görmeye beni vekil tayin ettiler.*",1,seçilmiş,1,1,seçilmiş,1,0,,1,19,0,0,0,0,0,0,0,0,0,"{""6"": [], ""7"": [], ""11"": []}",0.0,0.0,0.0,,0.0,0.0,0.0,,0.0,0.0
cumhuriyet:2246245,cumhuriyet,2024-09-11,3,48,4348,4349,*,0,,0,0,,0,0,,0,1,0,0,0,0,0,0,0,0,0,"{""6"": [], ""7"": [], ""11"": []}",0.0,0.0,0.0,,0.0,0.0,0.0,,0.0,0.0
cumhuriyet:2246245,cumhuriyet,2024-09-11,3,49,4351,4352,*,0,,0,0,,0,0,,0,1,0,0,0,0,1,0,0,0,0,"{""6"": [""Justification""], ""7"": [], ""11"": []}",0.0,0.0,0.0,,1.0,1.0,1.0,,0.0,1.0
cumhuriyet:2246245,cumhuriyet,2024-09-11,3,50,4352,4651,"*Bütün vatana kurtuluş ve bağımsızlığı getiren Anadolu ve Rumeli Müdafaai Hukuk Cemiyeti, barış devrinin feyizli gelişmelerini sağlamaya çalışmak üzere, bugünden itibaren Halk Fırkası’na dönüşecek ve cemiyetin bütün idare kurulları, Halk Fırkası idare kurulları olarak vazifeye devam edeceklerdir...",0,,0,0,,0,0,,0,43,0,0,0,0,1,0,0,0,0,"{""6"": [""Justification""], ""7"": [], ""11"": []}",0.0,0.0,0.0,,1.0,1.0,1.0,,0.0,1.0
cumhuriyet:2246245,cumhuriyet,2024-09-11,3,51,4652,4743,"Dünkü Müdafaai Hukuk Cemiyeti, bugünkü Halk Fırkası idare kurullarıyla vazifeye başlıyorum.",0,,0,0,,0,0,,0,14,0,0,0,0,0,0,0,0,0,"{""6"": [], ""7"": [], ""11"": []}",0.0,0.0,0.0,,0.0,0.0,0.0,,0.0,0.0
cumhuriyet:2246245,cumhuriyet,2024-09-11,3,52,4743,4746,”**,0,,0,0,,0,0,,0,2,0,0,0,0,0,0,0,0,0,"{""6"": [], ""7"": [], ""11"": []}",0.0,0.0,0.0,,0.0,0.0,0.0,,0.0,0.0
cumhuriyet:2246245,cumhuriyet,2024-09-11,3,53,4748,4765,**20 Kasım 1923**,0,,0,0,,0,0,,0,4,0,0,0,0,0,0,0,0,0,"{""6"": [], ""7"": [], ""11"": []}",0.0,0.0,0.0,,0.0,0.0,0.0,,0.0,0.0
cumhuriyet:2246245,cumhuriyet,2024-09-11,3,54,4767,4802,**Halk Fırkası Reisi Umumi Vekili**,0,,0,0,,0,0,,0,7,0,0,0,0,0,0,0,0,0,"{""6"": [], ""7"": [], ""11"": []}",0.0,0.0,0.0,,0.0,0.0,0.0,,0.0,0.0
cumhuriyet:2246245,cumhuriyet,2024-09-11,3,55,4804,4814,**İsmet.**,0,,0,0,,0,0,,0,4,0,0,0,0,0,0,0,0,0,"{""6"": [], ""7"": [], ""11"": []}",0.0,0.0,0.0,,0.0,0.0,0.0,,0.0,0.0
cumhuriyet:2246245,cumhuriyet,2024-09-11,3,56,4816,4819,***,0,,0,0,,0,0,,0,2,0,0,0,0,0,0,0,0,0,"{""6"": [], ""7"": [], ""11"": []}",0.0,0.0,0.0,,0.0,0.0,0.0,,0.0,0.0
cumhuriyet:2246245,cumhuriyet,2024-09-11,3,57,4821,4869,Bu konuya bundan sonraki yazımda devam edeceğim.,0,,0,0,,0,0,,0,9,0,0,0,0,0,0,0,0,0,"{""6"": [], ""7"": [], ""11"": []}",0.0,0.0,0.0,,0.0,0.0,0.0,,0.0,0.0
cumhuriyet:2273895,cumhuriyet,2024-11-29,3,0,0,52,Çocuklar şiddetten nasıl korunur - Elanur Buğçe Oral,0,,0,0,,0,0,,0,8,0,0,0,0,0,0,0,0,0,"{""6"": [], ""7"": [], ""11"": []}",0.0,0.0,0.0,,0.0,0.0,0.0,,0.0,0.0
cumhuriyet:2273895,cumhuriyet,2024-11-29,3,1,54,123,Şiddetin medya aracılığıyla kolayca ulaşılabilir olduğu bir çağdayız.,1,ulaşılabilir,1,0,,0,0,,1,10,0,0,0,0,0,0,0,0,0,"{""6"": [], ""7"": [], ""11"": []}",0.0,0.0,0.0,,0.0,0.0,0.0,,0.0,0.0
cumhuriyet:2273895,cumhuriyet,2024-11-29,3,2,124,208,"Bu durum, özellikle çocukların fiziksel ve duygusal gelişimlerini olumsuz etkiliyor.",0,,0,0,,0,0,,0,12,0,0,1,0,0,0,0,0,0,"{""6"": [], ""7"": [], ""11"": []}",1.0,1.0,1.0,,0.0,0.0,0.0,,1.0,0.0
cumhuriyet:2273895,cumhuriyet,2024-11-29,3,3,209,301,"15 yaşından küçük çocuklar, karmaşık duyguları yönetebilecek olgunluğa henüz sahip değildir.",0,,0,0,,0,0,,0,13,0,0,1,0,0,0,0,0,0,"{""6"": [], ""7"": [], ""11"": []}",1.0,1.0,1.0,,0.0,0.0,0.0,,1.0,0.0
cumhuriyet:2273895,cumhuriyet,2024-11-29,3,4,302,454,"Hal böyleyken toplumsal kaygının yetişkinler arasında bile giderek arttığı bir dönemde, çocukların şiddetle baş edebilmesini beklemek gerçekçi değildir.",0,,0,0,,0,0,,0,21,0,0,0,0,0,1,0,0,0,"{""6"": [""Manipulative Wording""], ""7"": [], ""11"": []}",0.0,0.0,0.0,,1.0,1.0,1.0,,0.0,1.0
cumhuriyet:2273895,cumhuriyet,2024-11-29,3,5,456,595,"Eğer bir çocuk, istemeden de olsa şiddet içerikli bir habere tanık olduysa, bu durumu ebeveynler sakin ve yapıcı bir şekilde ele almalıdır.",0,,0,0,,0,0,,0,26,0,1,0,0,0,0,0,0,0,"{""6"": [], ""7"": [], ""11"": []}",1.0,1.0,1.0,,0.0,0.0,0.0,,1.0,0.0
cumhuriyet:2273895,cumhuriyet,2024-11-29,3,6,596,660,Çocuğun duygularını anlamak ve güven duygusu aşılamak önemlidir.,0,,0,0,,0,0,,0,10,0,0,0,0,0,0,0,0,0,"{""6"": [], ""7"": [], ""11"": []}",0.0,0.0,0.0,,0.0,0.0,0.0,,0.0,0.0
cumhuriyet:2273895,cumhuriyet,2024-11-29,3,7,661,785,"Şöyle bir diyalog, çocuğun kendisini güvende hissetmesine yardımcı olabilir: “Korkunu anlıyorum, böyle hissetmen çok normal.",0,,0,0,,0,0,,0,19,0,0,0,0,0,0,0,0,0,"{""6"": [], ""7"": [], ""11"": []}",0.0,0.0,0.0,,0.0,0.0,0.0,,0.0,0.0
cumhuriyet:2273895,cumhuriyet,2024-11-29,3,8,786,847,Dünya üzerinde iyi insanlar olduğu gibi kötü insanlar da var.,0,,0,0,,0,0,,0,11,0,0,0,0,0,0,0,0,0,"{""6"": [], ""7"": [], ""11"": []}",0.0,0.0,0.0,,0.0,0.0,0.0,,0.0,0.0
cumhuriyet:2273895,cumhuriyet,2024-11-29,3,9,848,911,Tıpkı izlediğin çizgi filmlerdeki iyi ve kötü karakterler gibi.,0,,0,0,,0,0,,0,11,0,0,0,0,0,0,0,0,0,"{""6"": [], ""7"": [], ""11"": []}",0.0,0.0,0.0,,0.0,0.0,0.0,,0.0,0.0
cumhuriyet:2273895,cumhuriyet,2024-11-29,3,10,912,993,"Ama sana söz veriyorum, ben her zaman senin yanındayım ve seni güvende tutacağım.",0,,0,0,,0,0,,0,16,0,0,0,0,0,0,0,0,0,"{""6"": [], ""7"": [], ""11"": []}",0.0,0.0,0.0,,0.0,0.0,0.0,,0.0,0.0
cumhuriyet:2273895,cumhuriyet,2024-11-29,3,11,994,1041,Bana her zaman dürüst ve açık olmanı istiyorum.,0,,0,0,,0,0,,0,9,0,0,0,0,0,0,0,0,0,"{""6"": [], ""7"": [], ""11"": []}",0.0,0.0,0.0,,0.0,0.0,0.0,,0.0,0.0
cumhuriyet:2273895,cumhuriyet,2024-11-29,3,12,1042,1065,"Unutma, ben buradayım.”",0,,0,0,,0,0,,0,6,0,0,0,0,0,0,0,0,0,"{""6"": [], ""7"": [], ""11"": []}",0.0,0.0,0.0,,0.0,0.0,0.0,,0.0,0.0
cumhuriyet:2273895,cumhuriyet,2024-11-29,3,13,1066,1156,"Bu tür bir yaklaşım, çocuğun yalnız olmadığını hissetmesini sağlar ve kaygılarını azaltır.",0,,0,0,,0,0,,0,15,0,0,0,0,0,0,0,0,0,"{""6"": [], ""7"": [], ""11"": []}",0.0,0.0,0.0,,0.0,0.0,0.0,,0.0,0.0
cumhuriyet:2273895,cumhuriyet,2024-11-29,3,14,1158,1188,### MARUZ KALMANIN BELİRTİLERİ,0,,0,0,,0,0,,0,4,0,0,0,0,0,0,1,0,0,"{""6"": [""Simplification""], ""7"": [], ""11"": []}",0.0,0.0,0.0,,1.0,1.0,1.0,,0.0,1.0
cumhuriyet:2273895,cumhuriyet,2024-11-29,3,15,1190,1271,Çocuklarda şiddet içerikli olaylara maruz kalmanın bazı belirtileri gözlenebilir:,1,gözlenebilir,1,0,,0,0,,1,10,0,0,0,0,0,0,1,0,0,"{""6"": [""Simplification""], ""7"": [], ""11"": []}",0.0,0.0,0.0,,1.0,1.0,1.0,,0.0,1.0
cumhuriyet:2273895,cumhuriyet,2024-11-29,3,16,1273,1303,- **Güvende olamama korkusu:**,0,,0,0,,0,0,,0,7,0,0,0,0,0,0,1,0,0,"{""6"": [""Simplification""], ""7"": [], ""11"": []}",0.0,0.0,0.0,,1.0,1.0,1.0,,0.0,1.0
cumhuriyet:2273895,cumhuriyet,2024-11-29,3,17,1304,1366,Kendisi veya sevdiklerinin zarar göreceğine dair yoğun endişe.,0,,0,0,,0,0,,0,9,0,0,0,0,0,0,1,0,0,"{""6"": [""Simplification""], ""7"": [], ""11"": []}",0.0,0.0,0.0,,1.0,1.0,1.0,,0.0,1.0
cumhuriyet:2273895,cumhuriyet,2024-11-29,3,18,1367,1397,- **Yoğun tetikte olma hali:**,0,,0,0,,0,0,,0,8,0,0,0,0,0,0,1,0,0,"{""6"": [""Simplification""], ""7"": [], ""11"": []}",0.0,0.0,0.0,,1.0,1.0,1.0,,0.0,1.0
cumhuriyet:2273895,cumhuriyet,2024-11-29,3,19,1398,1467,Çevresel uyaranlara aşırı hassasiyet ve sürekli tetikte hareket etme.,0,,0,0,,0,0,,0,10,0,0,0,0,0,0,1,0,0,"{""6"": [""Simplification""], ""7"": [], ""11"": []}",0.0,0.0,0.0,,1.0,1.0,1.0,,0.0,1.0
cumhuriyet:2273895,cumhuriyet,2024-11-29,3,20,1468,1504,- **Ebeveynlerden ayrılma zorluğu:**,0,,0,0,,0,0,,0,7,0,0,0,0,0,0,1,0,0,"{""6"": [""Simplification""], ""7"": [], ""11"": []}",0.0,0.0,0.0,,1.0,1.0,1.0,,0.0,1.0
cumhuriyet:2273895,cumhuriyet,2024-11-29,3,21,1505,1552,"Anne ve babadan uzaklaşamama, aşırı bağımlılık.",0,,0,0,,0,0,,0,8,0,0,0,0,0,0,1,0,0,"{""6"": [""Simplification""], ""7"": [], ""11"": []}",0.0,0.0,0.0,,1.0,1.0,1.0,,0.0,1.0
cumhuriyet:2273895,cumhuriyet,2024-11-29,3,22,1553,1569,- **Regresyon:**,0,,0,0,,0,0,,0,5,0,0,0,0,0,0,1,0,0,"{""6"": [""Simplification""], ""7"": [], ""11"": []}",0.0,0.0,0.0,,1.0,1.0,1.0,,0.0,1.0
cumhuriyet:2273895,cumhuriyet,2024-11-29,3,23,1570,1622,"Alt ıslatma, parmak emme gibi gerileme davranışları.",0,,0,0,,0,0,,0,9,0,0,0,0,0,0,1,0,0,"{""6"": [""Simplification""], ""7"": [], ""11"": []}",0.0,0.0,0.0,,1.0,1.0,1.0,,0.0,1.0
cumhuriyet:2273895,cumhuriyet,2024-11-29,3,24,1623,1683,"- **Uyku problemleri:** Kâbuslar, uyku terörleri, uyuyamama.",0,,0,0,,0,0,,0,13,0,0,0,0,0,0,1,0,0,"{""6"": [""Simplification""], ""7"": [], ""11"": []}",0.0,0.0,0.0,,1.0,1.0,1.0,,0.0,1.0
cumhuriyet:2273895,cumhuriyet,2024-11-29,3,25,1684,1705,- **Akademik düşüş:**,0,,0,0,,0,0,,0,7,0,0,0,0,0,0,1,0,0,"{""6"": [""Simplification""], ""7"": [], ""11"": []}",0.0,0.0,0.0,,1.0,1.0,1.0,,0.0,1.0
cumhuriyet:2273895,cumhuriyet,2024-11-29,3,26,1706,1750,Dikkat eksikliği ve ders başarısında azalma.,0,,0,0,,0,0,,0,7,0,0,0,0,0,0,1,0,0,"{""6"": [""Simplification""], ""7"": [], ""11"": []}",0.0,0.0,0.0,,1.0,1.0,1.0,,0.0,1.0
cumhuriyet:2273895,cumhuriyet,2024-11-29,3,27,1752,1867,"Bu belirtilerle karşılaşıldığında bir uzmandan destek almak, çocuğun ruh sağlığını koruma adına kritik bir adımdır.",1,karşılaşıldığında,1,0,,0,0,,1,18,0,0,0,0,0,0,0,0,0,"{""6"": [], ""7"": [], ""11"": []}",0.0,0.0,0.0,,0.0,0.0,0.0,,0.0,0.0
cumhuriyet:2273895,cumhuriyet,2024-11-29,3,28,1868,1963,Çocukları şiddet içeriklerinin olumsuz etkilerinden korumak için aileler şu önlemleri alabilir:,0,,0,0,,0,0,,0,12,0,0,0,0,0,0,0,1,0,"{""6"": [""Call""], ""7"": [], ""11"": []}",0.0,0.0,0.0,,1.0,1.0,1.0,,0.0,1.0
cumhuriyet:2273895,cumhuriyet,2024-11-29,3,29,1965,1967,1.,0,,0,0,,0,0,,0,2,0,0,0,0,0,0,0,1,0,"{""6"": [""Call""], ""7"": [], ""11"": []}",0.0,0.0,0.0,,1.0,1.0,1.0,,0.0,1.0
cumhuriyet:2273895,cumhuriyet,2024-11-29,3,30,1968,2075,"Uygun olmayan içeriklere erişimi engellenmeli: Haberler, videolar ve diğer şiddet içerikleri filtrelenmeli.",1,engellenmeli | filtrelenmeli,2,0,,0,0,,1,15,0,0,0,0,0,0,0,1,0,"{""6"": [""Call""], ""7"": [], ""11"": []}",0.0,0.0,0.0,,1.0,1.0,1.0,,0.0,1.0
cumhuriyet:2273895,cumhuriyet,2024-11-29,3,31,2076,2078,2.,0,,0,0,,0,0,,0,2,0,0,0,0,0,0,0,1,0,"{""6"": [""Call""], ""7"": [], ""11"": []}",0.0,0.0,0.0,,1.0,1.0,1.0,,0.0,1.0
cumhuriyet:2273895,cumhuriyet,2024-11-29,3,32,2079,2152,Duygusal kontrol sağlanmalı: Ebeveynler önce kendi kaygılarını yönetmeli.,1,sağlanmalı,1,0,,0,0,,1,10,0,0,0,0,0,0,0,1,0,"{""6"": [""Call""], ""7"": [], ""11"": []}",0.0,0.0,0.0,,1.0,1.0,1.0,,0.0,1.0
cumhuriyet:2273895,cumhuriyet,2024-11-29,3,33,2153,2155,3.,0,,0,0,,0,0,,0,2,0,0,0,0,0,0,0,1,0,"{""6"": [""Call""], ""7"": [], ""11"": []}",0.0,0.0,0.0,,1.0,1.0,1.0,,0.0,1.0
cumhuriyet:2273895,cumhuriyet,2024-11-29,3,34,2156,2223,Güven duygusu aşılama: Çocuğa daima güvende olduğu hissettirilmeli.,1,hissettirilmeli,1,0,,0,0,,1,10,0,0,0,0,0,0,0,1,0,"{""6"": [""Call""], ""7"": [], ""11"": []}",0.0,0.0,0.0,,1.0,1.0,1.0,,0.0,1.0
cumhuriyet:2273895,cumhuriyet,2024-11-29,3,35,2224,2226,4.,0,,0,0,,0,0,,0,2,0,0,0,0,0,0,0,1,0,"{""6"": [""Call""], ""7"": [], ""11"": []}",0.0,0.0,0.0,,1.0,1.0,1.0,,0.0,1.0
cumhuriyet:2273895,cumhuriyet,2024-11-29,3,36,2227,2307,Empati kurma: Çocuğun duyguları önemsenmeli ve pozitif olaylara yönlendirilmeli.,1,önemsenmeli | yönlendirilmeli,2,0,,0,0,,1,11,0,0,0,0,0,0,0,1,0,"{""6"": [""Call""], ""7"": [], ""11"": []}",0.0,0.0,0.0,,1.0,1.0,1.0,,0.0,1.0
cumhuriyet:2273895,cumhuriyet,2024-11-29,3,37,2308,2310,5.,0,,0,0,,0,0,,0,2,0,0,0,0,0,0,0,1,0,"{""6"": [""Call""], ""7"": [], ""11"": []}",0.0,0.0,0.0,,1.0,1.0,1.0,,0.0,1.0
cumhuriyet:2273895,cumhuriyet,2024-11-29,3,38,2311,2402,Kendini koruma becerileri geliştirilmeli: Çocuğun yaşına uygun güvenlik eğitimi sağlanmalı.,1,geliştirilmeli | sağlanmalı,2,0,,0,0,,1,12,0,0,0,0,0,0,0,1,0,"{""6"": [""Call""], ""7"": [], ""11"": []}",0.0,0.0,0.0,,1.0,1.0,1.0,,0.0,1.0
cumhuriyet:2273895,cumhuriyet,2024-11-29,3,39,2404,2454,Bu konuyla ilgili okulların sorumluluğu da vardır.,0,,0,0,,0,0,,0,9,0,0,0,0,0,0,0,1,0,"{""6"": [""Call""], ""7"": [], ""11"": []}",0.0,0.0,0.0,,1.0,1.0,1.0,,0.0,1.0
cumhuriyet:2273895,cumhuriyet,2024-11-29,3,40,2455,2566,"Çocukların güvenli bir öğrenme ortamında bulunmaları, duygusal sağlıklarını korumak açısından kritik önemdedir.",0,,0,0,,0,0,,0,16,0,0,0,0,0,0,0,0,0,"{""6"": [], ""7"": [], ""11"": []}",0.0,0.0,0.0,,0.0,0.0,0.0,,0.0,0.0
cumhuriyet:2273895,cumhuriyet,2024-11-29,3,41,2567,2652,"Bu nedenle, okulların hem önleyici hem de destekleyici çalışmalar yapması gereklidir.",0,,0,0,,0,0,,0,16,0,0,0,0,0,0,0,1,0,"{""6"": [""Call""], ""7"": [], ""11"": []}",0.0,0.0,0.0,,1.0,1.0,1.0,,0.0,1.0
cumhuriyet:2273895,cumhuriyet,2024-11-29,3,42,2653,2778,"Rehberlik birimleri, korku ve kaygı duygularını yönetmekte zorlanan çocuklara bireysel ya da grup çalışmaları düzenleyebilir.",0,,0,0,,0,0,,0,17,0,0,0,0,0,0,0,1,0,"{""6"": [""Call""], ""7"": [], ""11"": []}",0.0,0.0,0.0,,1.0,1.0,1.0,,0.0,1.0
cumhuriyet:2273895,cumhuriyet,2024-11-29,3,43,2779,2882,"Ayrıca bu tür eğitimler, sadece çocuklarla sınırlı kalmamalı; öğretmenlere ve ailelere de verilmelidir.",1,verilmeli,1,0,,0,0,,1,18,0,0,0,0,0,0,0,1,0,"{""6"": [""Call""], ""7"": [], ""11"": []}",0.0,0.0,0.0,,1.0,1.0,1.0,,0.0,1.0
cumhuriyet:2273895,cumhuriyet,2024-11-29,3,44,2883,2968,Bu sayede çocukları daha iyi anlayan ve destekleyen bir sosyal çevre oluşturulabilir.,1,oluşturulabilir,1,0,,0,0,,1,13,0,0,0,0,1,0,0,0,0,"{""6"": [""Justification""], ""7"": [], ""11"": []}",0.0,0.0,0.0,,1.0,1.0,1.0,,0.0,1.0
cumhuriyet:2273895,cumhuriyet,2024-11-29,3,45,2970,2992,### KORKU YERİNE SEVGİ,0,,0,0,,0,0,,0,4,0,0,0,0,0,0,0,0,0,"{""6"": [], ""7"": [], ""11"": []}",0.0,0.0,0.0,,0.0,0.0,0.0,,0.0,0.0
cumhuriyet:2273895,cumhuriyet,2024-11-29,3,46,2994,3064,İnsanlar çoğu zaman korku ya da sevgi temelli duygularla hareket eder.,0,,0,0,,0,0,,0,12,0,0,0,0,0,0,0,0,0,"{""6"": [], ""7"": [], ""11"": []}",0.0,0.0,0.0,,0.0,0.0,0.0,,0.0,0.0
cumhuriyet:2273895,cumhuriyet,2024-11-29,3,47,3065,3159,"Ancak korkuyla yönetilen bir hayat, bireyi daha fazla hata yapmaya iter ve iç huzuru yok eder.",1,yönetilen,1,0,,0,0,,1,18,0,0,0,0,0,0,0,0,0,"{""6"": [], ""7"": [], ""11"": []}",0.0,0.0,0.0,,0.0,0.0,0.0,,0.0,0.0
cumhuriyet:2273895,cumhuriyet,2024-11-29,3,48,3160,3265,"Bunun yerine sevgi ve güven duygularını ön planda tutmak, insanı daha esnek ve dirençli bir hale getirir.",0,,0,0,,0,0,,0,19,0,0,0,0,0,0,0,0,0,"{""6"": [], ""7"": [], ""11"": []}",0.0,0.0,0.0,,0.0,0.0,0.0,,0.0,0.0
cumhuriyet:2273895,cumhuriyet,2024-11-29,3,49,3266,3432,"Tıpkı gövdesi kalın bir ağacın fırtınada kırılmasına karşılık, ince ve esnek bir ağacın sadece bükülmesi gibi, bireyler de zorluklar karşısında esneklik kazanmalıdır.",1,kırılmasına | bükülmesi,2,0,,0,0,,1,26,0,0,0,0,0,0,0,0,0,"{""6"": [], ""7"": [], ""11"": []}",0.0,0.0,0.0,,0.0,0.0,0.0,,0.0,0.0
cumhuriyet:2273895,cumhuriyet,2024-11-29,3,50,3433,3535,Ebeveynler olarak çocuklarımıza acısız bir dünya sunamasak da onlara güvenli bir çevre sağlayabiliriz.,0,,0,0,,0,0,,0,15,0,0,0,0,0,0,0,1,0,"{""6"": [""Call""], ""7"": [], ""11"": []}",0.0,0.0,0.0,,1.0,1.0,1.0,,0.0,1.0
cumhuriyet:2273895,cumhuriyet,2024-11-29,3,51,3536,3676,"“Birbirimize dikkat eder ve birbirimizi koruruz” düşüncesini çocuklarımıza aşılamak, bireysel ve toplumsal güven duygusunu güçlendirecektir.",0,,0,0,,0,0,,0,17,0,0,0,0,0,0,0,1,0,"{""6"": [""Call""], ""7"": [], ""11"": []}",0.0,0.0,0.0,,1.0,1.0,1.0,,0.0,1.0
cumhuriyet:2273895,cumhuriyet,2024-11-29,3,52,3677,3799,"Sevgi ve güveni bir yaşam biçimi haline getirmek, çocuklarımızın sağlıklı bireyler olarak büyümelerinin temel anahtarıdır.",0,,0,0,,0,0,,0,19,0,0,0,0,0,0,0,1,0,"{""6"": [""Call""], ""7"": [], ""11"": []}",0.0,0.0,0.0,,1.0,1.0,1.0,,0.0,1.0
cumhuriyet:2286708,cumhuriyet,2025-01-07,3,0,0,54,Şube müdürlüğünden alınıp araştırmacı kadrosuna atandı,1,alınıp | atandı,2,0,,0,0,,1,6,0,0,0,0,0,0,0,0,0,"{""6"": [], ""7"": [], ""11"": []}",0.0,0.0,0.0,,0.0,0.0,0.0,,0.0,0.0
cumhuriyet:2286708,cumhuriyet,2025-01-07,3,1,54,55,m,0,,0,0,,0,0,,0,1,0,0,0,0,0,0,0,0,0,"{""6"": [], ""7"": [], ""11"": []}",0.0,0.0,0.0,,0.0,0.0,0.0,,0.0,0.0
cumhuriyet:2286708,cumhuriyet,2025-01-07,3,2,57,58,*,0,,0,0,,0,0,,0,1,0,0,0,0,0,0,0,0,0,"{""6"": [], ""7"": [], ""11"": []}",0.0,0.0,0.0,,0.0,0.0,0.0,,0.0,0.0
cumhuriyet:2286708,cumhuriyet,2025-01-07,3,3,58,98,*Soru: 05/07/1999 tarihinde memur oldum.,0,,0,0,,0,0,,0,8,0,0,0,0,0,0,0,0,0,"{""6"": [], ""7"": [], ""11"": []}",0.0,0.0,0.0,,0.0,0.0,0.0,,0.0,0.0
cumhuriyet:2286708,cumhuriyet,2025-01-07,3,4,99,155,10/10/2013 tarihinde sınavla şube müdürü olarak atandım.,0,,0,0,,0,0,,0,8,0,0,0,0,0,0,0,0,0,"{""6"": [], ""7"": [], ""11"": []}",0.0,0.0,0.0,,0.0,0.0,0.0,,0.0,0.0
cumhuriyet:2286708,cumhuriyet,2025-01-07,3,5,156,392,"Ancak sınavın mahkeme kararıyla iptali sonucu 06/12/2024 tarihinde 1. dereceli araştırmacı kadrosuna, kazanılmış hak aylığım ve emekli keseneğine esas aylığım yönünden bulunduğum 1/4 derece/ kademe +2800 (+3600) ek gösterge ile atandım.",1,kazanılmış | bulunduğum,2,1,kazanılmış,1,0,,1,35,0,0,0,0,0,0,0,0,0,"{""6"": [], ""7"": [], ""11"": []}",0.0,0.0,0.0,,0.0,0.0,0.0,,0.0,0.0
cumhuriyet:2286708,cumhuriyet,2025-01-07,3,6,393,606,Ek göstergesi yüksek olan (3600) kadrodan ek göstergesi düşük olan (2800) araştırmacı kadrosuna atanmamın emekli aylığı ve ikramiyesinin hesaplanmasında mali kayba neden olup olmayacağı konusunda tereddüde düştüm.,1,atanmamın | hesaplanmasında,2,0,,0,0,,1,32,0,0,0,0,0,0,0,0,0,"{""6"": [], ""7"": [], ""11"": []}",0.0,0.0,0.0,,0.0,0.0,0.0,,0.0,0.0
cumhuriyet:2286708,cumhuriyet,2025-01-07,3,7,607,620,Yurdagül G.**,0,,0,0,,0,0,,0,3,0,0,1,0,0,0,0,0,0,"{""6"": [], ""7"": [], ""11"": []}",1.0,1.0,1.0,,0.0,0.0,0.0,,1.0,0.0
cumhuriyet:2286708,cumhuriyet,2025-01-07,3,8,623,624,*,0,,0,0,,0,0,,0,1,0,0,0,0,0,0,0,0,0,"{""6"": [], ""7"": [], ""11"": []}",0.0,0.0,0.0,,0.0,0.0,0.0,,0.0,0.0
cumhuriyet:2286708,cumhuriyet,2025-01-07,3,9,624,735,*Cevap:** 10/10/2013 tarihinden 6/12/2024 tarihine kadar 11 yıl süreyle şube müdürlüğü yaptığınız anlaşılmakta.,1,anlaşılmakta,1,0,,0,0,,1,16,0,0,0,0,0,0,0,0,0,"{""6"": [], ""7"": [], ""11"": []}",0.0,0.0,0.0,,0.0,0.0,0.0,,0.0,0.0
cumhuriyet:2286708,cumhuriyet,2025-01-07,3,10,736,1065,"Sizin durumunuza benzer mahkeme kararlarında; mahkeme kararı ile şube müdürlüğü görevinden alınan ve daha sonra yine mahkeme kararıyla göreve iade edilen bir kişinin bu kararı, 1 yıl sonra yüksek mahkeme tarafından bozulduğunda, Sosyal Güvenlik Kurumu, şube müdürüne 1 yıl boyunca aylığını 3600 ek gösterge üzerinden ödemektedir.",1,alınan | edilen | bozulduğunda,3,0,,0,1,,0,52,0,0,0,0,0,0,0,0,0,"{""6"": [], ""7"": [], ""11"": []}",0.0,0.0,0.0,,0.0,0.0,0.0,,0.0,0.0
cumhuriyet:2286708,cumhuriyet,2025-01-07,3,11,1066,1459,"Diğer taraftan, mailinizde de belirttiğiniz üzere 5434 sayılı kanunun 67. maddesindeki hüküm gereğince her ne kadar şube müdürlüğü kadrosundan araştırma kadrosuna atanmış olsanız bile, 2800 ek gösterge ile 3600 ek gösterge arasındaki farktan kaynaklanan kesenek ve karşılık tutarının tamamının aylıklarınızdan kesilmesi suretiyle emeklilikte 3600 göstergeden yararlanma hakkınız bulunmaktadır.",1,atanmış | kaynaklanan | kesilmesi | bulunmakta,4,1,atanmış,1,0,,1,54,0,0,0,0,0,0,0,0,0,"{""6"": [], ""7"": [], ""11"": []}",0.0,0.0,0.0,,0.0,0.0,0.0,,0.0,0.0
cumhuriyet:2286708,cumhuriyet,2025-01-07,3,12,1460,1601,"Bu durumda, emekli aylığınızın hesaplanmasında 3600 ek gösterge ve özel hizmet tazminat yansıtma oranı yüzde 145 olarak dikkate alınmaktadır.",1,hesaplanmasında | alınmakta,2,0,,0,0,,1,22,0,0,0,0,0,0,0,0,0,"{""6"": [], ""7"": [], ""11"": []}",0.0,0.0,0.0,,0.0,0.0,0.0,,0.0,0.0
cumhuriyet:2286708,cumhuriyet,2025-01-07,3,13,1603,1633,### İKİ AYLIĞI DA ALABİLİR Mİ?,0,,0,0,,0,0,,0,7,0,0,0,0,0,0,0,0,0,"{""6"": [], ""7"": [], ""11"": []}",0.0,0.0,0.0,,0.0,0.0,0.0,,0.0,0.0
cumhuriyet:2286708,cumhuriyet,2025-01-07,3,14,1636,1704,"**Soru: Anneannemin babası 1993 yılında, eşi ise 2013 yılında ölmüş.",0,,0,1,ölmüş,1,0,,0,14,0,0,0,0,0,0,0,0,0,"{""6"": [], ""7"": [], ""11"": []}",0.0,0.0,0.0,,0.0,0.0,0.0,,0.0,0.0
cumhuriyet:2286708,cumhuriyet,2025-01-07,3,15,1705,1743,"Eşi SSK, babası Bağ-Kur emeklisi imiş.",0,,0,1,imiş,1,0,,0,9,0,0,0,0,0,0,0,0,0,"{""6"": [], ""7"": [], ""11"": []}",0.0,0.0,0.0,,0.0,0.0,0.0,,0.0,0.0
cumhuriyet:2286708,cumhuriyet,2025-01-07,3,16,1744,1790,Eşinin maaşını alıyor ancak çok zor geçiniyor.,0,,0,0,,0,0,,0,8,0,0,0,0,0,0,0,0,0,"{""6"": [], ""7"": [], ""11"": []}",0.0,0.0,0.0,,0.0,0.0,0.0,,0.0,0.0
cumhuriyet:2286708,cumhuriyet,2025-01-07,3,17,1791,1824,Babasının maaşını da alabilir mi?,0,,0,0,,0,0,,0,6,0,0,0,0,0,0,0,0,0,"{""6"": [], ""7"": [], ""11"": []}",0.0,0.0,0.0,,0.0,0.0,0.0,,0.0,0.0
cumhuriyet:2286708,cumhuriyet,2025-01-07,3,18,1825,1896,Anneannem daha önce babasından dolayı ölüm aylığı talebinde bulunmamış.,0,,0,1,bulunmamış,1,0,,0,10,0,0,0,0,0,0,0,0,0,"{""6"": [], ""7"": [], ""11"": []}",0.0,0.0,0.0,,0.0,0.0,0.0,,0.0,0.0
cumhuriyet:2286708,cumhuriyet,2025-01-07,3,19,1897,1910,Ayşe Nur U.**,0,,0,0,,0,0,,0,4,0,0,1,0,0,0,0,0,0,"{""6"": [], ""7"": [], ""11"": []}",1.0,1.0,1.0,,0.0,0.0,0.0,,1.0,0.0
cumhuriyet:2286708,cumhuriyet,2025-01-07,3,20,1913,2007,**Cevap:** Kız çocukları ölen eş ve ana/babalardan dolayı ölüm aylığına hak kazanabilmektedir.,0,,0,0,,0,0,,0,18,0,0,0,0,0,0,0,0,0,"{""6"": [], ""7"": [], ""11"": []}",0.0,0.0,0.0,,0.0,0.0,0.0,,0.0,0.0
cumhuriyet:2286708,cumhuriyet,2025-01-07,3,21,2008,2114,"Ancak, hak kazanılan bu aylıkların ödenmesinde 5510 sayılı kanunun 54. maddesinde sınırlama getirilmiştir.",1,kazanılan | ödenmesinde | getirilmiştir,3,1,getirilmiştir,1,0,,1,15,0,0,0,0,0,0,0,0,0,"{""6"": [], ""7"": [], ""11"": []}",0.0,0.0,0.0,,0.0,0.0,0.0,,0.0,0.0
cumhuriyet:2286708,cumhuriyet,2025-01-07,3,22,2115,2246,Maddede hak sahiplerine tercih hakkı verilerek tek dosyadan yani ya eş ya da ana/ baba dosyasından aylık bağlanacağı öngörülmüştür.,1,verilerek | bağlanacağı | öngörülmüştür,3,0,,0,0,,1,20,0,0,0,0,0,0,0,0,0,"{""6"": [], ""7"": [], ""11"": []}",0.0,0.0,0.0,,0.0,0.0,0.0,,0.0,0.0
cumhuriyet:2286708,cumhuriyet,2025-01-07,3,23,2249,2521,"2008/Ekim sonrası vefat eden eşinden dolayı ölüm aylığı almakta iken ölüm tarihi 2008/Ekim ayından önce olan babasından/ annesinden dolayı farklı ya da aynı statü kapsamında 5/12/2017 tarihinden sonra ölüm aylığı bağlanması talebinde bulunanlara, ana/baba dosyasında 2008/",1,bağlanması,1,0,,0,0,,1,40,0,0,0,0,0,0,0,0,0,"{""6"": [], ""7"": [], ""11"": []}",0.0,0.0,0.0,,0.0,0.0,0.0,,0.0,0.0
cumhuriyet:2286708,cumhuriyet,2025-01-07,3,24,2522,2835,"Ekim öncesi hak sahipliği bulunup bulunmadığına (5510 sayılı kanunun geçici 1. maddesi kapsamına girip girmemesine göre) göre değerlendirme yapılarak hak sahipliği yoksa kanunun 54. maddesi gereğince tercih ettiği aylık, hak sahipliği var ise ana/babanın ölüm tarihinde geçerli mevzuata göre aylık bağlanmaktadır.",1,bulunup | girip | yapılarak | bağlanmakta,4,0,,0,0,,1,47,0,0,0,0,0,0,0,0,0,"{""6"": [], ""7"": [], ""11"": []}",0.0,0.0,0.0,,0.0,0.0,0.0,,0.0,0.0
cumhuriyet:2286708,cumhuriyet,2025-01-07,3,25,2837,3052,"Anneannenizin babası 1993 yılında Bağ-Kur kapsamında iken vefat etmiş ve anneanneniz baba dosyasından hak sahibi olmadığından yani ölüm aylığı almadığından, 5510 sayılı kanunun geçici 1. maddesi kapsamında değildir.",0,,0,1,etmiş,1,0,,0,31,0,0,0,0,0,0,0,0,0,"{""6"": [], ""7"": [], ""11"": []}",0.0,0.0,0.0,,0.0,0.0,0.0,,0.0,0.0
cumhuriyet:2286708,cumhuriyet,2025-01-07,3,26,3053,3104,Eşi ise SGK emeklisi iken 2013 yılında vefat etmiş.,0,,0,1,etmiş,1,0,,0,10,0,0,0,0,0,0,0,0,0,"{""6"": [], ""7"": [], ""11"": []}",0.0,0.0,0.0,,0.0,0.0,0.0,,0.0,0.0
cumhuriyet:2286708,cumhuriyet,2025-01-07,3,27,3105,3138,"Bu durumda, ölümlerden biri 2008/",0,,0,0,,0,0,,0,7,0,0,0,0,0,0,0,0,0,"{""6"": [], ""7"": [], ""11"": []}",0.0,0.0,0.0,,0.0,0.0,0.0,,0.0,0.0
cumhuriyet:2286708,cumhuriyet,2025-01-07,3,28,3139,3198,Ekim öncesi diğeri ise sonrası olup statüleri de farklıdır.,0,,0,0,,0,0,,0,11,0,0,0,0,0,0,0,0,0,"{""6"": [], ""7"": [], ""11"": []}",0.0,0.0,0.0,,0.0,0.0,0.0,,0.0,0.0
cumhuriyet:2286708,cumhuriyet,2025-01-07,3,29,3199,3402,"Bu durumda, anneannenizin hem eşinden hem de babasından hak kazandığı ölüm aylığı 5510 sayılı kanunun 54. maddesi kapsamında değerlendirilerek, anneannenizin tercih ettiği dosyadan tek aylık ödenecektir.",1,değerlendirilerek | ödenecektir,2,0,,0,0,,1,29,0,0,0,0,0,0,0,0,0,"{""6"": [], ""7"": [], ""11"": []}",0.0,0.0,0.0,,0.0,0.0,0.0,,0.0,0.0
cumhuriyet:2286708,cumhuriyet,2025-01-07,3,30,3404,3443,### HİZMET VE BORÇLANMA SÜREM ÇAKIŞIYOR,0,,0,0,,0,0,,0,6,0,0,0,0,0,0,0,0,0,"{""6"": [], ""7"": [], ""11"": []}",0.0,0.0,0.0,,0.0,0.0,0.0,,0.0,0.0
cumhuriyet:2286708,cumhuriyet,2025-01-07,3,31,3445,3446,*,0,,0,0,,0,0,,0,1,0,0,0,0,0,0,0,0,0,"{""6"": [], ""7"": [], ""11"": []}",0.0,0.0,0.0,,0.0,0.0,0.0,,0.0,0.0
cumhuriyet:2286708,cumhuriyet,2025-01-07,3,32,3446,3520,*Soru: EYT kapsamında 5900 günle aralık ayında emekliliğe hak kazanıyorum.,0,,0,0,,0,0,,0,12,0,0,0,0,0,0,0,0,0,"{""6"": [], ""7"": [], ""11"": []}",0.0,0.0,0.0,,0.0,0.0,0.0,,0.0,0.0
cumhuriyet:2286708,cumhuriyet,2025-01-07,3,33,3521,3549,Askerlik borçlanması yaptım.,0,,0,0,,0,0,,0,4,0,0,0,0,0,0,0,0,0,"{""6"": [], ""7"": [], ""11"": []}",0.0,0.0,0.0,,0.0,0.0,0.0,,0.0,0.0
cumhuriyet:2286708,cumhuriyet,2025-01-07,3,34,3550,3602,Askerlik sürem 21/3/1999-21/11/1999 tarihleri arası.,0,,0,0,,0,0,,0,7,0,0,0,0,0,0,0,0,0,"{""6"": [], ""7"": [], ""11"": []}",0.0,0.0,0.0,,0.0,0.0,0.0,,0.0,0.0
cumhuriyet:2286708,cumhuriyet,2025-01-07,3,35,3603,3687,Ancak 1999 yılında çalıştığım bankadan işten ayrılma tarihim 1/4/1999 görünmektedir.,0,,0,0,,0,0,,0,12,0,0,0,0,0,0,0,0,0,"{""6"": [], ""7"": [], ""11"": []}",0.0,0.0,0.0,,0.0,0.0,0.0,,0.0,0.0
cumhuriyet:2286708,cumhuriyet,2025-01-07,3,36,3688,3866,"SGK hizmet kaydımda, 1999/Mart ayında banka sandığı 30 gün, askerlik borçlanması 10 gün, nisan ayında ise banka sandığı 1 gün, askerlik borçlanması 30 gün şeklinde görünmektedir.",0,,0,0,,0,0,,0,33,0,0,0,0,0,0,0,0,0,"{""6"": [], ""7"": [], ""11"": []}",0.0,0.0,0.0,,0.0,0.0,0.0,,0.0,0.0
cumhuriyet:2286708,cumhuriyet,2025-01-07,3,37,3867,3906,Bu 11 günlük çakışmayı nasıl çözeceğim.,0,,0,0,,0,0,,0,7,0,0,0,0,0,0,0,0,0,"{""6"": [], ""7"": [], ""11"": []}",0.0,0.0,0.0,,0.0,0.0,0.0,,0.0,0.0
cumhuriyet:2286708,cumhuriyet,2025-01-07,3,38,3907,3917,Ahmet S.**,0,,0,0,,0,0,,0,3,0,0,1,0,0,0,0,0,0,"{""6"": [], ""7"": [], ""11"": []}",1.0,1.0,1.0,,0.0,0.0,0.0,,1.0,0.0
cumhuriyet:2286708,cumhuriyet,2025-01-07,3,39,3920,4048,"**Cevap:** Sigortalıların aylık prim gün sayısı, ayın 28, 29 veya 31 çekmesine bakılmaksızın 30 gün olarak dikkate alınmaktadır.",1,bakılmaksızın | alınmakta,2,0,,0,0,,1,25,0,0,0,0,0,0,0,0,0,"{""6"": [], ""7"": [], ""11"": []}",0.0,0.0,0.0,,0.0,0.0,0.0,,0.0,0.0
cumhuriyet:2286708,cumhuriyet,2025-01-07,3,40,4049,4107,Yani her ay için gün sayısı 30 günden fazla olamamaktadır.,0,,0,0,,0,0,,0,12,0,0,0,0,0,0,0,0,0,"{""6"": [], ""7"": [], ""11"": []}",0.0,0.0,0.0,,0.0,0.0,0.0,,0.0,0.0
cumhuriyet:2286708,cumhuriyet,2025-01-07,3,41,4108,4258,"Aynı ay içinde hem borçlanma hem de hizmet sürelerinin çakışması halinde, aylık prim gün sayısı 30 günü geçmeyecek şekilde iptal işlemi yapılmaktadır.",1,yapılmakta,1,0,,0,0,,1,25,0,0,0,0,0,0,0,0,0,"{""6"": [], ""7"": [], ""11"": []}",0.0,0.0,0.0,,0.0,0.0,0.0,,0.0,0.0
cumhuriyet:2286708,cumhuriyet,2025-01-07,3,42,4259,4434,"Askerlik hizmeti süresinde sigortalıların fiilen çalışması mümkün olmadığından, askerlik hizmetiyle çalışma sürelerinin çakışması halinde, çalışma süreleri iptal edilmektedir.",1,edilmekte,1,0,,0,0,,1,22,0,0,0,0,0,0,0,0,0,"{""6"": [], ""7"": [], ""11"": []}",0.0,0.0,0.0,,0.0,0.0,0.0,,0.0,0.0
cumhuriyet:2286708,cumhuriyet,2025-01-07,3,43,4435,4613,"Askerlik süreniz 21/3/1999- 21/11/1999 tarihleri arasında ve bankadan ayrılış tarihiniz 1/4/1999 olduğundan, bu durumda 11 günlük banka hizmetinizin iptal edilmesi gerekmektedir.",1,edilmesi,1,0,,0,0,,1,25,0,0,0,0,0,0,0,0,0,"{""6"": [], ""7"": [], ""11"": []}",0.0,0.0,0.0,,0.0,0.0,0.0,,0.0,0.0
cumhuriyet:2286708,cumhuriyet,2025-01-07,3,44,4615,4703,Sorularınız için **nergis.simsek@cumhuriyet.com.tr** adresine e-posta yollayabilirsiniz.,0,,0,0,,0,0,,0,10,0,0,0,0,0,0,0,0,0,"{""6"": [], ""7"": [], ""11"": []}",0.0,0.0,0.0,,0.0,0.0,0.0,,0.0,0.0
cumhuriyet:2287082,cumhuriyet,2025-01-08,3,0,0,12,Barış süreci,0,,0,0,,0,0,,0,2,0,0,0,0,0,0,0,0,0,"{""6"": [], ""7"": [], ""11"": []}",0.0,0.0,0.0,,0.0,0.0,0.0,,0.0,0.0
cumhuriyet:2287082,cumhuriyet,2025-01-08,3,1,14,197,"Son günlerin manşetlerinde en fazla yer alan konu malum: DEM Parti temsilcilerinin **Abdullah Öcalan**’la da görüştükten sonra, öteki partilerin liderleriyle de sürdürdüğü görüşmeler.",0,,0,0,,0,0,,0,27,0,1,0,0,0,0,0,0,0,"{""6"": [], ""7"": [], ""11"": []}",1.0,1.0,1.0,,0.0,0.0,0.0,,1.0,0.0
cumhuriyet:2287082,cumhuriyet,2025-01-08,3,2,198,276,O süreç MHP lideri **Devlet Bahçeli**’nin attığı adımlarla başladı ve sürüyor.,0,,0,0,,0,0,,0,13,1,0,0,0,0,0,0,0,0,"{""6"": [], ""7"": [], ""11"": []}",1.0,1.0,1.0,,0.0,0.0,0.0,,1.0,0.0
cumhuriyet:2287082,cumhuriyet,2025-01-08,3,3,278,471,"Yapılan açıklamalara göre o sürecin amacı, sınırlarımız civarındaki terör olaylarının **Öcalan**’ın da katkısıyla sona erdirilmesi ve ülkemizin o alanda yeni bir *“barış süreci”*ne girebilmesi.",1,Yapılan | erdirilmesi,2,0,,0,0,,1,28,0,1,0,0,0,0,0,0,0,"{""6"": [], ""7"": [], ""11"": []}",1.0,1.0,1.0,,0.0,0.0,0.0,,1.0,0.0
cumhuriyet:2287082,cumhuriyet,2025-01-08,3,4,473,505,O görüşmeler henüz tamamlanmadı.,1,tamamlanmadı,1,0,,0,0,,1,5,0,0,0,0,0,0,0,0,0,"{""6"": [], ""7"": [], ""11"": []}",0.0,0.0,0.0,,0.0,0.0,0.0,,0.0,0.0
cumhuriyet:2287082,cumhuriyet,2025-01-08,3,5,506,561,O konudaki çeşitli tartışmalarla birlikte devam ediyor.,0,,0,0,,0,0,,0,10,0,0,0,0,0,0,0,0,0,"{""6"": [], ""7"": [], ""11"": []}",0.0,0.0,0.0,,0.0,0.0,0.0,,0.0,0.0
cumhuriyet:2287082,cumhuriyet,2025-01-08,3,6,563,771,"Tartışmalardan biri, iktidarda bulunan parti ile onu -dışarıdan- desteleyen partinin yöneticilerinin o adımları yeni bir *“seçim manevrası”* olarak ortaya attıkları ve samimiyetlerine güvenilemeyeceği görüşü.",1,bulunan,1,0,,0,0,,1,28,1,0,0,1,1,1,0,0,1,"{""6"": [""Attack on Reputation"", ""Justification"", ""Manipulative Wording""], ""7"": [], ""11"": [""Distraction""]}",1.0,1.0,1.0,,1.0,1.0,1.0,1.0,1.0,1.0
cumhuriyet:2287082,cumhuriyet,2025-01-08,3,7,772,910,"Yakın geçmişimizde de örnekleri var: AKP’nin iktidara gelişinden bir süre sonra, o zamanki *“barış süreci”* de benzeri şekilde başlamıştı.",0,,0,0,,0,0,,0,23,1,0,0,0,1,0,0,0,1,"{""6"": [""Justification""], ""7"": [], ""11"": [""Distraction""]}",1.0,1.0,1.0,,1.0,1.0,1.0,1.0,1.0,1.0
cumhuriyet:2287082,cumhuriyet,2025-01-08,3,8,911,1020,"Ama sadece AKP’nin yönetiminde, parti ve hükümet memurlarının katıldığı İmralı ziyaretleriyle sürdürülüyordu.",1,katıldığı,1,0,,0,0,,1,14,0,0,0,0,0,0,0,0,1,"{""6"": [], ""7"": [], ""11"": [""Distraction""]}",0.0,0.0,0.0,,1.0,1.0,1.0,,0.0,1.0
cumhuriyet:2287082,cumhuriyet,2025-01-08,3,9,1023,1153,"O zamanki, **Kemal Kılıçdaroğlu**’nun başkanlığındaki ana muhalefet partisi CHP, böyle bir sürece prensip olarak karşı çıkmamıştı.",0,,0,0,,0,0,,0,22,0,1,0,0,0,0,0,0,0,"{""6"": [], ""7"": [], ""11"": []}",1.0,1.0,1.0,,0.0,0.0,0.0,,1.0,0.0
cumhuriyet:2287082,cumhuriyet,2025-01-08,3,10,1154,1304,Ama bunun bir tarafında **Öcalan** ve ekibi olacaksa karşısındaki ekipte Meclis’teki tüm partilerin temsilcilerinin bulunması gerektiğini belirtmişti.,1,bulunması,1,0,,0,0,,1,21,1,1,0,0,0,0,0,0,0,"{""6"": [], ""7"": [], ""11"": []}",1.0,1.0,1.0,,0.0,0.0,0.0,,1.0,0.0
cumhuriyet:2287082,cumhuriyet,2025-01-08,3,11,1306,1419,"O zamanki görevi henüz başbakanlık olan **Recep Tayyip Erdoğan**, **Kılıçdaroğlu**’nun teklifini kabul etmemişti.",0,,0,0,,0,0,,0,18,1,0,0,0,0,0,0,0,0,"{""6"": [], ""7"": [], ""11"": []}",1.0,1.0,1.0,,0.0,0.0,0.0,,1.0,0.0
cumhuriyet:2287082,cumhuriyet,2025-01-08,3,12,1421,1424,***,0,,0,0,,0,0,,0,2,0,0,0,0,0,0,0,0,0,"{""6"": [], ""7"": [], ""11"": []}",0.0,0.0,0.0,,0.0,0.0,0.0,,0.0,0.0
cumhuriyet:2287082,cumhuriyet,2025-01-08,3,13,1426,1591,"Sonuç malum: İmralı ile hükümetin ve iktidar partisinin tek başına yürüttüğü görüşmeler, zaman zaman uyumlu ve iki tarafı da memnun edici gelişmelere sahne olmuştur.",0,,0,1,olmuştur,1,0,,0,28,0,0,0,0,0,0,0,0,0,"{""6"": [], ""7"": [], ""11"": []}",0.0,0.0,0.0,,0.0,0.0,0.0,,0.0,0.0
cumhuriyet:2287082,cumhuriyet,2025-01-08,3,14,1592,1665,"Meclis’te o zaman, bugünkü DEM Parti’siyle benzer çizgisi olan HDP vardı.",0,,0,0,,0,0,,0,15,0,1,0,0,0,0,0,0,0,"{""6"": [], ""7"": [], ""11"": []}",1.0,1.0,1.0,,0.0,0.0,0.0,,1.0,0.0
cumhuriyet:2287082,cumhuriyet,2025-01-08,3,15,1666,1819,"Ülkemizi ziyaret eden **Barzani**’nin katılımı ve **İbrahim Tatlıses**’in konseriyle renklendirilen toplantılarda, **Öcalan**’ın mesajları da okunmuştur.",1,renklendirilen | okunmuştur,2,1,okunmuştur,1,0,,1,20,0,0,0,0,0,0,0,0,0,"{""6"": [], ""7"": [], ""11"": []}",0.0,0.0,0.0,,0.0,0.0,0.0,,0.0,0.0
cumhuriyet:2287082,cumhuriyet,2025-01-08,3,16,1820,1886,Ama o zamanki seçimler yaklaşırken o durum birdenbire değişmiştir.,0,,0,1,değişmiştir,1,0,,0,11,0,0,0,0,0,0,0,0,0,"{""6"": [], ""7"": [], ""11"": []}",0.0,0.0,0.0,,0.0,0.0,0.0,,0.0,0.0
cumhuriyet:2287082,cumhuriyet,2025-01-08,3,17,1887,1936,HDP’nin Genel Başkanı **Selahattin Demirtaş**’tı.,0,,0,0,,0,0,,0,7,0,0,0,0,0,0,0,0,0,"{""6"": [], ""7"": [], ""11"": []}",0.0,0.0,0.0,,0.0,0.0,0.0,,0.0,0.0
cumhuriyet:2287082,cumhuriyet,2025-01-08,3,18,1937,2193,"Şu görülmüştür ki, AKP’nin, Öcalan ile ilişkili olarak sürdürülen *“barış süreci”*nin gelişmesinin yanında, hatta o gelişmeden de daha öncelikli olarak  bir beklentisi daha vardır: Yaklaşan seçimlerde, HDP’nin de siyasal parti olarak AKP’yi desteklemesi...",1,görülmüştür,1,1,görülmüştür,1,0,,1,41,0,0,0,0,0,0,0,0,0,"{""6"": [], ""7"": [], ""11"": []}",0.0,0.0,0.0,,0.0,0.0,0.0,,0.0,0.0
cumhuriyet:2287082,cumhuriyet,2025-01-08,3,19,2195,2196,*,0,,0,0,,0,0,,0,1,0,0,0,0,0,0,0,0,0,"{""6"": [], ""7"": [], ""11"": []}",0.0,0.0,0.0,,0.0,0.0,0.0,,0.0,0.0
cumhuriyet:2287082,cumhuriyet,2025-01-08,3,20,2196,2317,"*Demirtaş** ve arkadaşları, AKP’nin öyle bir beklenti içinde olduğu sonucuna varınca, buna razı olmayacaklarını açıkladı.",1,varınca,1,0,,0,0,,1,18,0,0,0,0,0,0,0,0,0,"{""6"": [], ""7"": [], ""11"": []}",0.0,0.0,0.0,,0.0,0.0,0.0,,0.0,0.0
cumhuriyet:2287082,cumhuriyet,2025-01-08,3,21,2318,2392,"**Demirtaş**, bunu partisinin grup toplantısında ayrıntılarıyla vurguladı.",0,,0,0,,0,0,,0,10,0,0,0,0,0,0,0,0,0,"{""6"": [], ""7"": [], ""11"": []}",0.0,0.0,0.0,,0.0,0.0,0.0,,0.0,0.0
cumhuriyet:2287082,cumhuriyet,2025-01-08,3,22,2393,2425,"O konuşmanın metnini, **Örsan K.",0,,0,0,,0,0,,0,8,0,0,0,0,0,0,0,0,0,"{""6"": [], ""7"": [], ""11"": []}",0.0,0.0,0.0,,0.0,0.0,0.0,,0.0,0.0
cumhuriyet:2287082,cumhuriyet,2025-01-08,3,23,2426,2485,Öymen** *Cumhuriyet*’te pazartesi günkü yazısında özetledi.,0,,0,0,,0,0,,0,8,0,0,0,0,0,0,0,0,0,"{""6"": [], ""7"": [], ""11"": []}",0.0,0.0,0.0,,0.0,0.0,0.0,,0.0,0.0
cumhuriyet:2287082,cumhuriyet,2025-01-08,3,24,2486,2509,Şöyle diyordu Demirtaş:,0,,0,0,,0,0,,0,4,0,0,0,0,0,0,0,0,0,"{""6"": [], ""7"": [], ""11"": []}",0.0,0.0,0.0,,0.0,0.0,0.0,,0.0,0.0
cumhuriyet:2287082,cumhuriyet,2025-01-08,3,25,2511,2529,**“Sayın Erdoğan**,0,,0,0,,0,0,,0,4,0,0,0,0,0,0,0,1,0,"{""6"": [], ""7"": [], ""11"": [""Call""]}",0.0,0.0,0.0,,1.0,1.0,1.0,,0.0,1.0
cumhuriyet:2287082,cumhuriyet,2025-01-08,3,26,2531,2532,*,0,,0,0,,0,0,,0,1,0,0,0,0,0,0,0,1,0,"{""6"": [], ""7"": [], ""11"": [""Call""]}",0.0,0.0,0.0,,1.0,1.0,1.0,,0.0,1.0
cumhuriyet:2287082,cumhuriyet,2025-01-08,3,27,2532,2582,*Biz (parti olarak) bir pazarlık hareketi değiliz.,0,,0,0,,0,0,,0,10,0,0,0,0,0,1,0,1,0,"{""6"": [""Manipulative Wording""], ""7"": [], ""11"": [""Call""]}",0.0,0.0,0.0,,1.0,1.0,1.0,1.0,0.0,1.0
cumhuriyet:2287082,cumhuriyet,2025-01-08,3,28,2583,2667,"Halklarımıza verdiğimiz demokrasi, barış ve özgürlük mücadelesinden vazgeçmeyeceğiz.",0,,0,0,,0,0,,0,10,0,0,0,0,0,0,0,1,0,"{""6"": [], ""7"": [], ""11"": [""Call""]}",0.0,0.0,0.0,,1.0,1.0,1.0,,0.0,1.0
cumhuriyet:2287082,cumhuriyet,2025-01-08,3,29,2667,2670,”**,0,,0,0,,0,0,,0,2,0,0,0,0,0,0,0,1,0,"{""6"": [], ""7"": [], ""11"": [""Call""]}",0.0,0.0,0.0,,1.0,1.0,1.0,,0.0,1.0
cumhuriyet:2287082,cumhuriyet,2025-01-08,3,30,2672,2715,O kararlarının nedenlerini biraz daha açtı.,0,,0,0,,0,0,,0,7,0,0,0,0,0,0,0,1,0,"{""6"": [], ""7"": [], ""11"": [""Call""]}",0.0,0.0,0.0,,1.0,1.0,1.0,,0.0,1.0
cumhuriyet:2287082,cumhuriyet,2025-01-08,3,31,2716,2752,Onların da *“özetinin özeti”* şuydu:,0,,0,0,,0,0,,0,6,0,0,0,0,0,0,0,1,0,"{""6"": [], ""7"": [], ""11"": [""Call""]}",0.0,0.0,0.0,,1.0,1.0,1.0,,0.0,1.0
cumhuriyet:2287082,cumhuriyet,2025-01-08,3,32,2754,2813,"**“Sayın Recep Tayyip Erdoğan, seni başkan yaptırmayacağız.",0,,0,0,,0,0,,0,10,0,0,0,0,0,0,1,1,0,"{""6"": [""Simplification""], ""7"": [], ""11"": [""Call""]}",0.0,0.0,0.0,,1.0,1.0,1.0,1.0,0.0,1.0
cumhuriyet:2287082,cumhuriyet,2025-01-08,3,33,2813,2816,”**,0,,0,0,,0,0,,0,2,0,0,0,0,0,0,0,0,0,"{""6"": [], ""7"": [], ""11"": []}",0.0,0.0,0.0,,0.0,0.0,0.0,,0.0,0.0
cumhuriyet:2287082,cumhuriyet,2025-01-08,3,34,2818,2821,***,0,,0,0,,0,0,,0,2,0,0,0,0,0,0,0,0,0,"{""6"": [], ""7"": [], ""11"": []}",0.0,0.0,0.0,,0.0,0.0,0.0,,0.0,0.0
cumhuriyet:2287082,cumhuriyet,2025-01-08,3,35,2823,2978,"**Selahattin Demirtaş**, partisinin grup toplantısında yaptığı o konuşmadan bir süre sonra, bir başka konuşmasıyla ilgili soruşturma sürecinde hapse girdi.",0,,0,0,,0,0,,0,23,0,0,1,0,0,0,0,0,0,"{""6"": [], ""7"": [], ""11"": []}",1.0,1.0,1.0,,0.0,0.0,0.0,,1.0,0.0
cumhuriyet:2287082,cumhuriyet,2025-01-08,3,36,2979,3010,Yaklaşık 8 yıldan beri hapiste.,0,,0,0,,0,0,,0,6,0,0,0,0,0,0,0,0,0,"{""6"": [], ""7"": [], ""11"": []}",0.0,0.0,0.0,,0.0,0.0,0.0,,0.0,0.0
cumhuriyet:2287082,cumhuriyet,2025-01-08,3,37,3012,3081,"Bu *“barış görüşmeleri”* sırasında, onunla da görüşülmesi bekleniyor.",1,görüşülmesi | bekleniyor,2,0,,0,0,,1,11,0,0,0,0,0,0,0,0,0,"{""6"": [], ""7"": [], ""11"": []}",0.0,0.0,0.0,,0.0,0.0,0.0,,0.0,0.0
cumhuriyet:2287082,cumhuriyet,2025-01-08,3,38,3083,3161,**Abdullah Öcalan**’ın Meclis’e gelip görüşlerini ifade edebilmesi söz konusu.,0,,0,0,,0,0,,0,11,0,0,0,0,0,0,0,0,0,"{""6"": [], ""7"": [], ""11"": []}",0.0,0.0,0.0,,0.0,0.0,0.0,,0.0,0.0
cumhuriyet:2287082,cumhuriyet,2025-01-08,3,39,3162,3248,"Her ikisinin de cezalarının, en azından *“ev hapsi”*ne çevrilmesi söz konusu olabilir.",1,çevrilmesi,1,0,,0,0,,1,14,0,0,0,0,0,0,0,0,0,"{""6"": [], ""7"": [], ""11"": []}",0.0,0.0,0.0,,0.0,0.0,0.0,,0.0,0.0
cumhuriyet:2287082,cumhuriyet,2025-01-08,3,40,3250,3398,"Tabii bir de Meclis’e milletvekili olarak seçilip Meclis’teki görevini yapması gereken, Hatay Milletvekili **Can Atalay**’ın hapisten çıkmayışı var.",1,seçilip,1,0,,0,0,,1,22,0,0,1,0,1,0,0,0,0,"{""6"": [""Justification""], ""7"": [], ""11"": []}",1.0,1.0,1.0,0.0,1.0,1.0,1.0,,1.0,1.0
cumhuriyet:2287082,cumhuriyet,2025-01-08,3,41,3399,3515,"Onun o durumuna yol açan mahkeme kararı ise Anayasa Mahkemesi tarafından, eski deyimle **“keenlem yekûn”** sayılmış.",1,sayılmış,1,1,sayılmış,1,1,,0,18,0,1,0,0,1,1,0,0,0,"{""6"": [""Justification"", ""Manipulative Wording""], ""7"": [], ""11"": []}",1.0,1.0,1.0,,1.0,1.0,1.0,,1.0,1.0
cumhuriyet:2287082,cumhuriyet,2025-01-08,3,42,3516,3540,Yani **“yok”** hükmünde.,0,,0,0,,0,0,,0,4,0,0,0,0,0,0,0,0,0,"{""6"": [], ""7"": [], ""11"": []}",0.0,0.0,0.0,,0.0,0.0,0.0,,0.0,0.0
cumhuriyet:2287082,cumhuriyet,2025-01-08,3,43,3541,3640,"Yani *“Meclis’e gelip toplantılara katılmasının sağlanması”*, çoktandır bir anayasal gerek aslında.",1,katılmasının | sağlanması”*,2,0,,0,0,,1,14,0,0,0,0,0,0,0,0,0,"{""6"": [], ""7"": [], ""11"": []}",0.0,0.0,0.0,,0.0,0.0,0.0,,0.0,0.0
cumhuriyet:2287082,cumhuriyet,2025-01-08,3,44,3641,3746,Ve aralarında **Osman Kavala** gibi bir aydın insanımızın da bulunduğu daha birçok değerli insanımız var.,1,bulunduğu,1,0,,0,0,,1,17,0,1,1,0,0,0,0,0,0,"{""6"": [], ""7"": [], ""11"": []}",1.0,1.0,0.0,1.0,0.0,0.0,0.0,,1.0,0.0
cumhuriyet:2287082,cumhuriyet,2025-01-08,3,45,3748,3751,***,0,,0,0,,0,0,,0,2,0,0,0,0,0,0,0,0,0,"{""6"": [], ""7"": [], ""11"": []}",0.0,0.0,0.0,,0.0,0.0,0.0,,0.0,0.0
cumhuriyet:2287082,cumhuriyet,2025-01-08,3,46,3753,3758,Evet.,0,,0,0,,0,0,,0,2,0,0,0,0,0,0,0,0,0,"{""6"": [], ""7"": [], ""11"": []}",0.0,0.0,0.0,,0.0,0.0,0.0,,0.0,0.0
cumhuriyet:2287082,cumhuriyet,2025-01-08,3,47,3759,3783,Yeni bir barış süreci...,0,,0,0,,0,0,,0,5,0,0,0,0,0,0,0,0,0,"{""6"": [], ""7"": [], ""11"": []}",0.0,0.0,0.0,,0.0,0.0,0.0,,0.0,0.0
cumhuriyet:2287082,cumhuriyet,2025-01-08,3,48,3784,3834,"Ülkemizin, en önemli ve acil ihtiyaçlarından biri.",0,,0,0,,0,0,,0,10,0,0,0,0,0,0,0,0,0,"{""6"": [], ""7"": [], ""11"": []}",0.0,0.0,0.0,,0.0,0.0,0.0,,0.0,0.0
cumhuriyet:2287082,cumhuriyet,2025-01-08,3,49,3835,3903,"Ve o sürecin sorumluluğu, bu defa, Türkiye Büyük Millet Meclisi’nde.",0,,0,0,,0,0,,0,13,0,0,0,0,0,0,0,0,0,"{""6"": [], ""7"": [], ""11"": []}",0.0,0.0,0.0,,0.0,0.0,0.0,,0.0,0.0
cumhuriyet:2287082,cumhuriyet,2025-01-08,3,50,3904,4035,"Meclis, o süreci bir sonuca bağlamanın kararlılığı içinde harekete geçebilirse bunu bütün gerekleriyle birlikte yerine getirebilir.",0,,0,0,,0,0,,0,18,0,0,0,0,0,0,0,0,0,"{""6"": [], ""7"": [], ""11"": []}",0.0,0.0,0.0,,0.0,0.0,0.0,,0.0,0.0
cumhuriyet:2287082,cumhuriyet,2025-01-08,3,51,4036,4165,"Özellikle adalet konusundaki, çok belirgin haksızlıkları da tamir edecek kararların alınmasını, gene en kısa zamanda başarabilir.",1,alınmasını,1,0,,0,0,,1,20,0,0,0,0,0,0,0,0,0,"{""6"": [], ""7"": [], ""11"": []}",0.0,0.0,0.0,,0.0,0.0,0.0,,0.0,0.0
cumhuriyet:2287082,cumhuriyet,2025-01-08,3,52,4166,4350,"Tabii önce kendi üyeleri dahil, düşünce, konuşma, toplantı özgürlükleri gibi temel hak ve özgürlüklerini kullanırken hapishaneye sokulmuş olan diğer kişilerin haklarını da koruyabilir.",1,sokulmuş,1,1,sokulmuş,1,0,,1,27,0,0,0,0,0,0,0,0,0,"{""6"": [], ""7"": [], ""11"": []}",0.0,0.0,0.0,,0.0,0.0,0.0,,0.0,0.0
cumhuriyet:2294648,cumhuriyet,2025-01-31,2,0,0,13,Ufuk karanlık,0,,0,0,,0,0,,0,2,0,0,0,0,0,0,0,0,0,"{""7"": [], ""11"": []}",0.0,0.0,0.0,,0.0,0.0,0.0,,0.0,0.0
cumhuriyet:2294648,cumhuriyet,2025-01-31,2,1,15,111,Bir dönem Cumhurbaşkanı **Erdoğan**’ın ABD için sürekli kullandığı nitelemeydi: Stratejik ortak.,0,,0,0,,0,0,,0,15,0,0,0,0,0,0,0,0,0,"{""7"": [], ""11"": []}",0.0,0.0,0.0,,0.0,0.0,0.0,,0.0,0.0
cumhuriyet:2294648,cumhuriyet,2025-01-31,2,2,112,145,Köprünün altından çok sular aktı.,0,,0,0,,0,0,,0,6,0,0,0,0,0,0,0,0,0,"{""7"": [], ""11"": []}",0.0,0.0,0.0,,0.0,0.0,0.0,,0.0,0.0
cumhuriyet:2294648,cumhuriyet,2025-01-31,2,3,146,248,"ABD ile uzaklaşmaya başlayınca Türkiye, hem NATO müttefiki tarafından dışlandı hem de adeta kuşatıldı.",1,dışlandı | kuşatıldı,2,0,,0,1,,0,16,0,0,0,0,0,0,0,0,0,"{""7"": [], ""11"": []}",0.0,0.0,0.0,,0.0,0.0,0.0,,0.0,0.0
cumhuriyet:2294648,cumhuriyet,2025-01-31,2,4,249,380,"Bölgesel ve küresel ilişkilerin başarısız yönetilmesi, gelecekte Türkiye’ye yeni sorunlar üretecek şekilde tohumlar atmaya başladı.",1,yönetilmesi,1,0,,0,0,,1,17,0,0,0,0,0,0,0,0,0,"{""7"": [], ""11"": []}",0.0,0.0,0.0,,0.0,0.0,0.0,,0.0,0.0
cumhuriyet:2294648,cumhuriyet,2025-01-31,2,5,381,567,"ABD’nin demokrat **Biden** yönetimi, geleneksel olarak AKP iktidarıyla ters düştü ve Rusya’ya yönelik konuşlanmasını Ukrayna, Romanya, Bulgaristan ve Yunanistan üzerinden gerçekleştirdi.",0,,0,0,,0,0,,0,26,0,0,0,0,0,0,0,0,0,"{""7"": [], ""11"": []}",0.0,0.0,0.0,,0.0,0.0,0.0,,0.0,0.0
cumhuriyet:2294648,cumhuriyet,2025-01-31,2,6,568,632,Türkiye batı ve kuzeyinden hem dışlanmış hem de kuşatılmış oldu.,1,dışlanmış | kuşatılmış,2,1,dışlanmış | kuşatılmış,2,0,,1,11,0,0,1,0,0,0,0,0,0,"{""7"": [], ""11"": []}",1.0,1.0,1.0,,0.0,0.0,0.0,,1.0,0.0
cumhuriyet:2294648,cumhuriyet,2025-01-31,2,7,634,653,Gelelim günümüze...,0,,0,0,,0,0,,0,3,0,0,0,0,0,0,0,0,0,"{""7"": [], ""11"": []}",0.0,0.0,0.0,,0.0,0.0,0.0,,0.0,0.0
cumhuriyet:2294648,cumhuriyet,2025-01-31,2,8,655,793,"Hamas’ın saldırısına İsrail’in orantısız vahşetle karşılık vermesi süreci, Türkiye’nin Batı dünyasında daha ciddi sorgulanmasına yol açtı.",1,sorgulanmasına,1,0,,0,0,,1,18,1,0,0,0,0,1,0,0,0,"{""7"": [""Manipulative Wording""], ""11"": []}",1.0,1.0,1.0,,1.0,1.0,1.0,,1.0,1.0
cumhuriyet:2294648,cumhuriyet,2025-01-31,2,9,794,906,Türkiye’nin İsrail’in yanı sıra ABD ve diğer Batılı devletlere yönelik sert çıkışları kopuşu gözler önüne serdi.,0,,0,0,,0,0,,0,17,0,0,0,0,0,0,0,0,0,"{""7"": [], ""11"": []}",0.0,0.0,0.0,,0.0,0.0,0.0,,0.0,0.0
cumhuriyet:2294648,cumhuriyet,2025-01-31,2,10,907,1025,"Bu süreçte Türkiye’de kimse umursamadı veya farkında olmadı ama ABD, Güney Kıbrıs Rum Kesimi ile stratejik ortak oldu.",0,,0,0,,0,0,,0,20,0,0,0,0,0,0,0,0,0,"{""7"": [], ""11"": []}",0.0,0.0,0.0,,0.0,0.0,0.0,,0.0,0.0
cumhuriyet:2294648,cumhuriyet,2025-01-31,2,11,1026,1077,Yetmedi askeri eğitim ve işbirliği anlaşması yaptı.,0,,0,0,,0,0,,0,8,0,0,0,0,0,0,0,0,0,"{""7"": [], ""11"": []}",0.0,0.0,0.0,,0.0,0.0,0.0,,0.0,0.0
cumhuriyet:2294648,cumhuriyet,2025-01-31,2,12,1078,1181,Rum askerleri üst düzey ABD eğitimi alma olanağının yanı sıra her türlü yardımla da ödüllendirilebilir.,1,ödüllendirilebilir,1,0,,0,0,,1,16,0,0,0,0,0,0,0,0,0,"{""7"": [], ""11"": []}",0.0,0.0,0.0,,0.0,0.0,0.0,,0.0,0.0
cumhuriyet:2294648,cumhuriyet,2025-01-31,2,13,1182,1303,Türkiye uzun süreli anlaşmazlığın tarafı olduğu Kıbrıs’ta artık bu aşamadan sonra daha ciddi sorunlarla yüz yüze kalacak.,0,,0,0,,0,0,,0,18,0,0,0,0,0,0,0,0,0,"{""7"": [], ""11"": []}",0.0,0.0,0.0,,0.0,0.0,0.0,,0.0,0.0
cumhuriyet:2294648,cumhuriyet,2025-01-31,2,14,1304,1423,"Çünkü yalnızca Güney Kıbrıs Rum Yönetimi ile değil, onları stratejik ortak olarak kabul eden ABD’yi karşısında bulacak.",0,,0,0,,0,0,,0,19,0,0,0,0,0,0,0,0,0,"{""7"": [], ""11"": []}",0.0,0.0,0.0,,0.0,0.0,0.0,,0.0,0.0
cumhuriyet:2294648,cumhuriyet,2025-01-31,2,15,1424,1505,Kıbrıs’taki Türk tezinin uluslararası arenada sempati görmesi daha da zorlaşacak.,1,zorlaşacak,1,0,,0,0,,1,12,0,0,0,0,0,0,0,0,0,"{""7"": [], ""11"": []}",0.0,0.0,0.0,,0.0,0.0,0.0,,0.0,0.0
cumhuriyet:2294648,cumhuriyet,2025-01-31,2,16,1506,1551,"ABD, Türkiye’ye güneyinden de seçenek üretti.",0,,0,0,,0,0,,0,8,0,0,0,0,0,0,0,0,0,"{""7"": [], ""11"": []}",0.0,0.0,0.0,,0.0,0.0,0.0,,0.0,0.0
cumhuriyet:2294648,cumhuriyet,2025-01-31,2,17,1552,1648,Ayrıca haritayı gözünüzün önüne getirirseniz Türkiye’ye karşı bir kuşatma hissiyatı oluşacaktır.,0,,0,0,,0,0,,0,12,0,0,0,0,0,0,0,0,0,"{""7"": [], ""11"": []}",0.0,0.0,0.0,,0.0,0.0,0.0,,0.0,0.0
cumhuriyet:2294648,cumhuriyet,2025-01-31,2,18,1650,1667,Geçelim doğuya...,0,,0,0,,0,0,,0,3,0,0,0,0,0,0,0,0,0,"{""7"": [], ""11"": []}",0.0,0.0,0.0,,0.0,0.0,0.0,,0.0,0.0
cumhuriyet:2294648,cumhuriyet,2025-01-31,2,19,1668,1679,Ermenistan.,0,,0,0,,0,0,,0,2,0,0,0,0,0,0,0,0,0,"{""7"": [], ""11"": []}",0.0,0.0,0.0,,0.0,0.0,0.0,,0.0,0.0
cumhuriyet:2294648,cumhuriyet,2025-01-31,2,20,1680,1790,**Paşinyan**’ın gerçekçi birtakım çıkışlarına karşın bu ülke hem Türkiye hem de Azerbaycan’la sorunlu durumda.,0,,0,0,,0,0,,0,16,0,0,0,0,0,0,0,0,0,"{""7"": [], ""11"": []}",0.0,0.0,0.0,,0.0,0.0,0.0,,0.0,0.0
cumhuriyet:2294648,cumhuriyet,2025-01-31,2,21,1791,1841,Şu anda zayıf ve Azerbaycan’la anlaşma arayışında.,0,,0,0,,0,0,,0,8,0,0,0,0,0,0,0,0,0,"{""7"": [], ""11"": []}",0.0,0.0,0.0,,0.0,0.0,0.0,,0.0,0.0
cumhuriyet:2294648,cumhuriyet,2025-01-31,2,22,1842,1929,Bir adım sonra ne olacağına kafa yorulursa durumun her an tersine dönebileceği görülür.,1,yorulursa | görülür,2,0,,0,0,,1,14,0,0,0,0,0,0,0,0,0,"{""7"": [], ""11"": []}",0.0,0.0,0.0,,0.0,0.0,0.0,,0.0,0.0
cumhuriyet:2294648,cumhuriyet,2025-01-31,2,23,1930,2054,"Eski ABD Dışişleri Bakanı **Blinken**, son günlerinde Erivan’ı ziyaret etti ve iki ülkenin stratejik ortak olduğunu duyurdu.",0,,0,0,,0,0,,0,20,0,0,0,0,0,0,0,0,0,"{""7"": [], ""11"": []}",0.0,0.0,0.0,,0.0,0.0,0.0,,0.0,0.0
cumhuriyet:2294648,cumhuriyet,2025-01-31,2,24,2055,2128,"Şimdi, Ermenistan’ın Rusya güdümünden çıkmasına sevinmeli mi üzülmeli mi?",1,üzülmeli,1,0,,0,0,,1,11,0,0,0,0,0,0,1,0,0,"{""7"": [""Simplification""], ""11"": []}",0.0,0.0,0.0,,1.0,1.0,1.0,,0.0,1.0
cumhuriyet:2294648,cumhuriyet,2025-01-31,2,25,2129,2153,Haritaya bir daha bakın.,0,,0,0,,0,0,,0,5,0,0,0,0,0,0,1,0,0,"{""7"": [""Simplification""], ""11"": []}",0.0,0.0,0.0,,1.0,1.0,1.0,,0.0,1.0
cumhuriyet:2294648,cumhuriyet,2025-01-31,2,26,2154,2211,Türkiye için kuşatma hissiyatı biraz daha güçlenmiyor mu?,1,güçlenmiyor,1,0,,0,0,,1,9,0,0,0,0,0,0,1,0,0,"{""7"": [""Simplification""], ""11"": []}",0.0,0.0,0.0,,1.0,1.0,1.0,,0.0,1.0
cumhuriyet:2294648,cumhuriyet,2025-01-31,2,27,2213,2247,Üzerine bir de Filistin’i ekleyin.,0,,0,0,,0,0,,0,6,0,0,1,0,0,0,0,0,0,"{""7"": [], ""11"": []}",1.0,1.0,1.0,,0.0,0.0,0.0,,1.0,0.0
cumhuriyet:2294648,cumhuriyet,2025-01-31,2,28,2248,2407,"Çünkü **Trump**, Gazze’yi Filistinlilerden boşaltmak istediğini açıktan söylüyor ve duyarlı Türk iktidarından, bu satırlar yazılırken henüz “*tık*” çıkmamıştı.",1,yazılırken,1,0,,0,0,,1,22,1,0,1,0,0,0,0,0,0,"{""7"": [], ""11"": []}",1.0,1.0,0.0,1.0,0.0,0.0,0.0,,1.0,0.0
cumhuriyet:2294648,cumhuriyet,2025-01-31,2,29,2409,2459,Suriye için “*fetih türküleri*” söylemek güzel mi?,0,,0,0,,0,0,,0,8,0,0,0,0,0,0,0,0,0,"{""7"": [], ""11"": []}",0.0,0.0,0.0,,0.0,0.0,0.0,,0.0,0.0
cumhuriyet:2294648,cumhuriyet,2025-01-31,2,30,2461,2533,"Bolu’da 78 insanımız yandı, aklımıza her geldiğinde beynimiz de yanıyor.",0,,0,0,,0,0,,0,12,0,0,0,1,0,0,0,0,0,"{""7"": [""Attack on Reputation""], ""11"": []}",0.0,0.0,0.0,,1.0,1.0,1.0,,0.0,1.0
cumhuriyet:2294648,cumhuriyet,2025-01-31,2,31,2534,2681,"Denetim mevzuatının yetersizliği ortada, herkes suçu birbirine atıyor, bu kadar felakete karşın kimsenin aklına “*Afet Bakanlığı*” kurmak gelmiyor.",0,,0,0,,0,0,,0,22,0,0,0,1,0,0,0,0,0,"{""7"": [""Attack on Reputation""], ""11"": []}",0.0,0.0,0.0,,1.0,1.0,1.0,,0.0,1.0
cumhuriyet:2294648,cumhuriyet,2025-01-31,2,32,2682,2730,"Nasıl, siyasi rant devşirmeye çalışmak güzel mi?",0,,0,0,,0,0,,0,9,0,0,0,1,0,0,0,0,0,"{""7"": [""Attack on Reputation""], ""11"": []}",0.0,0.0,0.0,,1.0,1.0,1.0,,0.0,1.0
cumhuriyet:2294648,cumhuriyet,2025-01-31,2,33,2732,2840,"Fakat gözlerinizi hafifçe kısıp sınır ötesine, ufka bakarsanız etrafın çok karanlık olduğunu görebilirsiniz.",0,,0,0,,0,0,,0,15,0,0,0,0,0,0,0,1,0,"{""7"": [""Call""], ""11"": []}",0.0,0.0,0.0,,1.0,1.0,1.0,,0.0,1.0
cumhuriyet:2294648,cumhuriyet,2025-01-31,2,34,2841,2912,"Bu manzaranın, ülke içine demokrasi olarak yansımayacağı da kesin gibi.",0,,0,0,,0,0,,0,12,0,0,0,0,0,0,0,1,0,"{""7"": [""Call""], ""11"": []}",0.0,0.0,0.0,,1.0,1.0,1.0,,0.0,1.0
cumhuriyet:2400896,cumhuriyet,2025-05-15,2,0,0,40,Tutuklular ilaçlarına ulaşamazsa - Prof.,0,,0,0,,0,0,,0,6,0,1,0,0,0,0,0,0,0,"{""6"": [], ""11"": []}",1.0,1.0,1.0,,0.0,0.0,0.0,,1.0,0.0
cumhuriyet:2400896,cumhuriyet,2025-05-15,2,1,41,58,Dr. Çağatay Güler,0,,0,0,,0,0,,0,3,0,0,0,0,0,0,0,0,0,"{""6"": [], ""11"": []}",0.0,0.0,0.0,,0.0,0.0,0.0,,0.0,0.0
cumhuriyet:2400896,cumhuriyet,2025-05-15,2,2,60,200,"Tutuklanan sanıkların süren işlemler nedeniyle, ilaçlarının kesilmesi ya da doz atlanması ciddi tıbbi, yasal ve etik sonuçlara yol açabilir.",1,Tutuklanan | kesilmesi | atlanması,3,0,,0,0,,1,22,0,0,0,0,0,0,0,0,0,"{""6"": [], ""11"": []}",0.0,0.0,0.0,,0.0,0.0,0.0,,0.0,0.0
cumhuriyet:2400896,cumhuriyet,2025-05-15,2,3,201,396,"Bu durum ister ustinsel (mental), ister diğer süreğen (kronik) ya da iveğen (akut) durumlar için olsun sağlığın bozulmasına, çekilme belirtilerine hatta yaşamı tehdit eden sonuçlara yol açabilir.",1,bozulmasına,1,0,,0,0,,1,36,0,0,0,0,0,0,0,0,0,"{""6"": [], ""11"": []}",0.0,0.0,0.0,,0.0,0.0,0.0,,0.0,0.0
cumhuriyet:2400896,cumhuriyet,2025-05-15,2,4,397,478,"İlaçlara yeniden başlanması, ilaç kesilmesinin yol açtığı hasarı gideremeyebilir.",1,başlanması | kesilmesinin,2,0,,0,0,,1,11,0,0,0,0,0,0,0,0,0,"{""6"": [], ""11"": []}",0.0,0.0,0.0,,0.0,0.0,0.0,,0.0,0.0
cumhuriyet:2400896,cumhuriyet,2025-05-15,2,5,480,716,"“İnsanlar ceza için değil, ceza olarak cezaevine girerler” ilkesini esas alan, cezadan çok esenlendirmeye (rehabilitasyona) dayanan Norveç sistemi; cezaevi sağlık hizmetleri ve insan hakları açısından altın standart olarak kabul edilir.",1,girerler” | edilir,2,0,,0,0,,1,36,0,1,1,0,0,0,0,0,0,"{""6"": [], ""11"": []}",1.0,1.0,1.0,,0.0,0.0,0.0,,1.0,0.0
cumhuriyet:2400896,cumhuriyet,2025-05-15,2,6,717,824,Bu sistemin sağlık hizmetleri yaklaşımında tutuklular için ilaç sürekliliği de temel dayanaklardan biridir.,0,,0,0,,0,0,,0,15,0,0,0,0,0,0,0,0,0,"{""6"": [], ""11"": []}",0.0,0.0,0.0,,0.0,0.0,0.0,,0.0,0.0
cumhuriyet:2400896,cumhuriyet,2025-05-15,2,7,826,989,Tutuklanan ve reçeteli ilaç kullanan sanıklar için ilaçlarının kesilmesi hem sağlıkları hem de katıldıkları yasal işlemler açısından önemli sonuçlara yol açabilir:,1,kesilmesi | katıldıkları,2,0,,0,0,,1,23,0,0,0,0,0,0,0,0,0,"{""6"": [], ""11"": []}",0.0,0.0,0.0,,0.0,0.0,0.0,,0.0,0.0
cumhuriyet:2400896,cumhuriyet,2025-05-15,2,8,991,995,**1.,0,,0,0,,0,0,,0,2,0,0,0,0,0,0,1,0,0,"{""6"": [""Simplification""], ""11"": []}",0.0,0.0,0.0,,1.0,1.0,1.0,,0.0,1.0
cumhuriyet:2400896,cumhuriyet,2025-05-15,2,9,996,1026,Fiziksel sağlığın bozulması:**,1,bozulması,1,0,,0,0,,1,5,0,0,0,0,0,0,1,0,0,"{""6"": [""Simplification""], ""11"": []}",0.0,0.0,0.0,,1.0,1.0,1.0,,0.0,1.0
cumhuriyet:2400896,cumhuriyet,2025-05-15,2,10,1027,1133,"Diyabet, hipertansiyon,
kalp hastalığı gibi süreğen rahatsızlıkların yönetimi için birçok ilaç gereklidir.",0,,0,0,,0,0,,0,16,0,0,0,0,0,0,0,0,0,"{""6"": [], ""11"": []}",0.0,0.0,0.0,,0.0,0.0,0.0,,0.0,0.0
cumhuriyet:2400896,cumhuriyet,2025-05-15,2,11,1134,1232,"Kesilmeleri, yaşamı tehdit eden durumlar
da dahil olmak üzere ciddi sağlık karmaşalarına yol açar.",1,Kesilmeleri,1,0,,0,0,,1,16,0,0,0,0,0,0,0,0,0,"{""6"": [], ""11"": []}",0.0,0.0,0.0,,0.0,0.0,0.0,,0.0,0.0
cumhuriyet:2400896,cumhuriyet,2025-05-15,2,12,1233,1341,"Sözgelimi diyabette insülin eksikliği ketoasidoz denen, potansiyel
olarak ölümcül bir duruma neden olabilir.",1,denen,1,0,,0,0,,1,15,0,0,0,0,1,0,0,0,0,"{""6"": [""Justification""], ""11"": []}",0.0,0.0,0.0,,1.0,1.0,1.0,,0.0,1.0
cumhuriyet:2400896,cumhuriyet,2025-05-15,2,13,1342,1522,"Sara (epilepsi) nöbetlerini önlemeye yönelik olarak kullanılan ilaçların aniden
kesilmesi, ölümcül olabilen yineleyici nöbetlere ya da kesintisiz, uzun nöbet krizlerine neden olur.",1,kullanılan | kesilmesi,2,0,,0,0,,1,29,0,0,0,0,0,0,0,0,0,"{""6"": [], ""11"": []}",0.0,0.0,0.0,,0.0,0.0,0.0,,0.0,0.0
cumhuriyet:2400896,cumhuriyet,2025-05-15,2,14,1523,1585,"Müdahale gecikirse yaşamı tehdit eden tıbbi bir
acil durumdur.",0,,0,0,,0,0,,0,11,0,0,0,0,0,0,0,0,0,"{""6"": [], ""11"": []}",0.0,0.0,0.0,,0.0,0.0,0.0,,0.0,0.0
cumhuriyet:2400896,cumhuriyet,2025-05-15,2,15,1586,1700,"Kasları ve sinir
sistemini tutan diğer süreğen
hastalıklarda da ilaç kesintileri hastalığı hızla ağırlaştırabilir.",0,,0,0,,0,0,,0,15,0,0,0,0,0,0,0,0,0,"{""6"": [], ""11"": []}",0.0,0.0,0.0,,0.0,0.0,0.0,,0.0,0.0
cumhuriyet:2400896,cumhuriyet,2025-05-15,2,16,1702,1706,**2.,0,,0,0,,0,0,,0,2,0,0,0,0,0,0,1,0,0,"{""6"": [""Simplification""], ""11"": []}",0.0,0.0,0.0,,1.0,1.0,1.0,,0.0,1.0
cumhuriyet:2400896,cumhuriyet,2025-05-15,2,17,1707,1746,"Ruh sağlığı sorunlarının
kötüleşmesi:**",1,kötüleşmesi,1,0,,0,0,,1,6,0,0,0,0,0,0,1,0,0,"{""6"": [""Simplification""], ""11"": []}",0.0,0.0,0.0,,1.0,1.0,1.0,,0.0,1.0
cumhuriyet:2400896,cumhuriyet,2025-05-15,2,18,1747,2022,"Başta şizofreni olmak üzere psikozların tedavisinde kullanılan ilaçlar; ruhsal çöküntü önleyiciler, duygudurum dengeleyiciler gibi psikiyatrik ilaçların kesilmesi, sorunlarda hızlı bir kötüleşmeye yol açarak artan kaygı, çöküntü, mani yada psikoz olarak
kendini gösterebilir.",1,kullanılan | kesilmesi,2,0,,0,0,,1,38,0,0,0,0,0,0,0,0,0,"{""6"": [], ""11"": []}",0.0,0.0,0.0,,0.0,0.0,0.0,,0.0,0.0
cumhuriyet:2400896,cumhuriyet,2025-05-15,2,19,2023,2098,"Sonuçta
tutuklunun kendine zarar vermesine yada saldırganlığa yol
açabilir.",0,,0,0,,0,0,,0,10,0,0,0,0,0,0,0,0,0,"{""6"": [], ""11"": []}",0.0,0.0,0.0,,0.0,0.0,0.0,,0.0,0.0
cumhuriyet:2400896,cumhuriyet,2025-05-15,2,20,2100,2104,**3.,0,,0,0,,0,0,,0,2,0,0,0,0,0,0,1,0,0,"{""6"": [""Simplification""], ""11"": []}",0.0,0.0,0.0,,1.0,1.0,1.0,,0.0,1.0
cumhuriyet:2400896,cumhuriyet,2025-05-15,2,21,2105,2341,"Çekilme belirtileri:** Özellikle merkezi sinir sistemini etkileyenler olmak üzere bazı
ilaçların, aniden kesilmeleri hafif rahatsızlıktan şiddetli, yaşamı tehdit edebilen durumlara
kadar değişebilen çekilme belirtilerine neden olabilir.",1,kesilmeleri,1,0,,0,0,,1,32,0,0,0,0,0,0,1,0,0,"{""6"": [""Simplification""], ""11"": []}",0.0,0.0,0.0,,1.0,1.0,1.0,,0.0,1.0
cumhuriyet:2400896,cumhuriyet,2025-05-15,2,22,2343,2347,**4.,0,,0,0,,0,0,,0,2,0,0,0,0,0,0,1,0,0,"{""6"": [""Simplification""], ""11"": []}",0.0,0.0,0.0,,1.0,1.0,1.0,,0.0,1.0
cumhuriyet:2400896,cumhuriyet,2025-05-15,2,23,2348,2375,Bilişsel işlev bozukluğu:**,0,,0,0,,0,0,,0,5,0,0,0,0,0,0,1,0,0,"{""6"": [""Simplification""], ""11"": []}",0.0,0.0,0.0,,1.0,1.0,1.0,,0.0,1.0
cumhuriyet:2400896,cumhuriyet,2025-05-15,2,24,2376,2623,"Dikkat eksikliği, hiperaktivite
bozukluğu yada bilişsel bozukluklar gibi durumlar için kullanılan ilaçlar kesildiğinde bir sanığın kendi savunması için büyük önem taşıyan yoğunlaşma
(konsantrasyon), bellek ve karar verme zorluklarına yol açabilir.",1,kullanılan | kesildiğinde,2,0,,0,0,,1,35,0,0,0,0,0,0,0,0,0,"{""6"": [], ""11"": []}",0.0,0.0,0.0,,0.0,0.0,0.0,,0.0,0.0
cumhuriyet:2400896,cumhuriyet,2025-05-15,2,25,2625,2629,**5.,0,,0,0,,0,0,,0,2,0,0,0,0,0,0,1,0,0,"{""6"": [""Simplification""], ""11"": []}",0.0,0.0,0.0,,1.0,1.0,1.0,,0.0,1.0
cumhuriyet:2400896,cumhuriyet,2025-05-15,2,26,2630,2653,Davranışsal sorunlar:**,0,,0,0,,0,0,,0,4,0,0,0,0,0,0,1,0,0,"{""6"": [""Simplification""], ""11"": []}",0.0,0.0,0.0,,1.0,1.0,1.0,,0.0,1.0
cumhuriyet:2400896,cumhuriyet,2025-05-15,2,27,2654,2856,"Bazı ilaçların aniden kesilmesi,
uyumsuzluk ya da saldırganlık olarak yanlış yorumlanabilecek davranış değişikliklerine
yol açarak kolluk kuvvetleri ve
yargının sanığa yönelik davranışını etkileyebilir.",1,kesilmesi | yorumlanabilecek,2,0,,0,0,,1,25,1,0,0,0,0,0,0,0,0,"{""6"": [], ""11"": []}",1.0,1.0,1.0,,0.0,0.0,0.0,,1.0,0.0
cumhuriyet:2400896,cumhuriyet,2025-05-15,2,28,2857,3012,"Tutuklunun
saldırganlığı söz konusu olabilir ve yüzeysel sağlık değerlendirmelerinde bunun ilaç kesintileriyle bağlantılı olduğunun
farkına varılmayabilir.",1,varılmayabilir,1,0,,0,0,,1,17,0,0,0,0,0,0,0,0,0,"{""6"": [], ""11"": []}",0.0,0.0,0.0,,0.0,0.0,0.0,,0.0,0.0
cumhuriyet:2400896,cumhuriyet,2025-05-15,2,29,3014,3018,**6.,0,,0,0,,0,0,,0,2,0,0,0,0,0,0,1,0,0,"{""6"": [""Simplification""], ""11"": []}",0.0,0.0,0.0,,1.0,1.0,1.0,,0.0,1.0
cumhuriyet:2400896,cumhuriyet,2025-05-15,2,30,3019,3053,Hukuki işlemler üzerindeki etki:**,0,,0,0,,0,0,,0,7,0,0,0,0,0,0,1,0,0,"{""6"": [""Simplification""], ""11"": []}",0.0,0.0,0.0,,1.0,1.0,1.0,,0.0,1.0
cumhuriyet:2400896,cumhuriyet,2025-05-15,2,31,3054,3251,"İlacı aksayan bir sanık, savunmasına tam olarak
katılamayabilir, aleyhindeki
suçlamaları anlayamayabilir ya
da yasal danışmanına yardımcı
olamayabilir, bu da yargılanmanın adilliğini etkileyebilir.",1,katılamayabilir,1,0,,0,0,,1,27,0,0,0,0,0,0,0,0,0,"{""6"": [], ""11"": []}",0.0,0.0,0.0,,0.0,0.0,0.0,,0.0,0.0
cumhuriyet:2400896,cumhuriyet,2025-05-15,2,32,3253,3393,Uygar ülkelerde ufak farklılıklar gösterse de tutuklular için ilaçların sürekliliğini sağlama zorunluluğu yaygın biçimde kabul edilmektedir.,1,edilmekte,1,0,,0,0,,1,18,0,0,0,1,0,0,0,0,0,"{""6"": [""Attack on Reputation""], ""11"": []}",0.0,0.0,0.0,,1.0,1.0,1.0,,0.0,1.0
cumhuriyet:2400896,cumhuriyet,2025-05-15,2,33,3394,3606,"Düzenli kullanılması gereken ilaçlardan yoksun bırakma durumları için yaptırımlar, yol açtığı sonuçların ciddiyetine ve bağlamına bağlı olarak yasal ve idari işlemlerden cezai suçlamalara kadar değişebilmektedir.",1,kullanılması,1,0,,0,0,,1,29,0,0,0,0,0,0,0,0,0,"{""6"": [], ""11"": []}",0.0,0.0,0.0,,0.0,0.0,0.0,,0.0,0.0
cumhuriyet:2400896,cumhuriyet,2025-05-15,2,34,3608,3756,"Tıbbi etik açısından, tıbbi bakımın sürekliliğini esastır ve bir insanın, sanığın ilacını kesmek, bakım görevi ve zarar vermeme ilkesini ihlal eder.",0,,0,0,,0,0,,0,25,0,0,1,0,1,0,0,0,0,"{""6"": [""Justification""], ""11"": []}",1.0,1.0,1.0,,1.0,1.0,1.0,,1.0,1.0
cumhuriyet:2415724,cumhuriyet,2025-07-07,2,0,0,48,Çanakların efendisine veda - Fatma Batuhan Belge,0,,0,0,,0,0,,0,7,0,0,0,0,0,0,0,0,0,"{""6"": [], ""7"": []}",0.0,0.0,0.0,,0.0,0.0,0.0,,0.0,0.0
cumhuriyet:2415724,cumhuriyet,2025-07-07,2,1,50,250,Hacettepe Üniversitesi Güzel Sanatlar Fakültesi Seramik Bölümü’nde 2010 yılından beri ders veren Güney Koreli seramikçi Kim Yongmoon bir süredir mücadele ettiği kansere yenik düşerek yaşamını yitirdi.,0,,0,0,,0,0,,0,28,0,1,0,0,0,0,0,0,0,"{""6"": [], ""7"": []}",1.0,1.0,1.0,,0.0,0.0,0.0,,1.0,0.0
cumhuriyet:2415724,cumhuriyet,2025-07-07,2,2,251,354,Türkiye’yi vatan belleyen Yongmoon vasiyeti üzerine Karşıyaka Yabancılar Mezarlığı’nda toprağa verildi.,1,verildi,1,0,,0,0,,1,12,0,0,0,0,0,0,0,0,0,"{""6"": [], ""7"": []}",0.0,0.0,0.0,,0.0,0.0,0.0,,0.0,0.0
cumhuriyet:2415724,cumhuriyet,2025-07-07,2,3,356,360,H.Ü.,0,,0,0,,0,0,,0,2,0,0,0,0,0,0,0,0,0,"{""6"": [], ""7"": []}",0.0,0.0,0.0,,0.0,0.0,0.0,,0.0,0.0
cumhuriyet:2415724,cumhuriyet,2025-07-07,2,4,361,449,"Seramik ve Cam Bölümü’nde 15 yıldır ders veren Kim Yongmoon, gerçek bir çanak ustasıydı.",0,,0,0,,0,0,,0,18,0,0,0,0,0,0,0,0,0,"{""6"": [], ""7"": []}",0.0,0.0,0.0,,0.0,0.0,0.0,,0.0,0.0
cumhuriyet:2415724,cumhuriyet,2025-07-07,2,5,450,623,"Kore kültüründe “macsabal” adını taşıyan ve yaşamın bir parçası olan çanakları, 30 yıldan daha uzun bir süredir düzenlediği sempozyumlarla tüm dünyaya tanıtmaya çalışıyordu.",0,,0,0,,0,0,,0,26,0,0,0,0,0,0,0,0,0,"{""6"": [], ""7"": []}",0.0,0.0,0.0,,0.0,0.0,0.0,,0.0,0.0
cumhuriyet:2415724,cumhuriyet,2025-07-07,2,6,624,683,1998-2020 yılları arasında 50’den fazla kişisel sergi açtı.,0,,0,0,,0,0,,0,11,0,0,0,0,0,0,0,0,0,"{""6"": [], ""7"": []}",0.0,0.0,0.0,,0.0,0.0,0.0,,0.0,0.0
cumhuriyet:2415724,cumhuriyet,2025-07-07,2,7,684,773,"Kore, Çin ve Türkiye’de, yaratıcısı olduğu Macsabal sempozyumlarını 24 kez organize etti.",0,,0,0,,0,0,,0,15,0,0,0,0,0,0,0,0,0,"{""6"": [], ""7"": []}",0.0,0.0,0.0,,0.0,0.0,0.0,,0.0,0.0
cumhuriyet:2415724,cumhuriyet,2025-07-07,2,8,774,953,Hacettepe Üniversitesi’nde her yıl düzenlenen Macsabal sempozyumlarında bir araya gelen çağdaş sanatçıların yapıtlarının törensel bir biçimde pişirildiği fırını da o inşa etmişti.,1,düzenlenen | pişirildiği,2,0,,0,0,,1,23,0,0,0,0,0,0,0,0,0,"{""6"": [], ""7"": []}",0.0,0.0,0.0,,0.0,0.0,0.0,,0.0,0.0
cumhuriyet:2415724,cumhuriyet,2025-07-07,2,9,955,984,### **ANADOLU’DAN ETKİLENDİ**,0,,0,0,,0,0,,0,5,0,0,0,0,0,0,0,0,0,"{""6"": [], ""7"": []}",0.0,0.0,0.0,,0.0,0.0,0.0,,0.0,0.0
cumhuriyet:2415724,cumhuriyet,2025-07-07,2,10,986,1143,"Yongmoon’un Türk seramiği ile ilgili ilk izlenimleri Anadolu Medeniyetleri Müzesi’ndeki seramikler ve pişmiş toprak figürinlerdi, bunlardan çok etkilenmişti.",0,,0,1,pişmiş,1,0,,0,21,0,0,0,0,0,0,0,0,0,"{""6"": [], ""7"": []}",0.0,0.0,0.0,,0.0,0.0,0.0,,0.0,0.0
cumhuriyet:2415724,cumhuriyet,2025-07-07,2,11,1144,1341,"Sanatçı sadece tornada şekillendirdiği çanaklar yapmıyor, seramik karolar üzerine çok renkli doğa resimleri ile geleneksel Kore kâğıtları üzerine siyah mürekkeple soyut doğa desenleri de çiziyordu.",0,,0,0,,0,0,,0,27,0,0,0,0,0,0,0,0,0,"{""6"": [], ""7"": []}",0.0,0.0,0.0,,0.0,0.0,0.0,,0.0,0.0
cumhuriyet:2415724,cumhuriyet,2025-07-07,2,12,1342,1453,Modern bir şaman diyebileceğimiz Kim Yongmoon’un doğayla derin bir bağı vardı ve bu tüm yapıtlarına yansıyordu.,0,,0,0,,0,0,,0,17,0,0,0,0,1,0,0,0,0,"{""6"": [""Justification""], ""7"": []}",0.0,0.0,0.0,,1.0,1.0,1.0,,0.0,1.0
cumhuriyet:2415724,cumhuriyet,2025-07-07,2,13,1454,1542,Zaman zaman gerçekleştirdiği performanslarda doğa ve insan arasındaki bağı vurguluyordu.,0,,0,0,,0,0,,0,12,0,0,0,0,0,0,0,0,0,"{""6"": [], ""7"": []}",0.0,0.0,0.0,,0.0,0.0,0.0,,0.0,0.0
cumhuriyet:2415724,cumhuriyet,2025-07-07,2,14,1543,1758,Geçen yıl Uluslararası Seramik Bienali sırasında Bursa’daki Tofaş Anadolu Arabaları Müzesi’nin bahçesindeki 700 yıllık bir anıt ağacın altında bir başka Koreli sanatçı Kim Hyeokyoung ile bir performans sergilemişti.,0,,0,0,,0,0,,0,31,0,0,0,0,0,0,0,0,0,"{""6"": [], ""7"": []}",0.0,0.0,0.0,,0.0,0.0,0.0,,0.0,0.0
cumhuriyet:2415724,cumhuriyet,2025-07-07,2,15,1759,1808,“Bu ağaç 700 yıldır bu topraklara enerji veriyor.,0,,0,0,,0,0,,0,10,0,0,0,0,0,0,0,0,0,"{""6"": [], ""7"": []}",0.0,0.0,0.0,,0.0,0.0,0.0,,0.0,0.0
cumhuriyet:2415724,cumhuriyet,2025-07-07,2,16,1809,1921,Aynı şekilde insanlar bu ağaçtan enerji alıyor” derken kendisi için de bir tür şifa ritüeli olmasını dilemiştik.,0,,0,0,,0,0,,0,20,0,0,0,0,0,0,0,0,0,"{""6"": [], ""7"": []}",0.0,0.0,0.0,,0.0,0.0,0.0,,0.0,0.0
cumhuriyet:2415724,cumhuriyet,2025-07-07,2,17,1922,1923,*,0,,0,0,,0,0,,0,1,0,0,0,0,0,0,0,0,0,"{""6"": [], ""7"": []}",0.0,0.0,0.0,,0.0,0.0,0.0,,0.0,0.0
cumhuriyet:2415724,cumhuriyet,2025-07-07,2,18,1925,1954,### **‘SAF VE KORUNMASIZDI’**,0,,0,0,,0,0,,0,6,0,0,0,0,0,0,0,0,0,"{""6"": [], ""7"": []}",0.0,0.0,0.0,,0.0,0.0,0.0,,0.0,0.0
cumhuriyet:2415724,cumhuriyet,2025-07-07,2,19,1956,1960,H.Ü.,0,,0,0,,0,0,,0,2,0,1,0,0,0,0,0,0,0,"{""6"": [], ""7"": []}",0.0,0.0,0.0,0.0,0.0,0.0,0.0,,1.0,0.0
cumhuriyet:2415724,cumhuriyet,2025-07-07,2,20,1961,1987,Seramik Bölüm Başkanı Doç.,0,,0,0,,0,0,,0,5,0,1,0,0,0,0,0,0,0,"{""6"": [], ""7"": []}",0.0,0.0,0.0,0.0,0.0,0.0,0.0,,1.0,0.0
cumhuriyet:2415724,cumhuriyet,2025-07-07,2,21,1988,2100,Dr. Mutlu Başkaya dostu Kim Yongmoon’a hastalıkla mücadele etmeye başladığından beri en büyük desteği veriyordu.,0,,0,0,,0,0,,0,16,0,1,1,0,0,0,0,0,0,"{""6"": [], ""7"": []}",1.0,1.0,0.0,1.0,0.0,0.0,0.0,,1.0,0.0
cumhuriyet:2415724,cumhuriyet,2025-07-07,2,22,2101,2206,"Aslına bakılırsa sadece hastalık sürecinde değil, Türkiye’deki yaşamı boyunca desteğini hiç eksik etmedi.",1,bakılırsa,1,0,,0,0,,1,16,0,0,0,0,0,0,0,0,0,"{""6"": [], ""7"": []}",0.0,0.0,0.0,,0.0,0.0,0.0,,0.0,0.0
cumhuriyet:2415724,cumhuriyet,2025-07-07,2,23,2207,2314,“Paylaşımcı ve insanlara kolay güvenmesinden olacak ki bana kendisini hep saf ve korunmasız hissettirmişti.,0,,0,0,,0,0,,0,15,0,0,0,0,0,0,0,0,0,"{""6"": [], ""7"": []}",0.0,0.0,0.0,,0.0,0.0,0.0,,0.0,0.0
cumhuriyet:2415724,cumhuriyet,2025-07-07,2,24,2315,2630,"Bu yüzden onu her şeyden koruyup kollamaya çalıştım” diyen Başkaya, meslektaşının ne kadar üretken ve çalışkan olduğunu da vurguluyor: “Kim’in sabahları beni ilk gördüğünde günaydın dedikten hemen sonra ‘I have an idea’ (Bir fikrim var) diyemeyeceğini düşünmek, beni uzay boşluğundaymışım gibi bir hisse sürüklüyor.",0,,0,0,,0,0,,0,51,0,0,0,0,0,0,0,0,0,"{""6"": [], ""7"": []}",0.0,0.0,0.0,,0.0,0.0,0.0,,0.0,0.0
cumhuriyet:2415724,cumhuriyet,2025-07-07,2,25,2631,2813,Aslında her gün yeni bir fikrinin olması ve bu fikirleri gerçekleştirme isteği kanserle mücadelesinde kendisine avantaj sağlamış ve beklenenden daha uzun yaşamıştır diye düşünüyorum.,0,,0,1,sağlamış | yaşamıştır,2,0,,0,25,0,0,0,0,0,0,0,0,0,"{""6"": [], ""7"": []}",0.0,0.0,0.0,,0.0,0.0,0.0,,0.0,0.0
cumhuriyet:2415724,cumhuriyet,2025-07-07,2,26,2814,2912,"Yeni fikirlerini gerçekleştirmeden rahat edemeyen, çalışmadan mutlu olamayan bir kişiliğe sahipti.",0,,0,0,,0,0,,0,13,0,0,0,0,0,0,0,0,0,"{""6"": [], ""7"": []}",0.0,0.0,0.0,,0.0,0.0,0.0,,0.0,0.0
cumhuriyet:2415724,cumhuriyet,2025-07-07,2,27,2913,2993,Eğlenceliydi ve keyifle çalışırdı ama işini yaparken ve öğretirken çok ciddiydi.,0,,0,0,,0,0,,0,14,0,0,0,0,0,0,0,0,0,"{""6"": [], ""7"": []}",0.0,0.0,0.0,,0.0,0.0,0.0,,0.0,0.0
cumhuriyet:2415724,cumhuriyet,2025-07-07,2,28,2993,2994,”,0,,0,0,,0,0,,0,1,0,0,0,0,0,0,0,0,0,"{""6"": [], ""7"": []}",0.0,0.0,0.0,,0.0,0.0,0.0,,0.0,0.0
cumhuriyet:2415724,cumhuriyet,2025-07-07,2,29,2995,2999,H.Ü.,0,,0,0,,0,0,,0,2,0,0,0,0,0,0,0,0,0,"{""6"": [], ""7"": []}",0.0,0.0,0.0,,0.0,0.0,0.0,,0.0,0.0
cumhuriyet:2415724,cumhuriyet,2025-07-07,2,30,3000,3103,"Seramik ve Cam Bölümü, Kim Yongmoon’a kendisinin inşa ettiği Macsabal Odun Fırını’nın önünde veda etti.",0,,0,0,,0,0,,0,17,0,0,0,0,0,0,0,0,0,"{""6"": [], ""7"": []}",0.0,0.0,0.0,,0.0,0.0,0.0,,0.0,0.0
cumhuriyet:2415724,cumhuriyet,2025-07-07,2,31,3104,3173,Ardından cenazesi Karşıyaka Yabancılar Mezarlığı’nda toprağa verildi.,1,verildi,1,0,,0,0,,1,8,0,0,0,0,0,0,0,0,0,"{""6"": [], ""7"": []}",0.0,0.0,0.0,,0.0,0.0,0.0,,0.0,0.0
cumhuriyet:2415724,cumhuriyet,2025-07-07,2,32,3174,3257,"Bu tam da kendisinin istediği şeydi, vatan bellediği Türkiye topraklarına gömülmek.",1,gömülmek,1,0,,0,0,,1,13,0,0,0,0,0,0,0,0,0,"{""6"": [], ""7"": []}",0.0,0.0,0.0,,0.0,0.0,0.0,,0.0,0.0
cumhuriyet:2415724,cumhuriyet,2025-07-07,2,33,3258,3303,"Kim Yongmoon bu ülkeyi çok sevdi, biz de onu.",0,,0,0,,0,0,,0,11,0,0,0,0,1,0,0,0,0,"{""6"": [""Justification""], ""7"": []}",0.0,0.0,0.0,,1.0,1.0,1.0,,0.0,1.0
cumhuriyet:2415724,cumhuriyet,2025-07-07,2,34,3304,3318,Unutulmayacak.,1,Unutulmayacak,1,0,,0,0,,1,2,0,0,0,0,1,0,0,0,0,"{""6"": [""Justification""], ""7"": []}",0.0,0.0,0.0,,1.0,1.0,1.0,,0.0,1.0
cumhuriyet:2428399,cumhuriyet,2025-08-22,2,0,0,28,"CHP’nin yükü, hepimizin yükü",0,,0,0,,0,0,,0,5,0,0,0,0,0,0,0,0,0,"{""7"": [], ""11"": []}",0.0,0.0,0.0,,0.0,0.0,0.0,,0.0,0.0
cumhuriyet:2428399,cumhuriyet,2025-08-22,2,1,30,139,"*“CHP’nin üzerindeki yük öyle ağır ki özgür; laik, demokratik bir ülke olma mücadelesini tek başına omuzladı.",0,,0,0,,0,0,,0,20,0,1,0,0,0,0,0,0,0,"{""7"": [], ""11"": []}",0.0,0.0,0.0,0.0,0.0,0.0,0.0,,1.0,0.0
cumhuriyet:2428399,cumhuriyet,2025-08-22,2,2,140,173,Üstelik büyük bir abluka altında.,0,,0,0,,0,0,,0,6,0,0,0,0,0,0,0,0,0,"{""7"": [], ""11"": []}",0.0,0.0,0.0,,0.0,0.0,0.0,,0.0,0.0
cumhuriyet:2428399,cumhuriyet,2025-08-22,2,3,174,273,Her gün CHP’li belediyelere yönelik yeni soruşturmalar ve tutuklamalar ile boğuşuyor bir yandan da.,0,,0,0,,0,0,,0,16,0,0,1,0,0,0,0,1,0,"{""7"": [""Call""], ""11"": []}",1.0,1.0,1.0,,1.0,1.0,1.0,,1.0,1.0
cumhuriyet:2428399,cumhuriyet,2025-08-22,2,4,274,305,Bunu nereye kadar sürdürebilir?,0,,0,0,,0,0,,0,5,0,0,0,0,0,0,0,1,0,"{""7"": [""Call""], ""11"": []}",0.0,0.0,0.0,,1.0,1.0,1.0,,0.0,1.0
cumhuriyet:2428399,cumhuriyet,2025-08-22,2,5,306,353,Aslında bir anlamda ülkenin kurtuluş savaşı bu.,0,,0,0,,0,0,,0,8,0,0,0,0,0,0,0,1,0,"{""7"": [""Call""], ""11"": []}",0.0,0.0,0.0,,1.0,1.0,1.0,,0.0,1.0
cumhuriyet:2428399,cumhuriyet,2025-08-22,2,6,354,364,Ve yalnız.,0,,0,0,,0,0,,0,3,0,0,0,0,0,0,0,1,0,"{""7"": [""Call""], ""11"": []}",0.0,0.0,0.0,,1.0,1.0,1.0,,0.0,1.0
cumhuriyet:2428399,cumhuriyet,2025-08-22,2,7,365,378,Haksızlık bu.,0,,0,0,,0,0,,0,3,0,0,0,0,0,0,0,1,0,"{""7"": [""Call""], ""11"": []}",0.0,0.0,0.0,,1.0,1.0,1.0,,0.0,1.0
cumhuriyet:2428399,cumhuriyet,2025-08-22,2,8,379,419,Ne yapabiliriz; ben ne yapabilirim?...”*,0,,0,0,,0,0,,0,9,0,0,0,0,0,0,0,1,0,"{""7"": [""Call""], ""11"": []}",0.0,0.0,0.0,,1.0,1.0,1.0,,0.0,1.0
cumhuriyet:2428399,cumhuriyet,2025-08-22,2,9,421,463,Bu sözler sevdiğim bir doktor dostuma ait.,0,,0,0,,0,0,,0,8,0,0,0,0,0,0,0,0,0,"{""7"": [], ""11"": []}",0.0,0.0,0.0,,0.0,0.0,0.0,,0.0,0.0
cumhuriyet:2428399,cumhuriyet,2025-08-22,2,10,464,508,"Hafif serin bir ağustos akşamı, dışarıdayız.",0,,0,0,,0,0,,0,9,0,0,0,0,0,0,0,0,0,"{""7"": [], ""11"": []}",0.0,0.0,0.0,,0.0,0.0,0.0,,0.0,0.0
cumhuriyet:2428399,cumhuriyet,2025-08-22,2,11,509,544,Uzaktan hoş bir müzik sesi geliyor.,0,,0,0,,0,0,,0,7,0,0,0,0,0,0,0,0,0,"{""7"": [], ""11"": []}",0.0,0.0,0.0,,0.0,0.0,0.0,,0.0,0.0
cumhuriyet:2428399,cumhuriyet,2025-08-22,2,12,545,652,"Sohbet koyu; hayat, iş, çocuklar derken konu hemen her sohbet ortamında olduğu gibi ülke gündemine geliyor.",0,,0,0,,0,0,,0,20,0,0,0,0,0,0,0,0,0,"{""7"": [], ""11"": []}",0.0,0.0,0.0,,0.0,0.0,0.0,,0.0,0.0
cumhuriyet:2428399,cumhuriyet,2025-08-22,2,13,653,814,"Sol görüşlü, toplumsal duyarlılığı yüksek, özgürlük ve adalet mücadelesini yıllar boyu sivil toplum kuruluşlarında ve meslek odalarında sürdürmüş biri arkadaşım.",0,,0,1,sürdürmüş,1,0,,0,24,0,0,0,0,0,0,0,0,0,"{""7"": [], ""11"": []}",0.0,0.0,0.0,,0.0,0.0,0.0,,0.0,0.0
cumhuriyet:2428399,cumhuriyet,2025-08-22,2,14,815,858,*“Son yıllara kadar hiç CHP’ye oy vermedim.,0,,0,0,,0,0,,0,9,0,0,0,0,0,0,0,0,0,"{""7"": [], ""11"": []}",0.0,0.0,0.0,,0.0,0.0,0.0,,0.0,0.0
cumhuriyet:2428399,cumhuriyet,2025-08-22,2,15,859,870,"ÖDP, HDP...",0,,0,0,,0,0,,0,4,0,0,0,0,0,0,0,0,0,"{""7"": [], ""11"": []}",0.0,0.0,0.0,,0.0,0.0,0.0,,0.0,0.0
cumhuriyet:2428399,cumhuriyet,2025-08-22,2,16,871,930,Özgürlüklere sahip çıkacağına inandığım partileri yöneldim.,0,,0,0,,0,0,,0,7,0,0,0,0,0,0,0,0,0,"{""7"": [], ""11"": []}",0.0,0.0,0.0,,0.0,0.0,0.0,,0.0,0.0
cumhuriyet:2428399,cumhuriyet,2025-08-22,2,17,931,1003,Ama seçim bitip de oylar sayılırken gözümüz bir yandan da hep CHP’deydi.,1,sayılırken,1,0,,0,0,,1,14,0,0,0,0,0,0,0,0,0,"{""7"": [], ""11"": []}",0.0,0.0,0.0,,0.0,0.0,0.0,,0.0,0.0
cumhuriyet:2428399,cumhuriyet,2025-08-22,2,18,1004,1045,Alacağı oyların düşük olmaması önemliydi.,0,,0,0,,0,0,,0,8,0,0,0,0,0,0,0,0,0,"{""7"": [], ""11"": []}",0.0,0.0,0.0,,0.0,0.0,0.0,,0.0,0.0
cumhuriyet:2428399,cumhuriyet,2025-08-22,2,19,1046,1124,Şimdi geriye dönüp bakıyorum da aslında CHP’yi daima bir kale olarak görmüşüm.,0,,0,1,görmüşüm,1,0,,0,13,0,0,0,0,0,1,0,0,0,"{""7"": [""Manipulative Wording""], ""11"": []}",0.0,0.0,0.0,,1.0,1.0,1.0,,0.0,1.0
cumhuriyet:2428399,cumhuriyet,2025-08-22,2,20,1125,1246,Ben biraz daha uçta demokrasi umudunu ararken orada bir CHP’nin hep var olmasının yaşamsal olduğu duygusu da benimleymiş.,0,,0,1,ymiş,1,0,,0,20,0,0,0,0,0,1,0,0,0,"{""7"": [""Manipulative Wording""], ""11"": []}",0.0,0.0,0.0,,1.0,1.0,1.0,,0.0,1.0
cumhuriyet:2428399,cumhuriyet,2025-08-22,2,21,1246,1247,”,0,,0,0,,0,0,,0,1,0,0,0,0,0,1,0,0,0,"{""7"": [""Manipulative Wording""], ""11"": []}",0.0,0.0,0.0,,1.0,1.0,1.0,,0.0,1.0
cumhuriyet:2428399,cumhuriyet,2025-08-22,2,22,1247,1248,*,0,,0,0,,0,0,,0,1,0,0,0,0,0,1,0,0,0,"{""7"": [""Manipulative Wording""], ""11"": []}",0.0,0.0,0.0,,1.0,1.0,1.0,,0.0,1.0
cumhuriyet:2428399,cumhuriyet,2025-08-22,2,23,1250,1292,Arkadaşım geçen ay gidip CHP’ye üye olmuş.,0,,0,1,olmuş,1,0,,0,8,0,0,0,0,0,0,0,0,0,"{""7"": [], ""11"": []}",0.0,0.0,0.0,,0.0,0.0,0.0,,0.0,0.0
cumhuriyet:2428399,cumhuriyet,2025-08-22,2,24,1293,1352,Ancak hepimizin her an aklındaki soru onu da meşgul ediyor.,0,,0,0,,0,0,,0,12,0,0,0,0,0,0,0,0,0,"{""7"": [], ""11"": []}",0.0,0.0,0.0,,0.0,0.0,0.0,,0.0,0.0
cumhuriyet:2428399,cumhuriyet,2025-08-22,2,25,1353,1376,Bundan sonra ne olacak?,0,,0,0,,0,0,,0,5,0,0,0,0,0,0,0,0,0,"{""7"": [], ""11"": []}",0.0,0.0,0.0,,0.0,0.0,0.0,,0.0,0.0
cumhuriyet:2428399,cumhuriyet,2025-08-22,2,26,1377,1465,Evet CHP büyük bir enerji ile her yerde ve her alanda mücadele veriyor ama nereye kadar?,0,,0,0,,0,0,,0,17,0,0,0,0,0,0,0,0,0,"{""7"": [], ""11"": []}",0.0,0.0,0.0,,0.0,0.0,0.0,,0.0,0.0
cumhuriyet:2428399,cumhuriyet,2025-08-22,2,27,1466,1512,Örgütlü mücadele tabanı genişlemeli ama nasıl?,1,genişlemeli,1,0,,0,0,,1,8,0,0,0,0,0,0,0,0,0,"{""7"": [], ""11"": []}",0.0,0.0,0.0,,0.0,0.0,0.0,,0.0,0.0
cumhuriyet:2428399,cumhuriyet,2025-08-22,2,28,1513,1651,"Sendikalar, meslek odaları sistematik olarak güçsüzleştirilmiş, akademik dünya bastırılmış, yandaş medya her alana sızmışken nasıl olacak?",1,güçsüzleştirilmiş | bastırılmış | sızmışken,3,1,güçsüzleştirilmiş | bastırılmış,2,0,,1,20,0,0,0,0,0,0,0,0,0,"{""7"": [], ""11"": []}",0.0,0.0,0.0,,0.0,0.0,0.0,,0.0,0.0
cumhuriyet:2428399,cumhuriyet,2025-08-22,2,29,1652,1666,Zor sorular...,0,,0,0,,0,0,,0,3,0,0,0,0,0,0,0,0,0,"{""7"": [], ""11"": []}",0.0,0.0,0.0,,0.0,0.0,0.0,,0.0,0.0
cumhuriyet:2428399,cumhuriyet,2025-08-22,2,30,1668,1898,"CHP lideri **Özgür Özel** ve ekibinin olağanüstü bir enerji ile her hafta bir il ve bir ilçede yürüttüğü “Millet iradesine sahip çıkıyor” mitingleri, her hafta yaptığı Silivri ziyaretleri, izledikleri duruşmalar son derece önemli.",0,,0,0,,0,0,,0,39,0,1,0,0,0,0,0,0,0,"{""7"": [], ""11"": []}",1.0,1.0,1.0,,0.0,0.0,0.0,,1.0,0.0
cumhuriyet:2428399,cumhuriyet,2025-08-22,2,31,1899,2016,"Ama bir yandan da toplumun içine sürüklendiği ağır tablo: Sahte diplomalar, sahte ehliyetler, sahte sağlık raporları.",1,sürüklendiği,1,0,,0,0,,1,20,0,0,0,0,0,0,0,0,0,"{""7"": [], ""11"": []}",0.0,0.0,0.0,,0.0,0.0,0.0,,0.0,0.0
cumhuriyet:2428399,cumhuriyet,2025-08-22,2,32,2017,2115,"Her taşın altından çetelerin çıktığı, çürümenin artık toplumun her katmanına yayıldığı bir yapı...",1,yayıldığı,1,0,,0,0,,1,15,0,0,0,0,1,0,0,0,0,"{""7"": [""Justification""], ""11"": []}",0.0,0.0,0.0,,1.0,1.0,1.0,,0.0,1.0
cumhuriyet:2428399,cumhuriyet,2025-08-22,2,33,2116,2202,"Kadınların yaşam hakkı her gün tehdit altında, çocukların geleceği belirsizlik içinde.",0,,0,0,,0,0,,0,13,0,0,0,0,1,0,0,0,0,"{""7"": [""Justification""], ""11"": []}",0.0,0.0,0.0,,1.0,1.0,1.0,,0.0,1.0
cumhuriyet:2428399,cumhuriyet,2025-08-22,2,34,2203,2245,Ortada artık ne adalet var ne de kalkınma.,0,,0,0,,0,0,,0,9,0,0,0,0,1,0,0,0,0,"{""7"": [""Justification""], ""11"": []}",0.0,0.0,0.0,,1.0,1.0,1.0,,0.0,1.0
cumhuriyet:2428399,cumhuriyet,2025-08-22,2,35,2246,2271,Ve herkes bunun farkında.,0,,0,0,,0,0,,0,5,0,0,0,0,1,0,0,0,0,"{""7"": [""Justification""], ""11"": []}",0.0,0.0,0.0,,1.0,1.0,1.0,,0.0,1.0
cumhuriyet:2428399,cumhuriyet,2025-08-22,2,36,2273,2484,"Toplumun hâlâ diri damarları var: Susmayan kadın hareketi, sosyal medyada sesini duyuran genç kuşak, işçilerin sendikal direnişleri, üniversitelerde susmayan öğrenciler, CHP’nin mitinglerine katılan on binler...",1,katılan,1,0,,0,0,,1,31,0,0,0,0,0,1,0,0,0,"{""7"": [""Manipulative Wording""], ""11"": []}",0.0,0.0,0.0,,1.0,1.0,1.0,,0.0,1.0
cumhuriyet:2428399,cumhuriyet,2025-08-22,2,37,2485,2569,"Bütün bunlar, tek bir partiden çok daha büyük bir demokrasi cephesini işaret ediyor.",0,,0,0,,0,0,,0,15,0,0,0,0,0,1,0,0,0,"{""7"": [""Manipulative Wording""], ""11"": []}",0.0,0.0,0.0,,1.0,1.0,1.0,,0.0,1.0
cumhuriyet:2428399,cumhuriyet,2025-08-22,2,38,2570,2682,"Çünkü demokrasi, yalnızca seçim günü sandığa giderek savunulmaz; her gün, her alanda aktif yurttaşlıkla korunur.",1,savunulmaz | korunur,2,0,,0,0,,1,19,0,0,0,0,0,0,0,1,0,"{""7"": [""Call""], ""11"": []}",0.0,0.0,0.0,,1.0,1.0,1.0,,0.0,1.0
cumhuriyet:2428399,cumhuriyet,2025-08-22,2,39,2684,2725,Bu yüzden örgütlü güce evrilmek yaşamsal.,1,evrilmek,1,0,,0,0,,1,8,0,0,0,0,0,0,0,0,0,"{""7"": [], ""11"": []}",0.0,0.0,0.0,,0.0,0.0,0.0,,0.0,0.0
cumhuriyet:2428399,cumhuriyet,2025-08-22,2,40,2726,2836,Şunu unutmayalım: Eğer halk örgütlü gücünü artırmazsa CHP’nin tek başına vereceği mücadele de sınırlı kalacak.,0,,0,0,,0,0,,0,18,0,0,0,0,0,0,0,1,0,"{""7"": [""Call""], ""11"": []}",0.0,0.0,0.0,,1.0,1.0,1.0,,0.0,1.0
cumhuriyet:2428399,cumhuriyet,2025-08-22,2,41,2838,2839,*,0,,0,0,,0,0,,0,1,0,0,0,0,0,0,0,0,0,"{""7"": [], ""11"": []}",0.0,0.0,0.0,,0.0,0.0,0.0,,0.0,0.0
cumhuriyet:2428399,cumhuriyet,2025-08-22,2,42,2839,2965,"*Bugün CHP’ye yüklenen misyon, aslında bir parti mücadelesi değil, hepimizin geleceğini ilgilendiren bir demokrasi mücadelesi.",1,yüklenen,1,0,,0,0,,1,18,0,0,0,0,0,0,0,1,0,"{""7"": [""Call""], ""11"": []}",0.0,0.0,0.0,,1.0,1.0,1.0,,0.0,1.0
cumhuriyet:2428399,cumhuriyet,2025-08-22,2,43,2966,3040,Ve bu mücadelede ya birlikte direneceğiz ya da hep birlikte kaybedeceğiz.*,0,,0,0,,0,0,,0,12,0,0,0,0,0,0,0,1,0,"{""7"": [""Call""], ""11"": []}",0.0,0.0,0.0,,1.0,1.0,1.0,,0.0,1.0
cumhuriyet:2428399,cumhuriyet,2025-08-22,2,44,3040,3041,*,0,,0,0,,0,0,,0,1,0,0,0,0,0,0,0,0,0,"{""7"": [], ""11"": []}",0.0,0.0,0.0,,0.0,0.0,0.0,,0.0,0.0
cumhuriyet:2433785,cumhuriyet,2025-09-10,2,0,0,17,Sorun-süreç-çözüm,0,,0,0,,0,0,,0,5,0,0,0,0,0,0,0,0,0,"{""7"": [], ""11"": []}",0.0,0.0,0.0,,0.0,0.0,0.0,,0.0,0.0
cumhuriyet:2433785,cumhuriyet,2025-09-10,2,1,19,119,"Çözüm için soruna doğru tanı koymak, amacı belirlemek, süreci amaç doğrultusunda ilerletmek gerekir.",0,,0,0,,0,0,,0,16,0,0,0,0,0,0,0,0,0,"{""7"": [], ""11"": []}",0.0,0.0,0.0,,0.0,0.0,0.0,,0.0,0.0
cumhuriyet:2433785,cumhuriyet,2025-09-10,2,2,121,183,"Amaç, terörsüz Türkiye sloganı alalamasıyla kamuoyuna sunuldu.",1,sunuldu,1,0,,0,0,,1,9,0,0,0,0,0,0,0,0,0,"{""7"": [], ""11"": []}",0.0,0.0,0.0,,0.0,0.0,0.0,,0.0,0.0
cumhuriyet:2433785,cumhuriyet,2025-09-10,2,3,184,210,"Sorun, yalnız terör müydü?",0,,0,0,,0,0,,0,6,0,0,0,0,0,0,0,0,0,"{""7"": [], ""11"": []}",0.0,0.0,0.0,,0.0,0.0,0.0,,0.0,0.0
cumhuriyet:2433785,cumhuriyet,2025-09-10,2,4,211,237,Bu amaca barış da eklendi.,1,eklendi,1,0,,0,0,,1,6,0,0,0,0,0,0,0,0,0,"{""7"": [], ""11"": []}",0.0,0.0,0.0,,0.0,0.0,0.0,,0.0,0.0
cumhuriyet:2433785,cumhuriyet,2025-09-10,2,5,238,392,"Süreç görünürde geçen ekim ayında **Bahçeli**’nin DEM Parti sıralarını ziyaret ederek tokalaşması, **Öcalan**’ı TBMM’de konuşmaya davet etmesiyle başladı.",0,,0,0,,0,0,,0,22,0,0,0,0,0,0,0,0,0,"{""7"": [], ""11"": []}",0.0,0.0,0.0,,0.0,0.0,0.0,,0.0,0.0
cumhuriyet:2433785,cumhuriyet,2025-09-10,2,6,393,601,"DEM heyetinin İmralı ziyaretleri, Öcalan’ın manifestosu, PKK’nin silah bırakma gösterisi, TBMM’de Milli Dayanışma, Kardeşlik ve Demokrasi Komisyonu (MDKDK) adı verilen çözüm komisyonunun kurulmasıyla sürüyor.",1,verilen | kurulmasıyla,2,0,,0,0,,1,31,0,0,0,0,0,0,0,0,0,"{""7"": [], ""11"": []}",0.0,0.0,0.0,,0.0,0.0,0.0,,0.0,0.0
cumhuriyet:2433785,cumhuriyet,2025-09-10,2,7,602,662,Terörsüz Türkiye *“Arap Baharı”* gibi bir BOP (GOP) kurgusu.,0,,0,0,,0,0,,0,13,0,0,0,0,0,0,0,0,1,"{""7"": [""Distraction""], ""11"": []}",0.0,0.0,0.0,,1.0,1.0,1.0,,0.0,1.0
cumhuriyet:2433785,cumhuriyet,2025-09-10,2,8,664,818,"Komisyon çeşitli kesimlerin, çevrelerin görüşlerini alarak, soruna herhalde doğru tanı koyarak süreci belirlemeyi, çözüm önerileri geliştirmeyi amaçlıyor.",0,,0,0,,0,0,,0,21,0,0,0,0,0,0,0,0,0,"{""7"": [], ""11"": []}",0.0,0.0,0.0,,0.0,0.0,0.0,,0.0,0.0
cumhuriyet:2433785,cumhuriyet,2025-09-10,2,9,819,932,**Mustafa Balbay** komisyonun çalışma düzenine bakarak haklı olarak *“istikşafi komisyon”* sıfatını yakıştırıyor.,0,,0,0,,0,0,,0,14,0,0,0,0,0,0,0,0,0,"{""7"": [], ""11"": []}",0.0,0.0,0.0,,0.0,0.0,0.0,,0.0,0.0
cumhuriyet:2433785,cumhuriyet,2025-09-10,2,10,934,944,Gerçek ne?,0,,0,0,,0,0,,0,3,0,0,0,0,0,0,0,0,0,"{""7"": [], ""11"": []}",0.0,0.0,0.0,,0.0,0.0,0.0,,0.0,0.0
cumhuriyet:2433785,cumhuriyet,2025-09-10,2,11,945,963,Neler amaçlanıyor?,1,amaçlanıyor,1,0,,0,0,,1,3,0,0,0,0,0,0,0,0,0,"{""7"": [], ""11"": []}",0.0,0.0,0.0,,0.0,0.0,0.0,,0.0,0.0
cumhuriyet:2433785,cumhuriyet,2025-09-10,2,12,964,1001,Sürecin ne yöne evrilmesi bekleniyor?,1,evrilmesi | bekleniyor,2,0,,0,0,,1,6,0,0,0,0,0,0,0,0,0,"{""7"": [], ""11"": []}",0.0,0.0,0.0,,0.0,0.0,0.0,,0.0,0.0
cumhuriyet:2433785,cumhuriyet,2025-09-10,2,13,1002,1020,İrdelemek gerekir.,0,,0,0,,0,0,,0,3,0,0,0,0,0,0,0,0,0,"{""7"": [], ""11"": []}",0.0,0.0,0.0,,0.0,0.0,0.0,,0.0,0.0
cumhuriyet:2433785,cumhuriyet,2025-09-10,2,14,1021,1085,Komisyonda tarafların amaç ve beklentilerini belirlemek gerekir.,0,,0,0,,0,0,,0,8,0,0,0,0,0,0,0,0,0,"{""7"": [], ""11"": []}",0.0,0.0,0.0,,0.0,0.0,0.0,,0.0,0.0
cumhuriyet:2433785,cumhuriyet,2025-09-10,2,15,1087,1158,"ABD, komisyonda doğrudan yer almıyor ama taraf olarak beklentileri var.",0,,0,0,,0,0,,0,12,0,0,0,0,1,0,0,0,0,"{""7"": [""Justification""], ""11"": []}",0.0,0.0,0.0,,1.0,1.0,1.0,,0.0,1.0
cumhuriyet:2433785,cumhuriyet,2025-09-10,2,16,1159,1301,"ABD’nin emperyal bir güç olarak Ortadoğu’yu terk edeceğini, BOP’un (GOP) çöpe atıldığını düşünmek, safderunluğun ötesinde akıl tutulması olur.",1,atıldığını | tutulması,2,0,,0,0,,1,23,1,0,1,0,1,0,0,0,0,"{""7"": [""Justification""], ""11"": []}",1.0,1.0,1.0,,1.0,1.0,1.0,,1.0,1.0
cumhuriyet:2433785,cumhuriyet,2025-09-10,2,17,1302,1480,"Emperyal güçler, hegemonya kurmak için, ayrıştırır, komprador gruplar oluşturur, uygun apartlar bularak kullanır hatta *“Arap Baharı”*, *“terörsüz Türkiye”* gibi sloganlar bulur.",0,,0,0,,0,0,,0,28,0,0,0,0,0,0,0,0,0,"{""7"": [], ""11"": []}",0.0,0.0,0.0,,0.0,0.0,0.0,,0.0,0.0
cumhuriyet:2433785,cumhuriyet,2025-09-10,2,18,1482,1638,"ABD’yi tekrar büyük yapma söylemi, vaadi, ümidiyle vasat ABD vatandaşından oy alan **Trump**’ın politikası ayrıştırıcı ve karıştırıcıdır, barışçıl değildir.",0,,0,0,,0,0,,0,25,1,0,0,0,0,0,0,0,0,"{""7"": [], ""11"": []}",0.0,1.0,0.0,0.0,0.0,0.0,0.0,,1.0,0.0
cumhuriyet:2433785,cumhuriyet,2025-09-10,2,19,1639,1767,"Ilımlı desteği, siyasal İslam, Türk-İslam sentezi, özetle Cumhur İttifakı ABD’nin Türkiye’nin rejimi için hedeflediği tercihtir.",0,,0,0,,0,0,,0,21,1,0,1,0,0,0,0,0,0,"{""7"": [], ""11"": []}",1.0,1.0,1.0,,0.0,0.0,0.0,,1.0,0.0
cumhuriyet:2433785,cumhuriyet,2025-09-10,2,20,1769,1770,*,0,,0,0,,0,0,,0,1,0,0,0,0,0,0,0,0,0,"{""7"": [], ""11"": []}",0.0,0.0,0.0,,0.0,0.0,0.0,,0.0,0.0
cumhuriyet:2433785,cumhuriyet,2025-09-10,2,21,1770,1879,"*Erdoğan** yaşam boyu iktidarda kalmayı, MHP Erdoğan’a bağlı olarak yaşamını, varlığını sürdürmeyi amaçlıyor.",0,,0,0,,0,0,,0,16,1,0,0,0,0,0,0,0,0,"{""7"": [], ""11"": []}",0.0,1.0,0.0,0.0,0.0,0.0,0.0,,1.0,0.0
cumhuriyet:2433785,cumhuriyet,2025-09-10,2,22,1880,1957,"Sorun beka sorunu ancak ülkenin değil, kişilerin, Cumhur İttifakı’nın sorunu.",0,,0,0,,0,0,,0,13,0,0,0,0,0,0,0,0,0,"{""7"": [], ""11"": []}",0.0,0.0,0.0,,0.0,0.0,0.0,,0.0,0.0
cumhuriyet:2433785,cumhuriyet,2025-09-10,2,23,1959,2188,"Ekonomik çöküş, toplumsal muhalefet, yerel seçim yenilgisi, CHP’nin birinci parti oluşu, Cumhur İttifakı’nın iktidarını, gelecek seçimde de varlığını tehlikeye düşürdüğü gibi, ABD’de de amaçları doğrultusunda tedirginlik yarattı.",0,,0,0,,0,0,,0,34,0,0,0,0,0,0,0,0,0,"{""7"": [], ""11"": []}",0.0,0.0,0.0,,0.0,0.0,0.0,,0.0,0.0
cumhuriyet:2433785,cumhuriyet,2025-09-10,2,24,2189,2252,"Cumhur İttifakı’nın desteklenmesi, güçlendirilmesi gerekiyordu.",0,,0,0,,0,0,,0,7,1,0,0,0,0,0,0,0,0,"{""7"": [], ""11"": []}",1.0,1.0,1.0,,0.0,0.0,0.0,,1.0,0.0
cumhuriyet:2433785,cumhuriyet,2025-09-10,2,25,2253,2342,"Trump’ın Erdoğan’ı övücü mektubu, beyanları, **Tom Barrack**’ın atanması yeterli değildi.",1,atanması,1,0,,0,0,,1,14,1,0,0,0,0,0,0,0,0,"{""7"": [], ""11"": []}",1.0,1.0,1.0,,0.0,0.0,0.0,,1.0,0.0
cumhuriyet:2433785,cumhuriyet,2025-09-10,2,26,2343,2451,"Milliyetçi olarak nitelendirilen İYİ, Zafer, BTP, Milli Yol partileri gibi yelpazeden katılım beklenmiyordu.",1,nitelendirilen | beklenmiyordu,2,0,,0,0,,1,17,0,0,0,0,0,0,0,0,0,"{""7"": [], ""11"": []}",0.0,0.0,0.0,,0.0,0.0,0.0,,0.0,0.0
cumhuriyet:2433785,cumhuriyet,2025-09-10,2,27,2452,2531,"DEM eklemlenirse Erdoğan, Cumhur İttifakı iktidarını, varlığını sürdürebilirdi.",1,eklemlenirse,1,0,,0,0,,1,11,0,0,0,0,0,0,0,0,0,"{""7"": [], ""11"": []}",0.0,0.0,0.0,,0.0,0.0,0.0,,0.0,0.0
cumhuriyet:2433785,cumhuriyet,2025-09-10,2,28,2532,2615,"DEM’i çekebilmek için de isteklerini karşılamak, kendinden ödün vermek gerekiyordu.",0,,0,0,,0,0,,0,12,0,0,0,0,0,0,0,0,0,"{""7"": [], ""11"": []}",0.0,0.0,0.0,,0.0,0.0,0.0,,0.0,0.0
cumhuriyet:2433785,cumhuriyet,2025-09-10,2,29,2616,2676,"Süreç, Bahçeli aracılığıyla DEM’i ayartmak amacıyla başladı.",0,,0,0,,0,0,,0,10,1,0,0,0,0,0,0,0,0,"{""7"": [], ""11"": []}",1.0,1.0,1.0,,0.0,0.0,0.0,,1.0,0.0
cumhuriyet:2433785,cumhuriyet,2025-09-10,2,30,2677,2823,"Ödünler arasında Öcalan’a umut hakkı, serbest bırakılması, vatandaşlık tanımının değişmesi, federasyona giden yolun açılması gibi beklentiler var.",1,bırakılması | açılması,2,0,,0,0,,1,21,0,0,0,0,0,0,0,0,0,"{""7"": [], ""11"": []}",0.0,0.0,0.0,,0.0,0.0,0.0,,0.0,0.0
cumhuriyet:2433785,cumhuriyet,2025-09-10,2,31,2824,2925,"DEM sürecin yavaş gidişinden yakınıyor, AKP süreç konusunda fayda-maliyet analizi yapıyor, ayarlıyor.",0,,0,0,,0,0,,0,17,0,0,0,0,0,0,0,0,0,"{""7"": [], ""11"": []}",0.0,0.0,0.0,,0.0,0.0,0.0,,0.0,0.0
cumhuriyet:2433785,cumhuriyet,2025-09-10,2,32,2927,2949,CHP’nin durumu kritik.,0,,0,0,,0,0,,0,4,0,0,0,0,0,0,0,0,0,"{""7"": [], ""11"": []}",0.0,0.0,0.0,,0.0,0.0,0.0,,0.0,0.0
cumhuriyet:2433785,cumhuriyet,2025-09-10,2,33,2950,2988,Eleştirilere karşın komisyona katıldı.,1,katıldı,1,0,,0,0,,1,5,0,0,0,0,0,0,0,0,0,"{""7"": [], ""11"": []}",0.0,0.0,0.0,,0.0,0.0,0.0,,0.0,0.0
cumhuriyet:2433785,cumhuriyet,2025-09-10,2,34,2989,3061,"Katılım, komisyon için de CHP için de zevahiri kurtarmak olarak görüldü.",1,görüldü,1,0,,0,0,,1,13,0,0,0,0,0,0,0,0,0,"{""7"": [], ""11"": []}",0.0,0.0,0.0,,0.0,0.0,0.0,,0.0,0.0
cumhuriyet:2433785,cumhuriyet,2025-09-10,2,35,3062,3151,"Komisyona demokrasi sözcüğünün eklenmesi, öneri paketi bu çerçevede değerlendirilmelidir.",1,eklenmesi | lir,2,0,,0,0,,1,12,0,0,0,0,0,0,0,0,0,"{""7"": [], ""11"": []}",0.0,0.0,0.0,,0.0,0.0,0.0,,0.0,0.0
cumhuriyet:2433785,cumhuriyet,2025-09-10,2,36,3152,3218,"Sonuç alıcı, yararlı beklenti anketlere göre kamuoyunda da yoktur.",0,,0,0,,0,0,,0,12,0,0,0,0,0,0,0,0,0,"{""7"": [], ""11"": []}",0.0,0.0,0.0,,0.0,0.0,0.0,,0.0,0.0
cumhuriyet:2433785,cumhuriyet,2025-09-10,2,37,3219,3245,Komisyon oyalama aracıdır.,0,,0,0,,0,0,,0,5,0,0,0,0,0,0,0,0,0,"{""7"": [], ""11"": []}",0.0,0.0,0.0,,0.0,0.0,0.0,,0.0,0.0
cumhuriyet:2433785,cumhuriyet,2025-09-10,2,38,3247,3314,"Ülkede kişilere, kuruluşlara, kurumlara kuşkucu davranmak ussaldır.",0,,0,0,,0,0,,0,11,0,0,0,0,0,0,0,0,0,"{""7"": [], ""11"": []}",0.0,0.0,0.0,,0.0,0.0,0.0,,0.0,0.0
cumhuriyet:2433785,cumhuriyet,2025-09-10,2,39,3315,3373,**Ziya Paşa**’nın *“Ümmid-i vefa eyleme her şahsı dagalde/,0,,0,0,,0,0,,0,12,0,0,0,0,0,0,0,0,0,"{""7"": [], ""11"": []}",0.0,0.0,0.0,,0.0,0.0,0.0,,0.0,0.0
cumhuriyet:2433785,cumhuriyet,2025-09-10,2,40,3374,3414,Çok hacıların çıktı haçı zir-i bagalde”*,0,,0,0,,0,0,,0,9,0,0,0,0,0,0,0,0,0,"{""7"": [], ""11"": []}",0.0,0.0,0.0,,0.0,0.0,0.0,,0.0,0.0
cumhuriyet:2433785,cumhuriyet,2025-09-10,2,41,3415,3556,"(Her sahtekârdan vefa bekleme, pek çok hacının koltuğunun altından haç çıktı) mısraları yalnız dinciler için değil, genel için de geçerlidir.",0,,0,0,,0,0,,0,26,0,0,0,0,0,0,0,0,0,"{""7"": [], ""11"": []}",0.0,0.0,0.0,,0.0,0.0,0.0,,0.0,0.0
cumhuriyet:2434670,cumhuriyet,2025-09-13,2,0,0,22,Amerika’nın öteki yüzü,0,,0,0,,0,0,,0,3,0,0,0,0,0,0,0,0,0,"{""7"": [], ""11"": []}",0.0,0.0,0.0,,0.0,0.0,0.0,,0.0,0.0
cumhuriyet:2434670,cumhuriyet,2025-09-13,2,1,24,483,"Bizim, 12 Eylül 1980’de yaşadığımız, 1960’lar sonrası anayasal hak özgürlükler üzerinden kazanımlarımızı, toptancı “tangır tungur” etmiş, bugünlere kadar adım adım geriye gidişlere nokta konamamış haklar kayıplarımızı Amerika’nın, 11 Eylül 2001 yılında, uçaklarla New York’un bombalanmasıyla yaşadığı toplumsal travmanın bilinçli yönlendirilmesi üzerinden yaratılan, yeni dünya düzeni stratejilerinin güncel sonuçlarını da elbette dikkatle izlemek zorundayız.",1,yönlendirilmesi | yaratılan,2,1,etmiş | konamamış,2,0,,1,62,0,0,1,0,0,0,1,0,0,"{""7"": [""Simplification""], ""11"": []}",1.0,1.0,1.0,,1.0,1.0,1.0,,1.0,1.0
cumhuriyet:2434670,cumhuriyet,2025-09-13,2,2,485,689,"12 Eylül sonrası yaşadığımız acıların üzerinden bir dört yıl geçtikten sonra, yaşadıklarımıza kulakların tıkandığı Amerika’dan, işçi-basın kamuoylarından gelen ilgi, şaşırtıcı olduğu kadar ilgi çekiciydi.",0,,0,0,,0,0,,0,32,0,0,0,0,0,0,0,0,0,"{""7"": [], ""11"": []}",0.0,0.0,0.0,,0.0,0.0,0.0,,0.0,0.0
cumhuriyet:2434670,cumhuriyet,2025-09-13,2,3,690,1006,"Amerikan işçi sendikaları konfederasyonları genel kurulu ile çakıştırılmış tarihler üzerinden, bir sağdan, bir soldan, bir ortadan üç gazeteci arkadaşımız, Amerika’nın her köşesinden basın, sendika, siyasal merkezlerden randevuların en yetkili kişiler üzerinden alınmış olarak dolaştırılmasının bir anlamı olmalıydı.",1,çakıştırılmış | alınmış | dolaştırılmasının,3,1,çakıştırılmış | alınmış,2,0,,1,45,0,0,0,0,0,0,0,0,0,"{""7"": [], ""11"": []}",0.0,0.0,0.0,,0.0,0.0,0.0,,0.0,0.0
cumhuriyet:2434670,cumhuriyet,2025-09-13,2,4,1008,1100,Sonuçlarını *“Amerika’nın Öteki Yüzü”* başlığı altında Cumhuriyet okurları ile paylaşmıştım.,0,,0,0,,0,0,,0,12,0,0,0,0,0,0,0,0,0,"{""7"": [], ""11"": []}",0.0,0.0,0.0,,0.0,0.0,0.0,,0.0,0.0
cumhuriyet:2434670,cumhuriyet,2025-09-13,2,5,1101,1332,"Nokta konabilecek görüşmelerin başında, bana göre o tarihlerdeki Türkiye ilişkilerinde en sorumlu kişinin, fotoğrafının da yayımlanmasını seçtiği, neredeyse gönüllü kendi soruları üzerinden yola çıkarak yaptığı açıklamalar olmuştu.",1,yayımlanmasını,1,0,,0,0,,1,34,0,0,0,0,0,0,0,0,0,"{""7"": [], ""11"": []}",0.0,0.0,0.0,,0.0,0.0,0.0,,0.0,0.0
cumhuriyet:2434670,cumhuriyet,2025-09-13,2,6,1333,1443,"Zamanın Cumhurbaşkanı **Özal**, 12 Eylül’ün iktidarları adına, tekstil kotası ile desteklenmelerini istemişti.",1,desteklenmelerini,1,0,,0,0,,1,16,0,1,0,0,0,0,0,0,0,"{""7"": [], ""11"": []}",1.0,1.0,1.0,,0.0,0.0,0.0,,1.0,0.0
cumhuriyet:2434670,cumhuriyet,2025-09-13,2,7,1445,1448,***,0,,0,0,,0,0,,0,2,0,0,0,0,0,0,0,0,0,"{""7"": [], ""11"": []}",0.0,0.0,0.0,,0.0,0.0,0.0,,0.0,0.0
cumhuriyet:2434670,cumhuriyet,2025-09-13,2,8,1450,1588,"Politik bir dille Özal’ın çabalarının yararlı olduğunun altını çizdikten sonra, gerçekleştirilmesine güçlerinin yetmeyeceğini belirtmişti.",1,gerçekleştirilmesine,1,0,,0,0,,1,16,0,0,0,0,0,0,0,0,0,"{""7"": [], ""11"": []}",0.0,0.0,0.0,,0.0,0.0,0.0,,0.0,0.0
cumhuriyet:2434670,cumhuriyet,2025-09-13,2,9,1589,1771,"Amerika’nın güçlü demokratik düzeninde Meclis kararlarında, işçi, işveren, siyasetin taraftarlarının özgür iradeleri ile kararların alınmasının söz konusu olduğunun altını çiziyordu.",1,alınmasının,1,0,,0,0,,1,24,0,0,0,0,0,0,0,0,0,"{""7"": [], ""11"": []}",0.0,0.0,0.0,,0.0,0.0,0.0,,0.0,0.0
cumhuriyet:2434670,cumhuriyet,2025-09-13,2,10,1772,1947,"Evet, 12 Eylül sonrasına dönük olarak Amerika’daki etkin siyasal iradenin Türkiye’de tek konfederasyon olarak Türk-İş’in kalması iradesinin belirleyiciliğinin altını çizmişti.",0,,0,0,,0,0,,0,25,0,0,0,0,0,0,0,0,0,"{""7"": [], ""11"": []}",0.0,0.0,0.0,,0.0,0.0,0.0,,0.0,0.0
cumhuriyet:2434670,cumhuriyet,2025-09-13,2,11,1949,2337,"Ancak evrensel dünya sendikacılık örgütlenmeleri ile birlikte, Avrupa Sendikacılık Hareketi’nin DİSK’in kapatılması, yöneticilerinin yargılanması işkenceleri üzerinden, kendilerinin de ağırlıklı **Hitler** döneminde yaşadıkları ile özdeşleşen gelişmelerle verdikleri dayanışmanın gücünün altını çizmişti, *“Dostlarımızı daha fazla üzmek istemiyoruz”* anlamına gelen bir de cümle kurmuştu.",1,yargılanması,1,0,,0,0,,1,50,1,0,1,0,0,1,0,0,0,"{""7"": [""Manipulative Wording""], ""11"": []}",1.0,1.0,1.0,,1.0,1.0,1.0,,1.0,1.0
cumhuriyet:2434670,cumhuriyet,2025-09-13,2,12,2338,2404,İzlediğimiz işçi konfederasyonlarının genel kurullarının ardından.,0,,0,0,,0,0,,0,7,0,0,0,0,0,0,0,0,0,"{""7"": [], ""11"": []}",0.0,0.0,0.0,,0.0,0.0,0.0,,0.0,0.0
cumhuriyet:2434670,cumhuriyet,2025-09-13,2,13,2405,2547,Türkiye’ye DİSK’in yeniden açılmasına dönük politik gelişmeler de kendi ülkelerindeki taraflara teslim edilmiş politikalar tümden değişiyordu.,1,açılmasına | edilmiş,2,1,edilmiş,1,0,,1,18,0,0,0,0,0,0,0,0,0,"{""7"": [], ""11"": []}",0.0,0.0,0.0,,0.0,0.0,0.0,,0.0,0.0
cumhuriyet:2434670,cumhuriyet,2025-09-13,2,14,2549,2784,"Türkiye’ye dönük, göreceli olumlu adımların ise *“gıdım gıdım”* atılması ise kuşkusuz Amerika’nın insan hakları kaygılarının, bölgeler çıkarlarının yanında ne kadar zayıf adımlar olarak atılacağının tipik göstergeleri gibi gelişecekti.",1,atılması | atılacağının,2,0,,0,0,,1,32,0,0,0,0,0,0,0,0,0,"{""7"": [], ""11"": []}",0.0,0.0,0.0,,0.0,0.0,0.0,,0.0,0.0
cumhuriyet:2434670,cumhuriyet,2025-09-13,2,15,2786,2789,***,0,,0,0,,0,0,,0,2,0,0,0,0,0,0,0,0,0,"{""7"": [], ""11"": []}",0.0,0.0,0.0,,0.0,0.0,0.0,,0.0,0.0
cumhuriyet:2434670,cumhuriyet,2025-09-13,2,16,2791,3048,"O günlerden bugünlere, Amerikan çıkarlarının hele de Ortadoğu için çok daha ağır geçerli olmak üzere nasıl hızlı, kaypak değiştiğinin göstergelerini, dur duraksız, çarpıcı değişiklikler, zikzaklarıyla tanıklık edip durarak bugünlere kadar gelmiş durumdayız.",0,,0,1,gelmiş,1,0,,0,39,0,0,0,0,0,0,0,0,0,"{""7"": [], ""11"": []}",0.0,0.0,0.0,,0.0,0.0,0.0,,0.0,0.0
cumhuriyet:2434670,cumhuriyet,2025-09-13,2,17,3049,3336,"Elbette dünyanın bu çok kaoslu, çok değişimli, çok oynak, kirli düzeninde, en çok da güncel gibi karşımıza çıkan sürpriz gelişmelerin en etkin olabileceklerinden en hafiflerine kadar tüm kıvraklıkları, kaypaklıkları üzerinden gözlerimizi, kulaklarımızı çok daha duyarlı açmak zorundayız.",0,,0,0,,0,0,,0,46,0,0,0,0,0,1,0,0,0,"{""7"": [""Manipulative Wording""], ""11"": []}",0.0,0.0,0.0,,1.0,1.0,1.0,,0.0,1.0
cumhuriyet:2434670,cumhuriyet,2025-09-13,2,18,3338,3475,"Sonuç olarak yaşamlarımızda öylesine ağır kayıplarımız söz konusu ki en küçük bir yanılgı, tuzağa düşmenin bedelleri çok ağır olabiliyor.",0,,0,0,,0,0,,0,21,0,0,0,0,0,0,0,0,0,"{""7"": [], ""11"": []}",0.0,0.0,0.0,,0.0,0.0,0.0,,0.0,0.0
cumhuriyet:2437768,cumhuriyet,2025-09-24,3,0,0,25,Emperyalizmin teröristler,0,,0,0,,0,0,,0,2,0,0,0,0,0,1,0,0,0,"{""6"": [""Manipulative Wording""], ""7"": [], ""11"": []}",0.0,0.0,0.0,,1.0,1.0,1.0,,0.0,1.0
cumhuriyet:2437768,cumhuriyet,2025-09-24,3,1,25,26,i,0,,0,0,,0,0,,0,1,0,0,0,0,0,1,0,0,0,"{""6"": [""Manipulative Wording""], ""7"": [], ""11"": []}",0.0,0.0,0.0,,1.0,1.0,1.0,,0.0,1.0
cumhuriyet:2437768,cumhuriyet,2025-09-24,3,2,28,75,New York’ta Concordia Zirvesi’nde bir oturum...,0,,0,0,,0,0,,0,7,0,0,0,0,0,0,0,0,0,"{""6"": [], ""7"": [], ""11"": []}",0.0,0.0,0.0,,0.0,0.0,0.0,,0.0,0.0
cumhuriyet:2437768,cumhuriyet,2025-09-24,3,3,77,285,"ABD Merkezi İstihbarat Teşkilatı CIA’nın eski direktörü **David Petraeus**, karşısında oturan eski cihatçı El Kaide üyesi ve şimdi Suriye devlet başkanı olan **Colani**’ye **(Ahmet eş Şara)** şunları söyledi:",0,,0,0,,0,0,,0,36,1,0,0,0,0,0,0,0,0,"{""6"": [], ""7"": [], ""11"": []}",1.0,1.0,1.0,0.0,0.0,0.0,0.0,,1.0,0.0
cumhuriyet:2437768,cumhuriyet,2025-09-24,3,4,287,352,"*“Selamünaleyküm sayın başkan, sizinle tanışmak bir onur efendim.",0,,0,0,,0,0,,0,11,0,0,0,1,0,0,0,0,0,"{""6"": [""Attack on Reputation""], ""7"": [], ""11"": []}",0.0,0.0,0.0,,1.0,1.0,1.0,,0.0,1.0
cumhuriyet:2437768,cumhuriyet,2025-09-24,3,5,353,471,"Bütün bu baskının altında nasıl ayakta kalıyorsunuz, düşünmeye zaman bulup uyumaya yeterli zaman ayırabiliyor musunuz?",0,,0,0,,0,0,,0,17,0,0,0,0,0,0,0,0,0,"{""6"": [], ""7"": [], ""11"": []}",0.0,0.0,0.0,,0.0,0.0,0.0,,0.0,0.0
cumhuriyet:2437768,cumhuriyet,2025-09-24,3,6,472,511,Yaşadıklarınızın ne olduğunu biliyorum.,0,,0,0,,0,0,,0,5,0,0,0,0,0,0,0,0,0,"{""6"": [], ""7"": [], ""11"": []}",0.0,0.0,0.0,,0.0,0.0,0.0,,0.0,0.0
cumhuriyet:2437768,cumhuriyet,2025-09-24,3,7,512,520,Çok zor.,0,,0,0,,0,0,,0,3,0,0,0,0,0,0,0,0,0,"{""6"": [], ""7"": [], ""11"": []}",0.0,0.0,0.0,,0.0,0.0,0.0,,0.0,0.0
cumhuriyet:2437768,cumhuriyet,2025-09-24,3,8,521,598,"Çok sayıda hayranınız, ki onlardan biri de benim, sizin için endişeleniyoruz.",0,,0,0,,0,0,,0,14,0,0,0,0,0,0,0,0,0,"{""6"": [], ""7"": [], ""11"": []}",0.0,0.0,0.0,,0.0,0.0,0.0,,0.0,0.0
cumhuriyet:2437768,cumhuriyet,2025-09-24,3,9,598,599,”,0,,0,0,,0,0,,0,1,0,0,0,0,0,0,0,0,0,"{""6"": [], ""7"": [], ""11"": []}",0.0,0.0,0.0,,0.0,0.0,0.0,,0.0,0.0
cumhuriyet:2437768,cumhuriyet,2025-09-24,3,10,599,600,*,0,,0,0,,0,0,,0,1,0,0,0,0,0,0,0,0,0,"{""6"": [], ""7"": [], ""11"": []}",0.0,0.0,0.0,,0.0,0.0,0.0,,0.0,0.0
cumhuriyet:2437768,cumhuriyet,2025-09-24,3,11,602,750,"Bu konuşmanın videosu da var ama insan teknolojinin gelişimini göz önünde bulundurunca acaba gerçek değil mi, yapay zekânın eseri mi diye düşünüyor!",1,bulundurunca,1,0,,0,0,,1,24,0,0,0,0,0,0,0,0,0,"{""6"": [], ""7"": [], ""11"": []}",0.0,0.0,0.0,,0.0,0.0,0.0,,0.0,0.0
cumhuriyet:2437768,cumhuriyet,2025-09-24,3,12,751,939,"Öyle ki sosyal medyada bu görüntüyü hakkında birisi, *“Bu bir Hollywood senaryosu olsaydı, en azından biraz olsun inanılabilir görünmesi için yeniden yazılması gerekirdi”* yorumunu yapmış.",1,inanılabilir | yazılması,2,1,yapmış,1,0,,1,30,0,0,0,0,0,0,0,0,0,"{""6"": [], ""7"": [], ""11"": []}",0.0,0.0,0.0,,0.0,0.0,0.0,,0.0,0.0
cumhuriyet:2437768,cumhuriyet,2025-09-24,3,13,941,971,## ‘TERÖRE KARŞI SAVAŞ’ YALANI,0,,0,0,,0,0,,0,6,0,0,0,0,0,0,0,0,0,"{""6"": [], ""7"": [], ""11"": []}",0.0,0.0,0.0,,0.0,0.0,0.0,,0.0,0.0
cumhuriyet:2437768,cumhuriyet,2025-09-24,3,14,973,1001,Gerçekten de inanılması güç.,1,inanılması,1,0,,0,0,,1,5,0,0,0,0,0,0,0,0,0,"{""6"": [], ""7"": [], ""11"": []}",0.0,0.0,0.0,,0.0,0.0,0.0,,0.0,0.0
cumhuriyet:2437768,cumhuriyet,2025-09-24,3,15,1002,1123,"ABD’nin 2003’te Irak’ı işgalinin yarattığı IŞİD’in lideri **Bağdadi**, Colani’yi Suriye kolunu kurmakla görevlendirmişti.",0,,0,0,,0,0,,0,16,1,0,0,0,0,0,0,0,0,"{""6"": [], ""7"": [], ""11"": []}",1.0,1.0,1.0,0.0,0.0,0.0,0.0,,1.0,0.0
cumhuriyet:2437768,cumhuriyet,2025-09-24,3,16,1124,1316,"Colani, Irak’ta El Kaide adına Amerikan askerlerine karşı savaştığı sırada, başına 10 milyon dolar ödül koyulmuş, General **Petraeus**’un yönettiği güçler tarafından yakalanıp hapse atılmıştı.",1,yakalanıp | atılmıştı,2,1,koyulmuş,1,1,,0,29,1,1,0,0,0,0,0,0,0,"{""6"": [], ""7"": [], ""11"": []}",1.0,1.0,1.0,1.0,0.0,0.0,0.0,,1.0,0.0
cumhuriyet:2437768,cumhuriyet,2025-09-24,3,17,1318,1440,"11 Eylül sonrasında Amerika’nın “teröre karşı savaş” operasyonları kapsamında, yüz binlerce insan can verdi ve sakatlandı.",0,,0,0,,0,0,,0,18,1,0,1,0,0,0,0,0,0,"{""6"": [], ""7"": [], ""11"": []}",1.0,1.0,1.0,0.0,0.0,0.0,0.0,,1.0,0.0
cumhuriyet:2437768,cumhuriyet,2025-09-24,3,18,1441,1567,"Şimdi Colani, yüz binlerce Iraklı’nın öldürülmesinden sorumlu olan adama bakıp *“Bir zamanlar savaş alanımızda olmamız iyiydi.",1,öldürülmesinden,1,0,,0,0,,1,20,1,0,1,0,0,0,0,0,0,"{""6"": [], ""7"": [], ""11"": []}",1.0,1.0,1.0,1.0,0.0,0.0,0.0,,1.0,0.0
cumhuriyet:2437768,cumhuriyet,2025-09-24,3,19,1568,1607,Şimdi savaştan diyaloğa geçtik”* diyor.,0,,0,0,,0,0,,0,6,0,0,0,0,0,0,0,0,0,"{""6"": [], ""7"": [], ""11"": []}",0.0,0.0,0.0,,0.0,0.0,0.0,,0.0,0.0
cumhuriyet:2437768,cumhuriyet,2025-09-24,3,20,1608,1648,Ne de olsa kendisi de eski bir terörist!,0,,0,0,,0,0,,0,9,0,0,0,0,0,0,0,0,0,"{""6"": [], ""7"": [], ""11"": []}",0.0,0.0,0.0,,0.0,0.0,0.0,,0.0,0.0
cumhuriyet:2437768,cumhuriyet,2025-09-24,3,21,1650,1863,"11 Eylül’den sonra bütün Müslümanları şeytanlaştırıp, Ortadoğu’yu yerle bir eden, onca insanın katledilmesinden ve sakat kalmasından sorumlu olan bir general ise karşısında oturan o eski teröriste övgüler düzüyor!",0,,0,0,,0,0,,0,31,1,0,1,0,0,0,0,0,0,"{""6"": [], ""7"": [], ""11"": []}",1.0,1.0,0.0,1.0,0.0,0.0,0.0,,1.0,0.0
cumhuriyet:2437768,cumhuriyet,2025-09-24,3,22,1864,1955,İnsan bunları duyup izleyince **Usame bin Ladin** herhalde Amerika’yla gurur duyardı diyor!,0,,0,0,,0,0,,0,14,1,0,0,0,0,0,0,0,0,"{""6"": [], ""7"": [], ""11"": []}",1.0,1.0,1.0,,0.0,0.0,0.0,,1.0,0.0
cumhuriyet:2437768,cumhuriyet,2025-09-24,3,23,1957,1958,*,0,,0,0,,0,0,,0,1,0,0,0,0,0,0,0,0,0,"{""6"": [], ""7"": [], ""11"": []}",0.0,0.0,0.0,,0.0,0.0,0.0,,0.0,0.0
cumhuriyet:2437768,cumhuriyet,2025-09-24,3,24,1958,1998,*Bu olayın bize gösterdiği gerçek şudur.,0,,0,0,,0,0,,0,8,0,0,0,0,1,0,0,0,0,"{""6"": [""Justification""], ""7"": [], ""11"": []}",0.0,0.0,0.0,,1.0,1.0,1.0,,0.0,1.0
cumhuriyet:2437768,cumhuriyet,2025-09-24,3,25,1999,2068,Ortadoğu ve Afganistan’da yaşananların senaryosunu yazan Amerika’dır.,0,,0,0,,0,0,,0,9,1,0,1,0,1,0,0,0,0,"{""6"": [""Justification""], ""7"": [], ""11"": []}",1.0,1.0,0.0,1.0,1.0,1.0,1.0,,1.0,1.0
cumhuriyet:2437768,cumhuriyet,2025-09-24,3,26,2069,2184,"Emperyalistler, 1970’lerden beri hedeflerine ulaşmak için cihatçıları kullanılıyor ve bu plan tıkır tıkır işliyor.*",1,kullanılıyor | tıkır,2,0,,0,0,,1,16,0,0,1,0,0,0,0,0,0,"{""6"": [], ""7"": [], ""11"": []}",1.0,1.0,1.0,,0.0,0.0,0.0,,1.0,0.0
cumhuriyet:2437768,cumhuriyet,2025-09-24,3,27,2184,2185,*,0,,0,0,,0,0,,0,1,0,0,0,0,0,0,0,0,0,"{""6"": [], ""7"": [], ""11"": []}",0.0,0.0,0.0,,0.0,0.0,0.0,,0.0,0.0
cumhuriyet:2437768,cumhuriyet,2025-09-24,3,28,2187,2223,*“Teröre karşı savaş”* bir yalandır.,0,,0,0,,0,0,,0,7,0,0,0,1,0,0,0,0,0,"{""6"": [""Attack on Reputation""], ""7"": [], ""11"": []}",0.0,0.0,0.0,,1.0,1.0,1.0,,0.0,1.0
cumhuriyet:2437768,cumhuriyet,2025-09-24,3,29,2224,2332,"ABD, bu yalana dayanarak *“barış ve demokrasi ihracı”* iddiasıyla işgal ettiği toprakları cehenneme çevirdi.",0,,0,0,,0,0,,0,17,1,0,0,0,0,0,0,0,0,"{""6"": [], ""7"": [], ""11"": []}",1.0,1.0,1.0,,0.0,0.0,0.0,,1.0,0.0
cumhuriyet:2437768,cumhuriyet,2025-09-24,3,30,2333,2532,"El Kaide ve Taliban’ı kendi amaçları için kullandığı gibi, şimdi de Esad’ı iktidardan indirmek için desteklediği cihatçı Colani’yi Suriye’yi İsrail’in çıkarlarına uygun hale getirmek için kullanıyor.",0,,0,0,,0,0,,0,28,1,0,1,1,0,0,0,0,0,"{""6"": [""Attack on Reputation""], ""7"": [], ""11"": []}",1.0,1.0,1.0,1.0,1.0,1.0,1.0,,1.0,1.0
cumhuriyet:2437768,cumhuriyet,2025-09-24,3,31,2533,2660,"Bu kapsamda Öcalan’ı da kullanıyor, bu teröristin aniden Bahçeli için *“kurucu önder”* haline gelmesinin nedeni de emperyalizm!",0,,0,0,,0,0,,0,20,1,0,1,0,0,0,0,0,0,"{""6"": [], ""7"": [], ""11"": []}",1.0,1.0,1.0,,0.0,0.0,0.0,,1.0,0.0
cumhuriyet:2437768,cumhuriyet,2025-09-24,3,32,2662,2690,## BARRACK’A BİR HATIRLATMA!,0,,0,0,,0,0,,0,5,0,0,0,0,0,0,0,0,0,"{""6"": [], ""7"": [], ""11"": []}",0.0,0.0,0.0,,0.0,0.0,0.0,,0.0,0.0
cumhuriyet:2437768,cumhuriyet,2025-09-24,3,33,2692,2890,"Bunlar olurken, Amerika’nın Suriye Özel Temsilcisi ve ABD’nin Ankara Büyükelçisi **Tom Barrack**’ın Sky News Arabia’ya verdiği röportajda Ortadoğu hakkında söyledikleri çok çarpıcı bir hale geliyor.",0,,0,0,,0,0,,0,28,1,0,0,0,0,0,0,0,0,"{""6"": [], ""7"": [], ""11"": []}",1.0,1.0,1.0,,0.0,0.0,0.0,,1.0,0.0
cumhuriyet:2437768,cumhuriyet,2025-09-24,3,34,2892,2916,*“Barış bir illüzyondur.,0,,0,0,,0,0,,0,5,0,0,0,0,0,0,0,0,0,"{""6"": [], ""7"": [], ""11"": []}",0.0,0.0,0.0,,0.0,0.0,0.0,,0.0,0.0
cumhuriyet:2437768,cumhuriyet,2025-09-24,3,35,2917,2947,Hiçbir zaman barış olmamıştır.,0,,0,1,olmamıştır,1,0,,0,5,0,0,0,0,0,0,0,0,0,"{""6"": [], ""7"": [], ""11"": []}",0.0,0.0,0.0,,0.0,0.0,0.0,,0.0,0.0
cumhuriyet:2437768,cumhuriyet,2025-09-24,3,36,2948,2991,Muhtemelen hiçbir zaman barış olmayacaktır.,0,,0,0,,0,0,,0,6,0,0,0,0,0,0,0,0,0,"{""6"": [], ""7"": [], ""11"": []}",0.0,0.0,0.0,,0.0,0.0,0.0,,0.0,0.0
cumhuriyet:2437768,cumhuriyet,2025-09-24,3,37,2992,3077,"Birisi hâkimiyet kurmak ister, bu da birisinin boyun eğmesi gerektiği anlamına gelir.",0,,0,0,,0,0,,0,14,0,0,0,0,0,0,0,0,0,"{""6"": [], ""7"": [], ""11"": []}",0.0,0.0,0.0,,0.0,0.0,0.0,,0.0,0.0
cumhuriyet:2437768,cumhuriyet,2025-09-24,3,38,3078,3132,Arapçada boyun eğmek anlamına gelen bir kelime yoktur.,0,,0,0,,0,0,,0,10,0,0,0,0,0,0,0,0,0,"{""6"": [], ""7"": [], ""11"": []}",0.0,0.0,0.0,,0.0,0.0,0.0,,0.0,0.0
cumhuriyet:2437768,cumhuriyet,2025-09-24,3,39,3133,3172,Boyun eğmeyi kafalarında kavrayamazlar.,0,,0,0,,0,0,,0,5,0,0,0,0,0,0,0,0,0,"{""6"": [], ""7"": [], ""11"": []}",0.0,0.0,0.0,,0.0,0.0,0.0,,0.0,0.0
cumhuriyet:2437768,cumhuriyet,2025-09-24,3,40,3172,3173,”,0,,0,0,,0,0,,0,1,0,0,0,0,0,0,0,0,0,"{""6"": [], ""7"": [], ""11"": []}",0.0,0.0,0.0,,0.0,0.0,0.0,,0.0,0.0
cumhuriyet:2437768,cumhuriyet,2025-09-24,3,41,3173,3174,*,0,,0,0,,0,0,,0,1,0,0,0,0,0,0,0,0,0,"{""6"": [], ""7"": [], ""11"": []}",0.0,0.0,0.0,,0.0,0.0,0.0,,0.0,0.0
cumhuriyet:2437768,cumhuriyet,2025-09-24,3,42,3176,3177,*,0,,0,0,,0,0,,0,1,0,0,0,0,0,0,0,0,0,"{""6"": [], ""7"": [], ""11"": []}",0.0,0.0,0.0,,0.0,0.0,0.0,,0.0,0.0
cumhuriyet:2437768,cumhuriyet,2025-09-24,3,43,3177,3273,*Barış olmamasının en büyük nedeni emperyalizmin yüzyıllardır bölgede kurduğu tezgâhlar olmasın!,0,,0,0,,0,0,,0,13,0,0,0,0,0,0,0,0,0,"{""6"": [], ""7"": [], ""11"": []}",0.0,0.0,0.0,,0.0,0.0,0.0,,0.0,0.0
cumhuriyet:2437768,cumhuriyet,2025-09-24,3,44,3274,3426,"ABD, *“lımlı İslam”* projesi çökünce artık radikal İslamcıları, teröristleri kendisine müttefik yaparak, cihatçıları aparat olarak kullanarak ilerliyor.",0,,0,0,,0,0,,0,21,0,0,0,0,0,0,0,0,0,"{""6"": [], ""7"": [], ""11"": []}",0.0,0.0,0.0,,0.0,0.0,0.0,,0.0,0.0
cumhuriyet:2437768,cumhuriyet,2025-09-24,3,45,3427,3499,"Bütün bunlar gösteriyor ki emperyalizm, terörizmin en büyük kaynağıdır.*",0,,0,0,,0,0,,0,12,1,0,0,0,1,0,0,0,0,"{""6"": [""Justification""], ""7"": [], ""11"": []}",1.0,1.0,1.0,,1.0,1.0,1.0,,1.0,1.0
cumhuriyet:2437768,cumhuriyet,2025-09-24,3,46,3499,3500,*,0,,0,0,,0,0,,0,1,0,0,0,0,0,0,0,0,0,"{""6"": [], ""7"": [], ""11"": []}",0.0,0.0,0.0,,0.0,0.0,0.0,,0.0,0.0
cumhuriyet:2437768,cumhuriyet,2025-09-24,3,47,3502,3675,"**Yalnız Barrack’a bir hatırlatmada bulunalım: Büyükelçi olarak görev yaptığı bu ülke, Mustafa Kemal Atatürk’ün liderliğindeki halk emperyalizme boyun eğmediği için kuruldu.",1,kuruldu,1,0,,0,0,,1,26,1,1,0,0,1,0,0,1,0,"{""6"": [""Call""], ""7"": [], ""11"": [""Justification""]}",1.0,1.0,1.0,1.0,1.0,1.0,1.0,1.0,1.0,1.0
cumhuriyet:2437768,cumhuriyet,2025-09-24,3,48,3676,3709,Bunu kafasında kavrasa iyi olur!*,0,,0,0,,0,0,,0,7,0,0,0,0,1,0,0,1,0,"{""6"": [""Call""], ""7"": [], ""11"": [""Justification""]}",0.0,0.0,0.0,,1.0,1.0,1.0,1.0,0.0,1.0
cumhuriyet:2437768,cumhuriyet,2025-09-24,3,49,3709,3710,*,0,,0,0,,0,0,,0,1,0,0,0,0,0,0,0,0,0,"{""6"": [], ""7"": [], ""11"": []}",0.0,0.0,0.0,,0.0,0.0,0.0,,0.0,0.0
cumhuriyet:2450209,cumhuriyet,2025-11-06,2,0,0,63,Çocuk işçiliğinin post-Fordist görünümleri - Özgür Hüseyin Akış,0,,0,0,,0,0,,0,10,0,0,0,0,0,0,0,0,0,"{""7"": [], ""11"": []}",0.0,0.0,0.0,,0.0,0.0,0.0,,0.0,0.0
cumhuriyet:2450209,cumhuriyet,2025-11-06,2,1,65,198,"Çocuk işçiliği tartışmalarında belleğimizde canlanan imge, sanayi çağının fabrikalarında ya da tarım alanlarında çalışan çocuklardır.",0,,0,0,,0,0,,0,18,0,0,0,0,0,0,0,0,0,"{""7"": [], ""11"": []}",0.0,0.0,0.0,,0.0,0.0,0.0,,0.0,0.0
cumhuriyet:2450209,cumhuriyet,2025-11-06,2,2,199,371,"Oysa 1970’lerden itibaren kapitalist üretim biçiminin Fordist kitlesel üretim modelinden post-Fordist esnek üretim düzenine geçişi, çocuk emeğinin formlarını da dönüştürdü.",0,,0,0,,0,0,,0,24,0,0,0,0,0,0,0,0,0,"{""7"": [], ""11"": []}",0.0,0.0,0.0,,0.0,0.0,0.0,,0.0,0.0
cumhuriyet:2450209,cumhuriyet,2025-11-06,2,3,372,471,"Bugün çocuk emeği, daha parçalı, daha görünmez ve daha güvencesiz alanlarda yeniden üretilmektedir.",1,görünmez | üretilmekte,2,0,,0,0,,1,18,0,0,0,0,0,0,0,0,0,"{""7"": [], ""11"": []}",0.0,0.0,0.0,,0.0,0.0,0.0,,0.0,0.0
cumhuriyet:2450209,cumhuriyet,2025-11-06,2,4,473,511,## SERMAYENİN KRİZDEN ÇIKIŞ STRATEJİSİ,0,,0,0,,0,0,,0,5,0,0,0,0,0,0,0,0,0,"{""7"": [], ""11"": []}",0.0,0.0,0.0,,0.0,0.0,0.0,,0.0,0.0
cumhuriyet:2450209,cumhuriyet,2025-11-06,2,5,513,571,Medya sektörü bu görünmezliğin bir parçasını oluşturmakta.,0,,0,0,,0,0,,0,8,0,0,0,0,0,0,0,0,0,"{""7"": [], ""11"": []}",0.0,0.0,0.0,,0.0,0.0,0.0,,0.0,0.0
cumhuriyet:2450209,cumhuriyet,2025-11-06,2,6,572,751,Yasada yer alan çocukların çalıştırılabilecekleri işler arasında sanatsal faaliyetler adı altında kimi düzenlemelerle çocuklar bu sektörde görünmeyen işçiler olarak çalışmaktalar.,0,,0,0,,0,0,,0,21,0,0,0,0,0,0,0,0,0,"{""7"": [], ""11"": []}",0.0,0.0,0.0,,0.0,0.0,0.0,,0.0,0.0
cumhuriyet:2450209,cumhuriyet,2025-11-06,2,7,753,881,"Post-Fordizmin temel özelliklerinden biri esnekliktir: Kısa süreli işler, taşeronlaşma, ev eksenli üretim ve kayıtdışı istihdam.",0,,0,0,,0,0,,0,22,1,0,0,0,0,0,0,0,0,"{""7"": [], ""11"": []}",1.0,1.0,1.0,,0.0,0.0,0.0,,1.0,0.0
cumhuriyet:2450209,cumhuriyet,2025-11-06,2,8,882,953,"Bu özellikler, çocuk emeği için de yeni “uygun” zeminler yaratmaktadır.",0,,0,0,,0,0,,0,13,0,0,0,0,0,0,0,0,0,"{""7"": [], ""11"": []}",0.0,0.0,0.0,,0.0,0.0,0.0,,0.0,0.0
cumhuriyet:2450209,cumhuriyet,2025-11-06,2,9,954,1149,"Tekstil atölyelerinde gece yarısına kadar çalışan, paketleme işlerinde evde emeğini harcayan ya da reklam setlerinde “oyuncu” adı altında çalışan çocuklar, aslında aynı sürecin farklı yüzleridir.",0,,0,0,,0,0,,0,29,0,0,1,0,0,0,0,0,0,"{""7"": [], ""11"": []}",1.0,1.0,1.0,,0.0,0.0,0.0,,1.0,0.0
cumhuriyet:2450209,cumhuriyet,2025-11-06,2,10,1150,1236,Çocuk emeği artık sanayi bantlarının yanı sıra kültür endüstrisinin de bir parçasıdır.,0,,0,0,,0,0,,0,14,0,0,0,0,0,0,0,0,0,"{""7"": [], ""11"": []}",0.0,0.0,0.0,,0.0,0.0,0.0,,0.0,0.0
cumhuriyet:2450209,cumhuriyet,2025-11-06,2,11,1237,1344,"Yine bu çocuklar sokaklarda kâğıt toplayıcısı, su, mendil satan kapitalist üretim sürecinin bir parçasıdır.",0,,0,0,,0,0,,0,18,0,0,0,0,0,0,0,0,0,"{""7"": [], ""11"": []}",0.0,0.0,0.0,,0.0,0.0,0.0,,0.0,0.0
cumhuriyet:2450209,cumhuriyet,2025-11-06,2,12,1346,1422,"David Harvey’in ifadesiyle esneklik, sermayenin krizden çıkış stratejisidir.",0,,0,0,,0,0,,0,11,0,0,0,0,0,0,0,0,0,"{""7"": [], ""11"": []}",0.0,0.0,0.0,,0.0,0.0,0.0,,0.0,0.0
cumhuriyet:2450209,cumhuriyet,2025-11-06,2,13,1423,1529,"Kapitalizmin doğasında olan kriz üretimi, sadece üretimin şeklindeki değişime bağlı olarak tarif edilemez.",1,edilemez,1,0,,0,0,,1,16,0,0,0,0,0,0,0,0,0,"{""7"": [], ""11"": []}",0.0,0.0,0.0,,0.0,0.0,0.0,,0.0,0.0
cumhuriyet:2450209,cumhuriyet,2025-11-06,2,14,1530,1741,"Üretimin artık iki yönlü olması kalifiye işçilerin sürekli çalışan, sürece bütünüyle hâkim, aldığı ücret ortalamanın üstü olan işçiler diğer tarafta ise güvencesiz, esnek çalışan, süreksiz, niteliksiz emek gücü.",0,,0,0,,0,0,,0,35,0,0,0,0,0,0,0,0,0,"{""7"": [], ""11"": []}",0.0,0.0,0.0,,0.0,0.0,0.0,,0.0,0.0
cumhuriyet:2450209,cumhuriyet,2025-11-06,2,15,1742,1858,"Ancak bu strateji, emeğin en korunmasız kesimi olan çocuklar için daha büyük bir güvencesizlik anlamına gelmektedir.",0,,0,0,,0,0,,0,19,0,0,0,0,0,0,0,0,0,"{""7"": [], ""11"": []}",0.0,0.0,0.0,,0.0,0.0,0.0,,0.0,0.0
cumhuriyet:2450209,cumhuriyet,2025-11-06,2,16,1859,2013,"Mülteci çocuk emeğinin tarımda, inşaatta ve sokakta yoğun biçimde sömürülmesi de post-Fordist düzenin küreselleşmiş emek piyasasıyla yakından ilişkilidir.",1,sömürülmesi | küreselleşmiş,2,1,küreselleşmiş,1,0,,1,23,0,0,0,0,0,0,0,0,0,"{""7"": [], ""11"": []}",0.0,0.0,0.0,,0.0,0.0,0.0,,0.0,0.0
cumhuriyet:2450209,cumhuriyet,2025-11-06,2,17,2015,2036,## SÖMÜRÜ SÜRECEK Mİ?,0,,0,0,,0,0,,0,5,0,0,0,0,0,0,0,0,0,"{""7"": [], ""11"": []}",0.0,0.0,0.0,,0.0,0.0,0.0,,0.0,0.0
cumhuriyet:2450209,cumhuriyet,2025-11-06,2,18,2038,2137,Dolayısıyla bugün çocuk işçiliğini yalnızca geleneksel sektörlerde aramak eksik bir bakış açısıdır.,0,,0,0,,0,0,,0,14,0,0,0,0,0,0,0,0,0,"{""7"": [], ""11"": []}",0.0,0.0,0.0,,0.0,0.0,0.0,,0.0,0.0
cumhuriyet:2450209,cumhuriyet,2025-11-06,2,19,2138,2257,"Kültür endüstrisi, medya, ev eksenli işler ve dijital platformlar, “çocuk emeği”nin yeniden üretildiği yeni alanlardır.",0,,0,0,,0,0,,0,20,0,0,0,0,0,0,0,0,0,"{""7"": [], ""11"": []}",0.0,0.0,0.0,,0.0,0.0,0.0,,0.0,0.0
cumhuriyet:2450209,cumhuriyet,2025-11-06,2,20,2258,2400,"Görünmezleşen bu emek biçimleri, çocuk işçiliği meselesini günümüz kapitalizminin yapısal krizleriyle birlikte tartışmayı zorunlu kılmaktadır.",0,,0,0,,0,0,,0,19,0,0,0,0,0,0,0,0,0,"{""7"": [], ""11"": []}",0.0,0.0,0.0,,0.0,0.0,0.0,,0.0,0.0
cumhuriyet:2450209,cumhuriyet,2025-11-06,2,21,2402,2492,"Çocuk işçiliğinin yalnızca biçim değiştirdiğini, tersine artarak devam ettiğini görüyoruz.",0,,0,0,,0,0,,0,12,0,0,0,0,0,0,0,0,0,"{""7"": [], ""11"": []}",0.0,0.0,0.0,,0.0,0.0,0.0,,0.0,0.0
cumhuriyet:2450209,cumhuriyet,2025-11-06,2,22,2493,2629,"Fordist banttan post-Fordist reklam setine uzanan bu dönüşüm, bize kapitalizmin esnekleşme süreçlerinin toplumsal maliyetini gösteriyor.",1,uzanan,1,0,,0,0,,1,19,0,0,0,0,0,0,0,0,0,"{""7"": [], ""11"": []}",0.0,0.0,0.0,,0.0,0.0,0.0,,0.0,0.0
cumhuriyet:2450209,cumhuriyet,2025-11-06,2,23,2630,2783,"Asıl soru ise şudur: “Çocuk emeği”ni gerçekten ortadan kaldırabilecek miyiz, yoksa yalnızca yeni formlar altında görmezden gelinmesine izin mi vereceğiz?",0,,0,0,,0,0,,0,24,0,0,0,0,0,0,0,1,0,"{""7"": [""Call""], ""11"": []}",0.0,0.0,0.0,,1.0,1.0,1.0,,0.0,1.0
cumhuriyet:2450209,cumhuriyet,2025-11-06,2,24,2785,2807,**ÖZGÜR HÜSEYİN AKIŞ**,0,,0,0,,0,0,,0,4,0,0,0,0,0,0,0,0,0,"{""7"": [], ""11"": []}",0.0,0.0,0.0,,0.0,0.0,0.0,,0.0,0.0
cumhuriyet:2450209,cumhuriyet,2025-11-06,2,25,2809,2826,ARAŞTIRMACI-YAZAR,0,,0,0,,0,0,,0,3,0,0,0,0,0,0,0,0,0,"{""7"": [], ""11"": []}",0.0,0.0,0.0,,0.0,0.0,0.0,,0.0,0.0
cumhuriyet:2466858,cumhuriyet,2026-01-04,2,0,0,7,Anadolu,0,,0,0,,0,0,,0,1,0,0,0,0,0,0,0,0,0,"{""7"": [], ""11"": []}",0.0,0.0,0.0,,0.0,0.0,0.0,,0.0,0.0
cumhuriyet:2466858,cumhuriyet,2026-01-04,2,1,9,140,"Değerli okurlar geçmişi, şimdiyi ve geleceği anlamak, kavramak için *“Şimdi”*yi anlayarak değerlendirmemiz gerektiğini düşünüyorum.",0,,0,0,,0,0,,0,18,0,0,0,0,0,0,0,0,0,"{""7"": [], ""11"": []}",0.0,0.0,0.0,,0.0,0.0,0.0,,0.0,0.0
cumhuriyet:2466858,cumhuriyet,2026-01-04,2,2,141,184,Çünkü geçmiş ve gelecek şimdinin içindedir.,0,,0,0,,0,0,,0,8,0,0,0,0,0,0,0,0,0,"{""7"": [], ""11"": []}",0.0,0.0,0.0,,0.0,0.0,0.0,,0.0,0.0
cumhuriyet:2466858,cumhuriyet,2026-01-04,2,3,185,274,"*“Geçmiş”*i şimdi anlayıp değerlendiririz, *“Gelecek”*i şimdi tasarlayıp planlayabiliriz.",0,,0,0,,0,0,,0,12,0,0,0,0,0,0,0,0,0,"{""7"": [], ""11"": []}",0.0,0.0,0.0,,0.0,0.0,0.0,,0.0,0.0
cumhuriyet:2466858,cumhuriyet,2026-01-04,2,4,275,317,"Geçmiş ve gelecek, *“şimdi”*nin içindedir.",0,,0,0,,0,0,,0,8,0,0,0,0,0,0,0,0,0,"{""7"": [], ""11"": []}",0.0,0.0,0.0,,0.0,0.0,0.0,,0.0,0.0
cumhuriyet:2466858,cumhuriyet,2026-01-04,2,5,319,524,"Şimdi, şu anda, şu günde, şu haftada, şu ay ve yılda, olayları anlamak, olguları kavramak için, hayal dünyasından çıkıp gerçeklerle yüzleşmek için Türkiye’nin üzerine oturduğu Anadolu’yu bilmek zorundayız.",0,,0,0,,0,0,,0,37,0,0,0,0,0,0,0,0,0,"{""7"": [], ""11"": []}",0.0,0.0,0.0,,0.0,0.0,0.0,,0.0,0.0
cumhuriyet:2466858,cumhuriyet,2026-01-04,2,6,525,584,O halde Google’da bulunan ansiklopedik kaynaktan öğrenelim:,1,bulunan,1,0,,0,0,,1,8,0,0,0,0,0,0,0,0,0,"{""7"": [], ""11"": []}",0.0,0.0,0.0,,0.0,0.0,0.0,,0.0,0.0
cumhuriyet:2466858,cumhuriyet,2026-01-04,2,7,586,587,*,0,,0,0,,0,0,,0,1,0,0,0,0,0,0,0,0,0,"{""7"": [], ""11"": []}",0.0,0.0,0.0,,0.0,0.0,0.0,,0.0,0.0
cumhuriyet:2466858,cumhuriyet,2026-01-04,2,8,587,857,"*Anadolu, Anadolu Yarımadası** veya coğrafi olarak Asya Kıtası’nın tüm özelliklerini içerdiğinden **Küçük** **Asya**, Asya kıtasının en batısında Karadeniz, Akdeniz ve Ege Denizi arasında kalan yaklaşık 537 bin kilometrekarelik bir alanı kaplayan dağlık bir yarımadadır.",0,,0,0,,0,0,,0,41,0,0,0,0,0,0,0,0,0,"{""7"": [], ""11"": []}",0.0,0.0,0.0,,0.0,0.0,0.0,,0.0,0.0
cumhuriyet:2466858,cumhuriyet,2026-01-04,2,9,859,949,"Batıdan doğuya olan uzunluk 1000 km’den fazla, genişlik ise 400 km’den 600 km’ye kadardır.",0,,0,0,,0,0,,0,17,0,0,0,0,0,0,0,0,0,"{""7"": [], ""11"": []}",0.0,0.0,0.0,,0.0,0.0,0.0,,0.0,0.0
cumhuriyet:2466858,cumhuriyet,2026-01-04,2,10,950,1180,Osmanlı döneminde “Anadolu”nun geleneksel doğu sınırı olarak Fırat Nehri kabul edilirken Cumhuriyetle birlikte Birinci Türk Coğrafya Kongresi’nden sonra Türkiye’nin Asya’da kalan kısmının tümü aynı coğrafi terime dahil edilmiştir.,1,edilirken | edilmiştir,2,1,edilmiştir,1,0,,1,29,0,0,0,0,0,0,0,0,0,"{""7"": [], ""11"": []}",0.0,0.0,0.0,,0.0,0.0,0.0,,0.0,0.0
cumhuriyet:2466858,cumhuriyet,2026-01-04,2,11,1181,1274,Günümüzde yaygın olarak Türkiye’nin Asya kıtasında kalan topraklarının adı olarak kullanılır.,1,kullanılır,1,0,,0,0,,1,12,0,0,0,0,0,0,0,0,0,"{""7"": [], ""11"": []}",0.0,0.0,0.0,,0.0,0.0,0.0,,0.0,0.0
cumhuriyet:2466858,cumhuriyet,2026-01-04,2,12,1276,1415,"Anadolu, Asya ve Avrupa’nın birleşim noktasındaki stratejik konumu nedeniyle tarih öncesi çağlardan beri birçok uygarlığın beşiği olmuştur.",0,,0,1,olmuştur,1,0,,0,20,0,0,0,0,0,0,0,0,0,"{""7"": [], ""11"": []}",0.0,0.0,0.0,,0.0,0.0,0.0,,0.0,0.0
cumhuriyet:2466858,cumhuriyet,2026-01-04,2,13,1416,1505,Yeryüzünün en eski yerleşkelerinden bazıları Cilalı Taş Devri’nde Anadolu’da kurulmuştur.,1,kurulmuştur,1,1,kurulmuştur,1,0,,1,11,0,0,0,0,0,0,0,0,0,"{""7"": [], ""11"": []}",0.0,0.0,0.0,,0.0,0.0,0.0,,0.0,0.0
cumhuriyet:2466858,cumhuriyet,2026-01-04,2,14,1506,1627,"Çatalhöyük, Çayönü, Nevali Çori, Hacılar, Göbekli Tepe ve Mersin (Yumuktepe) yerleşkeleri Cilalı Taş Devri’nden kalmadır.",0,,0,0,,0,0,,0,23,0,0,0,0,0,0,0,0,0,"{""7"": [], ""11"": []}",0.0,0.0,0.0,,0.0,0.0,0.0,,0.0,0.0
cumhuriyet:2466858,cumhuriyet,2026-01-04,2,15,1628,1712,Truva yerleşkesi de Cilalı Taş Devri’nde kurulmuş ve Demir Çağı’na doğru uzanmıştır.,1,kurulmuş | uzanmıştır,2,1,kurulmuş | uzanmıştır,2,0,,1,13,0,0,0,0,0,0,0,0,0,"{""7"": [], ""11"": []}",0.0,0.0,0.0,,0.0,0.0,0.0,,0.0,0.0
cumhuriyet:2466858,cumhuriyet,2026-01-04,2,16,1713,1859,"Sümer, Asur, Hitit, Yunan, Lidya, Kelt, Pers, Roma, Doğu Roma (Bizans), Selçuklu, Moğol ve Osmanlı gibi onlarca medeniyete ev sahipliği yapmıştır.",0,,0,1,yapmıştır,1,0,,0,34,0,0,0,0,0,0,0,0,0,"{""7"": [], ""11"": []}",0.0,0.0,0.0,,0.0,0.0,0.0,,0.0,0.0
cumhuriyet:2466858,cumhuriyet,2026-01-04,2,17,1860,1895,Yüzlerce dil ve lehçeyi barındırır.,0,,0,0,,0,0,,0,6,0,0,0,0,0,0,0,0,0,"{""7"": [], ""11"": []}",0.0,0.0,0.0,,0.0,0.0,0.0,,0.0,0.0
cumhuriyet:2466858,cumhuriyet,2026-01-04,2,18,1897,1968,"Anadolu, Hıristiyanlığın ilk doğduğu ve geliştiği topraklardan biridir.",0,,0,0,,0,0,,0,11,0,0,0,0,0,0,0,0,0,"{""7"": [], ""11"": []}",0.0,0.0,0.0,,0.0,0.0,0.0,,0.0,0.0
cumhuriyet:2466858,cumhuriyet,2026-01-04,2,19,1969,2024,Uzun yıllar bu topraklar Doğu Roma olarak anılmaktadır.,1,anılmakta,1,0,,0,0,,1,10,0,0,0,0,0,0,0,0,0,"{""7"": [], ""11"": []}",0.0,0.0,0.0,,0.0,0.0,0.0,,0.0,0.0
cumhuriyet:2466858,cumhuriyet,2026-01-04,2,20,2025,2098,11. yüzyıldan itibaren Türkler tarafından iskân edilmiş ve yönetilmiştir.,1,edilmiş | yönetilmiştir,2,1,edilmiş | yönetilmiştir,2,1,,0,10,0,0,0,0,0,0,0,0,0,"{""7"": [], ""11"": []}",0.0,0.0,0.0,,0.0,0.0,0.0,,0.0,0.0
cumhuriyet:2466858,cumhuriyet,2026-01-04,2,21,2099,2214,Özellikle 1071 yılındaki Malazgirt Meydan Muharebesi’nden itibaren Müslüman Oğuz Türkleri Anadolu’ya akın etmiştir.,0,,0,1,etmiştir,1,0,,0,15,0,0,0,0,0,0,0,0,0,"{""7"": [], ""11"": []}",0.0,0.0,0.0,,0.0,0.0,0.0,,0.0,0.0
cumhuriyet:2466858,cumhuriyet,2026-01-04,2,22,2216,2308,**Etimoloji**: Anadolu sözcüğü Yunanca doğu veya gündoğumu anlamındaki sözcükten türemiştir.,1,türemiştir,1,1,türemiştir,1,0,,1,15,0,0,0,0,0,0,0,0,0,"{""7"": [], ""11"": []}",0.0,0.0,0.0,,0.0,0.0,0.0,,0.0,0.0
cumhuriyet:2466858,cumhuriyet,2026-01-04,2,23,2309,2494,Bizans İmparatorluğu döneminde orta Anadolu’nun bir kısmı imparatorluğun merkezine doğuda olmasından kaynaklı doğu askeri idari birimi ya da Anatolikon Themas olarak adlandırılmaktaydı.,0,,0,0,,0,0,,0,24,0,0,0,0,0,0,0,0,0,"{""7"": [], ""11"": []}",0.0,0.0,0.0,,0.0,0.0,0.0,,0.0,0.0
cumhuriyet:2466858,cumhuriyet,2026-01-04,2,24,2495,2580,"Anatolikon Theması Afyon, Isparta, Konya, Kayseri ve Mersin yörelerini kapsamaktaydı.",0,,0,0,,0,0,,0,15,0,0,0,0,0,0,0,0,0,"{""7"": [], ""11"": []}",0.0,0.0,0.0,,0.0,0.0,0.0,,0.0,0.0
cumhuriyet:2466858,cumhuriyet,2026-01-04,2,25,2582,2742,"Osmanlı döneminde ise Anatoli, merkezi önce Ankara (1393-1451), sonra Kütahya (1451-1827) olan kuruluş tarihi ve protokol olarak ikinci beylerbeyliğinin adıdır.",0,,0,0,,0,0,,0,32,0,0,0,0,0,0,0,0,0,"{""7"": [], ""11"": []}",0.0,0.0,0.0,,0.0,0.0,0.0,,0.0,0.0
cumhuriyet:2466858,cumhuriyet,2026-01-04,2,26,2743,2883,"Beylerbeyliği’nin (daha sonraki ismiyle eyalet) doğu sınırlarını Antalya, Isparta, Afyonkarahisar, Ankara, Çankırı ve Sinop oluşturmaktaydı.",0,,0,0,,0,0,,0,24,0,0,0,0,0,0,0,0,0,"{""7"": [], ""11"": []}",0.0,0.0,0.0,,0.0,0.0,0.0,,0.0,0.0
cumhuriyet:2466858,cumhuriyet,2026-01-04,2,27,2884,2978,"Beylerbeyliği’nin komşuları (kuzeyden güneye) Rum Eyaleti, Karaman Eyaleti, Adana Eyaleti’dir.",0,,0,0,,0,0,,0,16,0,0,0,0,0,0,0,0,0,"{""7"": [], ""11"": []}",0.0,0.0,0.0,,0.0,0.0,0.0,,0.0,0.0
cumhuriyet:2466858,cumhuriyet,2026-01-04,2,28,2980,3110,19. yüzyılda genel anlamda imparatorluğun Asya Kıtası’nda kalan ve Türklerle meskûn olan bölgesini tanımlamak için kullanılmıştır.,1,kullanılmıştır,1,1,kullanılmıştır,1,0,,1,17,0,0,0,0,0,0,0,0,0,"{""7"": [], ""11"": []}",0.0,0.0,0.0,,0.0,0.0,0.0,,0.0,0.0
cumhuriyet:2466858,cumhuriyet,2026-01-04,2,29,3112,3159,**Coğrafya**: Yarımada hâkim dağlık arazidedir.,0,,0,0,,0,0,,0,9,0,0,0,0,0,0,0,0,0,"{""7"": [], ""11"": []}",0.0,0.0,0.0,,0.0,0.0,0.0,,0.0,0.0
cumhuriyet:2466858,cumhuriyet,2026-01-04,2,30,3160,3253,"Büyük kısmı, doğuda yarı çöl Anadolu Yaylaları ve Ermeni Yaylası tarafından işgal edilmiştir.",1,edilmiştir,1,1,edilmiştir,1,1,,0,15,0,0,0,0,0,0,0,0,0,"{""7"": [], ""11"": []}",0.0,0.0,0.0,,0.0,0.0,0.0,,0.0,0.0
cumhuriyet:2466858,cumhuriyet,2026-01-04,2,31,3254,3406,"Anadolu Platosu’nun içi, marjinal Kuzey Anadolu Dağları (kuzeyde) ve Toros Dağları (güneyde) ile sınırlanan Anadolu Yaylası tarafından işgal edilmiştir.",1,sınırlanan | edilmiştir,2,1,edilmiştir,1,1,,0,25,0,0,0,0,0,0,0,0,0,"{""7"": [], ""11"": []}",0.0,0.0,0.0,,0.0,0.0,0.0,,0.0,0.0
cumhuriyet:2466858,cumhuriyet,2026-01-04,2,32,3407,3498,"Ege, Akdeniz ve Marmara Denizi kıyıları boyunca Akdeniz bitki örtüsü ile dar ovalar vardır.",0,,0,0,,0,0,,0,17,0,0,0,0,0,0,0,0,0,"{""7"": [], ""11"": []}",0.0,0.0,0.0,,0.0,0.0,0.0,,0.0,0.0
cumhuriyet:2466858,cumhuriyet,2026-01-04,2,33,3500,3501,*,0,,0,0,,0,0,,0,1,0,0,0,0,0,0,0,0,0,"{""7"": [], ""11"": []}",0.0,0.0,0.0,,0.0,0.0,0.0,,0.0,0.0
cumhuriyet:2466858,cumhuriyet,2026-01-04,2,34,3501,3631,"*Tanımlama**: Anadolu; kuzeyde Karadeniz, güneyde Akdeniz, batıda Ege denizi, kuzeybatıda Marmara Denizi ile sınırlanmış bölgedir.",1,sınırlanmış,1,1,sınırlanmış,1,0,,1,22,0,0,0,0,0,0,0,0,0,"{""7"": [], ""11"": []}",0.0,0.0,0.0,,0.0,0.0,0.0,,0.0,0.0
cumhuriyet:2466858,cumhuriyet,2026-01-04,2,35,3632,3851,"Doğuda ise tarihsel olarak İskenderun Körfezi’nin güneyindeki Akdeniz kıyılarından sonra 40. meridyen ile Van Gölü arasında bir çizgi olarak kabul edilir ve kuzeyde sınır, Çoruh Nehri’nin alçak seyri ile kabaca çakışır.",1,edilir,1,0,,0,0,,1,34,0,0,0,0,0,0,0,0,0,"{""7"": [], ""11"": []}",0.0,0.0,0.0,,0.0,0.0,0.0,,0.0,0.0
cumhuriyet:2466858,cumhuriyet,2026-01-04,2,36,3852,3963,Cumhuriyetin ilanından itibaren ise Anadolu Türkiye’nin Asya’da kalan kısmıyla eşanlamlı olarak kullanılmıştır.,1,kullanılmıştır,1,1,kullanılmıştır,1,0,,1,13,0,0,0,0,0,0,0,0,0,"{""7"": [], ""11"": []}",0.0,0.0,0.0,,0.0,0.0,0.0,,0.0,0.0
cumhuriyet:2466858,cumhuriyet,2026-01-04,2,37,3964,4023,"Yarımada, Asya’nın diğer tüm bölgelerine kıyasla batıdadır.",0,,0,0,,0,0,,0,10,0,0,0,0,0,0,0,0,0,"{""7"": [], ""11"": []}",0.0,0.0,0.0,,0.0,0.0,0.0,,0.0,0.0
cumhuriyet:2466858,cumhuriyet,2026-01-04,2,38,4025,4081,Anadolu coğrafi olarak daha çok Avrupa’ya benzemektedir.,0,,0,0,,0,0,,0,10,0,0,0,0,0,0,0,0,0,"{""7"": [], ""11"": []}",0.0,0.0,0.0,,0.0,0.0,0.0,,0.0,0.0
cumhuriyet:2466858,cumhuriyet,2026-01-04,2,39,4082,4138,Çünkü bütün Akdeniz’in kuzeyi Avrupa kabul edilmektedir.,1,edilmekte,1,0,,0,0,,1,9,0,0,0,0,0,0,0,0,0,"{""7"": [], ""11"": []}",0.0,0.0,0.0,,0.0,0.0,0.0,,0.0,0.0
cumhuriyet:2466858,cumhuriyet,2026-01-04,2,40,4139,4350,"Anadolu da coğrafi olarak kendisinden çok farklı özellikler barındıran Asya ülkelerinden (Çin, Hindistan, İran vb.) çok, Akdeniz’in kuzeyindeki Yunanistan, İtalya ve İspanya gibi Avrupa ülkelerine benzemektedir.",0,,0,0,,0,0,,0,36,0,0,0,0,0,0,0,0,0,"{""7"": [], ""11"": []}",0.0,0.0,0.0,,0.0,0.0,0.0,,0.0,0.0
cumhuriyet:2466858,cumhuriyet,2026-01-04,2,41,4351,4469,"Doğal sebepler siyasi olayları da etkilediği için Anadolu’nun, tarihte Asya’dan çok Avrupa ile münasebetleri olmuştur.",0,,0,1,olmuştur,1,0,,0,17,0,0,0,0,0,0,0,0,0,"{""7"": [], ""11"": []}",0.0,0.0,0.0,,0.0,0.0,0.0,,0.0,0.0
cumhuriyet:2466858,cumhuriyet,2026-01-04,2,42,4470,4578,"Bütün bunlara rağmen Anadolu’nun Asya içinde düşünülmesi, onun güçlü bir Asya kültürüne sahip olmasındandır.",1,düşünülmesi,1,0,,0,0,,1,17,0,0,0,0,0,0,0,0,0,"{""7"": [], ""11"": []}",0.0,0.0,0.0,,0.0,0.0,0.0,,0.0,0.0
cumhuriyet:2466858,cumhuriyet,2026-01-04,2,43,4579,4650,"Tarih boyunca Asya kültürü, kendisinin batısındaki Anadolu’ya akmıştır.",0,,0,1,akmıştır,1,0,,0,11,0,0,0,0,0,0,0,0,0,"{""7"": [], ""11"": []}",0.0,0.0,0.0,,0.0,0.0,0.0,,0.0,0.0
cumhuriyet:2466858,cumhuriyet,2026-01-04,2,44,4651,4805,"Asya kökenli Türklerin, *eski* *Yunan-Roma coğrafyası olan Anadolu*’daki (ki Diyarı Rum tabiri tam da bunu anlatır) varlığı bunun maddi bir göstergesidir.",0,,0,0,,0,0,,0,32,0,0,0,0,0,0,0,0,0,"{""7"": [], ""11"": []}",0.0,0.0,0.0,,0.0,0.0,0.0,,0.0,0.0
cumhuriyet:2478082,cumhuriyet,2026-02-12,3,0,0,50,Asya üretim dengelerinde yeni dönem - Gözde Dizdar,0,,0,0,,0,0,,0,8,0,0,0,0,0,0,0,0,0,"{""6"": [], ""7"": [], ""11"": []}",0.0,0.0,0.0,,0.0,0.0,0.0,,0.0,0.0
cumhuriyet:2478082,cumhuriyet,2026-02-12,3,1,52,262,"Bangladeş’te bugün yapılacak genel seçimler, yalnızca iç siyaseti ilgilendiren bir gelişme değil; güney ve güneydoğu Asya’daki üretim ve ticaret dengeleri açısından da yakından izlenen bir sürece işaret ediyor.",1,yapılacak | izlenen,2,0,,0,0,,1,32,0,0,1,0,0,0,0,0,0,"{""6"": [], ""7"": [], ""11"": []}",1.0,1.0,1.0,,0.0,0.0,0.0,,1.0,0.0
cumhuriyet:2478082,cumhuriyet,2026-02-12,3,2,263,456,"Yaklaşık 172 milyonluk nüfusu ve son on yılda ortalama yüzde 6 civarında seyreden büyüme performansıyla Bangladeş, küresel üretim ağlarında giderek daha görünür bir aktör haline gelmiş durumda.",0,,0,1,gelmiş,1,0,,0,29,0,0,0,0,0,0,0,0,0,"{""6"": [], ""7"": [], ""11"": []}",0.0,0.0,0.0,,0.0,0.0,0.0,,0.0,0.0
cumhuriyet:2478082,cumhuriyet,2026-02-12,3,3,458,705,"Özellikle hazırgiyim sektöründe dünyanın önde gelen ihracatçı ülkeleri arasında yer alan Bangladeş, Çin sonrası dönemde üretim hatlarının çeşitlenmesi arayışında olan küresel şirketler için önemli bir alternatif üretim merkezi konumunda bulunuyor.",1,çeşitlenmesi | bulunuyor,2,0,,0,0,,1,34,0,0,0,0,0,0,0,0,0,"{""6"": [], ""7"": [], ""11"": []}",0.0,0.0,0.0,,0.0,0.0,0.0,,0.0,0.0
cumhuriyet:2478082,cumhuriyet,2026-02-12,3,4,706,865,"Bu nedenle seçim süreci, yalnızca sandıktan çıkacak sonuçlar açısından değil; tedarik zincirlerinin yönü ve yatırım kararları bakımından da dikkatle izleniyor.",1,izleniyor,1,0,,0,0,,1,23,0,0,0,0,0,0,0,0,0,"{""6"": [], ""7"": [], ""11"": []}",0.0,0.0,0.0,,0.0,0.0,0.0,,0.0,0.0
cumhuriyet:2478082,cumhuriyet,2026-02-12,3,5,867,869,##,0,,0,0,,0,0,,0,1,0,0,0,0,0,0,0,0,0,"{""6"": [], ""7"": [], ""11"": []}",0.0,0.0,0.0,,0.0,0.0,0.0,,0.0,0.0
cumhuriyet:2478082,cumhuriyet,2026-02-12,3,6,870,898,HASİNA DÖNEMİ VE KIRILMA ANI,0,,0,0,,0,0,,0,5,0,0,0,0,0,0,0,0,0,"{""6"": [], ""7"": [], ""11"": []}",0.0,0.0,0.0,,0.0,0.0,0.0,,0.0,0.0
cumhuriyet:2478082,cumhuriyet,2026-02-12,3,7,900,961,"Bangladeş, 2009’dan bu yana Şeyh Hasina tarafından yönetildi.",1,yönetildi,1,0,,0,1,,0,10,1,0,0,0,0,0,0,0,0,"{""6"": [], ""7"": [], ""11"": []}",1.0,1.0,1.0,,0.0,0.0,0.0,,1.0,0.0
cumhuriyet:2478082,cumhuriyet,2026-02-12,3,8,962,1146,"15 yıllık bu dönem, ekonomik büyümenin sürdürülmesiyle birlikte siyasi alanın giderek daraldığı, muhalefetin baskılandığı ve kurumların merkezileştiği bir yönetim modeliyle şekillendi.",1,baskılandığı,1,0,,0,0,,1,24,0,0,0,0,0,0,0,0,0,"{""6"": [], ""7"": [], ""11"": []}",0.0,0.0,0.0,,0.0,0.0,0.0,,0.0,0.0
cumhuriyet:2478082,cumhuriyet,2026-02-12,3,9,1147,1269,"Dışarıdan bakıldığında “istikrar” olarak tanımlanan bu yapı, içeride artan toplumsal gerilim ve temsil krizini biriktirdi.",1,bakıldığında | tanımlanan,2,0,,0,0,,1,17,0,0,0,0,0,0,1,0,0,"{""6"": [], ""7"": [""Simplification""], ""11"": []}",0.0,0.0,0.0,,1.0,1.0,1.0,,0.0,1.0
cumhuriyet:2478082,cumhuriyet,2026-02-12,3,10,1271,1316,"Bu birikim, sonunda siyasi kırılmaya dönüştü.",0,,0,0,,0,0,,0,8,0,0,0,0,0,0,0,0,0,"{""6"": [], ""7"": [], ""11"": []}",0.0,0.0,0.0,,0.0,0.0,0.0,,0.0,0.0
cumhuriyet:2478082,cumhuriyet,2026-02-12,3,11,1317,1450,"Hasina’nın devrilmesi ve ülkeyi terk etmesiyle Bangladeş, uzun süredir bastırılan geçiş meselesiyle doğrudan yüzleşmek zorunda kaldı.",1,bastırılan,1,0,,0,0,,1,19,0,0,0,0,0,0,0,0,0,"{""6"": [], ""7"": [], ""11"": []}",0.0,0.0,0.0,,0.0,0.0,0.0,,0.0,0.0
cumhuriyet:2478082,cumhuriyet,2026-02-12,3,12,1452,1454,##,0,,0,0,,0,0,,0,1,0,0,0,0,0,0,0,0,0,"{""6"": [], ""7"": [], ""11"": []}",0.0,0.0,0.0,,0.0,0.0,0.0,,0.0,0.0
cumhuriyet:2478082,cumhuriyet,2026-02-12,3,13,1455,1470,GEÇİŞİ TUTAN EL,0,,0,0,,0,0,,0,3,0,0,0,0,0,0,0,0,0,"{""6"": [], ""7"": [], ""11"": []}",0.0,0.0,0.0,,0.0,0.0,0.0,,0.0,0.0
cumhuriyet:2478082,cumhuriyet,2026-02-12,3,14,1472,1517,Bu kırılmanın ardından devreye giren isim Dr.,0,,0,0,,0,0,,0,8,0,1,0,0,0,0,0,0,0,"{""6"": [], ""7"": [], ""11"": []}",0.0,0.0,0.0,0.0,0.0,0.0,0.0,,1.0,0.0
cumhuriyet:2478082,cumhuriyet,2026-02-12,3,15,1518,1538,Muhammed Yunus oldu.,0,,0,0,,0,0,,0,4,0,1,0,0,0,0,0,0,0,"{""6"": [], ""7"": [], ""11"": []}",0.0,0.0,0.0,0.0,0.0,0.0,0.0,,1.0,0.0
cumhuriyet:2478082,cumhuriyet,2026-02-12,3,16,1539,1707,"Yunus’un rolü, yeni bir siyasi düzen kurmaktan ziyade, çöken güven ortamını onarmak ve ülkeyi yeniden seçimlere taşıyacak ara geçiş sürecini yönetmek olarak şekillendi.",0,,0,0,,0,0,,0,26,0,0,0,0,0,0,0,0,0,"{""6"": [], ""7"": [], ""11"": []}",0.0,0.0,0.0,,0.0,0.0,0.0,,0.0,0.0
cumhuriyet:2478082,cumhuriyet,2026-02-12,3,17,1709,1905,"Uluslararası itibarı, teknokrat kimliği ve parti siyasetinin dışında konumlanması, Yunus’u hem içeride tansiyonu düşüren hem de dış dünyaya “kontrollü geçiş” mesajı veren bir figür haline getirdi.",0,,0,0,,0,0,,0,29,0,0,0,0,0,1,0,0,0,"{""6"": [], ""7"": [""Manipulative Wording""], ""11"": []}",0.0,0.0,0.0,,1.0,1.0,1.0,,0.0,1.0
cumhuriyet:2478082,cumhuriyet,2026-02-12,3,18,1906,2030,"Bu nedenle Yunus dönemi, Bangladeş için bir yön tayininden çok, nefes alma ve yeniden kurumsallaşma aralığı olarak okunmalı.",1,okunmalı,1,0,,0,0,,1,21,0,0,0,0,0,0,0,0,0,"{""6"": [], ""7"": [], ""11"": []}",0.0,0.0,0.0,,0.0,0.0,0.0,,0.0,0.0
cumhuriyet:2478082,cumhuriyet,2026-02-12,3,19,2032,2034,##,0,,0,0,,0,0,,0,1,0,0,0,0,0,0,0,0,0,"{""6"": [], ""7"": [], ""11"": []}",0.0,0.0,0.0,,0.0,0.0,0.0,,0.0,0.0
cumhuriyet:2478082,cumhuriyet,2026-02-12,3,20,2035,2059,GEÇİŞTEN SONRAKİ SİYASET,0,,0,0,,0,0,,0,3,0,0,0,0,0,0,0,0,0,"{""6"": [], ""7"": [], ""11"": []}",0.0,0.0,0.0,,0.0,0.0,0.0,,0.0,0.0
cumhuriyet:2478082,cumhuriyet,2026-02-12,3,21,2061,2113,Asıl siyasi rekabet ise geçişin ardından başlayacak.,0,,0,0,,0,0,,0,8,0,0,0,0,0,0,0,0,0,"{""6"": [], ""7"": [], ""11"": []}",0.0,0.0,0.0,,0.0,0.0,0.0,,0.0,0.0
cumhuriyet:2478082,cumhuriyet,2026-02-12,3,22,2114,2219,"Bu noktada Tarique Rahman, Hasina sonrası dönemin en güçlü siyasal aktörlerinden biri olarak öne çıkıyor.",0,,0,0,,0,0,,0,17,0,1,0,0,0,0,0,0,0,"{""6"": [], ""7"": [], ""11"": []}",1.0,1.0,1.0,,0.0,0.0,0.0,,1.0,0.0
cumhuriyet:2478082,cumhuriyet,2026-02-12,3,23,2220,2369,"Uzun süredir ülke dışında bulunan Rahman, muhalefetin yeniden siyasal alan kazanması ve rekabetin normalleşmesi beklentilerinin taşıyıcısı konumunda.",1,bulunan,1,0,,0,0,,1,20,0,0,0,0,0,0,0,0,0,"{""6"": [], ""7"": [], ""11"": []}",0.0,0.0,0.0,,0.0,0.0,0.0,,0.0,0.0
cumhuriyet:2478082,cumhuriyet,2026-02-12,3,24,2371,2527,"Rahman faktörü, sert bir kopuştan ziyade, siyasi çoğulculuğun yeniden inşa edilmesi ve kurumsal siyasetin geri dönmesi ihtimali üzerinden değerlendiriliyor.",1,edilmesi | değerlendiriliyor,2,0,,0,0,,1,22,0,1,0,0,1,0,0,0,0,"{""6"": [], ""7"": [""Justification""], ""11"": []}",1.0,1.0,1.0,,1.0,1.0,1.0,,1.0,1.0
cumhuriyet:2478082,cumhuriyet,2026-02-12,3,25,2528,2635,Bu beklentinin karşılık bulup bulmayacağı ise seçim sonrası dönemde kurulacak siyasi mimariye bağlı olacak.,1,kurulacak,1,0,,0,0,,1,15,0,0,0,0,0,0,0,0,0,"{""6"": [], ""7"": [], ""11"": []}",0.0,0.0,0.0,,0.0,0.0,0.0,,0.0,0.0
cumhuriyet:2478082,cumhuriyet,2026-02-12,3,26,2637,2670,## REKABETİN MERKEZİNDEKİ EKONOMİ,0,,0,0,,0,0,,0,4,0,0,0,0,0,0,0,0,0,"{""6"": [], ""7"": [], ""11"": []}",0.0,0.0,0.0,,0.0,0.0,0.0,,0.0,0.0
cumhuriyet:2478082,cumhuriyet,2026-02-12,3,27,2672,2777,"Tüm bu siyasi geçiş süreci, Bangladeş’in küresel ekonomi içindeki konumunu daha da kritik hale getiriyor.",0,,0,0,,0,0,,0,18,0,0,0,0,0,0,0,0,0,"{""6"": [], ""7"": [], ""11"": []}",0.0,0.0,0.0,,0.0,0.0,0.0,,0.0,0.0
cumhuriyet:2478082,cumhuriyet,2026-02-12,3,28,2778,2966,"Çin, Kuşak ve Yol Girişimi kapsamında altyapı ve enerji yatırımlarını sürdürürken Hindistan açısından Bangladeş hem güvenlik hem de ticaret boyutuyla stratejik bir komşu olmayı sürdürüyor.",0,,0,0,,0,0,,0,28,0,0,0,0,0,0,0,0,0,"{""6"": [], ""7"": [], ""11"": []}",0.0,0.0,0.0,,0.0,0.0,0.0,,0.0,0.0
cumhuriyet:2478082,cumhuriyet,2026-02-12,3,29,2967,3073,"ABD ve Avrupa Birliği ise Bangladeş’i, Çin’e alternatif üretim merkezlerinden biri olarak konumlandırıyor.",0,,0,0,,0,0,,0,15,0,0,0,0,0,0,0,0,0,"{""6"": [], ""7"": [], ""11"": []}",0.0,0.0,0.0,,0.0,0.0,0.0,,0.0,0.0
cumhuriyet:2478082,cumhuriyet,2026-02-12,3,30,3075,3232,"Vietnam, Endonezya ve Malezya gibi üretim merkezleriyle birlikte düşünüldüğünde, Bangladeş’in Asya üretim ağlarındaki yeri artık yapısal bir nitelik taşıyor.",1,düşünüldüğünde,1,0,,0,0,,1,23,0,0,0,0,0,0,0,0,0,"{""6"": [], ""7"": [], ""11"": []}",0.0,0.0,0.0,,0.0,0.0,0.0,,0.0,0.0
cumhuriyet:2478082,cumhuriyet,2026-02-12,3,31,3233,3301,"Ancak bu konumun korunması, doğrudan siyasi öngörülebilirliğe bağlı.",1,korunması,1,0,,0,0,,1,10,0,0,0,0,0,0,0,0,0,"{""6"": [], ""7"": [], ""11"": []}",0.0,0.0,0.0,,0.0,0.0,0.0,,0.0,0.0
cumhuriyet:2478082,cumhuriyet,2026-02-12,3,32,3303,3305,##,0,,0,0,,0,0,,0,1,0,0,0,0,0,0,0,0,0,"{""6"": [], ""7"": [], ""11"": []}",0.0,0.0,0.0,,0.0,0.0,0.0,,0.0,0.0
cumhuriyet:2478082,cumhuriyet,2026-02-12,3,33,3306,3337,TÜRKİYE VE BÖLGE İÇİN FIRSATLAR,0,,0,0,,0,0,,0,5,0,0,0,0,0,0,0,0,0,"{""6"": [], ""7"": [], ""11"": []}",0.0,0.0,0.0,,0.0,0.0,0.0,,0.0,0.0
cumhuriyet:2478082,cumhuriyet,2026-02-12,3,34,3339,3455,Türkiye ile Bangladeş arasındaki ticaret hacmi 2024 itibarıyla yaklaşık 1.3 milyar dolar seviyesine ulaşmış durumda.,0,,0,1,ulaşmış,1,0,,0,17,0,0,0,0,0,0,0,0,0,"{""6"": [], ""7"": [], ""11"": []}",0.0,0.0,0.0,,0.0,0.0,0.0,,0.0,0.0
cumhuriyet:2478082,cumhuriyet,2026-02-12,3,35,3456,3583,"Türkiye’nin Bangladeş’e ihracatı 400 milyon doların üzerinde, Bangladeş’ten ithalatı ise 850 milyon dolar civarında seyrediyor.",0,,0,0,,0,0,,0,17,0,0,0,0,0,0,0,0,0,"{""6"": [], ""7"": [], ""11"": []}",0.0,0.0,0.0,,0.0,0.0,0.0,,0.0,0.0
cumhuriyet:2478082,cumhuriyet,2026-02-12,3,36,3584,3666,"Bu tablo, ilişkilerin büyüdüğünü ancak hâlâ derinleşmeye açık olduğunu gösteriyor.",0,,0,0,,0,0,,0,12,0,0,0,0,0,0,0,0,0,"{""6"": [], ""7"": [], ""11"": []}",0.0,0.0,0.0,,0.0,0.0,0.0,,0.0,0.0
cumhuriyet:2478082,cumhuriyet,2026-02-12,3,37,3668,3751,"Bangladeş’in toplam ihracatı 55 milyar dolar, ithalatı 65 milyar dolar seviyesinde.",0,,0,0,,0,0,,0,13,0,0,0,0,0,0,0,0,0,"{""6"": [], ""7"": [], ""11"": []}",0.0,0.0,0.0,,0.0,0.0,0.0,,0.0,0.0
cumhuriyet:2478082,cumhuriyet,2026-02-12,3,38,3752,3885,İhracatın yüzde 80’inden fazlası hazırgiyim sektöründen geliyor ve bu alan tek başına 40 milyar doların üzerinde bir hacim yaratıyor.,0,,0,0,,0,0,,0,21,0,0,0,0,0,0,0,0,0,"{""6"": [], ""7"": [], ""11"": []}",0.0,0.0,0.0,,0.0,0.0,0.0,,0.0,0.0
cumhuriyet:2478082,cumhuriyet,2026-02-12,3,39,3886,4046,"Bu yapı, Türkiye açısından tekstil yan sanayi, makine, ekipman, kimya, inşaat malzemeleri ve mühendislik hizmetleri gibi alanlarda ciddi fırsatlar barındırıyor.",0,,0,0,,0,0,,0,26,0,0,0,0,0,0,0,0,0,"{""6"": [], ""7"": [], ""11"": []}",0.0,0.0,0.0,,0.0,0.0,0.0,,0.0,0.0
cumhuriyet:2478082,cumhuriyet,2026-02-12,3,40,4048,4240,"Bangladeş’in 2026 sonrasında en az gelişmiş ülkeler statüsünden çıkacak olması, Türkiye için klasik ihracatın ötesinde yerel üretim ve ortak yatırım modellerini de daha anlamlı hale getiriyor.",0,,0,0,,0,0,,0,29,0,0,0,0,0,0,0,0,0,"{""6"": [], ""7"": [], ""11"": []}",0.0,0.0,0.0,,0.0,0.0,0.0,,0.0,0.0
cumhuriyet:2478082,cumhuriyet,2026-02-12,3,41,4241,4351,"Bu da Bangladeş’i yalnızca bir pazar değil, Asya üretim dengelerinde stratejik bir ortak olarak öne çıkarıyor.",0,,0,0,,0,0,,0,18,0,0,0,0,0,0,0,0,0,"{""6"": [], ""7"": [], ""11"": []}",0.0,0.0,0.0,,0.0,0.0,0.0,,0.0,0.0
cumhuriyet:2478082,cumhuriyet,2026-02-12,3,42,4353,4380,## ASIL SORU SEÇİMDEN SONRA,0,,0,0,,0,0,,0,5,0,0,0,0,0,0,0,0,0,"{""6"": [], ""7"": [], ""11"": []}",0.0,0.0,0.0,,0.0,0.0,0.0,,0.0,0.0
cumhuriyet:2478082,cumhuriyet,2026-02-12,3,43,4382,4445,"Bangladeş bugün bir seçimden çok, bir yeniden kurulum eşiğinde.",0,,0,0,,0,0,,0,11,0,0,0,0,0,0,0,0,0,"{""6"": [], ""7"": [], ""11"": []}",0.0,0.0,0.0,,0.0,0.0,0.0,,0.0,0.0
cumhuriyet:2478082,cumhuriyet,2026-02-12,3,44,4446,4468,Hasina dönemi kapandı.,1,kapandı,1,0,,0,0,,1,4,0,0,0,0,0,0,0,0,0,"{""6"": [], ""7"": [], ""11"": []}",0.0,0.0,0.0,,0.0,0.0,0.0,,0.0,0.0
cumhuriyet:2478082,cumhuriyet,2026-02-12,3,45,4469,4580,"Yunus’un yönettiği geçiş süreci sona ererken, ülkenin önünde yeni bir siyasal ve ekonomik çerçeve şekilleniyor.",0,,0,0,,0,0,,0,17,0,0,0,0,0,0,0,0,0,"{""6"": [], ""7"": [], ""11"": []}",0.0,0.0,0.0,,0.0,0.0,0.0,,0.0,0.0
cumhuriyet:2478082,cumhuriyet,2026-02-12,3,46,4581,4713,"Temel soru artık şu: Bangladeş, bu geçişi kalıcı bir siyasi normalleşmeye ve sürdürülebilir bir üretim ortamına dönüştürebilecek mi?",0,,0,0,,0,0,,0,21,0,0,0,0,0,0,0,0,0,"{""6"": [], ""7"": [], ""11"": []}",0.0,0.0,0.0,,0.0,0.0,0.0,,0.0,0.0
cumhuriyet:2478082,cumhuriyet,2026-02-12,3,47,4715,4731,**GÖZDE DİZDAR**,0,,0,0,,0,0,,0,3,0,0,0,0,0,0,0,0,0,"{""6"": [], ""7"": [], ""11"": []}",0.0,0.0,0.0,,0.0,0.0,0.0,,0.0,0.0
cumhuriyet:2478082,cumhuriyet,2026-02-12,3,48,4734,4804,ASYA PASİFİK ULUSLARARASI MERKEZ DEMOKRATLAR (CAPDI) BAŞKAN YARDIMCISI,0,,0,0,,0,0,,0,10,0,0,0,0,0,0,0,0,0,"{""6"": [], ""7"": [], ""11"": []}",0.0,0.0,0.0,,0.0,0.0,0.0,,0.0,0.0
cumhuriyet:2491300,cumhuriyet,2026-04-01,3,0,0,27,Laiklik dine saygı gösterir,0,,0,0,,0,0,,0,4,0,0,0,0,0,0,0,0,0,"{""6"": [], ""7"": [], ""11"": []}",0.0,0.0,0.0,,0.0,0.0,0.0,,0.0,0.0
cumhuriyet:2491300,cumhuriyet,2026-04-01,3,1,29,111,"Laiklik, siyasal ve toplumsal sistemin din ve devlet ayrılığı ilkesi, anlayışıdır.",0,,0,0,,0,0,,0,15,0,0,0,0,0,0,0,0,0,"{""6"": [], ""7"": [], ""11"": []}",0.0,0.0,0.0,,0.0,0.0,0.0,,0.0,0.0
cumhuriyet:2491300,cumhuriyet,2026-04-01,3,2,112,294,"Din kurumunun siyasal ve toplumsal yaşam üzerindeki egemenliğini sınırlamayı; dinin kişisel, siyasal ve maddi bir çıkar, istismar, baskı aracı olarak kullanılmasını önlemeyi amaçlar.",1,kullanılmasını,1,0,,0,0,,1,29,0,0,0,0,0,0,0,0,0,"{""6"": [], ""7"": [], ""11"": []}",0.0,0.0,0.0,,0.0,0.0,0.0,,0.0,0.0
cumhuriyet:2491300,cumhuriyet,2026-04-01,3,3,295,360,"Bu amaçla laiklik dine saygıdır, inanç özgürlüğünün güvencesidir.",0,,0,0,,0,0,,0,12,0,0,0,0,0,0,1,0,0,"{""6"": [""Simplification""], ""7"": [], ""11"": []}",0.0,0.0,0.0,,1.0,1.0,1.0,,0.0,1.0
cumhuriyet:2491300,cumhuriyet,2026-04-01,3,4,361,436,"Dine saygısızlık, dünyevi işlerde dinin çıkar aracı olarak kullanılmasıdır.",0,,0,0,,0,0,,0,12,0,0,0,0,0,0,1,0,0,"{""6"": [""Simplification""], ""7"": [], ""11"": []}",0.0,0.0,0.0,,1.0,1.0,1.0,,0.0,1.0
cumhuriyet:2491300,cumhuriyet,2026-04-01,3,5,438,557,"Laiklik, ulusal devlete geçişin, ulusal egemenliğin yerleşmesinin, çağdaşlaşmanın, kalkınmanın olmazsa olmaz koşuludur.",1,yerleşmesinin,1,0,,0,0,,1,18,0,0,0,0,1,0,0,0,0,"{""6"": [""Justification""], ""7"": [], ""11"": []}",0.0,0.0,0.0,,1.0,1.0,1.0,,0.0,1.0
cumhuriyet:2491300,cumhuriyet,2026-04-01,3,6,559,732,"**Mustafa Kemal** Paşa’nın tarihi *“Büyüt Nutuk”*u okuduğu CHP’nin 1927 yılındaki ikinci kurultayında cumhuriyetçilik, milliyetçilik, halkçılık partinin temel ilkeleri oldu.",0,,0,0,,0,0,,0,25,0,1,0,0,0,0,0,0,0,"{""6"": [], ""7"": [], ""11"": []}",0.0,1.0,0.0,0.0,0.0,0.0,0.0,,1.0,0.0
cumhuriyet:2491300,cumhuriyet,2026-04-01,3,7,733,866,Laiklik sözcüğü kullanılmamakla birlikte *“devlet ve millet işlerinde din ve dünyayı birbirinden ayırma”* bir ilke olarak belirtildi.,1,kullanılmamakla,1,0,,0,0,,1,19,0,0,0,0,0,0,0,0,0,"{""6"": [], ""7"": [], ""11"": []}",0.0,0.0,0.0,,0.0,0.0,0.0,,0.0,0.0
cumhuriyet:2491300,cumhuriyet,2026-04-01,3,8,867,972,"Laiklik, devletçilik, devrimcilik ilkeleriyle birlikte partinin 1931 yılındaki kurultayında kabul edildi.",1,edildi,1,0,,0,0,,1,15,0,0,0,0,0,0,0,0,0,"{""6"": [], ""7"": [], ""11"": []}",0.0,0.0,0.0,,0.0,0.0,0.0,,0.0,0.0
cumhuriyet:2491300,cumhuriyet,2026-04-01,3,9,974,1228,"Türkiye’de tarihsel ve toplumsal nedenlerle laiklik konusunda, bazı Batı ülkelerinden farklı bir yol izlenmiş; devlet kendi yapısı içine aldığı “Diyanet İşleri Başkanlığı” kurumu ile din hizmetlerinin devlet tarafından karşılanması tercihine yönelmiştir.",1,izlenmiş | karşılanması,2,1,izlenmiş | yönelmiştir,2,1,,0,34,1,0,0,0,0,0,0,0,0,"{""6"": [], ""7"": [], ""11"": []}",1.0,1.0,1.0,,0.0,0.0,0.0,,1.0,0.0
cumhuriyet:2491300,cumhuriyet,2026-04-01,3,10,1229,1336,Bu yolla din kurumunun siyasal ve toplumsal güç olarak toplumsal yaşama egemenliği engellenmek istenmiştir.,1,istenmiştir,1,1,istenmiştir,1,0,,1,15,0,0,0,0,0,0,0,0,0,"{""6"": [], ""7"": [], ""11"": []}",0.0,0.0,0.0,,0.0,0.0,0.0,,0.0,0.0
cumhuriyet:2491300,cumhuriyet,2026-04-01,3,11,1337,1472,"Laiklik ulusal devlete geçişin, ulusal egemenliğin yerleşmesinin, çağdaşlaşma atılımlarının gerçekleşmesinin altyapısını oluşturmuştur.",1,yerleşmesinin | gerçekleşmesinin,2,1,oluşturmuştur,1,0,,1,15,0,0,0,0,0,0,0,0,0,"{""6"": [], ""7"": [], ""11"": []}",0.0,0.0,0.0,,0.0,0.0,0.0,,0.0,0.0
cumhuriyet:2491300,cumhuriyet,2026-04-01,3,12,1474,1642,"Osmanlı döneminde *“Tanzimat Fermanı”*ndan sonra, hukuk ve eğitim alanlarında din dışı gelişmeler, toplumda dinsel ve dinsel olmayan unsurlar olarak ikilik yaratmıştır.",0,,0,1,yaratmıştır,1,0,,0,25,0,0,0,0,0,0,0,0,0,"{""6"": [], ""7"": [], ""11"": []}",0.0,0.0,0.0,,0.0,0.0,0.0,,0.0,0.0
cumhuriyet:2491300,cumhuriyet,2026-04-01,3,13,1643,1902,Ulusal Kurtuluş Savaşı’nın *“Egemenlik kayıtsız şartsız ulusundur”* ilkesinin benimsenmesiyle dinsel egemenlik anlayışından ayrılış benimsendiyse de toplumu yönlendirmede emperyal güçler ve bazı iç çevrelerce etkin bir araç olarak kullanılması sürdürülmüştür.,1,benimsenmesiyle | benimsendi | kullanılması | sürdürülmüştür,4,1,sürdürülmüştür,1,0,,1,33,0,0,1,0,0,0,0,0,0,"{""6"": [], ""7"": [], ""11"": []}",1.0,1.0,1.0,,0.0,0.0,0.0,,1.0,0.0
cumhuriyet:2491300,cumhuriyet,2026-04-01,3,14,1904,2060,"Cumhuriyet hükümetleri Osmanlı döneminin dinsel, ikilik yaratan hukuk sistemini giderme ve laiklik temeli üzerinde hukuk sistemi oluşturma atılımları yaptı.",0,,0,0,,0,0,,0,21,0,1,0,0,0,0,0,0,0,"{""6"": [], ""7"": [], ""11"": []}",1.0,1.0,1.0,,0.0,0.0,0.0,,1.0,0.0
cumhuriyet:2491300,cumhuriyet,2026-04-01,3,15,2061,2211,"Medeni Kanun, Borçlar Kanunu, Ceza Kanunu, usul kanunları, Ticaret kanunu, idare hukuku laik hukuk temelini oluşturan; hukuku laikleştiren ilkelerdir.",0,,0,0,,0,0,,0,27,0,1,0,0,0,0,0,0,0,"{""6"": [], ""7"": [], ""11"": []}",1.0,1.0,1.0,,0.0,0.0,0.0,,1.0,0.0
cumhuriyet:2491300,cumhuriyet,2026-04-01,3,16,2213,2382,"Eğitim alanında da Tevhidi Tedrisat Kanunu ile eğitim, öğretimde ikiliğe son verilerek laiklik temeli üzerinde eğitimin, öğretimin birleştirilmesi, birliği sağlanmıştır.",1,verilerek | sağlanmıştır,2,1,sağlanmıştır,1,0,,1,24,0,1,0,0,1,0,0,0,0,"{""6"": [""Justification""], ""7"": [], ""11"": []}",1.0,1.0,1.0,,1.0,1.0,1.0,,1.0,1.0
cumhuriyet:2491300,cumhuriyet,2026-04-01,3,17,2383,2463,"Eğitim politikası, ders programları laiklik ilkesi doğrultusunda düzenlenmiştir.",1,düzenlenmiştir,1,1,düzenlenmiştir,1,0,,1,10,0,0,0,0,0,0,0,0,0,"{""6"": [], ""7"": [], ""11"": []}",0.0,0.0,0.0,,0.0,0.0,0.0,,0.0,0.0
cumhuriyet:2491300,cumhuriyet,2026-04-01,3,18,2464,2566,"Köy okullarının, köy öğretmen okullarının, Köy Enstitülerinin açılışı, laik eğitim amaçlı, temellidir.",0,,0,0,,0,0,,0,18,0,1,0,0,0,0,0,0,0,"{""6"": [], ""7"": [], ""11"": []}",1.0,1.0,1.0,,0.0,0.0,0.0,,1.0,0.0
cumhuriyet:2491300,cumhuriyet,2026-04-01,3,19,2568,2756,"Dinin, siyasal emeller, çıkarlar için emperyal güçler ve yerli çevrelerce araç olarak kullanılması, iç ayaklanmalar tetiklenerek din motifiyle bağımsızlık savaşına karşı da sürdürülmüştür.",1,kullanılması | tetiklenerek | sürdürülmüştür,3,1,sürdürülmüştür,1,0,,1,27,1,0,0,0,0,0,0,0,0,"{""6"": [], ""7"": [], ""11"": []}",1.0,1.0,1.0,0.0,0.0,0.0,0.0,,1.0,0.0
cumhuriyet:2491300,cumhuriyet,2026-04-01,3,20,2758,2946,"Cumhuriyet döneminde de, Osmanlı döneminden kalma, dinin bir çıkar aracı olarak kullanılması, siyasal ve toplumsal yaşamda, sağcı siyasal partiler, tarikat ve cemaatlerce sürdürülmektedir.",1,kullanılması,1,0,,0,0,,1,30,1,0,0,0,0,0,0,0,0,"{""6"": [], ""7"": [], ""11"": []}",1.0,1.0,1.0,,0.0,0.0,0.0,,1.0,0.0
cumhuriyet:2491300,cumhuriyet,2026-04-01,3,21,2948,3050,"AKP, Cumhur İttifakı döneminde her alanda olduğu gibi, laik eiğtimin de temeli kazılmaya başlanmıştır.",1,kazılmaya,1,1,başlanmıştır,1,0,,1,17,1,0,0,1,0,0,0,0,0,"{""6"": [""Attack on Reputation""], ""7"": [], ""11"": []}",1.0,1.0,1.0,0.0,1.0,1.0,1.0,,1.0,1.0
cumhuriyet:2491300,cumhuriyet,2026-04-01,3,22,3051,3155,"**Erdoğan**’ın *“Siyasal olarak iktidar olduk ama kültürel iktidar kuramadık”* türünden işaretiyle, **Y.",0,,0,0,,0,0,,0,16,1,0,0,0,0,0,0,0,0,"{""6"": [], ""7"": [], ""11"": []}",1.0,1.0,1.0,0.0,0.0,0.0,0.0,,1.0,0.0
cumhuriyet:2491300,cumhuriyet,2026-04-01,3,23,3156,3218,Tekin**’in bakan olarak atanması arasında bir bağ kurulabilir.,1,atanması | kurulabilir,2,0,,0,0,,1,9,1,0,0,0,0,0,0,0,0,"{""6"": [], ""7"": [], ""11"": []}",1.0,1.0,1.0,0.0,0.0,0.0,0.0,,1.0,0.0
cumhuriyet:2491300,cumhuriyet,2026-04-01,3,24,3219,3316,"Bakan Tekin, eğitimi dinsel temeller üzerine oturtmak gibi bir misyonla atanmış olarak görülüyor.",1,atanmış | görülüyor,2,1,atanmış,1,0,,1,15,0,0,0,1,0,0,0,0,0,"{""6"": [""Attack on Reputation""], ""7"": [], ""11"": []}",0.0,0.0,0.0,,1.0,1.0,1.0,,0.0,1.0
cumhuriyet:2491300,cumhuriyet,2026-04-01,3,25,3318,3463,"Laiklik, dinin bir çıkar aracı, bir siyasal istismar aracı, toplumsal yaşamda bir baskı aracı olarak kullanılmasına karşı olarak dine saygılıdır.",1,kullanılmasına,1,0,,0,0,,1,25,0,0,0,0,0,0,0,0,0,"{""6"": [], ""7"": [], ""11"": []}",0.0,0.0,0.0,,0.0,0.0,0.0,,0.0,0.0
cumhuriyet:2491300,cumhuriyet,2026-04-01,3,26,3465,3586,"Laiklik temelinden ayrılış; din, mezhep, inanç çatışmalarına yol açarak ulusal bütünlüğü, bağımsızlığı tehlikeye düşürür.",0,,0,0,,0,0,,0,19,0,0,1,0,0,0,0,0,0,"{""6"": [], ""7"": [], ""11"": []}",1.0,1.0,1.0,,0.0,0.0,0.0,,1.0,0.0
cumhuriyet:2491300,cumhuriyet,2026-04-01,3,27,3588,3688,"CHP’nin Atatürk’ün partisi olarak laiklik konusunda ayartılara kapılmaması, savsaklanmaması gerekir.",1,kapılmaması | savsaklanmaması,2,0,,0,0,,1,12,0,0,0,0,0,0,0,1,0,"{""6"": [""Call""], ""7"": [], ""11"": []}",0.0,0.0,0.0,,1.0,1.0,1.0,,0.0,1.0
cumhuriyet:2491300,cumhuriyet,2026-04-01,3,28,3690,3844,"Laikliği içselleştirerek laik eğitimi, çocukların donanımını amaçlayan cemiyet, dernek, vakıf, sendikalar gerek moral gerek maddi olarak desteklenmelidir.",0,,0,0,,0,0,,0,23,0,0,1,0,0,0,0,1,0,"{""6"": [""Call""], ""7"": [], ""11"": []}",1.0,1.0,1.0,,1.0,1.0,1.0,,1.0,1.0
cumhuriyet:2491300,cumhuriyet,2026-04-01,3,29,3845,3877,Laiklik Atatürk’ün temel okudur.,0,,0,0,,0,0,,0,6,0,0,0,0,0,0,0,0,0,"{""6"": [], ""7"": [], ""11"": []}",0.0,0.0,0.0,,0.0,0.0,0.0,,0.0,0.0
cumhuriyet:2491300,cumhuriyet,2026-04-01,3,30,3878,3966,"Atatürk düşmanlığının ana nedenlerinden biri de din istismarını, sömürüsünü önlemesidir.",0,,0,0,,0,0,,0,13,0,0,0,0,0,0,0,0,0,"{""6"": [], ""7"": [], ""11"": []}",0.0,0.0,0.0,,0.0,0.0,0.0,,0.0,0.0
cumhuriyet:2497553,cumhuriyet,2026-04-23,3,0,0,38,Egemenliğin adı: 23 Nisan - Hamza Kiye,0,,0,0,,0,0,,0,8,0,0,0,0,0,0,0,0,0,"{""6"": [], ""7"": [], ""11"": []}",0.0,0.0,0.0,,0.0,0.0,0.0,,0.0,0.0
cumhuriyet:2497553,cumhuriyet,2026-04-23,3,1,40,42,23,0,,0,0,,0,0,,0,1,0,0,0,0,0,0,0,0,0,"{""6"": [], ""7"": [], ""11"": []}",0.0,0.0,0.0,,0.0,0.0,0.0,,0.0,0.0
cumhuriyet:2497553,cumhuriyet,2026-04-23,3,2,43,101,"Nisan 1920, yalnızca bir meclisin açıldığı tarih değildir.",1,açıldığı,1,0,,0,0,,1,10,0,0,0,0,0,0,0,0,0,"{""6"": [], ""7"": [], ""11"": []}",0.0,0.0,0.0,,0.0,0.0,0.0,,0.0,0.0
cumhuriyet:2497553,cumhuriyet,2026-04-23,3,3,102,224,"Bu tarih, egemenliğin kaynağının köklü biçimde değiştiği, siyasal meşruiyetin saraydan millete geçtiği bir kırılma anıdır.",0,,0,0,,0,0,,0,19,1,0,0,0,0,0,0,0,0,"{""6"": [], ""7"": [], ""11"": []}",1.0,1.0,1.0,,0.0,0.0,0.0,,1.0,0.0
cumhuriyet:2497553,cumhuriyet,2026-04-23,3,4,225,343,"Osmanlı’nın çözülüş sürecinde fiilen ortadan kalkan irade, Ankara’da yeniden ve bu kez farklı bir temelde kurulmuştur.",1,kurulmuştur,1,1,kurulmuştur,1,0,,1,18,0,0,0,0,0,0,0,0,0,"{""6"": [], ""7"": [], ""11"": []}",0.0,0.0,0.0,,0.0,0.0,0.0,,0.0,0.0
cumhuriyet:2497553,cumhuriyet,2026-04-23,3,5,344,402,Bunun adı: Milletin kendi kaderine doğrudan el koymasıdır.,0,,0,0,,0,0,,0,11,0,1,0,0,0,0,0,0,0,"{""6"": [], ""7"": [], ""11"": []}",1.0,1.0,1.0,,0.0,0.0,0.0,,1.0,0.0
cumhuriyet:2497553,cumhuriyet,2026-04-23,3,6,404,570,"Mondros Ateşkes Antlaşması’nın ardından Anadolu’nun işgale uğraması, yalnızca askeri bir yenilgiyi değil, aynı zamanda siyasal bir boşluğu da beraberinde getirmiştir.",0,,0,1,getirmiştir,1,0,,0,23,1,0,0,0,0,0,0,0,0,"{""6"": [], ""7"": [], ""11"": []}",1.0,1.0,1.0,,0.0,0.0,0.0,,1.0,0.0
cumhuriyet:2497553,cumhuriyet,2026-04-23,3,7,571,656,İstanbul’daki yönetim bu boşluğu dolduramadığı gibi giderek meşruiyetini yitirmiştir.,0,,0,1,yitirmiştir,1,0,,0,11,1,0,0,0,0,0,0,0,0,"{""6"": [], ""7"": [], ""11"": []}",0.0,0.0,0.0,0.0,0.0,0.0,0.0,,1.0,0.0
cumhuriyet:2497553,cumhuriyet,2026-04-23,3,8,657,844,"Bu koşullarda Amasya’da dile getirilen “Milletin istiklalini yine milletin azim ve kararı kurtaracaktır” ilkesi, yalnızca bir direniş çağrısı değil, yeni bir siyasal düzenin habercisidir.",1,getirilen,1,0,,0,0,,1,29,0,0,0,0,1,0,0,0,0,"{""6"": [""Justification""], ""7"": [], ""11"": []}",0.0,0.0,0.0,,1.0,1.0,1.0,,0.0,1.0
cumhuriyet:2497553,cumhuriyet,2026-04-23,3,9,845,1073,"Erzurum ve Sivas kongreleriyle olgunlaşan bu anlayış, Ankara’da somut bir kurumsal yapıya dönüşmüş; 23 Nisan 1920’de Türkiye Büyük Millet Meclisi’nin açılmasıyla birlikte “milli egemenlik” ilkesi fiili bir gerçeklik kazanmıştır.",1,olgunlaşan | açılmasıyla,2,1,dönüşmüş | kazanmıştır,2,0,,1,32,0,1,0,0,0,0,0,0,0,"{""6"": [], ""7"": [], ""11"": []}",1.0,1.0,1.0,,0.0,0.0,0.0,,1.0,0.0
cumhuriyet:2497553,cumhuriyet,2026-04-23,3,10,1075,1098,### EGEMENLİĞİN KAYNAĞI,0,,0,0,,0,0,,0,3,0,0,0,0,0,0,0,0,0,"{""6"": [], ""7"": [], ""11"": []}",0.0,0.0,0.0,,0.0,0.0,0.0,,0.0,0.0
cumhuriyet:2497553,cumhuriyet,2026-04-23,3,11,1100,1150,"Bu Meclis, klasik anlamda bir parlamento değildir.",0,,0,0,,0,0,,0,9,0,1,0,0,0,0,0,0,0,"{""6"": [], ""7"": [], ""11"": []}",1.0,1.0,1.0,,0.0,0.0,0.0,,1.0,0.0
cumhuriyet:2497553,cumhuriyet,2026-04-23,3,12,1151,1223,Kuruluş koşulları ve üstlendiği işlev itibarıyla bir “Kurucu Meclis”tir.,0,,0,0,,0,0,,0,11,0,0,0,0,0,0,0,0,0,"{""6"": [], ""7"": [], ""11"": []}",0.0,0.0,0.0,,0.0,0.0,0.0,,0.0,0.0
cumhuriyet:2497553,cumhuriyet,2026-04-23,3,13,1224,1391,"Yasama, yürütme ve gerektiğinde yargı yetkilerini bünyesinde toplayarak, bir yandan bağımsızlık mücadelesini yürütmüş, diğer yandan yeni devletin temellerini atmıştır.",0,,0,1,yürütmüş | atmıştır,2,0,,0,23,0,0,0,0,0,0,0,0,0,"{""6"": [], ""7"": [], ""11"": []}",0.0,0.0,0.0,,0.0,0.0,0.0,,0.0,0.0
cumhuriyet:2497553,cumhuriyet,2026-04-23,3,14,1392,1497,"Bu yönüyle, bir devletin hukukunu ve meşruiyetini savaş koşulları içinde inşa eden istisnai bir örnektir.",0,,0,0,,0,0,,0,18,0,0,0,0,0,0,0,0,0,"{""6"": [], ""7"": [], ""11"": []}",0.0,0.0,0.0,,0.0,0.0,0.0,,0.0,0.0
cumhuriyet:2497553,cumhuriyet,2026-04-23,3,15,1499,1555,"Milli egemenlik kavramı, bu sürecin merkezinde yer alır.",0,,0,0,,0,0,,0,10,0,0,0,0,0,0,0,0,0,"{""6"": [], ""7"": [], ""11"": []}",0.0,0.0,0.0,,0.0,0.0,0.0,,0.0,0.0
cumhuriyet:2497553,cumhuriyet,2026-04-23,3,16,1556,1700,"“Egemenlik kayıtsız şartsız milletindir” ifadesi, yalnızca bir ilke beyanı değil, aynı zamanda yüzyıllar süren bir yönetim anlayışının reddidir.",0,,0,0,,0,0,,0,25,0,0,0,0,1,1,0,0,0,"{""6"": [""Justification"", ""Manipulative Wording""], ""7"": [], ""11"": []}",0.0,0.0,0.0,,1.0,1.0,1.0,,0.0,1.0
cumhuriyet:2497553,cumhuriyet,2026-04-23,3,17,1701,1765,"Kuldan yurttaşa geçiş, bu cümlenin içerdiği en temel dönüşümdür.",0,,0,0,,0,0,,0,12,0,0,0,0,0,1,0,0,0,"{""6"": [""Manipulative Wording""], ""7"": [], ""11"": []}",0.0,0.0,0.0,,1.0,1.0,1.0,,0.0,1.0
cumhuriyet:2497553,cumhuriyet,2026-04-23,3,18,1766,1876,"Artık siyasal irade, doğrudan doğruya millete aittir ve hiçbir kişi ya da zümre bu yetkinin üzerinde değildir.",0,,0,0,,0,0,,0,19,0,0,0,0,0,0,0,0,0,"{""6"": [], ""7"": [], ""11"": []}",0.0,0.0,0.0,,0.0,0.0,0.0,,0.0,0.0
cumhuriyet:2497553,cumhuriyet,2026-04-23,3,19,1878,1982,"Dikkat çekici olan bir başka nokta, bu dönüşümün en ağır savaş koşulları altında gerçekleşmiş olmasıdır.",0,,0,1,gerçekleşmiş,1,0,,0,18,0,0,0,0,0,0,0,0,0,"{""6"": [], ""7"": [], ""11"": []}",0.0,0.0,0.0,,0.0,0.0,0.0,,0.0,0.0
cumhuriyet:2497553,cumhuriyet,2026-04-23,3,20,1983,2171,"Birinci Meclis, yalnızca işgale karşı direnişi örgütleyen bir merkez değil, aynı zamanda farklı görüşlerin tartışıldığı, sert eleştirilerin dile getirilebildiği bir siyasal zemin olmuştur.",1,tartışıldığı | getirilebildiği,2,1,olmuştur,1,0,,1,27,0,0,0,0,0,0,0,0,0,"{""6"": [], ""7"": [], ""11"": []}",0.0,0.0,0.0,,0.0,0.0,0.0,,0.0,0.0
cumhuriyet:2497553,cumhuriyet,2026-04-23,3,21,2172,2316,"Meclis içinde yaşanan görüş ayrılıkları, karar süreçlerinin uzun ve çetin tartışmalarla şekillenmesi, bu yapının demokratik niteliğini gösterir.",1,yaşanan,1,0,,0,0,,1,20,0,0,0,0,0,0,0,0,0,"{""6"": [], ""7"": [], ""11"": []}",0.0,0.0,0.0,,0.0,0.0,0.0,,0.0,0.0
cumhuriyet:2497553,cumhuriyet,2026-04-23,3,22,2317,2485,"Bu nedenle 23 Nisan’la birlikte ortaya çıkan düzen, yalnızca bir kurtuluş mücadelesinin değil, aynı zamanda halk iradesine dayalı bir yönetim anlayışının başlangıcıdır.",0,,0,0,,0,0,,0,26,0,0,0,0,0,0,0,0,0,"{""6"": [], ""7"": [], ""11"": []}",0.0,0.0,0.0,,0.0,0.0,0.0,,0.0,0.0
cumhuriyet:2497553,cumhuriyet,2026-04-23,3,23,2487,2520,### GELECEĞİN SAHİPLERİ: ÇOCUKLAR,0,,0,0,,0,0,,0,5,0,0,0,0,0,0,0,0,0,"{""6"": [], ""7"": [], ""11"": []}",0.0,0.0,0.0,,0.0,0.0,0.0,,0.0,0.0
cumhuriyet:2497553,cumhuriyet,2026-04-23,3,24,2522,2524,23,0,,0,0,,0,0,,0,2,0,0,0,0,0,0,0,0,0,"{""6"": [], ""7"": [], ""11"": []}",0.0,0.0,0.0,,0.0,0.0,0.0,,0.0,0.0
cumhuriyet:2497553,cumhuriyet,2026-04-23,3,25,2525,2631,Nisan’ın zamanla çocuklara armağan edilen bir bayram olması ise bu tarihsel anlamın geleceğe taşınmasıdır.,1,edilen | taşınması,2,0,,0,0,,1,16,0,0,1,0,0,0,0,0,0,"{""6"": [], ""7"": [], ""11"": []}",1.0,1.0,1.0,,0.0,0.0,0.0,,1.0,0.0
cumhuriyet:2497553,cumhuriyet,2026-04-23,3,26,2632,2764,"Çocuk vurgusu, yalnızca bir sembol değil, egemenliğin sürekliliğinin, yani geleceğin sahiplerinin kim olduğunun açık bir ifadesidir.",0,,0,0,,0,0,,0,21,0,1,0,0,0,0,0,0,0,"{""6"": [], ""7"": [], ""11"": []}",1.0,1.0,1.0,,0.0,0.0,0.0,,1.0,0.0
cumhuriyet:2497553,cumhuriyet,2026-04-23,3,27,2765,2868,"Bu yönüyle 23 Nisan, geçmişin bir hatırası olmanın ötesinde geleceğe ilişkin bir sorumluluk çağrısıdır.",0,,0,0,,0,0,,0,17,0,0,0,0,0,0,0,0,0,"{""6"": [], ""7"": [], ""11"": []}",0.0,0.0,0.0,,0.0,0.0,0.0,,0.0,0.0
cumhuriyet:2497553,cumhuriyet,2026-04-23,3,28,2870,2970,"Bugün 23 Nisan’ı kutlamak, yalnızca tarihsel bir olayı hatırlamak, bayramı kutlamak anlamına gelmez.",0,,0,0,,0,0,,0,16,0,0,0,0,0,0,0,0,0,"{""6"": [], ""7"": [], ""11"": []}",0.0,0.0,0.0,,0.0,0.0,0.0,,0.0,0.0
cumhuriyet:2497553,cumhuriyet,2026-04-23,3,29,2971,3127,"Aynı zamanda milli egemenlik kavramının ne ifade ettiğini, bu ilkenin kurumsal ve toplumsal karşılığının ne ölçüde yaşatılabildiğini sorgulamayı gerektirir.",1,yaşatılabildiğini,1,0,,0,0,,1,21,0,0,0,1,0,0,0,0,0,"{""6"": [""Attack on Reputation""], ""7"": [], ""11"": []}",0.0,0.0,0.0,,1.0,1.0,1.0,,0.0,1.0
cumhuriyet:2497553,cumhuriyet,2026-04-23,3,30,3128,3203,"Egemenlik, sürekli olarak korunması ve güçlendirilmesi gereken bir ilkedir.",1,korunması,1,0,,0,0,,1,12,0,0,0,0,0,0,0,0,0,"{""6"": [], ""7"": [], ""11"": []}",0.0,0.0,0.0,,0.0,0.0,0.0,,0.0,0.0
cumhuriyet:2497553,cumhuriyet,2026-04-23,3,31,3205,3271,"Bu nedenle 23 Nisan, yalnızca bir bayram değil, bir hatırlatmadır.",0,,0,0,,0,0,,0,14,0,0,0,0,0,0,0,0,0,"{""6"": [], ""7"": [], ""11"": []}",0.0,0.0,0.0,,0.0,0.0,0.0,,0.0,0.0
cumhuriyet:2497553,cumhuriyet,2026-04-23,3,32,3272,3425,"Egemenliğin kaynağını, bu kaynağın hangi koşullarda kurulduğunu ve hangi sorumlulukları beraberinde getirdiğini hatırlatan tarihsel bir dönüm noktasıdır.",1,kurulduğunu,1,0,,0,0,,1,20,0,0,0,0,0,0,0,0,0,"{""6"": [], ""7"": [], ""11"": []}",0.0,0.0,0.0,,0.0,0.0,0.0,,0.0,0.0
cumhuriyet:2497553,cumhuriyet,2026-04-23,3,33,3426,3494,"Bu hatırlama, geçmişe saygı kadar, geleceğe karşı bir yükümlülüktür.",0,,0,0,,0,0,,0,13,0,0,0,1,0,0,0,0,0,"{""6"": [""Attack on Reputation""], ""7"": [], ""11"": []}",0.0,0.0,0.0,,1.0,1.0,1.0,,0.0,1.0
cumhuriyet:2497553,cumhuriyet,2026-04-23,3,34,3496,3510,**HAMZA KİYE**,0,,0,0,,0,0,,0,4,0,0,0,0,0,0,0,0,0,"{""6"": [], ""7"": [], ""11"": []}",0.0,0.0,0.0,,0.0,0.0,0.0,,0.0,0.0
cumhuriyet:2497553,cumhuriyet,2026-04-23,3,35,3512,3527,"EĞİTİMCİ, YAZAR",0,,0,0,,0,0,,0,3,0,0,0,0,0,0,0,0,0,"{""6"": [], ""7"": [], ""11"": []}",0.0,0.0,0.0,,0.0,0.0,0.0,,0.0,0.0
cumhuriyet:2511728,cumhuriyet,2026-06-13,2,0,0,12,Büyük uzlaşı,0,,0,0,,0,0,,0,2,0,0,0,0,0,0,0,0,0,"{""6"": [], ""7"": []}",0.0,0.0,0.0,,0.0,0.0,0.0,,0.0,0.0
cumhuriyet:2511728,cumhuriyet,2026-06-13,2,1,14,120,"ABD Başkanı **Donald Trump**, İran’la savaşı durduracak **“büyük bir uzlaşmaya”** **varıldığını** duyurdu.",0,,0,0,,0,0,,0,15,0,0,0,0,0,0,0,0,0,"{""6"": [], ""7"": []}",0.0,0.0,0.0,,0.0,0.0,0.0,,0.0,0.0
cumhuriyet:2511728,cumhuriyet,2026-06-13,2,2,121,222,"Taraflardan biri ABD, hele de **Trump** olunca imza atılmadan *“varıldı”* demek elbette mümkün değil.",1,atılmadan,1,0,,0,0,,1,18,0,0,0,0,0,0,0,0,0,"{""6"": [], ""7"": []}",0.0,0.0,0.0,,0.0,0.0,0.0,,0.0,0.0
cumhuriyet:2511728,cumhuriyet,2026-06-13,2,3,223,378,Hatta **Trump**’ın **Obama** döneminde yapılan ABD-İran anlaşmasını iptal ettiğini göz önünde bulundurursak imza atılması bile bir garanti anlamına gelmez.,1,yapılan | atılması,2,0,,0,0,,1,24,0,0,0,0,0,0,0,0,0,"{""6"": [], ""7"": []}",0.0,0.0,0.0,,0.0,0.0,0.0,,0.0,0.0
cumhuriyet:2511728,cumhuriyet,2026-06-13,2,4,380,457,"Nitekim henüz imzalar atılmadı, 14 Haziran Pazar günü atılacağı belirtiliyor.",1,atılmadı | atılacağı,2,0,,0,0,,1,12,0,0,0,0,0,0,0,0,0,"{""6"": [], ""7"": []}",0.0,0.0,0.0,,0.0,0.0,0.0,,0.0,0.0
cumhuriyet:2511728,cumhuriyet,2026-06-13,2,5,459,492,### ABD’NİN GÜVENİLMEZLİĞİ SORUNU,0,,0,0,,0,0,,0,4,0,0,0,0,0,0,0,0,0,"{""6"": [], ""7"": []}",0.0,0.0,0.0,,0.0,0.0,0.0,,0.0,0.0
cumhuriyet:2511728,cumhuriyet,2026-06-13,2,6,494,566,ABD’nin güvenilmezliği konusunu dünyada en iyi test etmiş ülke İran’dır.,0,,0,1,etmiş,1,0,,0,12,1,1,0,0,0,0,0,0,0,"{""6"": [], ""7"": []}",1.0,1.0,1.0,,0.0,0.0,0.0,,1.0,0.0
cumhuriyet:2511728,cumhuriyet,2026-06-13,2,7,567,675,Bu nedenle Tahran yönetimi iki aydır **Trump**’tan gelen uzlaşma talebini **garantiye bağlamaya** çalışıyor.,0,,0,0,,0,0,,0,15,1,0,0,0,0,0,0,0,0,"{""6"": [], ""7"": []}",1.0,1.0,1.0,,0.0,0.0,0.0,,1.0,0.0
cumhuriyet:2511728,cumhuriyet,2026-06-13,2,8,676,807,"Bunu **birincisi aşamalı müzakere yöntemi kabul ettirerek, ikincisi de uluslararası bir mekanizmaya bağlayarak** yapmak istiyorlar.",1,bağlayarak**,1,0,,0,0,,1,17,0,0,0,0,0,0,0,0,0,"{""6"": [], ""7"": []}",0.0,0.0,0.0,,0.0,0.0,0.0,,0.0,0.0
cumhuriyet:2511728,cumhuriyet,2026-06-13,2,9,809,878,Basına sızan uzlaşma metnine bakılırsa bunu sağladıkları anlaşılıyor.,1,bakılırsa | anlaşılıyor,2,0,,0,0,,1,9,0,0,0,0,0,0,0,0,0,"{""6"": [], ""7"": []}",0.0,0.0,0.0,,0.0,0.0,0.0,,0.0,0.0
cumhuriyet:2511728,cumhuriyet,2026-06-13,2,10,879,998,"Temel konuların tamamı bir kere de değil, parça parça, uygulamadan dönülmediği görüldükçe müzakere edilip bağıtlanacak.",1,görüldükçe | edilip | bağıtlanacak,3,0,,0,0,,1,18,0,0,0,0,0,0,0,0,0,"{""6"": [], ""7"": []}",0.0,0.0,0.0,,0.0,0.0,0.0,,0.0,0.0
cumhuriyet:2511728,cumhuriyet,2026-06-13,2,11,1000,1035,### UZLAŞMAYI İRAN FÜZELERİ SAĞLADI,0,,0,0,,0,0,,0,5,0,0,0,0,0,0,0,0,0,"{""6"": [], ""7"": []}",0.0,0.0,0.0,,0.0,0.0,0.0,,0.0,0.0
cumhuriyet:2511728,cumhuriyet,2026-06-13,2,12,1037,1038,*,0,,0,0,,0,0,,0,1,0,0,0,0,0,0,1,0,0,"{""6"": [], ""7"": [""Simplification""]}",0.0,0.0,0.0,,1.0,1.0,1.0,,0.0,1.0
cumhuriyet:2511728,cumhuriyet,2026-06-13,2,13,1038,1099,*Trump**’ın *“büyük uzlaşı”* tanımlamasını kullanması önemli.,0,,0,0,,0,0,,0,8,0,0,0,0,0,0,1,0,0,"{""6"": [], ""7"": [""Simplification""]}",0.0,0.0,0.0,,1.0,1.0,1.0,,0.0,1.0
cumhuriyet:2511728,cumhuriyet,2026-06-13,2,14,1100,1266,"**Süper güç ABD’nin, “haydut devlet” dediği İran’la uzlaşmak zorunda kalmasını “büyük uzlaşma” diye tanımlaması,** her şeyden önce savaşın galibine işaret etmektedir.",1,tanımlaması,1,0,,0,0,,1,27,0,0,0,0,0,0,1,0,0,"{""6"": [], ""7"": [""Simplification""]}",0.0,0.0,0.0,,1.0,1.0,1.0,,0.0,1.0
cumhuriyet:2511728,cumhuriyet,2026-06-13,2,15,1268,1269,*,0,,0,0,,0,0,,0,1,0,0,0,0,1,0,0,0,0,"{""6"": [""Justification""], ""7"": []}",0.0,0.0,0.0,,1.0,1.0,1.0,,0.0,1.0
cumhuriyet:2511728,cumhuriyet,2026-06-13,2,16,1269,1371,"*Savaş, siyasetin silahla yapılması halidir ve silahlı siyaseti İran kazandı, İran füzeleri kazandı.**",1,yapılması,1,0,,0,0,,1,17,0,0,0,0,1,0,0,0,0,"{""6"": [""Justification""], ""7"": []}",0.0,0.0,0.0,,1.0,1.0,1.0,,0.0,1.0
cumhuriyet:2511728,cumhuriyet,2026-06-13,2,17,1372,1480,"İran ayrıca, ABD’nin büyük baskısına rağmen, **füze kapasitesini müzakerenin konusu olmanın dışında** tuttu.",0,,0,0,,0,0,,0,17,0,0,0,0,1,0,0,0,0,"{""6"": [""Justification""], ""7"": []}",0.0,0.0,0.0,,1.0,1.0,1.0,,0.0,1.0
cumhuriyet:2511728,cumhuriyet,2026-06-13,2,18,1482,1603,"Uzlaşılan maddelere bakılırsa ABD, İran’ın barışçı nükleer çalışmasını önleyemiyor, zenginleşmiş uranyumuna el koyamıyor.",1,Uzlaşılan | bakılırsa | zenginleşmiş,3,1,zenginleşmiş,1,0,,1,16,0,0,0,0,0,0,0,0,0,"{""6"": [], ""7"": []}",0.0,0.0,0.0,,0.0,0.0,0.0,,0.0,0.0
cumhuriyet:2511728,cumhuriyet,2026-06-13,2,19,1604,1632,Seyreltme İran’da yapılacak.,1,yapılacak,1,0,,0,0,,1,4,0,0,0,0,0,0,0,0,0,"{""6"": [], ""7"": []}",0.0,0.0,0.0,,0.0,0.0,0.0,,0.0,0.0
cumhuriyet:2511728,cumhuriyet,2026-06-13,2,20,1633,1771,ABD’nin başarı diye pazarladığı *“İran nükleer silah yapmayacak taahhüdü”* zaten Tahran’ın bölgeye ve dünyaya yıllardır yaptığı taahhüttü!,0,,0,0,,0,0,,0,22,0,0,0,0,0,0,0,0,0,"{""6"": [], ""7"": []}",0.0,0.0,0.0,,0.0,0.0,0.0,,0.0,0.0
cumhuriyet:2511728,cumhuriyet,2026-06-13,2,21,1773,1805,"### REJİM DÜŞMEDİ, SAVAŞ BİTİYOR",0,,0,0,,0,0,,0,6,0,0,0,0,0,0,0,0,0,"{""6"": [], ""7"": []}",0.0,0.0,0.0,,0.0,0.0,0.0,,0.0,0.0
cumhuriyet:2511728,cumhuriyet,2026-06-13,2,22,1807,1933,ABD ve İsrail 28 Şubat 2026 sabahı İran topraklarına ağır saldırı başlattığında hedefleri birkaç gün içinde rejimi devirmekti.,0,,0,0,,0,0,,0,19,0,0,0,0,0,0,0,0,0,"{""6"": [], ""7"": []}",0.0,0.0,0.0,,0.0,0.0,0.0,,0.0,0.0
cumhuriyet:2511728,cumhuriyet,2026-06-13,2,23,1934,2015,Ağır bombardıman altında İran halkı ayaklanacak ve Tahran yönetimini devirecekti.,1,ayaklanacak,1,0,,0,0,,1,11,0,0,0,0,0,0,0,0,0,"{""6"": [], ""7"": []}",0.0,0.0,0.0,,0.0,0.0,0.0,,0.0,0.0
cumhuriyet:2511728,cumhuriyet,2026-06-13,2,24,2016,2143,"Bundan o kadar emindiler ki **Washington merkezli Atlantik dünyası medyası aynı temalı manşeti attı: “Rejim düşer, savaş biter.",0,,0,0,,0,0,,0,22,0,0,0,0,0,0,0,0,0,"{""6"": [], ""7"": []}",0.0,0.0,0.0,,0.0,0.0,0.0,,0.0,0.0
cumhuriyet:2511728,cumhuriyet,2026-06-13,2,25,2143,2146,”**,0,,0,0,,0,0,,0,2,0,0,0,0,0,0,0,0,0,"{""6"": [], ""7"": []}",0.0,0.0,0.0,,0.0,0.0,0.0,,0.0,0.0
cumhuriyet:2511728,cumhuriyet,2026-06-13,2,26,2149,2241,"Rejim düşmedi, İranlı muhalifler ayaklanmadılar, tersine vatan savunması cephesine girdiler.",0,,0,0,,0,0,,0,13,0,0,0,0,0,0,0,0,0,"{""6"": [], ""7"": []}",0.0,0.0,0.0,,0.0,0.0,0.0,,0.0,0.0
cumhuriyet:2511728,cumhuriyet,2026-06-13,2,27,2242,2367,"İran halkı birlik içinde direndi, İran silahlı kuvvetleri ABD’ye, bölgedeki ABD üslerine ve İsrail’e aynı etkide yanıt verdi.",0,,0,0,,0,0,,0,22,0,1,0,0,0,0,0,0,0,"{""6"": [], ""7"": []}",1.0,1.0,1.0,,0.0,0.0,0.0,,1.0,0.0
cumhuriyet:2511728,cumhuriyet,2026-06-13,2,28,2369,2461,Ve 40. günde Pakistan’ın uzattığı 15 günlük ateşkes teklifine ABD İran’dan daha çok sarıldı.,1,sarıldı,1,0,,0,0,,1,15,0,0,0,0,0,0,0,0,0,"{""6"": [], ""7"": []}",0.0,0.0,0.0,,0.0,0.0,0.0,,0.0,0.0
cumhuriyet:2511728,cumhuriyet,2026-06-13,2,29,2463,2495,### ABD ASYA GİRİŞİNDE DURDURULD,0,,0,0,,0,0,,0,5,0,0,0,0,0,0,0,0,0,"{""6"": [], ""7"": []}",0.0,0.0,0.0,,0.0,0.0,0.0,,0.0,0.0
cumhuriyet:2511728,cumhuriyet,2026-06-13,2,30,2495,2496,U,0,,0,0,,0,0,,0,1,0,0,0,0,0,0,0,0,0,"{""6"": [], ""7"": []}",0.0,0.0,0.0,,0.0,0.0,0.0,,0.0,0.0
cumhuriyet:2511728,cumhuriyet,2026-06-13,2,31,2498,2605,"Bu köşede birkaç kez yazdım: *“Medeniyet dediğin tek dişi kalmış canavardı”*, işte **İran o tek dişi söktü.",0,,0,1,kalmış,1,0,,0,22,0,1,0,0,1,0,0,0,0,"{""6"": [""Justification""], ""7"": []}",1.0,1.0,1.0,,1.0,1.0,1.0,,1.0,1.0
cumhuriyet:2511728,cumhuriyet,2026-06-13,2,32,2606,2759,Emperyalist ABD’nin “ısırma kapasitesinin” zayıflatılmasının bölgemiz açısından ne kadar yararlı olduğu** önümüzdeki süreçte çok daha iyi anlaşılacaktır.,1,zayıflatılmasının | anlaşılacaktır,2,0,,0,0,,1,19,1,0,0,1,1,0,0,0,0,"{""6"": [""Attack on Reputation"", ""Justification""], ""7"": []}",1.0,1.0,1.0,,1.0,1.0,1.0,,1.0,1.0
cumhuriyet:2511728,cumhuriyet,2026-06-13,2,33,2761,2939,ABD’nin birinci 12 gün savaşında ve ikinci 40 gün savaşında **İran’ı aşamamasının Asya cephesi açısından ne kadar değerli olduğu** önümüzdeki süreçte çok daha iyi anlaşılacaktır.,1,anlaşılacaktır,1,0,,0,0,,1,28,0,0,0,0,0,0,0,0,0,"{""6"": [], ""7"": []}",0.0,0.0,0.0,,0.0,0.0,0.0,,0.0,0.0
cumhuriyet:2511728,cumhuriyet,2026-06-13,2,34,2941,2971,### BEŞLİ GÜVENLİK MEKANİZMASI,0,,0,0,,0,0,,0,4,0,0,0,0,0,0,0,0,0,"{""6"": [], ""7"": []}",0.0,0.0,0.0,,0.0,0.0,0.0,,0.0,0.0
cumhuriyet:2511728,cumhuriyet,2026-06-13,2,35,2973,3023,"Emperyalist ABD, bir yılda İran’a iki kez yenildi.",1,yenildi,1,0,,0,0,,1,10,0,0,0,0,0,0,0,0,0,"{""6"": [], ""7"": []}",0.0,0.0,0.0,,0.0,0.0,0.0,,0.0,0.0
cumhuriyet:2511728,cumhuriyet,2026-06-13,2,36,3024,3099,Elbette önümüzdeki yıllarda üçüncü kez saldırmayacağı anlamına gelmiyor bu.,0,,0,0,,0,0,,0,11,0,0,0,0,0,0,0,0,0,"{""6"": [], ""7"": []}",0.0,0.0,0.0,,0.0,0.0,0.0,,0.0,0.0
cumhuriyet:2511728,cumhuriyet,2026-06-13,2,37,3100,3214,Zira **“büyük uzlaşının”** **en büyük kaybedeni durumundaki İsrail’in** güvenliği yine ABD’nin omuzlarında olacak.,0,,0,0,,0,0,,0,15,1,0,0,0,0,0,0,0,0,"{""6"": [], ""7"": []}",1.0,1.0,1.0,,0.0,0.0,0.0,,1.0,0.0
cumhuriyet:2511728,cumhuriyet,2026-06-13,2,38,3215,3325,Ve ABD bunu da garantiye alabilmek için *“İsrail hegemonyasında yeni Ortadoğu düzeni”* hedefini sürdürecektir.,0,,0,0,,0,0,,0,15,0,0,0,0,0,0,0,0,0,"{""6"": [], ""7"": []}",0.0,0.0,0.0,,0.0,0.0,0.0,,0.0,0.0
cumhuriyet:2511728,cumhuriyet,2026-06-13,2,39,3327,3366,İşte bu nedenle iki konu kritik önemde:,0,,0,0,,0,0,,0,8,0,0,0,0,0,0,0,0,0,"{""6"": [], ""7"": []}",0.0,0.0,0.0,,0.0,0.0,0.0,,0.0,0.0
cumhuriyet:2511728,cumhuriyet,2026-06-13,2,40,3368,3473,"**1) Bölge ülkeleri, ABD-İsrail saldırganlığına karşı caydırıcı bir ortaklık modeli oluşturabilmelidir.**",0,,0,0,,0,0,,0,20,0,0,0,0,0,0,0,0,0,"{""6"": [], ""7"": []}",0.0,0.0,0.0,,0.0,0.0,0.0,,0.0,0.0
cumhuriyet:2511728,cumhuriyet,2026-06-13,2,41,3474,3561,"Bunu ikinci savaştan önce, 25 Eylül 2025’ten beri bu köşede formüle etmeye çalışıyorum.",0,,0,0,,0,0,,0,15,0,0,0,0,0,0,0,0,0,"{""6"": [], ""7"": []}",0.0,0.0,0.0,,0.0,0.0,0.0,,0.0,0.0
cumhuriyet:2511728,cumhuriyet,2026-06-13,2,42,3562,3654,"**Türkiye, İran, Suudi Arabistan, Mısır ve Pakistan’dan oluşan beşli güvenlik mekanizması.**",0,,0,0,,0,0,,0,16,0,0,1,0,0,0,0,0,0,"{""6"": [], ""7"": []}",1.0,1.0,1.0,,0.0,0.0,0.0,,1.0,0.0
cumhuriyet:2511728,cumhuriyet,2026-06-13,2,43,3655,3732,İran dışındaki dört ülke arasında bu yönde bir işbirliği zemini oluştu zaten.,0,,0,0,,0,0,,0,14,0,0,0,0,0,0,0,0,0,"{""6"": [], ""7"": []}",0.0,0.0,0.0,,0.0,0.0,0.0,,0.0,0.0
cumhuriyet:2511728,cumhuriyet,2026-06-13,2,44,3734,3759,### İRAN-KÖRFEZ ANLAŞMASI,0,,0,0,,0,0,,0,5,0,0,0,0,0,0,0,0,0,"{""6"": [], ""7"": []}",0.0,0.0,0.0,,0.0,0.0,0.0,,0.0,0.0
cumhuriyet:2511728,cumhuriyet,2026-06-13,2,45,3761,3831,"**2)** ABD, İran’a ağırlıkla Körfez ülkelerindeki üslerinden saldırdı.",0,,0,0,,0,0,,0,13,0,0,0,0,0,0,0,0,0,"{""6"": [], ""7"": []}",0.0,0.0,0.0,,0.0,0.0,0.0,,0.0,0.0
cumhuriyet:2511728,cumhuriyet,2026-06-13,2,46,3832,4042,"ABD medyasının da raporladığı gibi Suudi Arabistan, Kuveyt, Birleşik Arap Emirlikleri ve Katar’daki bu üsler, hatta Irak ve Ürdün’dekiler de dahil çok ciddi hasarlar aldılar ve bir kısmı kullanılmaz hale geldi.",1,kullanılmaz,1,0,,0,0,,1,37,0,0,0,0,0,0,0,0,0,"{""6"": [], ""7"": []}",0.0,0.0,0.0,,0.0,0.0,0.0,,0.0,0.0
cumhuriyet:2511728,cumhuriyet,2026-06-13,2,47,4044,4128,İşte **ABD’nin coğrafyamızdaki bu üslerini yenileyememesi en büyük kazanç olacaktır.,0,,0,0,,0,0,,0,13,0,0,0,0,0,0,0,0,0,"{""6"": [], ""7"": []}",0.0,0.0,0.0,,0.0,0.0,0.0,,0.0,0.0
cumhuriyet:2511728,cumhuriyet,2026-06-13,2,48,4129,4212,"Bu, elbette İran’ın Körfez ülkeleriyle başarılı bir diplomasi yürütmesine de bağlı.",0,,0,0,,0,0,,0,13,0,0,0,0,0,0,0,0,0,"{""6"": [], ""7"": []}",0.0,0.0,0.0,,0.0,0.0,0.0,,0.0,0.0
cumhuriyet:2511728,cumhuriyet,2026-06-13,2,49,4213,4273,Bu noktada Çin faktörü** taraflar üzerinde etkili olacaktır.,0,,0,0,,0,0,,0,9,0,0,0,0,0,0,0,0,0,"{""6"": [], ""7"": []}",0.0,0.0,0.0,,0.0,0.0,0.0,,0.0,0.0
odatv:120006750,odatv,2023-10-19,3,0,0,22,Barışa giden ilk adım…,0,,0,0,,0,0,,0,5,0,0,0,0,0,0,1,0,0,"{""6"": [""Simplification""], ""7"": [], ""11"": []}",0.0,0.0,0.0,,1.0,1.0,1.0,,0.0,1.0
odatv:120006750,odatv,2023-10-19,3,1,23,52,Geçmişte yaşamaktan vazgeçmek,0,,0,0,,0,0,,0,3,0,0,0,0,0,0,1,0,0,"{""6"": [""Simplification""], ""7"": [], ""11"": []}",0.0,0.0,0.0,,1.0,1.0,1.0,,0.0,1.0
odatv:120006750,odatv,2023-10-19,3,2,54,123,Filistin-İsrail sorunu tartışmaları hep “geçmiş” üzerinden yapılıyor:,1,yapılıyor,1,0,,0,0,,1,10,0,0,0,0,0,0,0,0,0,"{""6"": [], ""7"": [], ""11"": []}",0.0,0.0,0.0,,0.0,0.0,0.0,,0.0,0.0
odatv:120006750,odatv,2023-10-19,3,3,125,154,Kimi tarihi Osmanlı’ya kadar…,0,,0,0,,0,0,,0,5,0,0,0,0,0,0,0,0,0,"{""6"": [], ""7"": [], ""11"": []}",0.0,0.0,0.0,,0.0,0.0,0.0,,0.0,0.0
odatv:120006750,odatv,2023-10-19,3,4,156,227,Kimi tarihi 1948’te Arap-İsrail Savaşı ardından kurulan İsrail’e kadar…,1,kurulan,1,0,,0,0,,1,12,0,0,0,0,0,0,0,0,0,"{""6"": [], ""7"": [], ""11"": []}",0.0,0.0,0.0,,0.0,0.0,0.0,,0.0,0.0
odatv:120006750,odatv,2023-10-19,3,5,229,272,Kimi tarihi 1967 ve 1973 savaşlarına kadar…,0,,0,0,,0,0,,0,8,0,0,0,0,0,0,0,0,0,"{""6"": [], ""7"": [], ""11"": []}",0.0,0.0,0.0,,0.0,0.0,0.0,,0.0,0.0
odatv:120006750,odatv,2023-10-19,3,6,274,352,"Ya da kimileri daha eski yıllara, milattan öncelere kadar götürüyor geçmişi...",0,,0,0,,0,0,,0,13,0,0,0,0,0,0,0,0,0,"{""6"": [], ""7"": [], ""11"": []}",0.0,0.0,0.0,,0.0,0.0,0.0,,0.0,0.0
odatv:120006750,odatv,2023-10-19,3,7,354,436,"Tarihi unutmaktan bahsetmeyeceğim, geçmiş sürekliliğin tahribatını sorgulayacağım.",0,,0,0,,0,0,,0,9,0,0,0,0,0,0,0,0,0,"{""6"": [], ""7"": [], ""11"": []}",0.0,0.0,0.0,,0.0,0.0,0.0,,0.0,0.0
odatv:120006750,odatv,2023-10-19,3,8,438,527,Geçmişi yalnızca hatırlamak ile geçmişe takılmak arasındaki büyük uçurumdan bahsedeceğim.,0,,0,0,,0,0,,0,12,0,0,0,0,0,0,0,0,0,"{""6"": [], ""7"": [], ""11"": []}",0.0,0.0,0.0,,0.0,0.0,0.0,,0.0,0.0
odatv:120006750,odatv,2023-10-19,3,9,529,543,Şunu arıyorum:,0,,0,0,,0,0,,0,3,0,0,0,0,0,0,0,0,0,"{""6"": [], ""7"": [], ""11"": []}",0.0,0.0,0.0,,0.0,0.0,0.0,,0.0,0.0
odatv:120006750,odatv,2023-10-19,3,10,545,625,"Sürekli geçmişe bakarak, daima geçmişte yaşayarak bugünün sorunu çözülebilir mi?",1,çözülebilir,1,0,,0,0,,1,12,0,0,0,0,0,0,0,0,0,"{""6"": [], ""7"": [], ""11"": []}",0.0,0.0,0.0,,0.0,0.0,0.0,,0.0,0.0
odatv:120006750,odatv,2023-10-19,3,11,627,677,"Geçmiş, geleceğin kaybedilmesine sebep olmuyor mu?",1,kaybedilmesine,1,0,,0,0,,1,8,0,0,0,0,0,0,0,0,0,"{""6"": [], ""7"": [], ""11"": []}",0.0,0.0,0.0,,0.0,0.0,0.0,,0.0,0.0
odatv:120006750,odatv,2023-10-19,3,12,679,827,Bu sorular beni Alman filozof Walter Benjamin’in Alman gizli polisi Gestapo’dan saklanırken yazdığı notlarına götürdü: Tarih Kavramı Üzerine Tezler.,1,saklanırken,1,0,,0,0,,1,21,0,1,0,0,1,0,0,0,0,"{""6"": [""Justification""], ""7"": [], ""11"": []}",1.0,1.0,1.0,,1.0,1.0,1.0,,1.0,1.0
odatv:120006750,odatv,2023-10-19,3,13,829,891,"Dokuzuncu tezde, yüzünü geçmişe çeviren bir melekten söz eder.",0,,0,0,,0,0,,0,11,0,0,0,0,1,0,0,0,0,"{""6"": [""Justification""], ""7"": [], ""11"": []}",0.0,0.0,0.0,,1.0,1.0,1.0,,0.0,1.0
odatv:120006750,odatv,2023-10-19,3,14,892,1069,"Tarihin meleği olarak görülen bu manevi varlık, trajedi ve yıkıntı imgeleri arasında bir felaket görür ve orada kalıp parçalanmış olanları bir araya getirmek için çabalar durur.",1,görülen | parçalanmış,2,1,parçalanmış,1,0,,1,28,0,0,0,0,0,0,0,0,0,"{""6"": [], ""7"": [], ""11"": []}",0.0,0.0,0.0,,0.0,0.0,0.0,,0.0,0.0
odatv:120006750,odatv,2023-10-19,3,15,1070,1111,Tekrar tekrar parçalanmış olanlara gider.,1,parçalanmış,1,1,parçalanmış,1,0,,1,6,0,0,0,0,0,0,0,0,0,"{""6"": [], ""7"": [], ""11"": []}",0.0,0.0,0.0,,0.0,0.0,0.0,,0.0,0.0
odatv:120006750,odatv,2023-10-19,3,16,1112,1180,"Melek, gözünü geçmişten alamaz ve itibariyle geleceğe sırtını döner…",0,,0,0,,0,0,,0,11,0,0,0,0,0,0,0,0,0,"{""6"": [], ""7"": [], ""11"": []}",0.0,0.0,0.0,,0.0,0.0,0.0,,0.0,0.0
odatv:120006750,odatv,2023-10-19,3,17,1182,1367,"Walter Benjamin tarih felsefesinde “şimdiki zamanı” tarihin genel seyrinde akıntıya kapılıp giden pasif kullanımdan çıkarıp, yeni bir siyasi ve ahlâki düzenin başlangıcı olarak niteler…",0,,0,0,,0,0,,0,26,0,0,0,0,0,0,0,0,0,"{""6"": [], ""7"": [], ""11"": []}",0.0,0.0,0.0,,0.0,0.0,0.0,,0.0,0.0
odatv:120006750,odatv,2023-10-19,3,18,1369,1484,"Sadece Filistin-İsrail çatışmaları konusunda değil, Türk siyaset tartışmalarında da geçmiş daima ana konu değil mi?",0,,0,0,,0,0,,0,19,0,0,0,0,0,0,0,0,0,"{""6"": [], ""7"": [], ""11"": []}",0.0,0.0,0.0,,0.0,0.0,0.0,,0.0,0.0
odatv:120006750,odatv,2023-10-19,3,19,1486,1502,Peki niye böyle?,0,,0,0,,0,0,,0,4,0,0,0,0,0,0,0,0,0,"{""6"": [], ""7"": [], ""11"": []}",0.0,0.0,0.0,,0.0,0.0,0.0,,0.0,0.0
odatv:120006750,odatv,2023-10-19,3,20,1503,1530,Bir sebebi olmalı değil mi?,0,,0,0,,0,0,,0,6,0,0,0,0,0,0,0,0,0,"{""6"": [], ""7"": [], ""11"": []}",0.0,0.0,0.0,,0.0,0.0,0.0,,0.0,0.0
odatv:120006750,odatv,2023-10-19,3,21,1532,1645,"Savaşlar, katliamlar, kayıplar, istenmeyen köklü değişimler bireyler ve toplumlar üzerinde derin izler bırakıyor.",1,istenmeyen,1,0,,0,0,,1,17,0,0,0,0,0,0,0,0,0,"{""6"": [], ""7"": [], ""11"": []}",0.0,0.0,0.0,,0.0,0.0,0.0,,0.0,0.0
odatv:120006750,odatv,2023-10-19,3,22,1647,1729,"Bu travmatik bellek sadece yaşanılan dönemi değil, gelecek kuşakları da etkiliyor.",1,yaşanılan,1,0,,0,0,,1,13,0,0,0,0,0,0,0,0,0,"{""6"": [], ""7"": [], ""11"": []}",0.0,0.0,0.0,,0.0,0.0,0.0,,0.0,0.0
odatv:120006750,odatv,2023-10-19,3,23,1731,1882,"Travmatik kayıplara maruz kalan bireyler, toplumlar eğer yaşadıkları yas ile baş etme yöntemlerini öğrenemez ise, yaşamın amacı geçmişte asılı kalıyor!",0,,0,0,,0,0,,0,23,0,0,0,0,0,0,0,0,0,"{""6"": [], ""7"": [], ""11"": []}",0.0,0.0,0.0,,0.0,0.0,0.0,,0.0,0.0
odatv:120006750,odatv,2023-10-19,3,24,1884,1943,"Yasını yenemeyen ne şu anda, ne de gelecek zamanda yaşıyor!",0,,0,0,,0,0,,0,12,0,0,0,0,0,0,0,0,0,"{""6"": [], ""7"": [], ""11"": []}",0.0,0.0,0.0,,0.0,0.0,0.0,,0.0,0.0
odatv:120006750,odatv,2023-10-19,3,25,1945,1974,Ki bu psikolojinin konusudur:,0,,0,0,,0,0,,0,6,0,0,0,0,0,0,0,0,0,"{""6"": [], ""7"": [], ""11"": []}",0.0,0.0,0.0,,0.0,0.0,0.0,,0.0,0.0
odatv:120006750,odatv,2023-10-19,3,26,1976,2234,"Hep geçmişe takılmak, sürekli geçmişi hatırlamak ve sürekli geçmişi özlemek, bugün olduğunuz kendinizi, bugün olduğunuz yeri ve bugün olduğunuz zamanı kaçırmanıza ve böylece geleceği sağlıklı temeller üzerine kurmanızı engelleyen olumsuz davranışa dönüşüyor…",0,,0,0,,0,0,,0,37,0,0,0,0,0,0,0,0,0,"{""6"": [], ""7"": [], ""11"": []}",0.0,0.0,0.0,,0.0,0.0,0.0,,0.0,0.0
odatv:120006750,odatv,2023-10-19,3,27,2236,2319,"Psikoloji, kişiyi “geçmişe bağlılık travmasından” kurtulmanın yollarını gösteriyor.",0,,0,0,,0,0,,0,10,0,0,0,0,0,0,0,0,0,"{""6"": [], ""7"": [], ""11"": []}",0.0,0.0,0.0,,0.0,0.0,0.0,,0.0,0.0
odatv:120006750,odatv,2023-10-19,3,28,2321,2337,"Peki, ya toplum?",0,,0,0,,0,0,,0,5,0,0,0,0,0,0,0,0,0,"{""6"": [], ""7"": [], ""11"": []}",0.0,0.0,0.0,,0.0,0.0,0.0,,0.0,0.0
odatv:120006750,odatv,2023-10-19,3,29,2339,2353,"Peki, ya ülke?",0,,0,0,,0,0,,0,5,0,0,0,0,0,0,0,0,0,"{""6"": [], ""7"": [], ""11"": []}",0.0,0.0,0.0,,0.0,0.0,0.0,,0.0,0.0
odatv:120006750,odatv,2023-10-19,3,30,2355,2509,"Grup kimliği inşa etmek, öfkeyi canlı tutmak, intikam almak için siyasetin de öznesi haline getirilen geçmişi kullanma bağımlılığından nasıl kurtulunacak?",1,getirilen | kurtulunacak,2,0,,0,0,,1,23,0,0,0,0,0,0,0,0,0,"{""6"": [], ""7"": [], ""11"": []}",0.0,0.0,0.0,,0.0,0.0,0.0,,0.0,0.0
odatv:120006750,odatv,2023-10-19,3,31,2511,2558,“Kurban-saldırgan” ikileminden nasıl çıkılacak?,1,çıkılacak,1,0,,0,0,,1,7,0,0,0,0,0,1,0,0,0,"{""6"": [""Manipulative Wording""], ""7"": [], ""11"": []}",0.0,0.0,0.0,,1.0,1.0,1.0,,0.0,1.0
odatv:120006750,odatv,2023-10-19,3,32,2560,2624,"Gözden kaçan bu gerçek, birçok politik sorunun kaynağı değil mi?",0,,0,0,,0,0,,0,12,0,0,0,0,0,0,0,0,0,"{""6"": [], ""7"": [], ""11"": []}",0.0,0.0,0.0,,0.0,0.0,0.0,,0.0,0.0
odatv:120006750,odatv,2023-10-19,3,33,2626,2659,Toplumsal onarım nasıl yapılacak?,1,yapılacak,1,0,,0,0,,1,5,0,0,0,0,0,0,0,0,0,"{""6"": [], ""7"": [], ""11"": []}",0.0,0.0,0.0,,0.0,0.0,0.0,,0.0,0.0
odatv:120006750,odatv,2023-10-19,3,34,2661,2691,“Öteki” ile nasıl barışılacak?,0,,0,0,,0,0,,0,5,0,0,1,0,0,0,0,0,0,"{""6"": [], ""7"": [], ""11"": []}",1.0,1.0,1.0,,0.0,0.0,0.0,,1.0,0.0
odatv:120006750,odatv,2023-10-19,3,35,2693,2737,İnsanlar ayırt edilmeksizin nasıl sevilecek?,1,edilmeksizin | sevilecek,2,0,,0,0,,1,6,0,0,0,0,0,0,0,0,0,"{""6"": [], ""7"": [], ""11"": []}",0.0,0.0,0.0,,0.0,0.0,0.0,,0.0,0.0
odatv:120006750,odatv,2023-10-19,3,36,2739,2779,"Kuşkusuz, ağır tahribatları unutmak zor.",0,,0,0,,0,0,,0,7,0,0,0,0,0,0,0,0,0,"{""6"": [], ""7"": [], ""11"": []}",0.0,0.0,0.0,,0.0,0.0,0.0,,0.0,0.0
odatv:120006750,odatv,2023-10-19,3,37,2781,2833,"Kuşkusuz, mağdurların insani acılarını unutması zor.",0,,0,0,,0,0,,0,8,0,0,0,0,0,0,0,0,0,"{""6"": [], ""7"": [], ""11"": []}",0.0,0.0,0.0,,0.0,0.0,0.0,,0.0,0.0
odatv:120006750,odatv,2023-10-19,3,38,2835,2873,"Kuşkusuz, hak ihlallerini unutmaz zor.",0,,0,0,,0,0,,0,7,0,0,0,0,0,0,0,0,0,"{""6"": [], ""7"": [], ""11"": []}",0.0,0.0,0.0,,0.0,0.0,0.0,,0.0,0.0
odatv:120006750,odatv,2023-10-19,3,39,2875,2936,Fakat geçmiş geçmişte bırakılmazsa barış nasıl mümkün olacak?,0,,0,0,,0,0,,0,9,0,0,0,0,0,0,0,0,0,"{""6"": [], ""7"": [], ""11"": []}",0.0,0.0,0.0,,0.0,0.0,0.0,,0.0,0.0
odatv:120006750,odatv,2023-10-19,3,40,2937,2967,Güven ortamı nasıl sağlanacak?,1,sağlanacak,1,0,,0,0,,1,5,0,0,0,0,0,0,0,0,0,"{""6"": [], ""7"": [], ""11"": []}",0.0,0.0,0.0,,0.0,0.0,0.0,,0.0,0.0
odatv:120006750,odatv,2023-10-19,3,41,2968,3031,Toplumsal bağlar ya da ülkeler arası ilişkiler nasıl kurulacak?,1,kurulacak,1,0,,0,0,,1,10,0,0,0,0,0,0,0,0,0,"{""6"": [], ""7"": [], ""11"": []}",0.0,0.0,0.0,,0.0,0.0,0.0,,0.0,0.0
odatv:120006750,odatv,2023-10-19,3,42,3033,3080,Bu acılı günlerde bu soruları sormak hayli güç.,0,,0,0,,0,0,,0,9,0,0,0,0,0,0,0,0,0,"{""6"": [], ""7"": [], ""11"": []}",0.0,0.0,0.0,,0.0,0.0,0.0,,0.0,0.0
odatv:120006750,odatv,2023-10-19,3,43,3081,3109,Hangimizin canı yanmıyor ki?,0,,0,0,,0,0,,0,5,0,0,0,0,0,1,0,0,0,"{""6"": [""Manipulative Wording""], ""7"": [], ""11"": []}",0.0,0.0,0.0,,1.0,1.0,1.0,,0.0,1.0
odatv:120006750,odatv,2023-10-19,3,44,3110,3143,Sivil ölümlere katlanmak çok zor…,0,,0,0,,0,0,,0,6,0,0,1,0,0,1,0,0,0,"{""6"": [""Manipulative Wording""], ""7"": [], ""11"": []}",1.0,1.0,1.0,,1.0,1.0,1.0,,1.0,1.0
odatv:120006750,odatv,2023-10-19,3,45,3145,3149,Ama…,0,,0,0,,0,0,,0,2,0,0,0,0,0,0,0,0,0,"{""6"": [], ""7"": [], ""11"": []}",0.0,0.0,0.0,,0.0,0.0,0.0,,0.0,0.0
odatv:120006750,odatv,2023-10-19,3,46,3150,3189,Barış olmazsa bu kan akmayı sürdürecek.,0,,0,0,,0,0,,0,7,0,0,0,0,0,0,0,0,0,"{""6"": [], ""7"": [], ""11"": []}",0.0,0.0,0.0,,0.0,0.0,0.0,,0.0,0.0
odatv:120006750,odatv,2023-10-19,3,47,3190,3252,“Mehdi” ya da “Mesih” gelmeden insanoğlu barışı sağlayamaz mı?,0,,0,0,,0,0,,0,10,0,1,0,0,0,0,0,0,0,"{""6"": [], ""7"": [], ""11"": []}",1.0,1.0,1.0,,0.0,0.0,0.0,,1.0,0.0
odatv:120006750,odatv,2023-10-19,3,48,3253,3279,Çok mu ütopik düşünüyorum?,0,,0,0,,0,0,,0,5,0,0,0,0,0,0,0,0,0,"{""6"": [], ""7"": [], ""11"": []}",0.0,0.0,0.0,,0.0,0.0,0.0,,0.0,0.0
odatv:120006750,odatv,2023-10-19,3,49,3280,3286,Hayır.,0,,0,0,,0,0,,0,2,0,0,0,0,0,0,0,0,0,"{""6"": [], ""7"": [], ""11"": []}",0.0,0.0,0.0,,0.0,0.0,0.0,,0.0,0.0
odatv:120006750,odatv,2023-10-19,3,50,3288,3336,"Ve fakat biliyorum ki, barışmak hiç kolay değil.",0,,0,0,,0,0,,0,10,0,0,0,0,0,0,0,0,0,"{""6"": [], ""7"": [], ""11"": []}",0.0,0.0,0.0,,0.0,0.0,0.0,,0.0,0.0
odatv:120006750,odatv,2023-10-19,3,51,3337,3469,Radikal örgütler veya devletlerin sürekli geçmiş travmalar üzerinden oluşturduğu siyaset dili ile mücadele bunun ilk adımı olabilir.,0,,0,0,,0,0,,0,18,1,0,0,0,0,0,0,0,0,"{""6"": [], ""7"": [], ""11"": []}",1.0,1.0,1.0,0.0,0.0,0.0,0.0,,1.0,0.0
odatv:120006750,odatv,2023-10-19,3,52,3471,3510,Öncelikle şu konuda hemfikir olmalıyız:,0,,0,0,,0,0,,0,6,0,0,0,0,0,0,0,0,0,"{""6"": [], ""7"": [], ""11"": []}",0.0,0.0,0.0,,0.0,0.0,0.0,,0.0,0.0
odatv:120006750,odatv,2023-10-19,3,53,3512,3548,"Savaşın iyisi, barışın kötüsü olmaz.",0,,0,0,,0,0,,0,7,0,0,0,0,1,0,0,0,0,"{""6"": [""Justification""], ""7"": [], ""11"": []}",0.0,0.0,0.0,,1.0,1.0,1.0,,0.0,1.0
odatv:120006750,odatv,2023-10-19,3,54,3550,3562,Soner Yalçın,0,,0,0,,0,0,,0,2,0,0,0,0,0,0,0,0,0,"{""6"": [], ""7"": [], ""11"": []}",0.0,0.0,0.0,,0.0,0.0,0.0,,0.0,0.0
odatv:120006750,odatv,2023-10-19,3,55,3564,3573,Odatv.com,0,,0,0,,0,0,,0,1,0,0,0,0,0,0,0,0,0,"{""6"": [], ""7"": [], ""11"": []}",0.0,0.0,0.0,,0.0,0.0,0.0,,0.0,0.0
odatv:120029375,odatv,2024-02-22,2,0,0,37,Kavala'nın Kadersizliği: Kayınpederi…,0,,0,0,,0,0,,0,5,0,0,0,0,0,0,0,0,0,"{""7"": [], ""11"": []}",0.0,0.0,0.0,,0.0,0.0,0.0,,0.0,0.0
odatv:120029375,odatv,2024-02-22,2,1,38,64,Ne ektiler ise o biçiliyor,0,,0,0,,0,0,,0,5,0,0,0,0,0,0,0,0,0,"{""7"": [], ""11"": []}",0.0,0.0,0.0,,0.0,0.0,0.0,,0.0,0.0
odatv:120029375,odatv,2024-02-22,2,2,66,144,Son dönemde Türk edebiyatı üzerinden yakın siyasi tarihimizin izini sürüyorum.,0,,0,0,,0,0,,0,11,0,0,0,0,0,0,0,0,0,"{""7"": [], ""11"": []}",0.0,0.0,0.0,,0.0,0.0,0.0,,0.0,0.0
odatv:120029375,odatv,2024-02-22,2,3,146,152,Bugün:,0,,0,0,,0,0,,0,2,0,0,0,0,0,0,0,0,0,"{""7"": [], ""11"": []}",0.0,0.0,0.0,,0.0,0.0,0.0,,0.0,0.0
odatv:120029375,odatv,2024-02-22,2,4,154,241,Politik görüşü Soğuk Savaş döneminde oluşmuş Erdoğan ve Bahçeli vd. üzerinde duracağım.,0,,0,1,oluşmuş,1,0,,0,14,0,0,0,0,0,0,0,0,0,"{""7"": [], ""11"": []}",0.0,0.0,0.0,,0.0,0.0,0.0,,0.0,0.0
odatv:120029375,odatv,2024-02-22,2,5,242,311,Daha doğrusu o kuşağı etkileyen edebiyat dünyasının peşine düşeceğim!,0,,0,0,,0,0,,0,10,0,0,0,0,0,0,0,0,0,"{""7"": [], ""11"": []}",0.0,0.0,0.0,,0.0,0.0,0.0,,0.0,0.0
odatv:120029375,odatv,2024-02-22,2,6,312,408,"Örneğin, Osman Kavala konusunda iktidar ortakları niçin komplocu katı düşünceye/ sertliğe sahip?",0,,0,0,,0,0,,0,14,0,0,0,0,0,0,0,0,0,"{""7"": [], ""11"": []}",0.0,0.0,0.0,,0.0,0.0,0.0,,0.0,0.0
odatv:120029375,odatv,2024-02-22,2,7,410,502,Şaşırtıcı gelecek ama soruyu Osman Kavala’nın kayınpederi üzerinden yanıtlamaya çalışacağım:,0,,0,0,,0,0,,0,11,0,0,0,0,0,0,0,0,0,"{""7"": [], ""11"": []}",0.0,0.0,0.0,,0.0,0.0,0.0,,0.0,0.0
odatv:120029375,odatv,2024-02-22,2,8,504,596,"Tarık Buğra adını, Türkiye sanırım TRT’de 1984 yılında yayımlanan Küçük Ağa dizisiyle duydu.",1,yayımlanan,1,0,,0,0,,1,15,0,0,0,0,0,0,0,0,0,"{""7"": [], ""11"": []}",0.0,0.0,0.0,,0.0,0.0,0.0,,0.0,0.0
odatv:120029375,odatv,2024-02-22,2,9,598,660,"Yazar Buğra, aynı isimli romanının senaryosunu da kaleme aldı.",0,,0,0,,0,0,,0,12,0,0,0,0,0,0,0,0,0,"{""7"": [], ""11"": []}",0.0,0.0,0.0,,0.0,0.0,0.0,,0.0,0.0
odatv:120029375,odatv,2024-02-22,2,10,662,822,Dönemi anımsatmalıyım; 12 Eylül darbesi ve ülkeye yeni sokulan neoliberalizm ideolojisinin “Ilımlı İslam” aracılığıyla topluma hâkim kılınmak istendiği devirdi…,1,sokulan | kılınmak | istendiği,3,0,,0,0,,1,21,0,0,0,0,0,0,0,0,0,"{""7"": [], ""11"": []}",0.0,0.0,0.0,,0.0,0.0,0.0,,0.0,0.0
odatv:120029375,odatv,2024-02-22,2,11,824,998,"Aralarında Tarık Buğra’nın da bulunduğu muhafazakârların kurduğu Aydınlar Ocağı teşkilatının “Türk İslam Sentezi” düşüncesi, 12 Eylül darbesinin dine bakış söylemine uygundu.",1,bulunduğu | uygundu,2,0,,0,0,,1,23,0,0,0,0,0,0,0,0,0,"{""7"": [], ""11"": []}",0.0,0.0,0.0,,0.0,0.0,0.0,,0.0,0.0
odatv:120029375,odatv,2024-02-22,2,12,1000,1203,"Askeri cunta, Tarık Buğra eserinin, Kurtuluş Savaşı mücadelesine toprak ağaları, eşraf ve din adamları ittifakının oluşturduğu “İslam birliği” anlayışıyla bakmasının TRT dizisi olmasında sakınca görmedi.",0,,0,0,,0,0,,0,29,0,0,0,0,0,0,0,0,0,"{""7"": [], ""11"": []}",0.0,0.0,0.0,,0.0,0.0,0.0,,0.0,0.0
odatv:120029375,odatv,2024-02-22,2,13,1205,1367,"“Zat-ı Şahane’nin halife efendi'ni izinden gittiğinin” sürekli altını çizen, eserin baş karakteri din adamı Küçük Ağa, Kuvayı Milliye’ye tereddütle bakan biriydi.",0,,0,0,,0,0,,0,27,0,0,0,0,0,0,0,0,0,"{""7"": [], ""11"": []}",0.0,0.0,0.0,,0.0,0.0,0.0,,0.0,0.0
odatv:120029375,odatv,2024-02-22,2,14,1368,1445,Öyle ki mecliste Mustafa Kemal'e muhalif İkinci Grubu ile diyalog halindeydi.,0,,0,0,,0,0,,0,13,0,0,0,0,0,0,0,0,0,"{""7"": [], ""11"": []}",0.0,0.0,0.0,,0.0,0.0,0.0,,0.0,0.0
odatv:120029375,odatv,2024-02-22,2,15,1446,1490,Zaferden sonraki dönem konusunda kuşkuluydu.,0,,0,0,,0,0,,0,8,0,0,0,0,0,0,0,0,0,"{""7"": [], ""11"": []}",0.0,0.0,0.0,,0.0,0.0,0.0,,0.0,0.0
odatv:120029375,odatv,2024-02-22,2,16,1491,1494,Vs.,0,,0,0,,0,0,,0,2,0,0,0,0,0,0,0,0,0,"{""7"": [], ""11"": []}",0.0,0.0,0.0,,0.0,0.0,0.0,,0.0,0.0
odatv:120029375,odatv,2024-02-22,2,17,1496,1555,Buğra’nın ideolojik psikolojik harbi bununla sınırlı değil.,0,,0,0,,0,0,,0,8,0,0,0,0,0,0,0,0,0,"{""7"": [], ""11"": []}",0.0,0.0,0.0,,0.0,0.0,0.0,,0.0,0.0
odatv:120029375,odatv,2024-02-22,2,18,1557,1654,Tarık Buğra’nın Soğuk Savaş’a uygun anti komünist “Gençliğim Eyvah” romanı üzerinde durmak lazım.,0,,0,0,,0,0,,0,14,0,0,0,0,0,0,0,0,0,"{""7"": [], ""11"": []}",0.0,0.0,0.0,,0.0,0.0,0.0,,0.0,0.0
odatv:120029375,odatv,2024-02-22,2,19,1655,1745,(Ki “Yağmur Beklerken” ve “Dünyanın En Pis Sokağı” romanlarının siyasi tavrı da benzerdir.,0,,0,0,,0,0,,0,16,0,0,0,0,0,0,0,0,0,"{""7"": [], ""11"": []}",0.0,0.0,0.0,,0.0,0.0,0.0,,0.0,0.0
odatv:120029375,odatv,2024-02-22,2,20,1745,1746,),0,,0,0,,0,0,,0,1,0,0,0,0,0,0,0,0,0,"{""7"": [], ""11"": []}",0.0,0.0,0.0,,0.0,0.0,0.0,,0.0,0.0
odatv:120029375,odatv,2024-02-22,2,21,1748,1854,Günümüzde kimi sağcı politikacıların nobran/ sert “dillerinin”  izini bu eserde rahatlıkla bulabilirsiniz.,0,,0,0,,0,0,,0,13,0,0,0,0,0,0,0,0,0,"{""7"": [], ""11"": []}",0.0,0.0,0.0,,0.0,0.0,0.0,,0.0,0.0
odatv:120029375,odatv,2024-02-22,2,22,1855,1924,Romanın baş karakteri “İhtiyar” sürekli anti komünist söylev çekiyor:,0,,0,0,,0,0,,0,10,0,0,0,0,0,0,0,0,0,"{""7"": [], ""11"": []}",0.0,0.0,0.0,,0.0,0.0,0.0,,0.0,0.0
odatv:120029375,odatv,2024-02-22,2,23,1926,1958,"-“Sağ görüş, devlet koruyucudur.",0,,0,0,,0,0,,0,8,0,0,0,0,0,0,0,0,0,"{""7"": [], ""11"": []}",0.0,0.0,0.0,,0.0,0.0,0.0,,0.0,0.0
odatv:120029375,odatv,2024-02-22,2,24,1958,1959,”,0,,0,0,,0,0,,0,1,0,0,0,0,0,0,0,0,0,"{""7"": [], ""11"": []}",0.0,0.0,0.0,,0.0,0.0,0.0,,0.0,0.0
odatv:120029375,odatv,2024-02-22,2,25,1961,2047,-“Eli silahlı komünist üzerinize gelir ve siz kendinizi korursanız size faşist derler.,0,,0,0,,0,0,,0,14,0,0,0,0,0,0,0,0,0,"{""7"": [], ""11"": []}",0.0,0.0,0.0,,0.0,0.0,0.0,,0.0,0.0
odatv:120029375,odatv,2024-02-22,2,26,2047,2048,”,0,,0,0,,0,0,,0,1,0,0,0,0,0,0,0,0,0,"{""7"": [], ""11"": []}",0.0,0.0,0.0,,0.0,0.0,0.0,,0.0,0.0
odatv:120029375,odatv,2024-02-22,2,27,2050,2075,-“Marks koca bir eşektir.,0,,0,0,,0,0,,0,7,0,0,0,1,0,0,0,0,0,"{""7"": [""Attack on Reputation""], ""11"": []}",0.0,0.0,0.0,,1.0,1.0,1.0,,0.0,1.0
odatv:120029375,odatv,2024-02-22,2,28,2075,2076,”,0,,0,0,,0,0,,0,1,0,0,0,0,0,0,0,0,0,"{""7"": [], ""11"": []}",0.0,0.0,0.0,,0.0,0.0,0.0,,0.0,0.0
odatv:120029375,odatv,2024-02-22,2,29,2078,2123,-“Lenin benzeri görülmemiş kancık demagogdur.,1,görülmemiş,1,1,görülmemiş,1,0,,1,8,0,0,0,1,0,0,0,0,0,"{""7"": [""Attack on Reputation""], ""11"": []}",0.0,0.0,0.0,,1.0,1.0,1.0,,0.0,1.0
odatv:120029375,odatv,2024-02-22,2,30,2123,2124,”,0,,0,0,,0,0,,0,1,0,0,0,0,0,0,0,0,0,"{""7"": [], ""11"": []}",0.0,0.0,0.0,,0.0,0.0,0.0,,0.0,0.0
odatv:120029375,odatv,2024-02-22,2,31,2126,2206,Uzatmayayım; Buğra’nın siyasi tavrı-dili CIA imalatı sağ politik görüşe uygundu.,1,uygundu,1,0,,0,0,,1,14,0,0,0,1,0,0,1,0,0,"{""7"": [""Attack on Reputation"", ""Simplification""], ""11"": []}",0.0,0.0,0.0,,1.0,1.0,1.0,,0.0,1.0
odatv:120029375,odatv,2024-02-22,2,32,2208,2273,Şunu yazarken utanıyorum; Buğra’ya göre kimler devrimci oluyordu:,0,,0,0,,0,0,,0,10,0,0,0,1,0,0,0,0,0,"{""7"": [""Attack on Reputation""], ""11"": []}",0.0,0.0,0.0,,1.0,1.0,1.0,,0.0,1.0
odatv:120029375,odatv,2024-02-22,2,33,2275,2349,-“Orospulaşma yeteneklerine veya heveslerine kılıf arayan kız ve kadınlar.,0,,0,0,,0,0,,0,11,0,0,0,1,0,0,0,0,0,"{""7"": [""Attack on Reputation""], ""11"": []}",0.0,0.0,0.0,,1.0,1.0,1.0,,0.0,1.0
odatv:120029375,odatv,2024-02-22,2,34,2349,2350,”,0,,0,0,,0,0,,0,1,0,0,0,1,0,0,0,0,0,"{""7"": [""Attack on Reputation""], ""11"": []}",0.0,0.0,0.0,,1.0,1.0,1.0,,0.0,1.0
odatv:120029375,odatv,2024-02-22,2,35,2352,2444,"İğrenç cümleyi sadece tek cümleyle geçiştirmiyor, sürekli (diğer romanlarında da) yineliyor:",0,,0,0,,0,0,,0,15,0,0,0,0,0,0,0,0,0,"{""7"": [], ""11"": []}",0.0,0.0,0.0,,0.0,0.0,0.0,,0.0,0.0
odatv:120029375,odatv,2024-02-22,2,36,2446,2588,"-“Ah bir bilsen; doğru dürüst bir fahişe olamayacak kadın, kız döküntülerinden ne sahne, ne radyo ve televizyon yıldızları çıkartmışımdır ben.",0,,0,1,çıkartmışım,1,0,,0,26,0,0,0,1,0,0,0,0,0,"{""7"": [""Attack on Reputation""], ""11"": []}",0.0,0.0,0.0,,1.0,1.0,1.0,,0.0,1.0
odatv:120029375,odatv,2024-02-22,2,37,2589,2790,"(…) Aynı şey işte: Ha bunları türetmek ve üretmek ya da ilericiler, devrimciler, halkçılar, antiemperyalistler, sosyalistler, komünistler, Marksistler, Maocular, Troçkistler, Goşistler türetip üretmek…",0,,0,0,,0,0,,0,36,0,0,0,1,0,0,0,0,0,"{""7"": [""Attack on Reputation""], ""11"": []}",0.0,0.0,0.0,,1.0,1.0,1.0,,0.0,1.0
odatv:120029375,odatv,2024-02-22,2,38,2790,2791,”,0,,0,0,,0,0,,0,1,0,0,0,0,0,0,0,0,0,"{""7"": [], ""11"": []}",0.0,0.0,0.0,,0.0,0.0,0.0,,0.0,0.0
odatv:120029375,odatv,2024-02-22,2,39,2793,2867,Hayat kimseyi evladıyla sınamasın; Buğra’nın kızı ve damadı Marksist oldu!,0,,0,0,,0,0,,0,12,0,0,0,0,0,0,0,0,0,"{""7"": [], ""11"": []}",0.0,0.0,0.0,,0.0,0.0,0.0,,0.0,0.0
odatv:120029375,odatv,2024-02-22,2,40,2869,2920,Tarık Buğra’nın tek derdi sol ile mücadele etmekti.,0,,0,0,,0,0,,0,9,1,0,0,1,0,0,0,0,0,"{""7"": [""Attack on Reputation""], ""11"": []}",0.0,0.0,0.0,0.0,1.0,1.0,1.0,,1.0,1.0
odatv:120029375,odatv,2024-02-22,2,41,2921,2964,Toplumsal “değişim” talebinden nefret etti.,0,,0,0,,0,0,,0,6,0,0,0,1,0,0,0,0,0,"{""7"": [""Attack on Reputation""], ""11"": []}",0.0,0.0,0.0,,1.0,1.0,1.0,,0.0,1.0
odatv:120029375,odatv,2024-02-22,2,42,2965,3034,"Herkese şüpheyle baktı, akla gelmeyecek çirkin komplolar ileri sürdü.",0,,0,0,,0,0,,0,11,0,0,0,1,0,0,0,0,0,"{""7"": [""Attack on Reputation""], ""11"": []}",0.0,0.0,0.0,,1.0,1.0,1.0,,0.0,1.0
odatv:120029375,odatv,2024-02-22,2,43,3035,3192,Yazdıkları “slogan edebiyatını” aşamadı; tüm kötülüklerin arkasında “bir takım solcu politikacılar ve onların uydusu birtakım solcu yazarlar çizerler” vardı.,0,,0,0,,0,0,,0,22,0,0,0,1,0,0,0,0,0,"{""7"": [""Attack on Reputation""], ""11"": []}",0.0,0.0,0.0,,1.0,1.0,1.0,,0.0,1.0
odatv:120029375,odatv,2024-02-22,2,44,3193,3241,"Mücadele, iyi insanlar ile solcular arasındaydı!",0,,0,0,,0,0,,0,9,0,0,0,1,0,0,0,0,0,"{""7"": [""Attack on Reputation""], ""11"": []}",0.0,0.0,0.0,,1.0,1.0,1.0,,0.0,1.0
odatv:120029375,odatv,2024-02-22,2,45,3242,3254,Neler neler…,0,,0,0,,0,0,,0,3,0,0,0,1,0,0,0,0,0,"{""7"": [""Attack on Reputation""], ""11"": []}",0.0,0.0,0.0,,1.0,1.0,1.0,,0.0,1.0
odatv:120029375,odatv,2024-02-22,2,46,3256,3279,Fazla detaya gerek yok…,0,,0,0,,0,0,,0,5,0,0,0,0,0,0,0,0,0,"{""7"": [], ""11"": []}",0.0,0.0,0.0,,0.0,0.0,0.0,,0.0,0.0
odatv:120029375,odatv,2024-02-22,2,47,3281,3501,Tarık Buğra tek değildi: Buğra’nın da köşe yazarlığı yaptığı Tercüman gazetesi başta olmak üzere bu yayınlar ile Soğuk Savaş döneminde yetişen “öteki mahalle” gençlerinin bugün komplocu kafaya sahip olmasına yol açtılar.,1,yetişen,1,0,,0,0,,1,33,0,0,0,0,0,0,1,0,0,"{""7"": [""Simplification""], ""11"": []}",0.0,0.0,0.0,,1.0,1.0,1.0,,0.0,1.0
odatv:120029375,odatv,2024-02-22,2,48,3503,3508,Yani:,0,,0,0,,0,0,,0,2,0,0,0,0,0,0,0,0,0,"{""7"": [], ""11"": []}",0.0,0.0,0.0,,0.0,0.0,0.0,,0.0,0.0
odatv:120029375,odatv,2024-02-22,2,49,3510,3662,Osman Kavala’yı mahkum eden anlayışı doğuran;  CIA tezlerinin kaba propagandasını yapan- komplolar yazan kayınpederi Tarık Buğralar/Aydınlar Ocağı oldu.,0,,0,0,,0,0,,0,22,1,0,1,0,0,0,0,0,0,"{""7"": [], ""11"": []}",1.0,1.0,1.0,,0.0,0.0,0.0,,1.0,0.0
odatv:120029375,odatv,2024-02-22,2,50,3664,3701,Dün ne ektiler ise bugün o biçiliyor…,0,,0,0,,0,0,,0,8,0,0,0,0,0,0,0,0,0,"{""7"": [], ""11"": []}",0.0,0.0,0.0,,0.0,0.0,0.0,,0.0,0.0
odatv:120029375,odatv,2024-02-22,2,51,3703,3712,Odatv.com,0,,0,0,,0,0,,0,1,0,0,0,0,0,0,0,0,0,"{""7"": [], ""11"": []}",0.0,0.0,0.0,,0.0,0.0,0.0,,0.0,0.0
odatv:120030878,odatv,2024-03-01,2,0,0,30,Yine mi saldırıya uğrayacağım…,0,,0,0,,0,0,,0,5,0,0,0,0,0,0,0,0,0,"{""6"": [], ""11"": []}",0.0,0.0,0.0,,0.0,0.0,0.0,,0.0,0.0
odatv:120030878,odatv,2024-03-01,2,1,31,53,Solun görmediği hakika,0,,0,0,,0,0,,0,3,1,0,0,0,0,0,0,0,0,"{""6"": [], ""11"": []}",1.0,1.0,1.0,,0.0,0.0,0.0,,1.0,0.0
odatv:120030878,odatv,2024-03-01,2,2,53,54,t,0,,0,0,,0,0,,0,1,0,0,0,0,0,0,0,0,0,"{""6"": [], ""11"": []}",0.0,0.0,0.0,,0.0,0.0,0.0,,0.0,0.0
odatv:120030878,odatv,2024-03-01,2,3,56,136,Gündemde ne var; ekonomik krizinin yarattığı emekli maaşı gibi geçinme sorunu...,0,,0,0,,0,0,,0,13,0,0,0,0,0,0,0,0,0,"{""6"": [], ""11"": []}",0.0,0.0,0.0,,0.0,0.0,0.0,,0.0,0.0
odatv:120030878,odatv,2024-03-01,2,4,138,228,Çoğu kişi “sol-sağ ayrımı” üzerine tartışmayı gereksiz buluyor; “bu mudur şimdi meselemiz?,0,,0,0,,0,0,,0,16,0,0,0,0,0,0,0,0,0,"{""6"": [], ""11"": []}",0.0,0.0,0.0,,0.0,0.0,0.0,,0.0,0.0
odatv:120030878,odatv,2024-03-01,2,5,228,229,”,0,,0,0,,0,0,,0,1,0,0,0,0,0,0,0,0,0,"{""6"": [], ""11"": []}",0.0,0.0,0.0,,0.0,0.0,0.0,,0.0,0.0
odatv:120030878,odatv,2024-03-01,2,6,231,307,Tam da budur: “Hastalığı” teşhis etmek ve bunu iyileştirecek “ilacı” aramak!,0,,0,0,,0,0,,0,13,0,0,0,0,0,0,0,0,0,"{""6"": [], ""11"": []}",0.0,0.0,0.0,,0.0,0.0,0.0,,0.0,0.0
odatv:120030878,odatv,2024-03-01,2,7,309,380,Soruna dair sebep sonuç ilişkisini ideolojiden bağımsız düşünemezsiniz.,0,,0,0,,0,0,,0,9,0,0,0,0,0,0,0,0,0,"{""6"": [], ""11"": []}",0.0,0.0,0.0,,0.0,0.0,0.0,,0.0,0.0
odatv:120030878,odatv,2024-03-01,2,8,381,403,"Peki, “hangi ideoloji?",0,,0,0,,0,0,,0,5,0,0,0,0,0,0,0,0,0,"{""6"": [], ""11"": []}",0.0,0.0,0.0,,0.0,0.0,0.0,,0.0,0.0
odatv:120030878,odatv,2024-03-01,2,9,403,404,”,0,,0,0,,0,0,,0,1,0,0,0,0,0,0,0,0,0,"{""6"": [], ""11"": []}",0.0,0.0,0.0,,0.0,0.0,0.0,,0.0,0.0
odatv:120030878,odatv,2024-03-01,2,10,406,444,"Terim, Fransız aydınlanmacı Antoine D.",0,,0,0,,0,0,,0,7,0,0,0,0,0,0,0,0,0,"{""6"": [], ""11"": []}",0.0,0.0,0.0,,0.0,0.0,0.0,,0.0,0.0
odatv:120030878,odatv,2024-03-01,2,11,445,597,"Tracy tarafından 1796 yılında “fikirler bilimi” olarak kavramlaştırıldı: Halkın, akıl dışılığına karşı rasyonel fikir sistemi geliştirmesini sağlamak...",1,kavramlaştırıldı,1,0,,0,1,,0,20,0,0,0,0,0,0,0,0,0,"{""6"": [], ""11"": []}",0.0,0.0,0.0,,0.0,0.0,0.0,,0.0,0.0
odatv:120030878,odatv,2024-03-01,2,12,599,607,Sonuçta:,0,,0,0,,0,0,,0,2,0,0,0,0,0,0,0,0,0,"{""6"": [], ""11"": []}",0.0,0.0,0.0,,0.0,0.0,0.0,,0.0,0.0
odatv:120030878,odatv,2024-03-01,2,13,609,765,"Kapitalizm, sosyalizm, liberalizm, faşizm gibi ideolojilerin gelip dayandığı temel; Rönesans ve reform ile başlayan aklı yüceltici “aydınlanma” süreci oldu.",0,,0,0,,0,0,,0,24,0,0,0,0,0,0,0,0,0,"{""6"": [], ""11"": []}",0.0,0.0,0.0,,0.0,0.0,0.0,,0.0,0.0
odatv:120030878,odatv,2024-03-01,2,14,767,933,"Günümüze kadar devam eden bu tarihsel yolculuk; değişmez kabul edilen varsayımlardan, önyargılardan kurtulmayı ve bilgiye-bilime yönelik kabulü geliştirmeyi amaçladı.",1,edilen,1,0,,0,0,,1,24,0,0,0,0,0,0,0,0,0,"{""6"": [], ""11"": []}",0.0,0.0,0.0,,0.0,0.0,0.0,,0.0,0.0
odatv:120030878,odatv,2024-03-01,2,15,935,1012,"İnsanoğlu hem düşüncesinde, hem toplumsal yaşamında köklü değişimler yarattı.",0,,0,0,,0,0,,0,11,0,0,0,0,0,0,0,0,0,"{""6"": [], ""11"": []}",0.0,0.0,0.0,,0.0,0.0,0.0,,0.0,0.0
odatv:120030878,odatv,2024-03-01,2,16,1014,1019,İşte…,0,,0,0,,0,0,,0,2,0,0,0,0,0,0,0,0,0,"{""6"": [], ""11"": []}",0.0,0.0,0.0,,0.0,0.0,0.0,,0.0,0.0
odatv:120030878,odatv,2024-03-01,2,17,1020,1056,Bu noktada tartışma açmak istiyorum:,0,,0,0,,0,0,,0,6,0,0,0,0,0,0,0,0,0,"{""6"": [], ""11"": []}",0.0,0.0,0.0,,0.0,0.0,0.0,,0.0,0.0
odatv:120030878,odatv,2024-03-01,2,18,1058,1183,"İdeolojinin (liberal, sosyalist, faşist) ve rejimin adına ne derseniz deyin; aydınlanma çağı insanoğluna “cennet” getirdi mi?",0,,0,0,,0,0,,0,22,0,0,0,0,0,0,0,0,0,"{""6"": [], ""11"": []}",0.0,0.0,0.0,,0.0,0.0,0.0,,0.0,0.0
odatv:120030878,odatv,2024-03-01,2,19,1185,1258,"Ki, bu soruyu sormak bile bugün solda saldırıya uğranmasına sebep oluyor!",0,,0,0,,0,0,,0,13,0,0,0,0,0,0,0,0,0,"{""6"": [], ""11"": []}",0.0,0.0,0.0,,0.0,0.0,0.0,,0.0,0.0
odatv:120030878,odatv,2024-03-01,2,20,1260,1305,"Sol ilerici ise, hakikatle yüzleşmek zorunda.",0,,0,0,,0,0,,0,8,0,0,0,0,0,0,0,0,0,"{""6"": [], ""11"": []}",0.0,0.0,0.0,,0.0,0.0,0.0,,0.0,0.0
odatv:120030878,odatv,2024-03-01,2,21,1307,1407,"Yaşanılan tüm krizlerin, savaşların tek müsebbibi olarak salt kapitalizmi görmek yanıltıcı değil mi?",1,Yaşanılan,1,0,,0,0,,1,15,0,0,0,0,0,0,0,0,0,"{""6"": [], ""11"": []}",0.0,0.0,0.0,,0.0,0.0,0.0,,0.0,0.0
odatv:120030878,odatv,2024-03-01,2,22,1408,1509,"Dini “dogma” gören aydınlanmacılar, aslında zamanla “dogmaya” dönüşen düşünceler dizini yaratmadı mı?",0,,0,0,,0,0,,0,14,0,0,0,0,0,0,0,0,0,"{""6"": [], ""11"": []}",0.0,0.0,0.0,,0.0,0.0,0.0,,0.0,0.0
odatv:120030878,odatv,2024-03-01,2,23,1511,1631,Aydınlanma paradigması/ modeli / çemberi içinde insanoğlunun siyasi-ekonomik-kültürel düşüncesi ve eylemi dönüp duruyor.,0,,0,0,,0,0,,0,19,1,0,0,0,0,0,0,0,0,"{""6"": [], ""11"": []}",1.0,1.0,1.0,,0.0,0.0,0.0,,1.0,0.0
odatv:120030878,odatv,2024-03-01,2,24,1633,1775,İnsanoğlunun tarihsel hiçbir kazanımını reddetmiyorum; ancak bitmez tükenmez sorunların çözümüne dair ezberleri aşmak gerektiğini düşünüyorum.,1,tükenmez,1,0,,0,0,,1,17,0,0,0,0,0,0,0,0,0,"{""6"": [], ""11"": []}",0.0,0.0,0.0,,0.0,0.0,0.0,,0.0,0.0
odatv:120030878,odatv,2024-03-01,2,25,1776,1790,Debeleniyoruz.,0,,0,0,,0,0,,0,2,0,0,0,0,0,0,0,0,0,"{""6"": [], ""11"": []}",0.0,0.0,0.0,,0.0,0.0,0.0,,0.0,0.0
odatv:120030878,odatv,2024-03-01,2,26,1791,1861,"Usulde/temelde/ ilkede hata yapan, esasta/ özde hataya mahkûmdur oysa…",0,,0,0,,0,0,,0,13,0,0,0,0,0,0,1,0,0,"{""6"": [""Simplification""], ""11"": []}",0.0,0.0,0.0,,1.0,1.0,1.0,,0.0,1.0
odatv:120030878,odatv,2024-03-01,2,27,1863,1922,Sovyetler Birliği dağılırken rahmetli Hasan Yalçın dedi ki:,0,,0,0,,0,0,,0,10,0,0,0,0,0,0,0,0,0,"{""6"": [], ""11"": []}",0.0,0.0,0.0,,0.0,0.0,0.0,,0.0,0.0
odatv:120030878,odatv,2024-03-01,2,28,1924,2004,-“Kafamızı duvara vuracağız düşeceğiz ama kalkıp tekrar yürüyüşe devam edeceğiz.,0,,0,0,,0,0,,0,12,0,0,0,0,0,0,0,0,0,"{""6"": [], ""11"": []}",0.0,0.0,0.0,,0.0,0.0,0.0,,0.0,0.0
odatv:120030878,odatv,2024-03-01,2,29,2004,2005,”,0,,0,0,,0,0,,0,1,0,0,0,0,0,0,0,0,0,"{""6"": [], ""11"": []}",0.0,0.0,0.0,,0.0,0.0,0.0,,0.0,0.0
odatv:120030878,odatv,2024-03-01,2,30,2007,2053,Bu yüksek iradeye itirazım sadece “yola” dair!,0,,0,0,,0,0,,0,8,0,0,0,0,0,0,0,0,0,"{""6"": [], ""11"": []}",0.0,0.0,0.0,,0.0,0.0,0.0,,0.0,0.0
odatv:120030878,odatv,2024-03-01,2,31,2054,2170,İnsanoğlunun iyi bir dünya yaratma hedefine saygı duyuyorum ancak diyorum ki; “yol” üzerinde düşünmek gerekmiyor mu?,0,,0,0,,0,0,,0,18,0,0,0,0,0,0,0,0,0,"{""6"": [], ""11"": []}",0.0,0.0,0.0,,0.0,0.0,0.0,,0.0,0.0
odatv:120030878,odatv,2024-03-01,2,32,2171,2204,"Ya ""yol"" hep çıkmaza götürüyorsa!",0,,0,0,,0,0,,0,6,0,0,0,0,0,0,0,0,0,"{""6"": [], ""11"": []}",0.0,0.0,0.0,,0.0,0.0,0.0,,0.0,0.0
odatv:120030878,odatv,2024-03-01,2,33,2206,2308,"Bu tartışmaya, neredeyse artık muhafazakârlığa dönüşen aydınlanma dayatmasıyla başlamak gerekmiyor mu?",0,,0,0,,0,0,,0,14,0,0,0,0,0,0,0,0,0,"{""6"": [], ""11"": []}",0.0,0.0,0.0,,0.0,0.0,0.0,,0.0,0.0
odatv:120030878,odatv,2024-03-01,2,34,2310,2474,"Nasıl Avrupa merkezi tarihçilik var ise, kökünü (Sokrates, Platon, Aristo vd) Yunan ve (Cicero, Seneca vd) Roma’dan alan Avrupa merkezi aydınlanma felsefesi yok mu?",0,,0,0,,0,0,,0,33,0,0,0,0,0,0,0,0,0,"{""6"": [], ""11"": []}",0.0,0.0,0.0,,0.0,0.0,0.0,,0.0,0.0
odatv:120030878,odatv,2024-03-01,2,35,2476,2507,Çin veya Hint felsefesi nerede?,0,,0,0,,0,0,,0,6,0,0,0,0,0,0,0,0,0,"{""6"": [], ""11"": []}",0.0,0.0,0.0,,0.0,0.0,0.0,,0.0,0.0
odatv:120030878,odatv,2024-03-01,2,36,2509,2598,"Hume, Descartes, Diderot, Leibniz, Kant, Rousseau, Locke, Spinoza, Voltaire vs biliyoruz…",0,,0,0,,0,0,,0,20,0,0,0,0,1,0,0,0,0,"{""6"": [""Justification""], ""11"": []}",0.0,0.0,0.0,,1.0,1.0,1.0,,0.0,1.0
odatv:120030878,odatv,2024-03-01,2,37,2599,2648,"Peki, Meksikalı, İranlı, Arap kaç filozof okuduk?",0,,0,0,,0,0,,0,11,0,0,0,0,1,0,0,0,0,"{""6"": [""Justification""], ""11"": []}",0.0,0.0,0.0,,1.0,1.0,1.0,,0.0,1.0
odatv:120030878,odatv,2024-03-01,2,38,2650,2694,Batı paradigmasını sorgulamak gerekmiyor mu?,0,,0,0,,0,0,,0,6,0,0,0,0,0,0,0,0,0,"{""6"": [], ""11"": []}",0.0,0.0,0.0,,0.0,0.0,0.0,,0.0,0.0
odatv:120030878,odatv,2024-03-01,2,39,2695,2713,Sorusuz sol olmaz.,0,,0,0,,0,0,,0,4,0,0,0,0,0,0,0,0,0,"{""6"": [], ""11"": []}",0.0,0.0,0.0,,0.0,0.0,0.0,,0.0,0.0
odatv:120030878,odatv,2024-03-01,2,40,2715,2782,“Hiçbir şeyin anlamı ve değeri yoktur” demiyorum; nihilist değilim.,0,,0,0,,0,0,,0,11,0,0,0,0,0,0,0,0,0,"{""6"": [], ""11"": []}",0.0,0.0,0.0,,0.0,0.0,0.0,,0.0,0.0
odatv:120030878,odatv,2024-03-01,2,41,2784,2808,Yeni paradigma arıyorum.,0,,0,0,,0,0,,0,4,0,0,0,0,0,0,0,0,0,"{""6"": [], ""11"": []}",0.0,0.0,0.0,,0.0,0.0,0.0,,0.0,0.0
odatv:120030878,odatv,2024-03-01,2,42,2810,2883,Kara Kutu kitabım çıktığında faşist körlüğe varan dayatmayla karşılaştım.,0,,0,0,,0,0,,0,10,0,0,0,1,0,0,0,0,0,"{""6"": [""Attack on Reputation""], ""11"": []}",0.0,0.0,0.0,,1.0,1.0,1.0,,0.0,1.0
odatv:120030878,odatv,2024-03-01,2,43,2884,2983,"Kapitalizmin tıbbi bilgiyi, bilimi sömürüsüne nasıl araç yaptığı sorusu çok solcunun kafasında yok!",0,,0,0,,0,0,,0,15,0,0,0,1,0,0,0,0,0,"{""6"": [""Attack on Reputation""], ""11"": []}",0.0,0.0,0.0,,1.0,1.0,1.0,,0.0,1.0
odatv:120030878,odatv,2024-03-01,2,44,2985,3146,"“Bilim” denen -örneğin- bioteknolojinin veya biopolitikanın tarihte görülmemiş boyutta, insan varoluşunu ve toplumsal yapıyı tehdit ettiğini inatla görmüyor sol.",1,denen | görülmemiş,2,1,görülmemiş,1,0,,1,24,0,0,0,0,0,0,0,0,0,"{""6"": [], ""11"": []}",0.0,0.0,0.0,,0.0,0.0,0.0,,0.0,0.0
odatv:120030878,odatv,2024-03-01,2,45,3148,3241,"Evet, insanın bedeni üzerinden köle yapılmasının, “bilim” diye yutturulmasını kavrayamıyor...",1,yapılmasının | yutturulmasını,2,0,,0,0,,1,14,0,0,0,0,0,1,0,0,0,"{""6"": [""Manipulative Wording""], ""11"": []}",0.0,0.0,0.0,,1.0,1.0,1.0,,0.0,1.0
odatv:120030878,odatv,2024-03-01,2,46,3243,3340,"Bu büyük kandırmaya solcuların sesini çıkarmasının sebebi, sorgusuz kabul ettiği bilim fetişizmi…",0,,0,0,,0,0,,0,14,0,0,0,0,0,1,0,0,0,"{""6"": [""Manipulative Wording""], ""11"": []}",0.0,0.0,0.0,,1.0,1.0,1.0,,0.0,1.0
odatv:120030878,odatv,2024-03-01,2,47,3341,3392,Sadece insanoğlu dinle mi aldatılıyor sanıyorsunuz…,0,,0,0,,0,0,,0,7,0,0,1,0,0,0,0,0,0,"{""6"": [], ""11"": []}",1.0,1.0,1.0,,0.0,0.0,0.0,,1.0,0.0
odatv:120030878,odatv,2024-03-01,2,48,3394,3411,En başa dönersem:,0,,0,0,,0,0,,0,4,0,0,0,0,0,0,0,0,0,"{""6"": [], ""11"": []}",0.0,0.0,0.0,,0.0,0.0,0.0,,0.0,0.0
odatv:120030878,odatv,2024-03-01,2,49,3413,3435,Sol-sağ ayrımı vardır.,0,,0,0,,0,0,,0,7,0,0,0,0,0,0,0,0,0,"{""6"": [], ""11"": []}",0.0,0.0,0.0,,0.0,0.0,0.0,,0.0,0.0
odatv:120030878,odatv,2024-03-01,2,50,3436,3592,"Fakat ilerici sol, başkalarının ayağıyla yürümekten vazgeçip, -kazanımlarını reddedemeyeceğimiz- Batı merkezi düşünce kulübü üzerine tartışma başlatmalıdır…",0,,0,0,,0,0,,0,22,0,0,0,0,0,0,0,0,0,"{""6"": [], ""11"": []}",0.0,0.0,0.0,,0.0,0.0,0.0,,0.0,0.0
odatv:120030878,odatv,2024-03-01,2,51,3594,3720,"Liberalizmi, faşizmi, sosyalizmi, “aydınlanma çemberi” içinde kalarak aşmanın mümkün olmadığını daha kaç kez deneyimleyeceğiz?",0,,0,0,,0,0,,0,18,0,0,0,0,0,0,0,0,0,"{""6"": [], ""11"": []}",0.0,0.0,0.0,,0.0,0.0,0.0,,0.0,0.0
odatv:120030878,odatv,2024-03-01,2,52,3722,3768,"Nihayetinde bu, devrimci solu sağcılaştırıyor…",0,,0,0,,0,0,,0,7,0,0,0,0,0,0,0,0,0,"{""6"": [], ""11"": []}",0.0,0.0,0.0,,0.0,0.0,0.0,,0.0,0.0
odatv:120030878,odatv,2024-03-01,2,53,3770,3782,Soner Yalçın,0,,0,0,,0,0,,0,2,0,0,0,0,0,0,0,0,0,"{""6"": [], ""11"": []}",0.0,0.0,0.0,,0.0,0.0,0.0,,0.0,0.0
odatv:120030878,odatv,2024-03-01,2,54,3784,3793,Odatv.com,0,,0,0,,0,0,,0,1,0,0,0,0,0,0,0,0,0,"{""6"": [], ""11"": []}",0.0,0.0,0.0,,0.0,0.0,0.0,,0.0,0.0
odatv:120031561,odatv,2024-03-05,3,0,0,3,II.,0,,0,0,,0,0,,0,2,0,0,0,0,0,0,0,0,0,"{""6"": [], ""7"": [], ""11"": []}",0.0,0.0,0.0,,0.0,0.0,0.0,,0.0,0.0
odatv:120031561,odatv,2024-03-05,3,1,4,29,Abdülhamit de bizimdir...,0,,0,0,,0,0,,0,5,0,0,0,0,0,0,0,0,0,"{""6"": [], ""7"": [], ""11"": []}",0.0,0.0,0.0,,0.0,0.0,0.0,,0.0,0.0
odatv:120031561,odatv,2024-03-05,3,2,30,52,Atatürk de bizimdir...,0,,0,0,,0,0,,0,5,0,0,0,0,0,0,0,0,0,"{""6"": [], ""7"": [], ""11"": []}",0.0,0.0,0.0,,0.0,0.0,0.0,,0.0,0.0
odatv:120031561,odatv,2024-03-05,3,3,53,74,Asıl gereken tartışma,0,,0,0,,0,0,,0,3,0,0,0,0,0,0,0,0,0,"{""6"": [], ""7"": [], ""11"": []}",0.0,0.0,0.0,,0.0,0.0,0.0,,0.0,0.0
odatv:120031561,odatv,2024-03-05,3,4,76,91,Cahil sendromu/,0,,0,0,,0,0,,0,3,0,0,0,0,0,0,0,0,0,"{""6"": [], ""7"": [], ""11"": []}",0.0,0.0,0.0,,0.0,0.0,0.0,,0.0,0.0
odatv:120031561,odatv,2024-03-05,3,5,92,214,"Dunning-Kruger etkisi, her şeyi bildiğini zanneden ve bunu her ortamda dile getiren yetersiz bilgiye sahip kişilere denir!",1,denir,1,0,,0,0,,1,21,0,0,0,0,0,0,0,0,0,"{""6"": [], ""7"": [], ""11"": []}",0.0,0.0,0.0,,0.0,0.0,0.0,,0.0,0.0
odatv:120031561,odatv,2024-03-05,3,6,216,252,“Senin için en iyisini ben bilirim”…,0,,0,0,,0,0,,0,8,0,0,0,0,0,0,0,0,0,"{""6"": [], ""7"": [], ""11"": []}",0.0,0.0,0.0,,0.0,0.0,0.0,,0.0,0.0
odatv:120031561,odatv,2024-03-05,3,7,254,296,Bildiğini sananlara hakikati anlatmak zor.,0,,0,0,,0,0,,0,6,0,0,0,0,0,0,0,0,0,"{""6"": [], ""7"": [], ""11"": []}",0.0,0.0,0.0,,0.0,0.0,0.0,,0.0,0.0
odatv:120031561,odatv,2024-03-05,3,8,297,338,"Bunu güzel tanımlamışız, “cahil cesareti.",0,,0,0,,0,0,,0,7,0,0,0,0,0,0,0,0,0,"{""6"": [], ""7"": [], ""11"": []}",0.0,0.0,0.0,,0.0,0.0,0.0,,0.0,0.0
odatv:120031561,odatv,2024-03-05,3,9,338,339,”,0,,0,0,,0,0,,0,1,0,0,0,0,0,0,0,0,0,"{""6"": [], ""7"": [], ""11"": []}",0.0,0.0,0.0,,0.0,0.0,0.0,,0.0,0.0
odatv:120031561,odatv,2024-03-05,3,10,341,405,Sadece ekranlarda kimi konuşan kafaları kastettiğimi sanmayınız.,0,,0,0,,0,0,,0,8,0,0,0,1,0,0,0,0,0,"{""6"": [], ""7"": [""Attack on Reputation""], ""11"": []}",0.0,0.0,0.0,,1.0,1.0,1.0,,0.0,1.0
odatv:120031561,odatv,2024-03-05,3,11,406,504,“Akademisyen” kimliğiyle yazılan bazı kitaplarda da bilgiye dayanmayan yanlılık karşımıza çıkıyor.,1,yazılan | dayanmayan,2,0,,0,0,,1,12,0,0,0,1,0,0,0,0,0,"{""6"": [], ""7"": [""Attack on Reputation""], ""11"": []}",0.0,0.0,0.0,,1.0,1.0,1.0,,0.0,1.0
odatv:120031561,odatv,2024-03-05,3,12,505,621,"Mesela: Atatürk devrimlerini çağdaşlık dışına çıkarıp, Batıcılık olarak gösterilmesinin nedeni propaganda yapmaktır.",1,gösterilmesinin,1,0,,0,0,,1,16,0,0,0,1,0,0,0,0,0,"{""6"": [], ""7"": [""Attack on Reputation""], ""11"": []}",0.0,0.0,0.0,,1.0,1.0,1.0,,0.0,1.0
odatv:120031561,odatv,2024-03-05,3,13,622,628,Yazık.,0,,0,0,,0,0,,0,2,0,0,0,1,0,0,0,0,0,"{""6"": [], ""7"": [""Attack on Reputation""], ""11"": []}",0.0,0.0,0.0,,1.0,1.0,1.0,,0.0,1.0
odatv:120031561,odatv,2024-03-05,3,14,630,657,Size soru sormak istiyorum.,0,,0,0,,0,0,,0,5,0,0,0,0,0,0,0,0,0,"{""6"": [], ""7"": [], ""11"": []}",0.0,0.0,0.0,,0.0,0.0,0.0,,0.0,0.0
odatv:120031561,odatv,2024-03-05,3,15,658,723,Aşağıdaki bilgiler hangi lider döneminde ders müfredatında vardı:,0,,0,0,,0,0,,0,10,0,0,0,0,0,0,0,0,0,"{""6"": [], ""7"": [], ""11"": []}",0.0,0.0,0.0,,0.0,0.0,0.0,,0.0,0.0
odatv:120031561,odatv,2024-03-05,3,16,725,826,-“Osmanlı Kayı boyunun kökeni Moğol baskısı nedeniyle Horasan’dan Anadolu’ya gelmiş Türklere dayanır…,0,,0,1,gelmiş,1,0,,0,14,0,0,0,0,0,0,0,0,0,"{""6"": [], ""7"": [], ""11"": []}",0.0,0.0,0.0,,0.0,0.0,0.0,,0.0,0.0
odatv:120031561,odatv,2024-03-05,3,17,828,900,"-“Osmanlı çöküş süreci; 1683 Viyana Savaşı, Kutsal Lig karşısında alınan",1,alınan,1,0,,0,0,,1,13,0,0,0,0,0,0,0,0,0,"{""6"": [], ""7"": [], ""11"": []}",0.0,0.0,0.0,,0.0,0.0,0.0,,0.0,0.0
odatv:120031561,odatv,2024-03-05,3,18,902,998,yenilgiler ve ilk büyük toprak kayıplarının yaşandığı 1699 Karlofça Antlaşması diziniyle başlar…,1,yaşandığı,1,0,,0,0,,1,13,0,0,0,0,0,0,0,0,0,"{""6"": [], ""7"": [], ""11"": []}",0.0,0.0,0.0,,0.0,0.0,0.0,,0.0,0.0
odatv:120031561,odatv,2024-03-05,3,19,1000,1319,"-“Osmanlı-Rus savaşları ve Avrupa devletleri karşısında alınan tüm yenilgiye sebep iç sorunların temel nedeni; Üçüncü Selim (1789 –-1807) ve İkinci Mahmut'un (1808- 1839) modernist yaklaşımla ıslahat teşebbüslerine rağmen, yeniçerilerin serkeşliği, ayânların devlete karşı bağlılık ve sadakat duygularının zayıflığıdır…",1,alınan,1,0,,0,0,,1,53,0,0,0,0,0,0,0,0,0,"{""6"": [], ""7"": [], ""11"": []}",0.0,0.0,0.0,,0.0,0.0,0.0,,0.0,0.0
odatv:120031561,odatv,2024-03-05,3,20,1319,1320,”,0,,0,0,,0,0,,0,1,0,0,0,0,0,0,0,0,0,"{""6"": [], ""7"": [], ""11"": []}",0.0,0.0,0.0,,0.0,0.0,0.0,,0.0,0.0
odatv:120031561,odatv,2024-03-05,3,21,1322,1356,Osmanlı tarih dersini uzatmayayım…,0,,0,0,,0,0,,0,5,0,0,0,0,0,0,0,0,0,"{""6"": [], ""7"": [], ""11"": []}",0.0,0.0,0.0,,0.0,0.0,0.0,,0.0,0.0
odatv:120031561,odatv,2024-03-05,3,22,1358,1363,Keza:,0,,0,0,,0,0,,0,2,0,0,0,0,0,0,0,0,0,"{""6"": [], ""7"": [], ""11"": []}",0.0,0.0,0.0,,0.0,0.0,0.0,,0.0,0.0
odatv:120031561,odatv,2024-03-05,3,23,1365,1454,Ders/müfredat kitaplarının diğer ortak vurgusu; 1839 Tanzimat ilanı ve onun sonuçlarıydı.,0,,0,0,,0,0,,0,14,0,0,0,0,0,0,0,0,0,"{""6"": [], ""7"": [], ""11"": []}",0.0,0.0,0.0,,0.0,0.0,0.0,,0.0,0.0
odatv:120031561,odatv,2024-03-05,3,24,1455,1625,"Osmanlı’nın ekonomik-kültürel modern ihtiyaçlarının yapılandırılmasında, Tanzimat döneminde gerçekleştirilen reformların temel teşkil ettiği konusunda konsensüs mevcuttu…",1,yapılandırılmasında | gerçekleştirilen | mevcuttu,3,0,,0,0,,1,19,0,0,0,0,0,0,0,0,0,"{""6"": [], ""7"": [], ""11"": []}",0.0,0.0,0.0,,0.0,0.0,0.0,,0.0,0.0
odatv:120031561,odatv,2024-03-05,3,25,1627,1714,Tekrar soruyorum: Bu modernist uzlaşı hangi lider döneminin ders kitaplarında mevcuttu?,0,,0,0,,0,0,,0,13,0,0,0,0,1,0,0,0,0,"{""6"": [""Justification""], ""7"": [], ""11"": []}",0.0,0.0,0.0,,1.0,1.0,1.0,,0.0,1.0
odatv:120031561,odatv,2024-03-05,3,26,1716,1768,Eminim büyük çoğunluk “Atatürk” yanıtını verecektir!,0,,0,0,,0,0,,0,7,0,0,0,0,1,0,0,0,0,"{""6"": [""Justification""], ""7"": [], ""11"": []}",0.0,0.0,0.0,,1.0,1.0,1.0,,0.0,1.0
odatv:120031561,odatv,2024-03-05,3,27,1769,1790,Hayır yanılıyorsunuz:,0,,0,0,,0,0,,0,3,0,0,0,0,1,0,0,0,0,"{""6"": [""Justification""], ""7"": [], ""11"": []}",0.0,0.0,0.0,,1.0,1.0,1.0,,0.0,1.0
odatv:120031561,odatv,2024-03-05,3,28,1792,1880,"Bunlar, 1876 - 1909 yılları arasındaki Osmanlı tarihi yazımının ders müfredatında vardı!",0,,0,0,,0,0,,0,15,0,0,0,0,1,0,0,0,0,"{""6"": [""Justification""], ""7"": [], ""11"": []}",0.0,0.0,0.0,,1.0,1.0,1.0,,0.0,1.0
odatv:120031561,odatv,2024-03-05,3,29,1881,1915,"Yani, İkinci Abdülhamit döneminde…",0,,0,0,,0,0,,0,6,0,1,0,0,1,0,0,0,0,"{""6"": [""Justification""], ""7"": [], ""11"": []}",1.0,1.0,1.0,,1.0,1.0,1.0,,1.0,1.0
odatv:120031561,odatv,2024-03-05,3,30,1917,1936,Ki sadece bu değil:,0,,0,0,,0,0,,0,5,0,0,0,0,0,0,0,0,0,"{""6"": [], ""7"": [], ""11"": []}",0.0,0.0,0.0,,0.0,0.0,0.0,,0.0,0.0
odatv:120031561,odatv,2024-03-05,3,31,1938,2103,"- Geleneksel okuma yöntemini değiştirip, Arapça öğretiminin yanı sıra Osmanlı Türkçesi (nesih, talik, divanî ve rika) okuma - yazma kurallarını müfredata koyan oydu…",0,,0,0,,0,0,,0,30,0,0,0,0,0,0,0,0,0,"{""6"": [], ""7"": [], ""11"": []}",0.0,0.0,0.0,,0.0,0.0,0.0,,0.0,0.0
odatv:120031561,odatv,2024-03-05,3,32,2105,2194,-“Türk adının muhteşem bir ırka mensup olduğunu” yazan ders kitabına itiraz etmeyen oydu.,0,,0,0,,0,0,,0,15,0,0,0,0,0,0,0,0,0,"{""6"": [], ""7"": [], ""11"": []}",0.0,0.0,0.0,,0.0,0.0,0.0,,0.0,0.0
odatv:120031561,odatv,2024-03-05,3,33,2195,2241,(Bakınız: Selanikli Tevfik’in “Osmanlı Tarihi.,0,,0,0,,0,0,,0,8,0,0,0,0,0,0,0,0,0,"{""6"": [], ""7"": [], ""11"": []}",0.0,0.0,0.0,,0.0,0.0,0.0,,0.0,0.0
odatv:120031561,odatv,2024-03-05,3,34,2241,2243,”),0,,0,0,,0,0,,0,2,0,0,0,0,0,0,0,0,0,"{""6"": [], ""7"": [], ""11"": []}",0.0,0.0,0.0,,0.0,0.0,0.0,,0.0,0.0
odatv:120031561,odatv,2024-03-05,3,35,2245,2405,"- Sansürcü kimliğiyle bilinmesine rağmen coğrafya dersinde, “hükûmet-i mutlaka” “hükûmet-i meşrûta” ve “hükûmet-i cumhûriyye” öğretilmesine karşı çıkmayan oydu…",1,bilinmesine | öğretilmesine,2,0,,0,0,,1,26,0,0,0,0,0,0,0,0,0,"{""6"": [], ""7"": [], ""11"": []}",0.0,0.0,0.0,,0.0,0.0,0.0,,0.0,0.0
odatv:120031561,odatv,2024-03-05,3,36,2407,2439,-İlköğretimi zorunlu yapan oydu…,0,,0,0,,0,0,,0,8,0,0,0,0,0,0,0,0,0,"{""6"": [], ""7"": [], ""11"": []}",0.0,0.0,0.0,,0.0,0.0,0.0,,0.0,0.0
odatv:120031561,odatv,2024-03-05,3,37,2441,2470,-Okullaşma rekoru kıran oydu.,0,,0,0,,0,0,,0,7,0,0,0,0,0,0,0,0,0,"{""6"": [], ""7"": [], ""11"": []}",0.0,0.0,0.0,,0.0,0.0,0.0,,0.0,0.0
odatv:120031561,odatv,2024-03-05,3,38,2471,2563,"(Örneğin, 1877′de İstanbul'da sadece 200 modern ilkokul varken, 1905 yılında 9 bine çıkardı.",0,,0,0,,0,0,,0,17,0,0,0,0,0,0,0,0,0,"{""6"": [], ""7"": [], ""11"": []}",0.0,0.0,0.0,,0.0,0.0,0.0,,0.0,0.0
odatv:120031561,odatv,2024-03-05,3,39,2564,2626,33 yıllık saltanatı boyunca her yıl ortalama 400 ilkokul açtı.,0,,0,0,,0,0,,0,11,0,0,0,0,0,0,0,0,0,"{""6"": [], ""7"": [], ""11"": []}",0.0,0.0,0.0,,0.0,0.0,0.0,,0.0,0.0
odatv:120031561,odatv,2024-03-05,3,40,2626,2627,),0,,0,0,,0,0,,0,1,0,0,0,0,0,0,0,0,0,"{""6"": [], ""7"": [], ""11"": []}",0.0,0.0,0.0,,0.0,0.0,0.0,,0.0,0.0
odatv:120031561,odatv,2024-03-05,3,41,2629,2751,Yani: İkinci Abdülhamit dönemi eğitim anlayışına genel olarak bakıldığında reformcu/ modernist yönün ağır bastığı görülür…,1,bakıldığında | görülür,2,0,,0,0,,1,18,0,0,0,0,0,0,0,0,0,"{""6"": [], ""7"": [], ""11"": []}",0.0,0.0,0.0,,0.0,0.0,0.0,,0.0,0.0
odatv:120031561,odatv,2024-03-05,3,42,2753,2780,“Batılılaşma” denildiğinde…,0,,0,0,,0,0,,0,3,0,0,0,0,0,0,0,0,0,"{""6"": [], ""7"": [], ""11"": []}",0.0,0.0,0.0,,0.0,0.0,0.0,,0.0,0.0
odatv:120031561,odatv,2024-03-05,3,43,2782,2848,"“Batı öğretim müfredatı” denildiğinde, “modernleşme” denildiğinde…",1,denildiğinde | denildiğinde,2,0,,0,0,,1,8,0,0,0,0,0,0,0,0,0,"{""6"": [], ""7"": [], ""11"": []}",0.0,0.0,0.0,,0.0,0.0,0.0,,0.0,0.0
odatv:120031561,odatv,2024-03-05,3,44,2850,2966,"“Türk” denildiğinde, “Türkçe” denildiğinde İkinci Abdülhamit’in yaptıklarını “muhafazakâr akademi” görmek istemiyor.",0,,0,0,,0,0,,0,13,0,1,0,0,0,0,0,0,0,"{""6"": [], ""7"": [], ""11"": []}",1.0,1.0,1.0,,0.0,0.0,0.0,,1.0,0.0
odatv:120031561,odatv,2024-03-05,3,45,2968,3053,"Maarif Nazırı Saffet Paşa, 1879 yılında kaleme aldığı yazısında; “Reform yoluna ciddi",0,,0,0,,0,0,,0,14,0,0,0,0,0,0,0,0,0,"{""6"": [], ""7"": [], ""11"": []}",0.0,0.0,0.0,,0.0,0.0,0.0,,0.0,0.0
odatv:120031561,odatv,2024-03-05,3,46,3055,3138,"ve samimi olarak girmedikçe, Avrupa medeniyetini bütün ile almadıkça, devleti meden",0,,0,0,,0,0,,0,13,0,0,0,0,0,0,0,0,0,"{""6"": [], ""7"": [], ""11"": []}",0.0,0.0,0.0,,0.0,0.0,0.0,,0.0,0.0
odatv:120031561,odatv,2024-03-05,3,47,3138,3139,i,0,,0,0,,0,0,,0,1,0,0,0,0,0,0,0,0,0,"{""6"": [], ""7"": [], ""11"": []}",0.0,0.0,0.0,,0.0,0.0,0.0,,0.0,0.0
odatv:120031561,odatv,2024-03-05,3,48,3141,3222,bir Avrupa devleti haline getirmedikçe Türkiye’nin Avrupa’nın müdahalelerinden ve,0,,0,0,,0,0,,0,9,0,0,0,0,0,0,0,0,0,"{""6"": [], ""7"": [], ""11"": []}",0.0,0.0,0.0,,0.0,0.0,0.0,,0.0,0.0
odatv:120031561,odatv,2024-03-05,3,49,3224,3269,efendiliğinden kurtulamayacağı” görüşündedir!,0,,0,0,,0,0,,0,5,0,0,0,0,0,0,0,0,0,"{""6"": [], ""7"": [], ""11"": []}",0.0,0.0,0.0,,0.0,0.0,0.0,,0.0,0.0
odatv:120031561,odatv,2024-03-05,3,50,3270,3309,Bu aynı zamanda padişahın da görüşüdür.,0,,0,0,,0,0,,0,8,0,0,0,0,0,0,0,0,0,"{""6"": [], ""7"": [], ""11"": []}",0.0,0.0,0.0,,0.0,0.0,0.0,,0.0,0.0
odatv:120031561,odatv,2024-03-05,3,51,3309,3361,Atatürk gibi Osmanlı paşaları bu müfredatla yetişti…,0,,0,0,,0,0,,0,8,0,1,0,0,0,0,0,0,0,"{""6"": [], ""7"": [], ""11"": []}",1.0,1.0,1.0,,0.0,0.0,0.0,,1.0,0.0
odatv:120031561,odatv,2024-03-05,3,52,3363,3496,Kuşkusuz -kız mektepleri açmasına rağmen- kadına bakışı vs farklı olmakla birlikte Cumhuriyet bu Osmanlı müfredatının takibini yaptı…,0,,0,0,,0,0,,0,20,0,0,0,0,0,0,0,0,0,"{""6"": [], ""7"": [], ""11"": []}",0.0,0.0,0.0,,0.0,0.0,0.0,,0.0,0.0
odatv:120031561,odatv,2024-03-05,3,53,3498,3600,İkinci Abdülhamit- Atatürk karşılaştırması yapmaktan müfredat üzerinde nitelikli tartışma yapamıyoruz.,0,,0,0,,0,0,,0,12,0,0,0,0,0,0,0,1,0,"{""6"": [""Call""], ""7"": [], ""11"": []}",0.0,0.0,0.0,,1.0,1.0,1.0,,0.0,1.0
odatv:120031561,odatv,2024-03-05,3,54,3601,3606,Oysa.,0,,0,0,,0,0,,0,2,0,0,0,0,0,0,0,1,0,"{""6"": [""Call""], ""7"": [], ""11"": []}",0.0,0.0,0.0,,1.0,1.0,1.0,,0.0,1.0
odatv:120031561,odatv,2024-03-05,3,55,3607,3660,"İkinci Abdülhamit de bizimdir, Atatürk de bizimdir...",0,,0,0,,0,0,,0,11,0,1,0,0,0,0,0,1,0,"{""6"": [""Call""], ""7"": [], ""11"": []}",1.0,1.0,1.0,,1.0,1.0,1.0,,1.0,1.0
odatv:120031561,odatv,2024-03-05,3,56,3662,3721,Osmanlı’dan Cumhuriyet’e asıl müfredat üzerinde durmalıyız.,0,,0,0,,0,0,,0,7,0,0,1,0,0,0,0,1,0,"{""6"": [""Call""], ""7"": [], ""11"": []}",1.0,1.0,1.0,,1.0,1.0,1.0,,1.0,1.0
odatv:120031561,odatv,2024-03-05,3,57,3722,3831,"Yoksa, milli eğitim bakanını değiştirmek gibi palyatif çözümler ile eğitim-öğretim sorunumuz ortadan kalkmaz.",0,,0,0,,0,0,,0,18,0,0,0,0,0,0,0,1,0,"{""6"": [""Call""], ""7"": [], ""11"": []}",0.0,0.0,0.0,,1.0,1.0,1.0,,0.0,1.0
odatv:120031561,odatv,2024-03-05,3,58,3833,3845,Soner Yalçın,0,,0,0,,0,0,,0,2,0,0,0,0,0,0,0,0,0,"{""6"": [], ""7"": [], ""11"": []}",0.0,0.0,0.0,,0.0,0.0,0.0,,0.0,0.0
odatv:120031561,odatv,2024-03-05,3,59,3847,3856,Odatv.com,0,,0,0,,0,0,,0,1,0,0,0,0,0,0,0,0,0,"{""6"": [], ""7"": [], ""11"": []}",0.0,0.0,0.0,,0.0,0.0,0.0,,0.0,0.0
odatv:120033497,odatv,2024-03-15,2,0,0,28,Yanaklarım ıslanarak okudum…,0,,0,0,,0,0,,0,4,0,0,0,0,0,0,0,0,0,"{""7"": [], ""11"": []}",0.0,0.0,0.0,,0.0,0.0,0.0,,0.0,0.0
odatv:120033497,odatv,2024-03-15,2,1,29,47,Basın-yayın komünü,0,,0,0,,0,0,,0,4,0,0,0,0,0,0,0,0,0,"{""7"": [], ""11"": []}",0.0,0.0,0.0,,0.0,0.0,0.0,,0.0,0.0
odatv:120033497,odatv,2024-03-15,2,2,49,70,Tarih: 28 Eylül 1994.,0,,0,0,,0,0,,0,6,0,0,0,0,0,0,0,0,0,"{""7"": [], ""11"": []}",0.0,0.0,0.0,,0.0,0.0,0.0,,0.0,0.0
odatv:120033497,odatv,2024-03-15,2,3,72,224,Toplam 989 kişi bulunan M/S Estonia gemisi saat tam 19.00’da Estonya Tallinn Limanı’ndan İsveç Stockholm Limanı’na gitmek üzere Baltık Denizi’ne açıldı.,1,bulunan | açıldı,2,0,,0,0,,1,22,0,0,0,0,0,0,0,0,0,"{""7"": [], ""11"": []}",0.0,0.0,0.0,,0.0,0.0,0.0,,0.0,0.0
odatv:120033497,odatv,2024-03-15,2,4,226,319,İki ülke arasında Volvo marka otomobil götürüp satan Carl Ovberg gemiye son dakikada yetişti.,0,,0,0,,0,0,,0,15,0,0,0,0,0,0,0,0,0,"{""7"": [], ""11"": []}",0.0,0.0,0.0,,0.0,0.0,0.0,,0.0,0.0
odatv:120033497,odatv,2024-03-15,2,5,320,377,"Tek kişilik kamarasındaydı, saat 24.00’e gelmek üzereydi.",0,,0,0,,0,0,,0,11,0,0,0,0,0,0,0,0,0,"{""7"": [], ""11"": []}",0.0,0.0,0.0,,0.0,0.0,0.0,,0.0,0.0
odatv:120033497,odatv,2024-03-15,2,6,378,405,Patlama sesiyle yere düştü.,0,,0,0,,0,0,,0,5,0,0,0,0,0,0,0,0,0,"{""7"": [], ""11"": []}",0.0,0.0,0.0,,0.0,0.0,0.0,,0.0,0.0
odatv:120033497,odatv,2024-03-15,2,7,406,456,Kendini toparlamıştı ki ikinci patlama sesi geldi.,0,,0,0,,0,0,,0,8,0,0,0,0,0,0,0,0,0,"{""7"": [], ""11"": []}",0.0,0.0,0.0,,0.0,0.0,0.0,,0.0,0.0
odatv:120033497,odatv,2024-03-15,2,8,457,472,Gemi batıyordu…,0,,0,0,,0,0,,0,3,0,0,0,0,0,0,0,0,0,"{""7"": [], ""11"": []}",0.0,0.0,0.0,,0.0,0.0,0.0,,0.0,0.0
odatv:120033497,odatv,2024-03-15,2,9,474,497,Odasından dışarı çıktı.,0,,0,0,,0,0,,0,4,0,0,0,0,0,0,0,0,0,"{""7"": [], ""11"": []}",0.0,0.0,0.0,,0.0,0.0,0.0,,0.0,0.0
odatv:120033497,odatv,2024-03-15,2,10,498,517,Her yer karanlıktı.,0,,0,0,,0,0,,0,5,0,0,0,0,0,0,0,0,0,"{""7"": [], ""11"": []}",0.0,0.0,0.0,,0.0,0.0,0.0,,0.0,0.0
odatv:120033497,odatv,2024-03-15,2,11,518,541,Dışarıda fırtına vardı.,0,,0,0,,0,0,,0,4,0,0,0,0,0,0,0,0,0,"{""7"": [], ""11"": []}",0.0,0.0,0.0,,0.0,0.0,0.0,,0.0,0.0
odatv:120033497,odatv,2024-03-15,2,12,542,583,Denize indirilen bir bota güçlükle bindi.,1,indirilen,1,0,,0,0,,1,7,0,0,0,0,0,0,0,0,0,"{""7"": [], ""11"": []}",0.0,0.0,0.0,,0.0,0.0,0.0,,0.0,0.0
odatv:120033497,odatv,2024-03-15,2,13,584,625,"Dalgalar filikaları, botları deviriyordu.",0,,0,0,,0,0,,0,6,0,0,0,0,0,0,0,0,0,"{""7"": [], ""11"": []}",0.0,0.0,0.0,,0.0,0.0,0.0,,0.0,0.0
odatv:120033497,odatv,2024-03-15,2,14,626,657,Çığlıklar karanlığı yırtıyordu.,0,,0,0,,0,0,,0,4,0,0,0,0,0,0,0,0,0,"{""7"": [], ""11"": []}",0.0,0.0,0.0,,0.0,0.0,0.0,,0.0,0.0
odatv:120033497,odatv,2024-03-15,2,15,658,780,"(Modern deniz tarihinin en büyük facialarından kazayla ilgili Henrik Evertsson, 2020 yılında belgesel hazırlandı: Estonia)",1,hazırlandı,1,0,,0,0,,1,19,0,0,0,0,0,0,0,0,0,"{""7"": [], ""11"": []}",0.0,0.0,0.0,,0.0,0.0,0.0,,0.0,0.0
odatv:120033497,odatv,2024-03-15,2,16,782,830,Batış sebebi hâlâ sır olan gemide 852 kişi öldü.,0,,0,0,,0,0,,0,10,0,0,0,0,0,0,0,0,0,"{""7"": [], ""11"": []}",0.0,0.0,0.0,,0.0,0.0,0.0,,0.0,0.0
odatv:120033497,odatv,2024-03-15,2,17,831,849,137 kişi kurtuldu.,0,,0,0,,0,0,,0,4,0,0,0,0,0,0,0,0,0,"{""7"": [], ""11"": []}",0.0,0.0,0.0,,0.0,0.0,0.0,,0.0,0.0
odatv:120033497,odatv,2024-03-15,2,18,850,918,"Kurtulanlardan Carl Ovberg, aslında Türk vatandaşı Kadir Kaymaz idi…",0,,0,0,,0,0,,0,11,0,0,0,0,0,0,0,0,0,"{""7"": [], ""11"": []}",0.0,0.0,0.0,,0.0,0.0,0.0,,0.0,0.0
odatv:120033497,odatv,2024-03-15,2,19,920,968,Türkiye bu ismi gazete manşetlerinden tanıyordu.,0,,0,0,,0,0,,0,7,0,0,0,0,0,0,0,0,0,"{""7"": [], ""11"": []}",0.0,0.0,0.0,,0.0,0.0,0.0,,0.0,0.0
odatv:120033497,odatv,2024-03-15,2,20,970,985,23 yıl önceydi:,0,,0,0,,0,0,,0,5,0,0,0,0,0,0,0,0,0,"{""7"": [], ""11"": []}",0.0,0.0,0.0,,0.0,0.0,0.0,,0.0,0.0
odatv:120033497,odatv,2024-03-15,2,21,987,1009,Tarih: 27 Temmuz 1971.,0,,0,0,,0,0,,0,6,0,0,0,0,0,0,0,0,0,"{""7"": [], ""11"": []}",0.0,0.0,0.0,,0.0,0.0,0.0,,0.0,0.0
odatv:120033497,odatv,2024-03-15,2,22,1011,1060,12 Mart askeri darbesi üzerinden iki hafta geçti.,0,,0,0,,0,0,,0,9,0,0,0,0,0,0,0,0,0,"{""7"": [], ""11"": []}",0.0,0.0,0.0,,0.0,0.0,0.0,,0.0,0.0
odatv:120033497,odatv,2024-03-15,2,23,1061,1114,Sıkıyönetim devrimci örgütler üzerine balyoz indirdi…,0,,0,0,,0,0,,0,7,1,0,0,0,0,0,0,0,0,"{""7"": [], ""11"": []}",1.0,1.0,1.0,,0.0,0.0,0.0,,1.0,0.0
odatv:120033497,odatv,2024-03-15,2,24,1116,1165,"Ankara'daki illegal sol örgütlerden biri de, A.Ü.",0,,0,0,,0,0,,0,10,0,0,0,0,0,0,0,0,0,"{""7"": [], ""11"": []}",0.0,0.0,0.0,,0.0,0.0,0.0,,0.0,0.0
odatv:120033497,odatv,2024-03-15,2,25,1166,1287,Siyasal Bilgiler Fakültesi yanındaki Basın Yayın Yüksek Okulu’nu “merkez” edinmiş “Aktancılar”/ “Basın Yayın Komünü” idi…,0,,0,1,edinmiş,1,0,,0,18,0,0,0,0,0,0,0,0,0,"{""7"": [], ""11"": []}",0.0,0.0,0.0,,0.0,0.0,0.0,,0.0,0.0
odatv:120033497,odatv,2024-03-15,2,26,1289,1345,İlk amaçları Filistin’e gidip FKÖ saflarında savaşmaktı.,0,,0,0,,0,0,,0,8,0,0,0,0,0,0,0,0,0,"{""7"": [], ""11"": []}",0.0,0.0,0.0,,0.0,0.0,0.0,,0.0,0.0
odatv:120033497,odatv,2024-03-15,2,27,1346,1493,Ürdün’deki Arafat-Kral Hüseyin çatışması sonucu Filistinlilerin Lübnan'a sürülmesi ve ardından Türkiye'de askeri darbe olması emellerini erteletti.,1,sürülmesi,1,0,,0,0,,1,20,0,0,0,0,0,0,0,0,0,"{""7"": [], ""11"": []}",0.0,0.0,0.0,,0.0,0.0,0.0,,0.0,0.0
odatv:120033497,odatv,2024-03-15,2,28,1494,1544,Artık örgütler varlıklarını sürdürme telaşındaydı.,0,,0,0,,0,0,,0,7,0,0,0,0,0,0,0,0,0,"{""7"": [], ""11"": []}",0.0,0.0,0.0,,0.0,0.0,0.0,,0.0,0.0
odatv:120033497,odatv,2024-03-15,2,29,1545,1569,Ve paraya ihtiyaç vardı…,0,,0,0,,0,0,,0,6,0,0,0,0,0,0,0,0,0,"{""7"": [], ""11"": []}",0.0,0.0,0.0,,0.0,0.0,0.0,,0.0,0.0
odatv:120033497,odatv,2024-03-15,2,30,1571,1679,Basın Yayın Komünü Amerikan askeri malzeme deposunu/TUSLOG çalışanlarının maaşlarını soymaya karar verdiler.,0,,0,0,,0,0,,0,14,0,0,0,0,0,0,0,0,0,"{""7"": [], ""11"": []}",0.0,0.0,0.0,,0.0,0.0,0.0,,0.0,0.0
odatv:120033497,odatv,2024-03-15,2,31,1680,1687,Olmadı.,0,,0,0,,0,0,,0,2,0,0,0,0,0,0,0,0,0,"{""7"": [], ""11"": []}",0.0,0.0,0.0,,0.0,0.0,0.0,,0.0,0.0
odatv:120033497,odatv,2024-03-15,2,32,1689,1759,"Bu arada devreye, komünün sempatizanı 19 yaşındaki Kadir Kaymaz girdi.",0,,0,0,,0,0,,0,13,0,0,0,0,0,0,0,0,0,"{""7"": [], ""11"": []}",0.0,0.0,0.0,,0.0,0.0,0.0,,0.0,0.0
odatv:120033497,odatv,2024-03-15,2,33,1760,1908,Ankara Hukuk Fakültesi öğrencisi iken babası “anarşik olaylara karışmasın” diye üniversiteden alıp Ziraat Bankası Denizli Şubesi’nde işe aldırmıştı…,1,karışmasın”,1,0,,0,0,,1,19,0,0,0,0,0,0,0,0,0,"{""7"": [], ""11"": []}",0.0,0.0,0.0,,0.0,0.0,0.0,,0.0,0.0
odatv:120033497,odatv,2024-03-15,2,34,1910,2055,"Basın-Yayın Komünü ile irtibatını koparmayan Kadir Kaymaz, Denizli- İzmir şubeleri arasındaki para transferi yapan aracı soyma teklifini getirdi.",0,,0,0,,0,0,,0,25,0,0,0,0,0,0,0,0,0,"{""7"": [], ""11"": []}",0.0,0.0,0.0,,0.0,0.0,0.0,,0.0,0.0
odatv:120033497,odatv,2024-03-15,2,35,2056,2065,Soydular…,0,,0,0,,0,0,,0,2,0,0,0,0,0,0,0,0,0,"{""7"": [], ""11"": []}",0.0,0.0,0.0,,0.0,0.0,0.0,,0.0,0.0
odatv:120033497,odatv,2024-03-15,2,36,2067,2141,Banka çalışanı Kadir Kaymaz’ın fotoğrafları tüm gazetelerin manşetindeydi.,0,,0,0,,0,0,,0,10,1,1,0,0,0,1,0,0,0,"{""7"": [""Manipulative Wording""], ""11"": []}",1.0,1.0,0.0,1.0,1.0,1.0,1.0,,1.0,1.0
odatv:120033497,odatv,2024-03-15,2,37,2142,2210,O günün parasıyla tam 4 milyon liraya “halk adına el koymuşlar” idi…,0,,0,0,,0,0,,0,13,0,0,0,0,0,1,0,0,0,"{""7"": [""Manipulative Wording""], ""11"": []}",0.0,0.0,0.0,,1.0,1.0,1.0,,0.0,1.0
odatv:120033497,odatv,2024-03-15,2,38,2212,2245,Soyguncuları yakından tanıyordum!,0,,0,0,,0,0,,0,4,0,0,0,0,0,0,0,0,0,"{""7"": [], ""11"": []}",0.0,0.0,0.0,,0.0,0.0,0.0,,0.0,0.0
odatv:120033497,odatv,2024-03-15,2,39,2247,2257,"Yıl, 1989.",0,,0,0,,0,0,,0,4,0,0,0,0,0,0,0,0,0,"{""7"": [], ""11"": []}",0.0,0.0,0.0,,0.0,0.0,0.0,,0.0,0.0
odatv:120033497,odatv,2024-03-15,2,40,2259,2313,Ankara’da 2000’e Doğru dergisinin istihbarat şefiydim.,0,,0,0,,0,0,,0,8,0,0,0,0,0,0,0,0,0,"{""7"": [], ""11"": []}",0.0,0.0,0.0,,0.0,0.0,0.0,,0.0,0.0
odatv:120033497,odatv,2024-03-15,2,41,2314,2410,Temsilcimiz Hasan Yalçın yanındaki ismi tanıştırdı; “Hikmet Çiçek yeni işçi sendika muhabirimiz.,0,,0,0,,0,0,,0,15,0,0,0,0,0,0,0,0,0,"{""7"": [], ""11"": []}",0.0,0.0,0.0,,0.0,0.0,0.0,,0.0,0.0
odatv:120033497,odatv,2024-03-15,2,42,2410,2411,”,0,,0,0,,0,0,,0,1,0,0,0,0,0,0,0,0,0,"{""7"": [], ""11"": []}",0.0,0.0,0.0,,0.0,0.0,0.0,,0.0,0.0
odatv:120033497,odatv,2024-03-15,2,43,2413,2464,Sonra büroya bir isim daha katıldı: Ertan Günçiner…,1,katıldı,1,0,,0,0,,1,10,0,0,0,0,0,0,0,0,0,"{""7"": [], ""11"": []}",0.0,0.0,0.0,,0.0,0.0,0.0,,0.0,0.0
odatv:120033497,odatv,2024-03-15,2,44,2466,2519,Her ikisi yıllar önce Basın Yayın Komünü’ne mensuptu.,0,,0,0,,0,0,,0,9,0,0,0,0,0,0,0,0,0,"{""7"": [], ""11"": []}",0.0,0.0,0.0,,0.0,0.0,0.0,,0.0,0.0
odatv:120033497,odatv,2024-03-15,2,45,2520,2575,Ziraat Bankası soygununa katılan dört isimden ikisiydi…,1,katılan,1,0,,0,0,,1,9,0,0,0,0,0,0,0,0,0,"{""7"": [], ""11"": []}",0.0,0.0,0.0,,0.0,0.0,0.0,,0.0,0.0
odatv:120033497,odatv,2024-03-15,2,46,2577,2600,Romantik devrimcilerdi.,0,,0,0,,0,0,,0,3,0,0,0,0,0,0,0,0,0,"{""7"": [], ""11"": []}",0.0,0.0,0.0,,0.0,0.0,0.0,,0.0,0.0
odatv:120033497,odatv,2024-03-15,2,47,2601,2617,Heyecanlıydılar.,0,,0,0,,0,0,,0,3,0,0,0,0,0,0,0,0,0,"{""7"": [], ""11"": []}",0.0,0.0,0.0,,0.0,0.0,0.0,,0.0,0.0
odatv:120033497,odatv,2024-03-15,2,48,2618,2634,Deneyimsizdiler.,0,,0,0,,0,0,,0,2,0,0,0,0,0,0,0,0,0,"{""7"": [], ""11"": []}",0.0,0.0,0.0,,0.0,0.0,0.0,,0.0,0.0
odatv:120033497,odatv,2024-03-15,2,49,2635,2649,Aceleciydiler.,0,,0,0,,0,0,,0,3,0,0,0,0,0,0,0,0,0,"{""7"": [], ""11"": []}",0.0,0.0,0.0,,0.0,0.0,0.0,,0.0,0.0
odatv:120033497,odatv,2024-03-15,2,50,2651,2711,Kendilerini halka feda eden 68 Kuşağı yurtseverleriydiler...,0,,0,0,,0,0,,0,10,0,0,0,0,0,0,0,0,0,"{""7"": [], ""11"": []}",0.0,0.0,0.0,,0.0,0.0,0.0,,0.0,0.0
odatv:120033497,odatv,2024-03-15,2,51,2713,2735,"Hikmet, 22 yaşındaydı.",0,,0,0,,0,0,,0,6,0,0,0,0,0,0,0,0,0,"{""7"": [], ""11"": []}",0.0,0.0,0.0,,0.0,0.0,0.0,,0.0,0.0
odatv:120033497,odatv,2024-03-15,2,52,2737,2758,"Ertan, 21 yaşındaydı.",0,,0,0,,0,0,,0,6,0,0,0,0,0,0,0,0,0,"{""7"": [], ""11"": []}",0.0,0.0,0.0,,0.0,0.0,0.0,,0.0,0.0
odatv:120033497,odatv,2024-03-15,2,53,2760,2816,Ahlaki idealist tavırlarına her seferinde hayran kaldım.,0,,0,0,,0,0,,0,8,0,0,0,0,1,0,0,0,0,"{""7"": [""Justification""], ""11"": []}",0.0,0.0,0.0,,1.0,1.0,1.0,,0.0,1.0
odatv:120033497,odatv,2024-03-15,2,54,2817,2911,4 milyon liranın bir kuruşunu bile kişisel ihtiyaçları için kullanmayan kuşaktan bahsediyorum…,0,,0,0,,0,0,,0,13,0,0,0,0,1,0,0,0,0,"{""7"": [""Justification""], ""11"": []}",0.0,0.0,0.0,,1.0,1.0,1.0,,0.0,1.0
odatv:120033497,odatv,2024-03-15,2,55,2913,2963,İkisiyle yıllar boyu döneme dair sohbetler yaptım.,0,,0,0,,0,0,,0,8,0,0,0,0,0,0,0,0,0,"{""7"": [], ""11"": []}",0.0,0.0,0.0,,0.0,0.0,0.0,,0.0,0.0
odatv:120033497,odatv,2024-03-15,2,56,2964,3031,Aydın Çubukçu ile soygunu anlattığı “Oradaydım” belgeseli yaptık...,0,,0,0,,0,0,,0,9,0,0,0,0,0,0,0,0,0,"{""7"": [], ""11"": []}",0.0,0.0,0.0,,0.0,0.0,0.0,,0.0,0.0
odatv:120033497,odatv,2024-03-15,2,57,3033,3084,Banka soyguncuları 16 ila 22 yıl arası hapis yaptı.,0,,0,0,,0,0,,0,10,0,0,0,0,0,0,0,0,0,"{""7"": [], ""11"": []}",0.0,0.0,0.0,,0.0,0.0,0.0,,0.0,0.0
odatv:120033497,odatv,2024-03-15,2,58,3085,3137,"İşkencede, ölüm oruçlarında canını verenler de oldu…",0,,0,0,,0,0,,0,9,0,0,0,0,0,0,0,0,0,"{""7"": [], ""11"": []}",0.0,0.0,0.0,,0.0,0.0,0.0,,0.0,0.0
odatv:120033497,odatv,2024-03-15,2,59,3139,3209,Hikmet ve Ertan’dan sonra dergiye genç bir gazetesi geldi: Sinan Onuş.,0,,0,0,,0,0,,0,13,0,0,0,0,0,0,0,0,0,"{""7"": [], ""11"": []}",0.0,0.0,0.0,,0.0,0.0,0.0,,0.0,0.0
odatv:120033497,odatv,2024-03-15,2,60,3211,3220,Geçen ay…,0,,0,0,,0,0,,0,3,0,0,0,0,0,0,0,0,0,"{""7"": [], ""11"": []}",0.0,0.0,0.0,,0.0,0.0,0.0,,0.0,0.0
odatv:120033497,odatv,2024-03-15,2,61,3221,3317,"Sinan Onuş, banka soygunu üzerine çalıştığı “Halk Adına Paralara El Koyuyoruz” kitabını çıkardı.",0,,0,0,,0,0,,0,15,0,0,0,0,0,0,0,0,0,"{""7"": [], ""11"": []}",0.0,0.0,0.0,,0.0,0.0,0.0,,0.0,0.0
odatv:120033497,odatv,2024-03-15,2,62,3318,3331,(Doğan Kitap),0,,0,0,,0,0,,0,4,0,0,0,0,0,0,0,0,0,"{""7"": [], ""11"": []}",0.0,0.0,0.0,,0.0,0.0,0.0,,0.0,0.0
odatv:120033497,odatv,2024-03-15,2,63,3333,3430,Gözlerim yaşararak okudum; halkı için fedakârlık yapan genç devrimcilere yine büyük saygı duydum…,0,,0,0,,0,0,,0,15,0,0,0,0,0,1,0,0,0,"{""7"": [""Manipulative Wording""], ""11"": []}",0.0,0.0,0.0,,1.0,1.0,1.0,,0.0,1.0
odatv:120033497,odatv,2024-03-15,2,64,3432,3536,Okumanızı tavsiye ederim; üniversiteli delifişek kuşağın nasıl kör testereyle biçildiğini görün isterim…,0,,0,0,,0,0,,0,15,0,0,0,0,0,0,0,0,0,"{""7"": [], ""11"": []}",0.0,0.0,0.0,,0.0,0.0,0.0,,0.0,0.0
odatv:120033497,odatv,2024-03-15,2,65,3538,3550,Soner Yalçın,0,,0,0,,0,0,,0,2,0,0,0,0,0,0,0,0,0,"{""7"": [], ""11"": []}",0.0,0.0,0.0,,0.0,0.0,0.0,,0.0,0.0
odatv:120033497,odatv,2024-03-15,2,66,3552,3561,Odatv.com,0,,0,0,,0,0,,0,1,0,0,0,0,0,0,0,0,0,"{""7"": [], ""11"": []}",0.0,0.0,0.0,,0.0,0.0,0.0,,0.0,0.0
odatv:120042618,odatv,2024-05-08,2,0,0,41,Rıfat Hisarcıklıoğlu’nun boynundaki alet…,0,,0,0,,0,0,,0,6,0,0,0,0,0,0,0,0,0,"{""7"": [], ""11"": []}",0.0,0.0,0.0,,0.0,0.0,0.0,,0.0,0.0
odatv:120042618,odatv,2024-05-08,2,1,42,64,Erdoğan'ı aydınlatalım,0,,0,0,,0,0,,0,2,0,0,0,0,0,0,0,0,0,"{""7"": [], ""11"": []}",0.0,0.0,0.0,,0.0,0.0,0.0,,0.0,0.0
odatv:120042618,odatv,2024-05-08,2,2,66,191,"Havalar yavaş yavaş normale dönmeye başladı neyse ki çocuklar, ben de artık yürüyüşlerime kaldığım yerden devam edebiliyorum.",0,,0,0,,0,0,,0,19,0,0,0,0,0,0,0,0,0,"{""7"": [], ""11"": []}",0.0,0.0,0.0,,0.0,0.0,0.0,,0.0,0.0
odatv:120042618,odatv,2024-05-08,2,3,192,252,"Ama dikkatimi çekti, maskeyle gezenlerin sayısı yine artmış…",0,,0,1,artmış,1,0,,0,10,0,0,0,0,0,0,0,0,0,"{""7"": [], ""11"": []}",0.0,0.0,0.0,,0.0,0.0,0.0,,0.0,0.0
odatv:120042618,odatv,2024-05-08,2,4,253,322,İnsanlardaki virüs korkusu maalesef uzun süre devam edeceğe benziyor.,0,,0,0,,0,0,,0,11,0,0,0,0,0,0,0,0,0,"{""7"": [], ""11"": []}",0.0,0.0,0.0,,0.0,0.0,0.0,,0.0,0.0
odatv:120042618,odatv,2024-05-08,2,5,324,474,"Bu maske konusu pandeminin başından beri milleti ikiye böldüydü,, bir kesim ‘evet kullanmak elzem’ derken diğerleri ‘zinhar, daha zararlı’ dedi durdu…",0,,0,0,,0,0,,0,26,0,0,0,0,0,0,0,0,0,"{""7"": [], ""11"": []}",0.0,0.0,0.0,,0.0,0.0,0.0,,0.0,0.0
odatv:120042618,odatv,2024-05-08,2,6,476,594,Netice olarak o karanlık izolasyon dönemini atlattık bir şekilde ama nasıl atlattık orası hala büyük bir soru işareti…,0,,0,0,,0,0,,0,19,0,0,0,0,0,0,0,1,0,"{""7"": [""Call""], ""11"": []}",0.0,0.0,0.0,,1.0,1.0,1.0,,0.0,1.0
odatv:120042618,odatv,2024-05-08,2,7,596,650,Bugün size bu mevzuya bağlanan bir şeyler anlatacağım;,1,bağlanan,1,0,,0,0,,1,9,0,0,0,0,0,0,0,0,0,"{""7"": [], ""11"": []}",0.0,0.0,0.0,,0.0,0.0,0.0,,0.0,0.0
odatv:120042618,odatv,2024-05-08,2,8,652,680,BU ARALAR GÖZÜM AKSESUARLARD,0,,0,0,,0,0,,0,4,0,0,0,0,0,0,0,0,0,"{""7"": [], ""11"": []}",0.0,0.0,0.0,,0.0,0.0,0.0,,0.0,0.0
odatv:120042618,odatv,2024-05-08,2,9,680,681,A,0,,0,0,,0,0,,0,1,0,0,0,0,0,0,0,0,0,"{""7"": [], ""11"": []}",0.0,0.0,0.0,,0.0,0.0,0.0,,0.0,0.0
odatv:120042618,odatv,2024-05-08,2,10,683,787,"Çocuklar biliyorsunuz bu aralar gözlerim kim ne giymiş, hangi aksesuarı takmış konusunda pek bir hassas…",0,,0,1,giymiş | takmış,2,0,,0,17,0,0,0,0,0,0,0,0,0,"{""7"": [], ""11"": []}",0.0,0.0,0.0,,0.0,0.0,0.0,,0.0,0.0
odatv:120042618,odatv,2024-05-08,2,11,788,877,Gündem olan lüks saatlerden midir artık bilmiyorum lakin yine bir detaya takıldım kaldım.,0,,0,0,,0,0,,0,14,0,0,0,0,0,0,0,0,0,"{""7"": [], ""11"": []}",0.0,0.0,0.0,,0.0,0.0,0.0,,0.0,0.0
odatv:120042618,odatv,2024-05-08,2,12,879,961,Türkiye Odalar ve Borsalar Birliği Başkanı Rıfat Hisarcıklıoğlu’ndan bahsedeceğim…,0,,0,0,,0,0,,0,10,0,0,0,0,0,0,0,0,1,"{""7"": [""Distraction""], ""11"": []}",0.0,0.0,0.0,,1.0,1.0,1.0,,0.0,1.0
odatv:120042618,odatv,2024-05-08,2,13,962,1035,Daha doğrusu onun kullandığı ve ziyadesiyle dikkat çeken bir aksesuardan…,0,,0,0,,0,0,,0,11,0,0,0,0,0,0,0,0,1,"{""7"": [""Distraction""], ""11"": []}",0.0,0.0,0.0,,1.0,1.0,1.0,,0.0,1.0
odatv:120042618,odatv,2024-05-08,2,14,1037,1139,"Çocuklar Rıfat Bey boynunda telefona benzer bir cihaz taşıyor, bilmiyorum hiç dikkat edeniniz oldu mu…",0,,0,0,,0,0,,0,17,0,0,0,0,0,0,0,0,0,"{""7"": [], ""11"": []}",0.0,0.0,0.0,,0.0,0.0,0.0,,0.0,0.0
odatv:120042618,odatv,2024-05-08,2,15,1141,1179,Şuraya fotoğrafını da koyuyorum bakın:,0,,0,0,,0,0,,0,6,0,0,0,0,0,0,0,0,0,"{""7"": [], ""11"": []}",0.0,0.0,0.0,,0.0,0.0,0.0,,0.0,0.0
odatv:120042618,odatv,2024-05-08,2,16,1181,1266,Bu cihaz ilk radarıma takıldığında şahsen ben bir çeşit telefon olduğunu düşünmüştüm.,1,takıldığında,1,0,,0,0,,1,13,0,0,0,0,0,0,0,0,0,"{""7"": [], ""11"": []}",0.0,0.0,0.0,,0.0,0.0,0.0,,0.0,0.0
odatv:120042618,odatv,2024-05-08,2,17,1267,1408,"Nereden bileyim, teknoloji öyle hızlı değişiyor ki her geçen gün yeni bir icat çıkıveriyor, bu da yeni bir telefondur herhalde dedim içimden…",0,,0,0,,0,0,,0,26,0,0,0,0,0,0,0,0,0,"{""7"": [], ""11"": []}",0.0,0.0,0.0,,0.0,0.0,0.0,,0.0,0.0
odatv:120042618,odatv,2024-05-08,2,18,1410,1447,"HOLTER DESEN DEĞİL, TELEFON HİÇ DEĞİL",0,,0,0,,0,0,,0,7,0,0,0,0,0,0,0,0,0,"{""7"": [], ""11"": []}",0.0,0.0,0.0,,0.0,0.0,0.0,,0.0,0.0
odatv:120042618,odatv,2024-05-08,2,19,1449,1567,"Biraz araştırma yaptım, basında çıkan fotoğrafları taradım, Rufat Bey’in bu cihazı sık sık boynunda taşıdığını gördüm.",0,,0,0,,0,0,,0,19,0,0,0,0,0,0,0,0,0,"{""7"": [], ""11"": []}",0.0,0.0,0.0,,0.0,0.0,0.0,,0.0,0.0
odatv:120042618,odatv,2024-05-08,2,20,1568,1594,Ama hiç elinde görünmüyor…,0,,0,0,,0,0,,0,5,0,0,0,0,0,0,0,0,0,"{""7"": [], ""11"": []}",0.0,0.0,0.0,,0.0,0.0,0.0,,0.0,0.0
odatv:120042618,odatv,2024-05-08,2,21,1595,1619,E o zaman telefon değil…,0,,0,0,,0,0,,0,6,0,0,0,0,0,0,0,0,0,"{""7"": [], ""11"": []}",0.0,0.0,0.0,,0.0,0.0,0.0,,0.0,0.0
odatv:120042618,odatv,2024-05-08,2,22,1621,1748,"Şeker - tansiyon ölçer veya kalp rahatsızlıkları ya da tansiyon sorunlarını takip için kullanılan holter mi diye düşündüm, yok…",1,kullanılan,1,0,,0,0,,1,21,0,0,0,0,0,0,0,0,0,"{""7"": [], ""11"": []}",0.0,0.0,0.0,,0.0,0.0,0.0,,0.0,0.0
odatv:120042618,odatv,2024-05-08,2,23,1749,1764,Onlar da değil…,0,,0,0,,0,0,,0,4,0,0,0,0,0,0,0,0,0,"{""7"": [], ""11"": []}",0.0,0.0,0.0,,0.0,0.0,0.0,,0.0,0.0
odatv:120042618,odatv,2024-05-08,2,24,1766,1802,CUMHURBAŞKANI ERDOĞAN’IN DA RADARIND,0,,0,0,,0,0,,0,4,0,0,0,0,0,0,0,0,0,"{""7"": [], ""11"": []}",0.0,0.0,0.0,,0.0,0.0,0.0,,0.0,0.0
odatv:120042618,odatv,2024-05-08,2,25,1802,1803,A,0,,0,0,,0,0,,0,1,0,0,0,0,0,0,0,0,0,"{""7"": [], ""11"": []}",0.0,0.0,0.0,,0.0,0.0,0.0,,0.0,0.0
odatv:120042618,odatv,2024-05-08,2,26,1805,1914,Çocuklar aldığım duyumlara göre Cumhurbaşkanı Erdoğan ile Rıfat Hisarcıklıoğlu geçtiğimiz gün karşılaşmışlar.,0,,0,1,karşılaşmışlar,1,0,,0,13,0,0,0,0,0,0,0,0,0,"{""7"": [], ""11"": []}",0.0,0.0,0.0,,0.0,0.0,0.0,,0.0,0.0
odatv:120042618,odatv,2024-05-08,2,27,1915,1958,Rıfat Bey’in boynunda yine bu cihaz varmış…,0,,0,1,varmış,1,0,,0,8,0,0,0,0,0,0,0,0,0,"{""7"": [], ""11"": []}",0.0,0.0,0.0,,0.0,0.0,0.0,,0.0,0.0
odatv:120042618,odatv,2024-05-08,2,28,1959,2018,"Eh haliyle O’nun da dikkatini çekmiş, nedir bu diye sormuş…",0,,0,1,çekmiş | sormuş,2,0,,0,12,0,0,0,0,0,0,0,0,0,"{""7"": [], ""11"": []}",0.0,0.0,0.0,,0.0,0.0,0.0,,0.0,0.0
odatv:120042618,odatv,2024-05-08,2,29,2020,2119,"“Efendim bu alet beni tüm bakterilerden, mikroplardan, virüslerden koruyor” yanıtı gelmiş sorusuna…",0,,0,1,gelmiş,1,0,,0,15,0,0,0,0,0,0,0,0,0,"{""7"": [], ""11"": []}",0.0,0.0,0.0,,0.0,0.0,0.0,,0.0,0.0
odatv:120042618,odatv,2024-05-08,2,30,2121,2162,GİYİLEBİLİR TEKNOLOJİ SEN NELERE KADİRSİN,0,,0,0,,0,0,,0,5,0,0,0,0,0,0,0,0,0,"{""7"": [], ""11"": []}",0.0,0.0,0.0,,0.0,0.0,0.0,,0.0,0.0
odatv:120042618,odatv,2024-05-08,2,31,2164,2280,"Bir an aklıma ‘Allah Allah, muska olmasın bu’ fikri gelmedi değil, ama elbette araştırmamı yaptım, dersime çalıştım.",0,,0,0,,0,0,,0,22,0,0,0,1,0,0,0,0,0,"{""7"": [""Attack on Reputation""], ""11"": []}",0.0,0.0,0.0,,1.0,1.0,1.0,,0.0,1.0
odatv:120042618,odatv,2024-05-08,2,32,2282,2333,Meğer bu cihaz ‘taşınabilir hava temizleyici’ imiş…,0,,0,0,,0,0,,0,9,0,0,0,0,0,0,0,0,0,"{""7"": [], ""11"": []}",0.0,0.0,0.0,,0.0,0.0,0.0,,0.0,0.0
odatv:120042618,odatv,2024-05-08,2,33,2335,2386,"Yurt dışında, bilhassa Amerika’da çok var kullanan.",0,,0,0,,0,0,,0,9,0,0,0,0,0,0,0,0,0,"{""7"": [], ""11"": []}",0.0,0.0,0.0,,0.0,0.0,0.0,,0.0,0.0
odatv:120042618,odatv,2024-05-08,2,34,2387,2422,E-Bay gibi sitelerde de satışı var.,0,,0,0,,0,0,,0,9,0,0,0,0,0,0,0,0,0,"{""7"": [], ""11"": []}",0.0,0.0,0.0,,0.0,0.0,0.0,,0.0,0.0
odatv:120042618,odatv,2024-05-08,2,35,2423,2448,Ancak ben ilk kez duydum.,0,,0,0,,0,0,,0,6,0,0,0,0,0,0,0,0,0,"{""7"": [], ""11"": []}",0.0,0.0,0.0,,0.0,0.0,0.0,,0.0,0.0
odatv:120042618,odatv,2024-05-08,2,36,2450,2553,"Cihazın nasıl çalıştığını merak ettim sonra, kolye gibi şey nasıl oluyor da hastalıktan koruyor insanı…",0,,0,0,,0,0,,0,17,0,0,0,0,0,0,0,0,0,"{""7"": [], ""11"": []}",0.0,0.0,0.0,,0.0,0.0,0.0,,0.0,0.0
odatv:120042618,odatv,2024-05-08,2,37,2555,2677,"Efendim bu cihaz havaya statik bir yük bırakmasıya çalışıyormuş, bu da virüs gibi şeylerin o yüke yapışmasını sağlıyormuş.",0,,0,1,çalışıyormuş,1,0,,0,20,0,0,0,0,0,0,0,0,0,"{""7"": [], ""11"": []}",0.0,0.0,0.0,,0.0,0.0,0.0,,0.0,0.0
odatv:120042618,odatv,2024-05-08,2,38,2678,2858,"Statik yüklü bir balon gibi düşünün, ilkokulda muhakkak yaptırırlar o deneyi, balonu koltuğa sürttükten sonra saçlarınıza yaklaştırdığınızda saç telleri balona doğru çekilir hani..",1,çekilir,1,0,,0,0,,1,26,0,0,0,0,0,0,0,0,0,"{""7"": [], ""11"": []}",0.0,0.0,0.0,,0.0,0.0,0.0,,0.0,0.0
odatv:120042618,odatv,2024-05-08,2,39,2859,2895,Tam da o mantıkla çalışıyormuş işte…,0,,0,1,çalışıyormuş,1,0,,0,7,0,0,0,0,0,0,0,0,0,"{""7"": [], ""11"": []}",0.0,0.0,0.0,,0.0,0.0,0.0,,0.0,0.0
odatv:120042618,odatv,2024-05-08,2,40,2897,3040,"Dolayısıyla bu hava temizleyiciler aslında havayı temizlemiyor, ama zararlı tanecikleri, tozu dumanı taşıyan kişiden uzaklaştırmaya yarıyormuş.",0,,0,1,yarıyormuş,1,0,,0,19,0,0,0,0,0,0,0,0,0,"{""7"": [], ""11"": []}",0.0,0.0,0.0,,0.0,0.0,0.0,,0.0,0.0
odatv:120042618,odatv,2024-05-08,2,41,3042,3099,"Şarjlı bir cihaz, arada fişini takıyorsunuz, şarj oluyor.",0,,0,0,,0,0,,0,11,0,0,0,0,0,0,0,0,0,"{""7"": [], ""11"": []}",0.0,0.0,0.0,,0.0,0.0,0.0,,0.0,0.0
odatv:120042618,odatv,2024-05-08,2,42,3100,3145,Fiyatları da öyle büyük büyük rakamlar değil…,0,,0,0,,0,0,,0,8,0,0,0,0,0,0,0,0,0,"{""7"": [], ""11"": []}",0.0,0.0,0.0,,0.0,0.0,0.0,,0.0,0.0
odatv:120042618,odatv,2024-05-08,2,43,3147,3275,"Filipinler’in bir önceki Devlet Başkanı Duterte de boynunda taşımış bunlardan pandemi boyunca, araştırma yaparken gözüme çarptı.",0,,0,1,taşımış,1,0,,0,19,0,0,0,0,0,0,0,0,0,"{""7"": [], ""11"": []}",0.0,0.0,0.0,,0.0,0.0,0.0,,0.0,0.0
odatv:120042618,odatv,2024-05-08,2,44,3277,3308,"BİLMEMEK DEĞİL, ÖĞRENMEMEK AYIP",0,,0,0,,0,0,,0,5,0,0,0,0,0,0,0,0,0,"{""7"": [], ""11"": []}",0.0,0.0,0.0,,0.0,0.0,0.0,,0.0,0.0
odatv:120042618,odatv,2024-05-08,2,45,3310,3345,Şu teknoloji nelere kadir çocuklar…,0,,0,0,,0,0,,0,6,0,0,0,0,0,0,0,0,0,"{""7"": [], ""11"": []}",0.0,0.0,0.0,,0.0,0.0,0.0,,0.0,0.0
odatv:120042618,odatv,2024-05-08,2,46,3347,3423,"Ben sizin deyiminizle ziyadesiyle 'boomer' kalmışım, bu sayede keşfediyorum.",0,,0,0,,0,0,,0,11,0,0,0,0,0,0,0,0,0,"{""7"": [], ""11"": []}",0.0,0.0,0.0,,0.0,0.0,0.0,,0.0,0.0
odatv:120042618,odatv,2024-05-08,2,47,3425,3496,"Ama zaten ayıp olan bilmemek değil, öğrenmemektir, varsın yaş 77 olsun…",0,,0,0,,0,0,,0,15,0,0,0,0,0,0,0,0,0,"{""7"": [], ""11"": []}",0.0,0.0,0.0,,0.0,0.0,0.0,,0.0,0.0
odatv:120042618,odatv,2024-05-08,2,48,3498,3555,"Bu gözler daha neler görecek, neler öğreneceğiz bakalım….",0,,0,0,,0,0,,0,11,0,0,0,0,0,0,0,0,0,"{""7"": [], ""11"": []}",0.0,0.0,0.0,,0.0,0.0,0.0,,0.0,0.0
odatv:120042618,odatv,2024-05-08,2,49,3557,3566,Odatv.com,0,,0,0,,0,0,,0,1,0,0,0,0,0,0,0,0,0,"{""7"": [], ""11"": []}",0.0,0.0,0.0,,0.0,0.0,0.0,,0.0,0.0
odatv:120063743,odatv,2024-09-17,3,0,0,29,Konu: Abdullah Eren kulisi...,0,,0,0,,0,0,,0,6,1,0,0,0,0,0,0,0,0,"{""6"": [], ""7"": [], ""11"": []}",1.0,1.0,1.0,,0.0,0.0,0.0,,1.0,0.0
odatv:120063743,odatv,2024-09-17,3,1,30,60,Hedef: Erdoğan'ın sağır odası*,0,,0,0,,0,0,,0,6,0,0,0,0,0,0,0,0,0,"{""6"": [], ""7"": [], ""11"": []}",0.0,0.0,0.0,,0.0,0.0,0.0,,0.0,0.0
odatv:120063743,odatv,2024-09-17,3,2,62,63,#,0,,0,0,,0,0,,0,1,0,0,0,0,0,0,0,0,0,"{""6"": [], ""7"": [], ""11"": []}",0.0,0.0,0.0,,0.0,0.0,0.0,,0.0,0.0
odatv:120063743,odatv,2024-09-17,3,3,64,93,Konu: Abdullah Eren kulisi...,0,,0,0,,0,0,,0,6,0,0,0,0,0,0,0,0,0,"{""6"": [], ""7"": [], ""11"": []}",0.0,0.0,0.0,,0.0,0.0,0.0,,0.0,0.0
odatv:120063743,odatv,2024-09-17,3,4,94,123,Hedef: Erdoğan'ın sağır odası,0,,0,0,,0,0,,0,5,0,0,0,0,0,0,0,0,0,"{""6"": [], ""7"": [], ""11"": []}",0.0,0.0,0.0,,0.0,0.0,0.0,,0.0,0.0
odatv:120063743,odatv,2024-09-17,3,5,125,178,Çocuklar Ankara’da kulisler epey hareketli bu aralar…,0,,0,0,,0,0,,0,8,0,0,0,0,0,0,0,0,0,"{""6"": [], ""7"": [], ""11"": []}",0.0,0.0,0.0,,0.0,0.0,0.0,,0.0,0.0
odatv:120063743,odatv,2024-09-17,3,6,179,303,"Ekim’de Külliye’de Cumhurbaşkanlığı ekonomi kurulları vs değişecek yeni yapılanma olacak deniyor, herkes kulis faaliyetinde…",1,deniyor,1,0,,0,0,,1,16,1,0,0,0,0,0,0,0,0,"{""6"": [], ""7"": [], ""11"": []}",1.0,1.0,1.0,,0.0,0.0,0.0,,1.0,0.0
odatv:120063743,odatv,2024-09-17,3,7,304,353,Ben de o kulislerden biriyle geldim köşeme bugün…,0,,0,0,,0,0,,0,9,0,0,0,0,0,0,0,0,0,"{""6"": [], ""7"": [], ""11"": []}",0.0,0.0,0.0,,0.0,0.0,0.0,,0.0,0.0
odatv:120063743,odatv,2024-09-17,3,8,355,456,Şu aralar Cumhurbaşkanı Erdoğan’ın sağır odasına girmesi için düşünülen bir isim olduğu konuşuluyor..,1,düşünülen | konuşuluyor,2,0,,0,0,,1,14,0,0,0,0,1,1,0,0,0,"{""6"": [""Manipulative Wording""], ""7"": [""Justification""], ""11"": []}",0.0,0.0,0.0,,1.0,1.0,1.0,1.0,0.0,1.0
odatv:120063743,odatv,2024-09-17,3,9,458,504,Önce size bu sağır oda ne demek onu anlatayım:,0,,0,0,,0,0,,0,10,0,0,0,0,0,0,0,0,0,"{""6"": [], ""7"": [], ""11"": []}",0.0,0.0,0.0,,0.0,0.0,0.0,,0.0,0.0
odatv:120063743,odatv,2024-09-17,3,10,506,580,"Çocuklar sağır oda, bir kurumda en derin bilgilerin konuşulduğu yer demek…",1,konuşulduğu,1,0,,0,0,,1,13,0,0,0,0,0,0,0,0,0,"{""6"": [], ""7"": [], ""11"": []}",0.0,0.0,0.0,,0.0,0.0,0.0,,0.0,0.0
odatv:120063743,odatv,2024-09-17,3,11,581,624,Bir kurumun en mahrem yeri denebilir hatta…,1,denebilir,1,0,,0,0,,1,8,0,0,0,0,0,1,0,0,0,"{""6"": [""Manipulative Wording""], ""7"": [], ""11"": []}",0.0,0.0,0.0,,1.0,1.0,1.0,,0.0,1.0
odatv:120063743,odatv,2024-09-17,3,12,626,728,Bu sebeple en büyük istihbaratların bu odalardan çıktığını anlatmama da lüzum yoktur diye düşünüyorum.,0,,0,0,,0,0,,0,16,0,0,0,0,0,0,0,0,0,"{""6"": [], ""7"": [], ""11"": []}",0.0,0.0,0.0,,0.0,0.0,0.0,,0.0,0.0
odatv:120063743,odatv,2024-09-17,3,13,730,863,"Şimdi, bahsi geçen isim iyi bir kariyere sahip desem pek de abesle iştigal olmaz, çünkü genç yaşta hatırı sayılır bir mevkiye gelmiş.",1,sayılır,1,1,gelmiş,1,0,,1,25,0,0,0,0,0,0,0,0,0,"{""6"": [], ""7"": [], ""11"": []}",0.0,0.0,0.0,,0.0,0.0,0.0,,0.0,0.0
odatv:120063743,odatv,2024-09-17,3,14,864,877,1984 doğumlu…,0,,0,0,,0,0,,0,4,0,0,0,0,0,0,0,0,0,"{""6"": [], ""7"": [], ""11"": []}",0.0,0.0,0.0,,0.0,0.0,0.0,,0.0,0.0
odatv:120063743,odatv,2024-09-17,3,15,879,917,Batı Trakya Türkü bir aileden geliyor.,0,,0,0,,0,0,,0,7,0,0,0,0,0,0,0,0,0,"{""6"": [], ""7"": [], ""11"": []}",0.0,0.0,0.0,,0.0,0.0,0.0,,0.0,0.0
odatv:120063743,odatv,2024-09-17,3,16,918,937,Babası Gümülcineli…,0,,0,0,,0,0,,0,3,0,0,0,0,0,0,0,0,0,"{""6"": [], ""7"": [], ""11"": []}",0.0,0.0,0.0,,0.0,0.0,0.0,,0.0,0.0
odatv:120063743,odatv,2024-09-17,3,17,938,1095,"Tahsili iyi, Boğaziçi Üniversitesi Sosyoloji bölümünden lisans; Londra-Westminster Üniversitesi Diplomasi Çalışmaları alanında da yüksek lisans derecesi var…",0,,0,0,,0,0,,0,23,0,0,0,0,0,0,0,0,0,"{""6"": [], ""7"": [], ""11"": []}",0.0,0.0,0.0,,0.0,0.0,0.0,,0.0,0.0
odatv:120063743,odatv,2024-09-17,3,18,1097,1163,"Siyasi çalışmaları mevcut, AK Parti Gençlik Kollarında bilhassa...",0,,0,0,,0,0,,0,10,0,0,0,0,0,0,0,0,0,"{""6"": [], ""7"": [], ""11"": []}",0.0,0.0,0.0,,0.0,0.0,0.0,,0.0,0.0
odatv:120063743,odatv,2024-09-17,3,19,1164,1333,"Bu, hem ağabeyinin hem de kendisinin Kartal İmam Hatip mezunu olması hem de babasının akraba ilişkileri sayesinde biraz hızlı ilerlemiş olabilir, izah edeceğim nedenini…",0,,0,1,ilerlemiş,1,0,,0,27,0,0,0,1,0,0,0,0,0,"{""6"": [""Attack on Reputation""], ""7"": [], ""11"": []}",0.0,0.0,0.0,,1.0,1.0,1.0,,0.0,1.0
odatv:120063743,odatv,2024-09-17,3,20,1334,1381,"Hatta, ağabeyi Bilal Erdoğan’ın sınıf arkadaşı…",0,,0,0,,0,0,,0,8,1,0,0,0,1,0,0,0,0,"{""6"": [""Justification""], ""7"": [], ""11"": []}",1.0,1.0,1.0,,1.0,1.0,1.0,,1.0,1.0
odatv:120063743,odatv,2024-09-17,3,21,1383,1390,Ayrıca…,0,,0,0,,0,0,,0,3,0,0,0,0,0,0,0,0,0,"{""6"": [], ""7"": [], ""11"": []}",0.0,0.0,0.0,,0.0,0.0,0.0,,0.0,0.0
odatv:120063743,odatv,2024-09-17,3,22,1392,1505,"Selçuk, Haluk ve Ahmet Bayraktar’ın annesi Canan Bayraktar’ın kurduğu ‘Can Sağlığı Vakfı’ Mütevelli Heyeti Üyesi…",0,,0,0,,0,0,,0,17,1,0,0,0,1,0,0,0,0,"{""6"": [""Justification""], ""7"": [], ""11"": []}",1.0,1.0,1.0,,1.0,1.0,1.0,,1.0,1.0
odatv:120063743,odatv,2024-09-17,3,23,1507,1549,Bayraktar kardeşlerle arası bir hayli iyi…,0,,0,0,,0,0,,0,7,0,0,0,0,0,0,0,0,0,"{""6"": [], ""7"": [], ""11"": []}",0.0,0.0,0.0,,0.0,0.0,0.0,,0.0,0.0
odatv:120063743,odatv,2024-09-17,3,24,1551,1582,ÖZEL MEVKİLERDE KRİTİK GÖREVLER,0,,0,0,,0,0,,0,4,0,0,0,0,0,0,0,0,0,"{""6"": [], ""7"": [], ""11"": []}",0.0,0.0,0.0,,0.0,0.0,0.0,,0.0,0.0
odatv:120063743,odatv,2024-09-17,3,25,1584,1810,"Partinin İstanbul Gençlik Kolları Dış İlişkilerden Sorumlu İl Başkan Yardımcılığı görevini üstlenmiş, sonra sırasıyla Başbakan Özel Kalem Müdür Yardımcısı, Başbakan Müşaviri ve Cumhurbaşkanı Başdanışmanı görevlerinde bulunmuş.",1,bulunmuş,1,1,üstlenmiş | bulunmuş,2,0,,1,29,0,0,0,0,0,0,0,0,0,"{""6"": [], ""7"": [], ""11"": []}",0.0,0.0,0.0,,0.0,0.0,0.0,,0.0,0.0
odatv:120063743,odatv,2024-09-17,3,26,1811,1846,Bakın hepsi mühim ve özel mevkiler…,0,,0,0,,0,0,,0,7,0,0,0,0,0,0,0,0,0,"{""6"": [], ""7"": [], ""11"": []}",0.0,0.0,0.0,,0.0,0.0,0.0,,0.0,0.0
odatv:120063743,odatv,2024-09-17,3,27,1848,1850,27,0,,0,0,,0,0,,0,2,0,0,0,0,0,0,0,0,0,"{""6"": [], ""7"": [], ""11"": []}",0.0,0.0,0.0,,0.0,0.0,0.0,,0.0,0.0
odatv:120063743,odatv,2024-09-17,3,28,1851,1986,Ekim 2018 tarihinde Cumhurbaşkanlığı Kararı ile atandığı Yurtdışı Türkler ve Akraba Topluluklar Başkanlığı görevine halen devam ediyor.,1,atandığı,1,0,,0,0,,1,18,0,0,0,0,0,0,0,0,0,"{""6"": [], ""7"": [], ""11"": []}",0.0,0.0,0.0,,0.0,0.0,0.0,,0.0,0.0
odatv:120063743,odatv,2024-09-17,3,29,1987,2025,Teknofest İcra Kurulu Üyeliği de baki…,0,,0,0,,0,0,,0,7,0,0,0,0,0,0,0,0,0,"{""6"": [], ""7"": [], ""11"": []}",0.0,0.0,0.0,,0.0,0.0,0.0,,0.0,0.0
odatv:120063743,odatv,2024-09-17,3,30,2027,2067,Bahsettiğim isim Abdullah Eren çocuklar…,0,,0,0,,0,0,,0,6,0,0,0,0,0,0,0,0,0,"{""6"": [], ""7"": [], ""11"": []}",0.0,0.0,0.0,,0.0,0.0,0.0,,0.0,0.0
odatv:120063743,odatv,2024-09-17,3,31,2069,2081,Babası Prof.,0,,0,0,,0,0,,0,2,0,0,0,0,0,0,0,0,0,"{""6"": [], ""7"": [], ""11"": []}",0.0,0.0,0.0,,0.0,0.0,0.0,,0.0,0.0
odatv:120063743,odatv,2024-09-17,3,32,2082,2229,"Dr. Halit Eren 1981 senesinde katıldığı İslam İşbirliği Teşkilatı’na bağlı IRCICA'da, 2000-2004 arası genel direktör yardımcılığı görevini yürüttü.",1,katıldığı,1,0,,0,0,,1,22,0,0,0,0,0,0,0,0,0,"{""6"": [], ""7"": [], ""11"": []}",0.0,0.0,0.0,,0.0,0.0,0.0,,0.0,0.0
odatv:120063743,odatv,2024-09-17,3,33,2230,2366,"40 sene boyunca (bunun 16 senesi Genel Direktörlük) İslam Tarih, Sanat ve Kültür Araştırma Merkezi çatısı altında hizmet ederek geçirdi.",0,,0,0,,0,0,,0,24,0,0,0,0,0,0,0,0,0,"{""6"": [], ""7"": [], ""11"": []}",0.0,0.0,0.0,,0.0,0.0,0.0,,0.0,0.0
odatv:120063743,odatv,2024-09-17,3,34,2367,2419,Aynı zamanda eski bakan Mevlüt Çavuşoğlu’nun dayısı…,0,,0,0,,0,0,,0,8,0,0,0,0,1,0,0,0,0,"{""6"": [""Justification""], ""7"": [], ""11"": []}",0.0,0.0,0.0,,1.0,1.0,1.0,,0.0,1.0
odatv:120063743,odatv,2024-09-17,3,35,2421,2471,"Abdullah Eren’in bir de ağabeyi var, İbrahim Eren…",0,,0,0,,0,0,,0,10,0,0,0,0,0,0,0,0,0,"{""6"": [], ""7"": [], ""11"": []}",0.0,0.0,0.0,,0.0,0.0,0.0,,0.0,0.0
odatv:120063743,odatv,2024-09-17,3,36,2473,2497,Bir süre ATV’de çalıştı.,0,,0,0,,0,0,,0,5,0,0,0,0,0,0,0,0,0,"{""6"": [], ""7"": [], ""11"": []}",0.0,0.0,0.0,,0.0,0.0,0.0,,0.0,0.0
odatv:120063743,odatv,2024-09-17,3,37,2498,2576,"Sonra TRT Genel Müdürlüğü görevindeydi,2017’den 2021’e kadar bu mevkide kaldı.",0,,0,0,,0,0,,0,14,0,0,0,0,0,0,0,0,0,"{""6"": [], ""7"": [], ""11"": []}",0.0,0.0,0.0,,0.0,0.0,0.0,,0.0,0.0
odatv:120063743,odatv,2024-09-17,3,38,2577,2622,Sonra koltuğu Mehmet Zahid Sobacı’ya bıraktı.,0,,0,0,,0,0,,0,7,0,0,0,0,0,0,0,0,0,"{""6"": [], ""7"": [], ""11"": []}",0.0,0.0,0.0,,0.0,0.0,0.0,,0.0,0.0
odatv:120063743,odatv,2024-09-17,3,39,2624,2655,KULİSLERİ DALGALANDIRAN GELİŞME,0,,0,0,,0,0,,0,3,0,0,0,0,0,1,0,0,0,"{""6"": [""Manipulative Wording""], ""7"": [], ""11"": []}",0.0,0.0,0.0,,1.0,1.0,1.0,,0.0,1.0
odatv:120063743,odatv,2024-09-17,3,40,2657,2735,Ne olduysa Abdullah Eren’in Ankara’da diksiyon kursu almaya başlamasıyla oldu…,0,,0,0,,0,0,,0,11,0,0,0,0,0,0,1,0,0,"{""6"": [""Simplification""], ""7"": [""Simplification""], ""11"": []}",0.0,0.0,0.0,,1.0,1.0,1.0,0.0,0.0,1.0
odatv:120063743,odatv,2024-09-17,3,41,2736,2896,"Kulisleri harekete geçiren bu gelişme, daha evvel adı Külliye’de bir göreve atanacağı yönünde fısıldaşmalar sonrası yaşanınca, bağlantılar da kurulmaya başladı.",1,atanacağı | yaşanınca | kurulmaya,3,0,,0,0,,1,23,0,0,0,0,0,0,1,0,0,"{""6"": [], ""7"": [""Simplification""], ""11"": []}",0.0,0.0,0.0,,1.0,1.0,1.0,,0.0,1.0
odatv:120063743,odatv,2024-09-17,3,42,2898,2985,"Ayrıca, ailesi hakkında yayınlanan haberlere de bir bir erişim engeli gelmeye başlamış…",1,yayınlanan,1,1,başlamış,1,0,,1,15,0,0,0,1,0,0,0,0,0,"{""6"": [""Attack on Reputation""], ""7"": [], ""11"": []}",0.0,0.0,0.0,,1.0,1.0,1.0,,0.0,1.0
odatv:120063743,odatv,2024-09-17,3,43,2986,3045,"Bu, size az evvel yazdığım bilgileri içeren haberlere yani…",0,,0,0,,0,0,,0,11,0,0,0,0,0,0,0,0,0,"{""6"": [], ""7"": [], ""11"": []}",0.0,0.0,0.0,,0.0,0.0,0.0,,0.0,0.0
odatv:120063743,odatv,2024-09-17,3,44,3047,3182,"Zaten hep böyle değil mi çocuklar, bir kulisin nedenini nicesini soruşturmaya kalktığımda muhakkak manalı bir bağlantı çıkıyor karşıma…",0,,0,0,,0,0,,0,20,0,0,0,0,0,0,1,0,0,"{""6"": [], ""7"": [""Simplification""], ""11"": []}",0.0,0.0,0.0,,1.0,1.0,1.0,,0.0,1.0
odatv:120063743,odatv,2024-09-17,3,45,3184,3270,"Eh, Abdullah Eren de SETA’nın İstanbul ofisinde araştırmacı olarak çalışmış bir dönem.",0,,0,1,çalışmış,1,0,,0,14,1,0,0,0,0,0,0,0,0,"{""6"": [], ""7"": [], ""11"": []}",1.0,1.0,1.0,,0.0,0.0,0.0,,1.0,0.0
odatv:120063743,odatv,2024-09-17,3,46,3271,3306,Bu noktayı da unutmadan belirteyim…,0,,0,0,,0,0,,0,6,0,0,0,0,0,0,0,0,0,"{""6"": [], ""7"": [], ""11"": []}",0.0,0.0,0.0,,0.0,0.0,0.0,,0.0,0.0
odatv:120063743,odatv,2024-09-17,3,47,3307,3332,İngilizcesi de fevkalade…,0,,0,0,,0,0,,0,4,0,0,0,0,0,0,0,0,0,"{""6"": [], ""7"": [], ""11"": []}",0.0,0.0,0.0,,0.0,0.0,0.0,,0.0,0.0
odatv:120063743,odatv,2024-09-17,3,48,3333,3423,"(Bilmeyenler olabilir, SETA Siyaset, Ekonomi ve Toplum Araştırmaları Vakfı’nın kısaltması…",0,,0,0,,0,0,,0,14,0,0,0,0,0,0,0,0,0,"{""6"": [], ""7"": [], ""11"": []}",0.0,0.0,0.0,,0.0,0.0,0.0,,0.0,0.0
odatv:120063743,odatv,2024-09-17,3,49,3424,3498,Ankara merkezli ve AK Parti’ye yakınlığı ile bilinen bir düşünce kuruluşu.,1,bilinen,1,0,,0,0,,1,12,0,0,0,0,0,0,0,0,0,"{""6"": [], ""7"": [], ""11"": []}",0.0,0.0,0.0,,0.0,0.0,0.0,,0.0,0.0
odatv:120063743,odatv,2024-09-17,3,50,3499,3710,"Vakıf kendi amacını politika, ekonomi ve toplum alanlarında güncel, doğru bilgi ve analizler üretmek, siyasiler ve değişen siyasi, ekonomik, sosyal ve kültürel koşullar hakkında bilgilendirmek"" olarak açıklıyor)",0,,0,0,,0,0,,0,33,0,0,0,0,0,0,0,0,0,"{""6"": [], ""7"": [], ""11"": []}",0.0,0.0,0.0,,0.0,0.0,0.0,,0.0,0.0
odatv:120063743,odatv,2024-09-17,3,51,3712,3823,"Aldığım duyumlar epey sağlam, bu diksiyon kursu Abdullah Eren’i nereye götürecek, ilerleyen günlerde göreceğiz…",0,,0,0,,0,0,,0,17,0,0,0,0,0,0,0,0,0,"{""6"": [], ""7"": [], ""11"": []}",0.0,0.0,0.0,,0.0,0.0,0.0,,0.0,0.0
odatv:120063743,odatv,2024-09-17,3,52,3825,3850,"Haydi, öptüm gözlerinizde",0,,0,0,,0,0,,0,5,0,0,0,0,0,1,0,0,0,"{""6"": [""Manipulative Wording""], ""7"": [], ""11"": []}",0.0,0.0,0.0,,1.0,1.0,1.0,,0.0,1.0
odatv:120063743,odatv,2024-09-17,3,53,3850,3851,n,0,,0,0,,0,0,,0,1,0,0,0,0,0,1,0,0,0,"{""6"": [""Manipulative Wording""], ""7"": [], ""11"": []}",0.0,0.0,0.0,,1.0,1.0,1.0,,0.0,1.0
odatv:120063743,odatv,2024-09-17,3,54,3853,3862,Odatv.com,0,,0,0,,0,0,,0,1,0,0,0,0,0,0,0,0,0,"{""6"": [], ""7"": [], ""11"": []}",0.0,0.0,0.0,,0.0,0.0,0.0,,0.0,0.0
odatv:120085702,odatv,2025-02-11,2,0,0,55,"Ticaretten siyasete, spordan magazine hep gündemdeler..",0,,0,0,,0,0,,0,8,0,0,0,0,0,0,0,0,0,"{""6"": [], ""7"": []}",0.0,0.0,0.0,,0.0,0.0,0.0,,0.0,0.0
odatv:120085702,odatv,2025-02-11,2,1,56,76,Kim bu Sancak ailesi,0,,0,0,,0,0,,0,4,0,0,0,0,0,0,0,0,0,"{""6"": [], ""7"": []}",0.0,0.0,0.0,,0.0,0.0,0.0,,0.0,0.0
odatv:120085702,odatv,2025-02-11,2,2,78,221,Çocuklar bugün size Adana Demirspor’un Galatasaray maçından çekilmesiyle yeniden gündeme gelen bir ailenin pek bilinmeyen öyküsünü anlatacağım.,1,çekilmesiyle | bilinmeyen,2,0,,0,0,,1,18,0,0,0,0,0,0,0,0,0,"{""6"": [], ""7"": []}",0.0,0.0,0.0,,0.0,0.0,0.0,,0.0,0.0
odatv:120085702,odatv,2025-02-11,2,3,222,284,Ticaretten spora pek çok alanda karşımıza sıklıkla çıkıyorlar.,0,,0,0,,0,0,,0,9,0,0,0,0,0,0,0,0,0,"{""6"": [], ""7"": []}",0.0,0.0,0.0,,0.0,0.0,0.0,,0.0,0.0
odatv:120085702,odatv,2025-02-11,2,4,286,322,"İsmen pek ünlüler, tanımayan yoktur.",0,,0,0,,0,0,,0,8,0,0,0,0,0,0,0,0,0,"{""6"": [], ""7"": []}",0.0,0.0,0.0,,0.0,0.0,0.0,,0.0,0.0
odatv:120085702,odatv,2025-02-11,2,5,324,361,Sancak ailesinden bahsedeceğim bugün…,0,,0,0,,0,0,,0,5,0,0,0,0,0,0,0,0,0,"{""6"": [], ""7"": []}",0.0,0.0,0.0,,0.0,0.0,0.0,,0.0,0.0
odatv:120085702,odatv,2025-02-11,2,6,363,394,SİİRT’TEN VAN’A BİR AİLE ÖYKÜSÜ,0,,0,0,,0,0,,0,5,0,0,0,0,0,0,0,0,0,"{""6"": [], ""7"": []}",0.0,0.0,0.0,,0.0,0.0,0.0,,0.0,0.0
odatv:120085702,odatv,2025-02-11,2,7,396,431,"Aile çok kalabalık, aşiret ailesi..",0,,0,0,,0,0,,0,7,0,0,0,0,0,0,0,0,0,"{""6"": [], ""7"": []}",0.0,0.0,0.0,,0.0,0.0,0.0,,0.0,0.0
odatv:120085702,odatv,2025-02-11,2,8,432,443,Siirtliler…,0,,0,0,,0,0,,0,2,0,0,0,0,0,0,0,0,0,"{""6"": [], ""7"": []}",0.0,0.0,0.0,,0.0,0.0,0.0,,0.0,0.0
odatv:120085702,odatv,2025-02-11,2,9,445,481,Ama akrabaların bir kısmı da Van’da…,0,,0,0,,0,0,,0,7,0,0,0,0,0,0,0,0,0,"{""6"": [], ""7"": []}",0.0,0.0,0.0,,0.0,0.0,0.0,,0.0,0.0
odatv:120085702,odatv,2025-02-11,2,10,483,534,Ticari faaliyetlerinin önemli bir merkezi bu şehir…,0,,0,0,,0,0,,0,9,0,0,0,0,0,0,0,0,0,"{""6"": [], ""7"": []}",0.0,0.0,0.0,,0.0,0.0,0.0,,0.0,0.0
odatv:120085702,odatv,2025-02-11,2,11,536,594,"Ailenin en meşhurları Ethem, Mesut, Murat ve Özer Sancak..",0,,0,0,,0,0,,0,12,0,1,0,0,0,0,0,0,0,"{""6"": [], ""7"": []}",1.0,1.0,1.0,,0.0,0.0,0.0,,1.0,0.0
odatv:120085702,odatv,2025-02-11,2,12,596,726,"Ethem 9 kardeşin üçüncüsü, Mesut ve Murat onun kuzenleri, zaten 13 amcası var, 13’er kuzenden siz hesap ediverin ailenin nüfusunu…",0,,0,0,,0,0,,0,24,0,0,0,0,0,0,0,0,0,"{""6"": [], ""7"": []}",0.0,0.0,0.0,,0.0,0.0,0.0,,0.0,0.0
odatv:120085702,odatv,2025-02-11,2,13,728,750,Özer de Ethem’in oğlu.,0,,0,0,,0,0,,0,5,0,0,0,0,0,0,0,0,0,"{""6"": [], ""7"": []}",0.0,0.0,0.0,,0.0,0.0,0.0,,0.0,0.0
odatv:120085702,odatv,2025-02-11,2,14,752,784,Önce biraz Ethem’den bahsedeyim:,0,,0,0,,0,0,,0,6,0,0,0,0,0,0,0,0,0,"{""6"": [], ""7"": []}",0.0,0.0,0.0,,0.0,0.0,0.0,,0.0,0.0
odatv:120085702,odatv,2025-02-11,2,15,786,815,HEM HIZLI KOMÜNİST HEM TÜCCAR,0,,0,0,,0,0,,0,5,0,0,0,0,0,0,0,0,0,"{""6"": [], ""7"": []}",0.0,0.0,0.0,,0.0,0.0,0.0,,0.0,0.0
odatv:120085702,odatv,2025-02-11,2,16,817,874,Gençken solcu diye babası tarafından bir süre reddedildi.,1,reddedildi,1,0,,0,1,,0,9,0,0,0,0,0,0,0,0,0,"{""6"": [], ""7"": []}",0.0,0.0,0.0,,0.0,0.0,0.0,,0.0,0.0
odatv:120085702,odatv,2025-02-11,2,17,876,897,Zamanla buzlar eridi…,0,,0,0,,0,0,,0,4,0,0,0,0,0,0,0,0,0,"{""6"": [], ""7"": []}",0.0,0.0,0.0,,0.0,0.0,0.0,,0.0,0.0
odatv:120085702,odatv,2025-02-11,2,18,899,954,80 öncesinde TİKP’nin Diyarbakır il başkanlığını yaptı…,0,,0,0,,0,0,,0,8,0,0,0,0,0,0,0,0,0,"{""6"": [], ""7"": []}",0.0,0.0,0.0,,0.0,0.0,0.0,,0.0,0.0
odatv:120085702,odatv,2025-02-11,2,19,955,976,PKK ile epey çatıştı.,0,,0,0,,0,0,,0,5,0,0,0,0,0,0,0,0,0,"{""6"": [], ""7"": []}",0.0,0.0,0.0,,0.0,0.0,0.0,,0.0,0.0
odatv:120085702,odatv,2025-02-11,2,20,977,1017,Arkadaşlarıyla silahlı saldırıya uğradı.,0,,0,0,,0,0,,0,5,0,0,0,0,0,0,0,0,0,"{""6"": [], ""7"": []}",0.0,0.0,0.0,,0.0,0.0,0.0,,0.0,0.0
odatv:120085702,odatv,2025-02-11,2,21,1019,1071,"Sonra 80 darbesi oldu, bir süre sonra askere alındı.",1,alındı,1,0,,0,0,,1,11,0,0,0,0,0,0,0,0,0,"{""6"": [], ""7"": []}",0.0,0.0,0.0,,0.0,0.0,0.0,,0.0,0.0
odatv:120085702,odatv,2025-02-11,2,22,1073,1141,"Çocuklar, az evvel yazdım ya, aile o zamanlar Van’da ticaret erbabı.",0,,0,0,,0,0,,0,14,0,0,0,0,0,0,0,0,0,"{""6"": [], ""7"": []}",0.0,0.0,0.0,,0.0,0.0,0.0,,0.0,0.0
odatv:120085702,odatv,2025-02-11,2,23,1143,1225,Ethem’in o zamana kadar ticari deneyimi olmadı ama aklının bir kısmı o taraftaydı…,0,,0,0,,0,0,,0,15,0,0,0,0,0,0,0,0,0,"{""6"": [], ""7"": []}",0.0,0.0,0.0,,0.0,0.0,0.0,,0.0,0.0
odatv:120085702,odatv,2025-02-11,2,24,1227,1261,Bir dönem hapisteydi dediğim gibi…,0,,0,0,,0,0,,0,7,0,0,0,0,0,0,0,0,0,"{""6"": [], ""7"": []}",0.0,0.0,0.0,,0.0,0.0,0.0,,0.0,0.0
odatv:120085702,odatv,2025-02-11,2,25,1262,1339,"Koğuş arkadaşlarına teşkilata para nasıl kazandırılır, onlardan bahsediyordu…",1,kazandırılır,1,0,,0,0,,1,10,0,0,0,0,0,0,0,0,0,"{""6"": [], ""7"": []}",0.0,0.0,0.0,,0.0,0.0,0.0,,0.0,0.0
odatv:120085702,odatv,2025-02-11,2,26,1340,1379,O hayallerin neticelerini sonra aldı...,0,,0,0,,0,0,,0,6,0,0,0,0,0,0,0,0,0,"{""6"": [], ""7"": []}",0.0,0.0,0.0,,0.0,0.0,0.0,,0.0,0.0
odatv:120085702,odatv,2025-02-11,2,27,1381,1475,"Sancak ailesinin ticari kariyerini ilerleten etken, eczacılık sektörüne yaptıkları yatırımlar.",0,,0,0,,0,0,,0,12,0,0,0,0,0,0,0,0,0,"{""6"": [], ""7"": []}",0.0,0.0,0.0,,0.0,0.0,0.0,,0.0,0.0
odatv:120085702,odatv,2025-02-11,2,28,1477,1540,Bunun liderliğini 80’lerin ikinci yarısında Ethem Sancak yaptı.,0,,0,0,,0,0,,0,9,0,0,0,0,0,0,0,0,0,"{""6"": [], ""7"": []}",0.0,0.0,0.0,,0.0,0.0,0.0,,0.0,0.0
odatv:120085702,odatv,2025-02-11,2,29,1542,1651,"Sene 84 veya 85 olması lazım, Doğu Perinçek’in bacanağı Nuri Emral’ın bir ecza deposu vardı: Koz Ecza Deposu.",0,,0,0,,0,0,,0,21,0,0,0,0,0,0,0,0,0,"{""6"": [], ""7"": []}",0.0,0.0,0.0,,0.0,0.0,0.0,,0.0,0.0
odatv:120085702,odatv,2025-02-11,2,30,1652,1676,Orada çalışmaya başladı…,0,,0,0,,0,0,,0,4,0,0,0,0,0,0,0,0,0,"{""6"": [], ""7"": []}",0.0,0.0,0.0,,0.0,0.0,0.0,,0.0,0.0
odatv:120085702,odatv,2025-02-11,2,31,1677,1714,"Emral, bir de Siirt’ten hemşerisiydi…",0,,0,0,,0,0,,0,8,0,0,0,0,0,0,0,0,0,"{""6"": [], ""7"": []}",0.0,0.0,0.0,,0.0,0.0,0.0,,0.0,0.0
odatv:120085702,odatv,2025-02-11,2,32,1715,1733,İşi ondan öğrendi…,0,,0,0,,0,0,,0,4,0,0,0,0,0,0,0,0,0,"{""6"": [], ""7"": []}",0.0,0.0,0.0,,0.0,0.0,0.0,,0.0,0.0
odatv:120085702,odatv,2025-02-11,2,33,1733,1804,Adını yıllar geçtikçe duyuracağı eczacılık sektörüne böylece adım attı.,0,,0,0,,0,0,,0,10,0,0,0,0,0,0,0,0,0,"{""6"": [], ""7"": []}",0.0,0.0,0.0,,0.0,0.0,0.0,,0.0,0.0
odatv:120085702,odatv,2025-02-11,2,34,1806,1889,Siyaseti hiç bırakmadı ama kendini tüm ailesiyle birlikte holding yönetimine verdi.,0,,0,0,,0,0,,0,12,0,0,0,0,0,0,0,0,0,"{""6"": [], ""7"": []}",0.0,0.0,0.0,,0.0,0.0,0.0,,0.0,0.0
odatv:120085702,odatv,2025-02-11,2,35,1891,1996,"Sonra Hedef Ecza Deposu, ardından Alliance Boots ortaklığı ile gelen açılım derken işleri epey ilerletti.",0,,0,0,,0,0,,0,17,0,0,0,0,0,0,0,0,0,"{""6"": [], ""7"": []}",0.0,0.0,0.0,,0.0,0.0,0.0,,0.0,0.0
odatv:120085702,odatv,2025-02-11,2,36,1998,2028,"Kardeşler, kuzenler, yeğenler…",0,,0,0,,0,0,,0,6,0,0,0,0,0,0,0,0,0,"{""6"": [], ""7"": []}",0.0,0.0,0.0,,0.0,0.0,0.0,,0.0,0.0
odatv:120085702,odatv,2025-02-11,2,37,2029,2056,Onları da bu sektöre soktu.,0,,0,0,,0,0,,0,7,0,0,0,0,0,0,0,0,0,"{""6"": [], ""7"": []}",0.0,0.0,0.0,,0.0,0.0,0.0,,0.0,0.0
odatv:120085702,odatv,2025-02-11,2,38,2058,2091,Kuzen Murat Sancak onlardan biri…,0,,0,0,,0,0,,0,6,0,0,0,0,0,0,0,0,0,"{""6"": [], ""7"": []}",0.0,0.0,0.0,,0.0,0.0,0.0,,0.0,0.0
odatv:120085702,odatv,2025-02-11,2,39,2093,2120,ADANA DEMİRSPOR’UN SANCAK’I,0,,0,0,,0,0,,0,3,0,0,0,0,0,0,0,0,0,"{""6"": [], ""7"": []}",0.0,0.0,0.0,,0.0,0.0,0.0,,0.0,0.0
odatv:120085702,odatv,2025-02-11,2,40,2122,2186,Murat Sancak’ı eski Adana Demirspor Başkanı olarak tanıyorsunuz.,0,,0,0,,0,0,,0,9,0,0,0,0,0,0,0,0,0,"{""6"": [], ""7"": []}",0.0,0.0,0.0,,0.0,0.0,0.0,,0.0,0.0
odatv:120085702,odatv,2025-02-11,2,41,2187,2231,Onun da Adana’da büyük bir şehir deposu var.,0,,0,0,,0,0,,0,9,0,0,0,0,0,0,0,0,0,"{""6"": [], ""7"": []}",0.0,0.0,0.0,,0.0,0.0,0.0,,0.0,0.0
odatv:120085702,odatv,2025-02-11,2,42,2232,2270,Holding’in medikal tarafına o bakıyor.,0,,0,0,,0,0,,0,6,0,0,0,0,0,0,0,0,0,"{""6"": [], ""7"": []}",0.0,0.0,0.0,,0.0,0.0,0.0,,0.0,0.0
odatv:120085702,odatv,2025-02-11,2,43,2272,2353,"Burada da bir parantez açayım, Murat Sancak aslında Fenerbahçeli ve kongre üyesi…",0,,0,0,,0,0,,0,14,0,0,0,0,0,0,0,0,0,"{""6"": [], ""7"": []}",0.0,0.0,0.0,,0.0,0.0,0.0,,0.0,0.0
odatv:120085702,odatv,2025-02-11,2,44,2354,2427,"Şadan Kalkavan döneminde yönetim kuruluna da aday oldu, lakin seçilemedi.",1,seçilemedi,1,0,,0,0,,1,12,0,0,0,0,0,0,0,0,0,"{""6"": [], ""7"": []}",0.0,0.0,0.0,,0.0,0.0,0.0,,0.0,0.0
odatv:120085702,odatv,2025-02-11,2,45,2429,2498,Ethem Sancak’ın Beşiktaşlı olduğu bilgisini de şuracığa sıkıştırayım…,0,,0,0,,0,0,,0,9,0,0,0,0,0,0,0,0,0,"{""6"": [], ""7"": []}",0.0,0.0,0.0,,0.0,0.0,0.0,,0.0,0.0
odatv:120085702,odatv,2025-02-11,2,46,2500,2523,Bir de Mesut kuzen var…,0,,0,0,,0,0,,0,6,0,0,0,0,0,0,0,0,0,"{""6"": [], ""7"": []}",0.0,0.0,0.0,,0.0,0.0,0.0,,0.0,0.0
odatv:120085702,odatv,2025-02-11,2,47,2523,2524,",",0,,0,0,,0,0,,0,1,0,0,0,0,0,0,0,0,0,"{""6"": [], ""7"": []}",0.0,0.0,0.0,,0.0,0.0,0.0,,0.0,0.0
odatv:120085702,odatv,2025-02-11,2,48,2526,2546,İZMİRLİLER İYİ BİLİR,0,,0,0,,0,0,,0,3,0,0,0,0,0,0,0,0,0,"{""6"": [], ""7"": []}",0.0,0.0,0.0,,0.0,0.0,0.0,,0.0,0.0
odatv:120085702,odatv,2025-02-11,2,49,2548,2631,"Mesut Sancak, İzmir’in en büyük inşaat şirketlerinden biri olan Folkart’ın başında…",0,,0,0,,0,0,,0,13,0,0,0,0,0,0,0,0,0,"{""6"": [], ""7"": []}",0.0,0.0,0.0,,0.0,0.0,0.0,,0.0,0.0
odatv:120085702,odatv,2025-02-11,2,50,2632,2687,Onun da adı bir dönem Karşıyaka Spor Kulübü ile anıldı.,1,anıldı,1,0,,0,0,,1,11,0,0,0,0,0,0,0,0,0,"{""6"": [], ""7"": []}",0.0,0.0,0.0,,0.0,0.0,0.0,,0.0,0.0
odatv:120085702,odatv,2025-02-11,2,51,2689,2711,Gelelim Özer Sancak’a:,0,,0,0,,0,0,,0,4,0,0,0,0,0,0,0,0,0,"{""6"": [], ""7"": []}",0.0,0.0,0.0,,0.0,0.0,0.0,,0.0,0.0
odatv:120085702,odatv,2025-02-11,2,52,2713,2728,AİLENİN ÇAPKINI,0,,0,0,,0,0,,0,2,0,0,0,0,0,0,0,0,0,"{""6"": [], ""7"": []}",0.0,0.0,0.0,,0.0,0.0,0.0,,0.0,0.0
odatv:120085702,odatv,2025-02-11,2,53,2730,2804,Özer’in meşhur olma nedeni biraz daha farklı: Biraz çapkındı bir zamanlar…,0,,0,0,,0,0,,0,14,0,0,0,0,0,0,0,0,0,"{""6"": [], ""7"": []}",0.0,0.0,0.0,,0.0,0.0,0.0,,0.0,0.0
odatv:120085702,odatv,2025-02-11,2,54,2806,2920,"2012 senesinde sunucu Ebru Akel’le epey konuşulan bir düğünle evlendi, 8 yıl evli kaldılar, bir de evlatları oldu.",1,konuşulan,1,0,,0,0,,1,21,0,0,0,0,0,0,0,0,0,"{""6"": [], ""7"": []}",0.0,0.0,0.0,,0.0,0.0,0.0,,0.0,0.0
odatv:120085702,odatv,2025-02-11,2,55,2921,2938,Sonra boşandılar.,0,,0,0,,0,0,,0,3,0,0,0,0,0,0,0,0,0,"{""6"": [], ""7"": []}",0.0,0.0,0.0,,0.0,0.0,0.0,,0.0,0.0
odatv:120085702,odatv,2025-02-11,2,56,2939,2968,Allah ikisini de mesut etsin…,0,,0,0,,0,0,,0,6,0,0,0,0,0,0,0,0,0,"{""6"": [], ""7"": []}",0.0,0.0,0.0,,0.0,0.0,0.0,,0.0,0.0
odatv:120085702,odatv,2025-02-11,2,57,2970,3036,Velhasıl çocuklar bazı isimleri tanıyoruz ama aslında tanımıyoruz…,0,,0,0,,0,0,,0,9,0,0,0,0,0,0,0,0,0,"{""6"": [], ""7"": []}",0.0,0.0,0.0,,0.0,0.0,0.0,,0.0,0.0
odatv:120085702,odatv,2025-02-11,2,58,3037,3068,Sancak ailesi de onlardan biri.,0,,0,0,,0,0,,0,6,0,0,0,0,0,0,0,0,0,"{""6"": [], ""7"": []}",0.0,0.0,0.0,,0.0,0.0,0.0,,0.0,0.0
odatv:120085702,odatv,2025-02-11,2,59,3070,3112,Ethem Sancak’ın adı hep Erdoğan’la anıldı.,1,anıldı,1,0,,0,0,,1,7,0,0,0,0,0,0,0,0,0,"{""6"": [], ""7"": []}",0.0,0.0,0.0,,0.0,0.0,0.0,,0.0,0.0
odatv:120085702,odatv,2025-02-11,2,60,3113,3159,Lakin yollarının nasıl kesiştiği pek bilinmez.,1,bilinmez,1,0,,0,0,,1,7,0,0,0,0,0,0,0,0,0,"{""6"": [], ""7"": []}",0.0,0.0,0.0,,0.0,0.0,0.0,,0.0,0.0
odatv:120085702,odatv,2025-02-11,2,61,3160,3186,Ben size onu da anlatayım:,0,,0,0,,0,0,,0,6,0,0,0,0,0,0,0,0,0,"{""6"": [], ""7"": []}",0.0,0.0,0.0,,0.0,0.0,0.0,,0.0,0.0
odatv:120085702,odatv,2025-02-11,2,62,3188,3207,ERDOĞAN İLE BULUŞMA,0,,0,0,,0,0,,0,3,0,0,0,0,0,0,0,0,0,"{""6"": [], ""7"": []}",0.0,0.0,0.0,,0.0,0.0,0.0,,0.0,0.0
odatv:120085702,odatv,2025-02-11,2,63,3209,3219,Sene 2003…,0,,0,0,,0,0,,0,3,0,0,0,0,0,0,0,0,0,"{""6"": [], ""7"": []}",0.0,0.0,0.0,,0.0,0.0,0.0,,0.0,0.0
odatv:120085702,odatv,2025-02-11,2,64,3221,3301,"Partisi iktidarda ama Tayyip Erdoğan Başbakan değil, siyasi yasağı yeni kalkmış…",0,,0,1,kalkmış,1,0,,0,13,0,0,1,0,0,0,0,0,0,"{""6"": [], ""7"": []}",1.0,1.0,1.0,,0.0,0.0,0.0,,1.0,0.0
odatv:120085702,odatv,2025-02-11,2,65,3302,3358,Erdoğan’ın nereden milletvekili seçileceği tartışılıyor.,1,seçileceği | tartışılıyor,2,0,,0,0,,1,6,0,0,0,0,0,0,0,0,0,"{""6"": [], ""7"": []}",0.0,0.0,0.0,,0.0,0.0,0.0,,0.0,0.0
odatv:120085702,odatv,2025-02-11,2,66,3359,3485,"Ethem Sancak, randevu alıp karşısına çıkıyor, Erdoğan’a “gel seni bizim memleketten seçtirelim, en az yüzde 50 alırsın” diyor.",0,,0,0,,0,0,,0,22,0,0,0,0,0,0,0,0,0,"{""6"": [], ""7"": []}",0.0,0.0,0.0,,0.0,0.0,0.0,,0.0,0.0
odatv:120085702,odatv,2025-02-11,2,67,3487,3513,"Erdoğan, abartılı buluyor…",0,,0,0,,0,0,,0,5,0,0,0,0,0,0,0,0,0,"{""6"": [], ""7"": []}",0.0,0.0,0.0,,0.0,0.0,0.0,,0.0,0.0
odatv:120085702,odatv,2025-02-11,2,68,3514,3576,Çünkü 2002 seçiminde partisi Siirt’te yalnızca yüzde 17 almış.,0,,0,1,almış,1,0,,0,10,0,0,0,0,0,0,0,0,0,"{""6"": [], ""7"": []}",0.0,0.0,0.0,,0.0,0.0,0.0,,0.0,0.0
odatv:120085702,odatv,2025-02-11,2,69,3577,3628,"Sancak, haklı çıkmak için Siirt’te kolları sıvıyor…",0,,0,0,,0,0,,0,9,0,0,0,0,0,0,0,0,0,"{""6"": [], ""7"": []}",0.0,0.0,0.0,,0.0,0.0,0.0,,0.0,0.0
odatv:120085702,odatv,2025-02-11,2,70,3630,3669,Seçim sonucu Erdoğan’ı bile şaşırtıyor:,0,,0,0,,0,0,,0,6,0,0,0,0,0,0,0,0,0,"{""6"": [], ""7"": []}",0.0,0.0,0.0,,0.0,0.0,0.0,,0.0,0.0
odatv:120085702,odatv,2025-02-11,2,71,3671,3707,"Yüzde 84,8 oyla milletvekili oluyor…",0,,0,0,,0,0,,0,7,0,0,0,0,0,0,0,0,0,"{""6"": [], ""7"": []}",0.0,0.0,0.0,,0.0,0.0,0.0,,0.0,0.0
odatv:120085702,odatv,2025-02-11,2,72,3709,3786,"Hürreminiz yine az bilinen gerçekleri getirdi size, kıymetimi bilin şekerim..",1,bilinen,1,0,,0,0,,1,12,0,0,0,0,0,0,0,0,0,"{""6"": [], ""7"": []}",0.0,0.0,0.0,,0.0,0.0,0.0,,0.0,0.0
odatv:120085702,odatv,2025-02-11,2,73,3788,3815,"Haydi, öptüm gözlerinizden…",0,,0,0,,0,0,,0,6,0,0,0,0,0,0,0,0,0,"{""6"": [], ""7"": []}",0.0,0.0,0.0,,0.0,0.0,0.0,,0.0,0.0
odatv:120085702,odatv,2025-02-11,2,74,3817,3826,Odatv.com,0,,0,0,,0,0,,0,1,0,0,0,0,0,0,0,0,0,"{""6"": [], ""7"": []}",0.0,0.0,0.0,,0.0,0.0,0.0,,0.0,0.0
odatv:120097447,odatv,2025-05-07,2,0,0,25,Mübalağaya teşne olmak...,0,,0,0,,0,0,,0,4,0,0,0,0,0,0,0,0,0,"{""7"": [], ""11"": []}",0.0,0.0,0.0,,0.0,0.0,0.0,,0.0,0.0
odatv:120097447,odatv,2025-05-07,2,1,26,53,Siyasi rant peşinde kimiler,0,,0,0,,0,0,,0,4,0,0,0,0,0,0,0,0,0,"{""7"": [], ""11"": []}",0.0,0.0,0.0,,0.0,0.0,0.0,,0.0,0.0
odatv:120097447,odatv,2025-05-07,2,2,53,54,i,0,,0,0,,0,0,,0,1,0,0,0,0,0,0,0,0,0,"{""7"": [], ""11"": []}",0.0,0.0,0.0,,0.0,0.0,0.0,,0.0,0.0
odatv:120097447,odatv,2025-05-07,2,3,56,103,“NELER ÖĞRENDİM” DEYİNCEFaik Bulut (d.1950) ...,0,,0,0,,0,0,,0,8,0,0,0,0,0,0,0,0,0,"{""7"": [], ""11"": []}",0.0,0.0,0.0,,0.0,0.0,0.0,,0.0,0.0
odatv:120097447,odatv,2025-05-07,2,4,105,245,"1972 yılında Filistin Kurtuluş Örgütü/FKÖ kamplarına gitti, bir yıl sonra MOSSAD tarafından esir alındı, 7 yıl 2 ay İsrail cezaevinde yattı.",1,alındı,1,0,,0,1,,0,25,0,0,0,0,0,0,0,0,0,"{""7"": [], ""11"": []}",0.0,0.0,0.0,,0.0,0.0,0.0,,0.0,0.0
odatv:120097447,odatv,2025-05-07,2,5,246,300,Döneme dair “Filistin Rüyası” adlı anı kitabı yazdı...,0,,0,0,,0,0,,0,10,0,0,0,0,0,0,0,0,0,"{""7"": [], ""11"": []}",0.0,0.0,0.0,,0.0,0.0,0.0,,0.0,0.0
odatv:120097447,odatv,2025-05-07,2,6,302,371,"1980 yılında Türkiye'ye dönünce gazeteciliğe başladı, kitaplar yazdı.",0,,0,0,,0,0,,0,10,0,0,0,0,0,0,0,0,0,"{""7"": [], ""11"": []}",0.0,0.0,0.0,,0.0,0.0,0.0,,0.0,0.0
odatv:120097447,odatv,2025-05-07,2,7,373,474,"Sanıyorum 30-35 yıllık tanışıklığımız var, aynı yayın organlarında çalıştık, sevgim ve saygım çoktur.",0,,0,0,,0,0,,0,19,0,0,0,0,0,0,0,0,0,"{""7"": [], ""11"": []}",0.0,0.0,0.0,,0.0,0.0,0.0,,0.0,0.0
odatv:120097447,odatv,2025-05-07,2,8,476,515,Independent Türkçe bölümünde çalışıyor.,0,,0,0,,0,0,,0,5,0,0,0,0,0,0,0,0,0,"{""7"": [], ""11"": []}",0.0,0.0,0.0,,0.0,0.0,0.0,,0.0,0.0
odatv:120097447,odatv,2025-05-07,2,9,516,595,Ortadoğu konusunda hayli bilgili olduğu için elimden geldikçe takip ediyorum...,0,,0,0,,0,0,,0,11,0,0,0,0,0,0,0,0,0,"{""7"": [], ""11"": []}",0.0,0.0,0.0,,0.0,0.0,0.0,,0.0,0.0
odatv:120097447,odatv,2025-05-07,2,10,597,633,Geçen gün bir videosuna denk geldim.,0,,0,0,,0,0,,0,7,0,0,0,0,0,0,0,0,0,"{""7"": [], ""11"": []}",0.0,0.0,0.0,,0.0,0.0,0.0,,0.0,0.0
odatv:120097447,odatv,2025-05-07,2,11,634,636,M.,0,,0,0,,0,0,,0,2,0,0,0,0,0,0,0,0,0,"{""7"": [], ""11"": []}",0.0,0.0,0.0,,0.0,0.0,0.0,,0.0,0.0
odatv:120097447,odatv,2025-05-07,2,12,637,821,"Emin Sever’in 2023 yılında yayınladığı “Kürt Tarihinden Bir Kesit/Azadî Örgütü ve Cibranlı Xalid Bey” kitabına övgü yapıp, “ne çok bilgi öğrendim” deyince, kitabı okumaya karar verdim.",0,,0,0,,0,0,,0,31,0,0,0,0,0,0,0,0,0,"{""7"": [], ""11"": []}",0.0,0.0,0.0,,0.0,0.0,0.0,,0.0,0.0
odatv:120097447,odatv,2025-05-07,2,13,823,956,Ayrıca aynı yayın organında eski Diyarbakır Milletvekili Altan Tan da kitaba övgüler dizmişti; kitapta ne belgeler vardı ne belgeler…,0,,0,0,,0,0,,0,22,0,0,0,0,0,0,0,0,0,"{""7"": [], ""11"": []}",0.0,0.0,0.0,,0.0,0.0,0.0,,0.0,0.0
odatv:120097447,odatv,2025-05-07,2,14,957,969,Meraklandım.,0,,0,0,,0,0,,0,2,0,0,0,0,0,0,0,0,0,"{""7"": [], ""11"": []}",0.0,0.0,0.0,,0.0,0.0,0.0,,0.0,0.0
odatv:120097447,odatv,2025-05-07,2,15,971,988,Kitabın yazarı M.,0,,0,0,,0,0,,0,4,0,0,0,0,0,0,0,0,0,"{""7"": [], ""11"": []}",0.0,0.0,0.0,,0.0,0.0,0.0,,0.0,0.0
odatv:120097447,odatv,2025-05-07,2,16,989,1091,"Emin Sever’i, 1991 yılında SHP-HEP ittifakı ile Muş milletvekili seçilip parlamentoya gelince tanıdım.",1,seçilip,1,0,,0,0,,1,17,0,0,0,0,0,0,0,0,0,"{""7"": [], ""11"": []}",0.0,0.0,0.0,,0.0,0.0,0.0,,0.0,0.0
odatv:120097447,odatv,2025-05-07,2,17,1092,1225,"Sonra, Cem Boyner’in “Yeniden Demokrasi Hareketi/YDH ve ardından Şerafettin Elçi’nin Katılımcı Demokrasi Partisi/KADEP kurucusu oldu…",0,,0,0,,0,0,,0,19,0,0,0,0,0,0,0,0,0,"{""7"": [], ""11"": []}",0.0,0.0,0.0,,0.0,0.0,0.0,,0.0,0.0
odatv:120097447,odatv,2025-05-07,2,18,1227,1273,"Uzatmayayım, kitabı aldım ve okumaya başladım…",0,,0,0,,0,0,,0,8,0,0,0,0,0,0,0,0,0,"{""7"": [], ""11"": []}",0.0,0.0,0.0,,0.0,0.0,0.0,,0.0,0.0
odatv:120097447,odatv,2025-05-07,2,19,1275,1291,ANILAR ALDATIRM.,0,,0,0,,0,0,,0,3,0,0,0,0,0,0,0,0,0,"{""7"": [], ""11"": []}",0.0,0.0,0.0,,0.0,0.0,0.0,,0.0,0.0
odatv:120097447,odatv,2025-05-07,2,20,1292,1426,"Emin Sever, kitabın omurgasını oluşturan ve tarihimizde “1925 Şeyh Sait İsyanı” olarak geçen ayaklanmada yakalanıp idam edilen Miralay",1,yakalanıp | edilen,2,0,,0,0,,1,19,0,0,0,0,0,0,0,0,0,"{""7"": [], ""11"": []}",0.0,0.0,0.0,,0.0,0.0,0.0,,0.0,0.0
odatv:120097447,odatv,2025-05-07,2,21,1428,1469,Cibranlı Halit’in kardeşiAhmet’in oğlu...,0,,0,0,,0,0,,0,5,0,0,0,0,0,0,0,0,0,"{""7"": [], ""11"": []}",0.0,0.0,0.0,,0.0,0.0,0.0,,0.0,0.0
odatv:120097447,odatv,2025-05-07,2,22,1471,1602,"Ahmet de isyanda aktif rol oynadı, ayaklanma bozguna uğrayınca Suriye'deki Fransız Hükümetine sığındı, genel afla Türkiye'ye döndü.",1,sığındı,1,0,,0,0,,1,21,0,0,0,0,0,0,0,0,0,"{""7"": [], ""11"": []}",0.0,0.0,0.0,,0.0,0.0,0.0,,0.0,0.0
odatv:120097447,odatv,2025-05-07,2,23,1604,1623,Kitap genellikle M.,0,,0,0,,0,0,,0,4,0,0,0,0,0,0,0,0,0,"{""7"": [], ""11"": []}",0.0,0.0,0.0,,0.0,0.0,0.0,,0.0,0.0
odatv:120097447,odatv,2025-05-07,2,24,1624,1685,Emin Sever’in babası Ahmet Sever’in anlattıklarına dayanıyor.,0,,0,0,,0,0,,0,8,0,0,0,0,0,0,0,0,0,"{""7"": [], ""11"": []}",0.0,0.0,0.0,,0.0,0.0,0.0,,0.0,0.0
odatv:120097447,odatv,2025-05-07,2,25,1686,1691,Keza:,0,,0,0,,0,0,,0,2,0,0,0,0,0,0,0,0,0,"{""7"": [], ""11"": []}",0.0,0.0,0.0,,0.0,0.0,0.0,,0.0,0.0
odatv:120097447,odatv,2025-05-07,2,26,1693,1747,Cibranlı Halit’in oğlu Mahmut Sever veya amcazadesi M.,0,,0,0,,0,0,,0,9,0,0,0,0,0,0,0,0,0,"{""7"": [], ""11"": []}",0.0,0.0,0.0,,0.0,0.0,0.0,,0.0,0.0
odatv:120097447,odatv,2025-05-07,2,27,1748,1803,Selim Kılıçoğlu gibi aile anlatımlarından yararlanıyor.,0,,0,0,,0,0,,0,7,0,0,0,0,0,0,0,0,0,"{""7"": [], ""11"": []}",0.0,0.0,0.0,,0.0,0.0,0.0,,0.0,0.0
odatv:120097447,odatv,2025-05-07,2,28,1805,1968,"Cibranlı Halit, Şeyh Sait, Şeyh Abdullah gibi isyanın lider kadrosu kardeş çocukları ve kitap geride kalan aile fertlerinin anlatımlarını kaynak olarak kullanıyor…",0,,0,0,,0,0,,0,25,0,0,0,0,0,0,0,0,0,"{""7"": [], ""11"": []}",0.0,0.0,0.0,,0.0,0.0,0.0,,0.0,0.0
odatv:120097447,odatv,2025-05-07,2,29,1970,1992,Sözel tarih önemlidir.,0,,0,0,,0,0,,0,5,0,0,0,0,0,0,0,0,0,"{""7"": [], ""11"": []}",0.0,0.0,0.0,,0.0,0.0,0.0,,0.0,0.0
odatv:120097447,odatv,2025-05-07,2,30,1993,2066,"Ancak tarih yazımı, anılara pek güvenmez, mutlak gerçek diye kabul etmez.",0,,0,0,,0,0,,0,14,0,0,0,0,0,0,0,0,0,"{""7"": [], ""11"": []}",0.0,0.0,0.0,,0.0,0.0,0.0,,0.0,0.0
odatv:120097447,odatv,2025-05-07,2,31,2067,2205,"Bilinir ki, insan hafızası yanıltır, hayal gücü ile hakikati birbirine karıştırır, zamanla düşler ile gerçeği ayırt edemez hale gelebilir.",0,,0,0,,0,0,,0,23,0,0,0,0,0,0,0,0,0,"{""7"": [], ""11"": []}",0.0,0.0,0.0,,0.0,0.0,0.0,,0.0,0.0
odatv:120097447,odatv,2025-05-07,2,32,2207,2260,"Gerçeğin değil, itibarın kanıtıdır çoğu zaman anılar!",0,,0,0,,0,0,,0,10,0,0,0,0,0,0,0,0,0,"{""7"": [], ""11"": []}",0.0,0.0,0.0,,0.0,0.0,0.0,,0.0,0.0
odatv:120097447,odatv,2025-05-07,2,33,2262,2329,"Bu sebeple, her fısıltı süzgeçten geçirilmeden doğru kabul edilmez.",1,geçirilmeden | edilmez,2,0,,0,0,,1,11,0,0,0,0,0,0,0,0,0,"{""7"": [], ""11"": []}",0.0,0.0,0.0,,0.0,0.0,0.0,,0.0,0.0
odatv:120097447,odatv,2025-05-07,2,34,2331,2477,"Günümüzde nörobilim ortaya çıkardı; kurnaz beyin insana hep oyun oynar, tuzaklar kurar ve yaşamın hakikatini budayarak onu kendince şekillendirir.",0,,0,0,,0,0,,0,22,0,0,0,0,0,0,0,0,0,"{""7"": [], ""11"": []}",0.0,0.0,0.0,,0.0,0.0,0.0,,0.0,0.0
odatv:120097447,odatv,2025-05-07,2,35,2478,2485,Mesela:,0,,0,0,,0,0,,0,2,0,0,0,0,0,0,0,0,0,"{""7"": [], ""11"": []}",0.0,0.0,0.0,,0.0,0.0,0.0,,0.0,0.0
odatv:120097447,odatv,2025-05-07,2,36,2487,2573,Olmasını/olmak istediğini gerçek gibi anlatır beyin; anıları yeniden yeniden kurgular.,0,,0,0,,0,0,,0,13,0,0,0,0,0,0,0,0,0,"{""7"": [], ""11"": []}",0.0,0.0,0.0,,0.0,0.0,0.0,,0.0,0.0
odatv:120097447,odatv,2025-05-07,2,37,2574,2653,Aradığı sonuca kendi istediği yoldan varabilir ama bu genellikle hakikat olmaz.,0,,0,0,,0,0,,0,12,0,0,0,0,0,0,0,0,0,"{""7"": [], ""11"": []}",0.0,0.0,0.0,,0.0,0.0,0.0,,0.0,0.0
odatv:120097447,odatv,2025-05-07,2,38,2655,2726,Eğer yalın gerçeği arıyorsanız hayal gücü divaneliğine kapılmamak şart…,1,kapılmamak,1,0,,0,0,,1,10,0,0,0,0,0,0,0,1,0,"{""7"": [""Call""], ""11"": []}",0.0,0.0,0.0,,1.0,1.0,1.0,,0.0,1.0
odatv:120097447,odatv,2025-05-07,2,39,2727,2756,Aklın ezeli ölçütü mantıktır.,0,,0,0,,0,0,,0,5,0,0,0,0,0,0,0,1,0,"{""7"": [""Call""], ""11"": []}",0.0,0.0,0.0,,1.0,1.0,1.0,,0.0,1.0
odatv:120097447,odatv,2025-05-07,2,40,2758,2846,Örneğin: Kendinden “bir şeyler saklandığına inanan” tutkulu taraftarı kimse ikna edemez.,0,,0,0,,0,0,,0,13,0,0,0,0,0,0,0,0,0,"{""7"": [], ""11"": []}",0.0,0.0,0.0,,0.0,0.0,0.0,,0.0,0.0
odatv:120097447,odatv,2025-05-07,2,41,2847,2921,"Sadece onun doğruları vardır ve mutlak haklıdır, diğerleri salt iftiradır!",0,,0,0,,0,0,,0,15,0,0,0,0,0,0,0,0,0,"{""7"": [], ""11"": []}",0.0,0.0,0.0,,0.0,0.0,0.0,,0.0,0.0
odatv:120097447,odatv,2025-05-07,2,42,2922,2987,"Sadece kendisine yapılmıştır haksızlık, vicdansız olan öteki’dir!",1,yapılmıştır,1,1,yapılmıştır,1,0,,1,10,0,0,0,0,0,0,0,0,0,"{""7"": [], ""11"": []}",0.0,0.0,0.0,,0.0,0.0,0.0,,0.0,0.0
odatv:120097447,odatv,2025-05-07,2,43,2988,3018,Sorunu hep kendi dışında arar…,0,,0,0,,0,0,,0,6,0,0,0,0,0,0,0,0,0,"{""7"": [], ""11"": []}",0.0,0.0,0.0,,0.0,0.0,0.0,,0.0,0.0
odatv:120097447,odatv,2025-05-07,2,44,3020,3064,"Ki bu tarihin değil, psikolojinin konusudur.",0,,0,0,,0,0,,0,9,0,0,0,0,0,0,0,0,0,"{""7"": [], ""11"": []}",0.0,0.0,0.0,,0.0,0.0,0.0,,0.0,0.0
odatv:120097447,odatv,2025-05-07,2,45,3066,3082,Kitaba dönersem…,0,,0,0,,0,0,,0,3,0,0,0,0,0,0,0,0,0,"{""7"": [], ""11"": []}",0.0,0.0,0.0,,0.0,0.0,0.0,,0.0,0.0
odatv:120097447,odatv,2025-05-07,2,46,3084,3107,BÖYLE SORUMSUZLUK OLMAZ,0,,0,0,,0,0,,0,3,0,0,0,0,0,0,0,0,0,"{""7"": [], ""11"": []}",0.0,0.0,0.0,,0.0,0.0,0.0,,0.0,0.0
odatv:120097447,odatv,2025-05-07,2,47,3109,3190,Tarihimizde “1925 Şeyh Sait İsyanı” olarak geçen ayaklanmanın yüzüncü yılındayız.,0,,0,0,,0,0,,0,12,0,0,0,0,0,0,0,0,0,"{""7"": [], ""11"": []}",0.0,0.0,0.0,,0.0,0.0,0.0,,0.0,0.0
odatv:120097447,odatv,2025-05-07,2,48,3192,3269,"Kuşkusuz tarihimizle ilgili daha çok kitaplar yazılsın, tartışmalar yapılsın.",1,yazılsın | yapılsın,2,0,,0,0,,1,11,0,0,0,0,0,0,0,0,0,"{""7"": [], ""11"": []}",0.0,0.0,0.0,,0.0,0.0,0.0,,0.0,0.0
odatv:120097447,odatv,2025-05-07,2,49,3270,3301,Düşünce karşıtlarıyla doğrudur.,0,,0,0,,0,0,,0,4,0,0,0,0,0,0,0,0,0,"{""7"": [], ""11"": []}",0.0,0.0,0.0,,0.0,0.0,0.0,,0.0,0.0
odatv:120097447,odatv,2025-05-07,2,50,3303,3328,Marifet iltifata tabidir…,0,,0,0,,0,0,,0,5,0,0,0,0,0,0,0,0,0,"{""7"": [], ""11"": []}",0.0,0.0,0.0,,0.0,0.0,0.0,,0.0,0.0
odatv:120097447,odatv,2025-05-07,2,51,3330,3332,M.,0,,0,0,,0,0,,0,2,0,0,0,0,0,0,0,0,0,"{""7"": [], ""11"": []}",0.0,0.0,0.0,,0.0,0.0,0.0,,0.0,0.0
odatv:120097447,odatv,2025-05-07,2,52,3333,3446,"Emin Sever, ailesi ve birinci derece akrabalarının anlatımıyla yazdığı üç yüz sayfalık kitabı bir çırpıda okudum.",0,,0,0,,0,0,,0,18,0,0,0,0,0,0,0,0,0,"{""7"": [], ""11"": []}",0.0,0.0,0.0,,0.0,0.0,0.0,,0.0,0.0
odatv:120097447,odatv,2025-05-07,2,53,3448,3497,"Kitap, gerçeği olması gibi arıyor mu, şüpheliyim.",0,,0,0,,0,0,,0,11,0,0,0,0,0,0,0,0,0,"{""7"": [], ""11"": []}",0.0,0.0,0.0,,0.0,0.0,0.0,,0.0,0.0
odatv:120097447,odatv,2025-05-07,2,54,3499,3590,"1925 isyanına karşı tek şüphe yok, tek özeleştiri yok, ölçmek, tartmak ve düşünmek hiç yok…",0,,0,0,,0,0,,0,19,0,0,0,0,0,0,0,0,0,"{""7"": [], ""11"": []}",0.0,0.0,0.0,,0.0,0.0,0.0,,0.0,0.0
odatv:120097447,odatv,2025-05-07,2,55,3592,3622,"Rivayet, belagat dolu kitapta.",0,,0,0,,0,0,,0,6,0,0,0,0,0,0,0,0,0,"{""7"": [], ""11"": []}",0.0,0.0,0.0,,0.0,0.0,0.0,,0.0,0.0
odatv:120097447,odatv,2025-05-07,2,56,3623,3648,Her satırı peşin hükümlü.,0,,0,0,,0,0,,0,6,0,0,0,0,0,0,0,0,0,"{""7"": [], ""11"": []}",0.0,0.0,0.0,,0.0,0.0,0.0,,0.0,0.0
odatv:120097447,odatv,2025-05-07,2,57,3650,3776,"Arka arkaya yazdığı yetersiz muhakeme ile, -kendi ifadesiyle yazarsam- “Kürt ulusal özgürlük mücadelesi” propagandası yapıyor.",0,,0,0,,0,0,,0,19,0,0,0,1,0,0,0,0,0,"{""7"": [""Attack on Reputation""], ""11"": []}",0.0,0.0,0.0,,1.0,1.0,1.0,,0.0,1.0
odatv:120097447,odatv,2025-05-07,2,58,3778,3874,"Sıklıkla yaptığı retoriğin, öğrenmek ile uzaktan yakından ilgisi olmadığını hatırlatmak isterim.",0,,0,0,,0,0,,0,13,0,0,0,0,0,0,0,0,0,"{""7"": [], ""11"": []}",0.0,0.0,0.0,,0.0,0.0,0.0,,0.0,0.0
odatv:120097447,odatv,2025-05-07,2,59,3876,4161,"Belgesiz dayanaksız güçsüz mübalağalar ile, kurmaca savlarla, genelleştirmeler ile her kötülüğün kaynağı olarak Mustafa Kemal’i bıktırıcı halde tekrarlamasının bir anlamı olmalı: Askeri öğrenci olarak tıp fakültesine giren, tabip asker olarak yıllarca Türk Ordusunda görev yapan Dr. M.",1,tekrarlamasının,1,0,,0,0,,1,42,1,0,0,1,0,0,0,0,0,"{""7"": [""Attack on Reputation""], ""11"": []}",1.0,1.0,1.0,,1.0,1.0,1.0,,1.0,1.0
odatv:120097447,odatv,2025-05-07,2,60,4162,4232,Emin Sever’in bugün kaleminin düşmanca ithamlar içermesini yadırgadım.,0,,0,0,,0,0,,0,9,1,0,0,1,0,0,0,0,0,"{""7"": [""Attack on Reputation""], ""11"": []}",1.0,1.0,1.0,,1.0,1.0,1.0,,1.0,1.0
odatv:120097447,odatv,2025-05-07,2,61,4233,4274,80 yıllık ömründe ne çok kin biriktirmiş!,0,,0,1,biriktirmiş,1,0,,0,8,0,0,0,1,0,0,0,0,0,"{""7"": [""Attack on Reputation""], ""11"": []}",0.0,0.0,0.0,,1.0,1.0,1.0,,0.0,1.0
odatv:120097447,odatv,2025-05-07,2,62,4275,4281,Yazık.,0,,0,0,,0,0,,0,2,0,0,0,1,0,0,0,0,0,"{""7"": [""Attack on Reputation""], ""11"": []}",0.0,0.0,0.0,,1.0,1.0,1.0,,0.0,1.0
odatv:120097447,odatv,2025-05-07,2,63,4283,4397,"Tarih yazmıyor, fanatizm ruhunu ortaya çıkıyor; kendinden olmayan herkesi safsatayla gözü kapalı düşmanlaştırıyor!",0,,0,0,,0,0,,0,16,0,0,0,0,0,1,0,0,0,"{""7"": [""Manipulative Wording""], ""11"": []}",0.0,0.0,0.0,,1.0,1.0,1.0,,0.0,1.0
odatv:120097447,odatv,2025-05-07,2,64,4399,4471,"Barışa giden hele bugünlerde adil düşünmek, doğru konuşmak-yazmak gerek.",0,,0,0,,0,0,,0,13,0,0,0,0,1,0,0,0,0,"{""7"": [""Justification""], ""11"": []}",0.0,0.0,0.0,,1.0,1.0,1.0,,0.0,1.0
odatv:120097447,odatv,2025-05-07,2,65,4473,4520,Hâlâ siyasi rant peşinde koşmanın ne alemi var?,0,,0,0,,0,0,,0,9,0,0,0,1,0,0,0,0,0,"{""7"": [""Attack on Reputation""], ""11"": []}",0.0,0.0,0.0,,1.0,1.0,1.0,,0.0,1.0
odatv:120097447,odatv,2025-05-07,2,66,4522,4591,"Faik Bulut’a şaşırdım; kitaptan hangi yeni bilgiyi edinmiş, öğrenmiş?",0,,0,1,edinmiş | öğrenmiş,2,0,,0,12,0,0,1,1,0,0,0,0,0,"{""7"": [], ""11"": [""Attack on Reputation""]}",1.0,1.0,1.0,,1.0,1.0,1.0,,1.0,1.0
odatv:120097447,odatv,2025-05-07,2,67,4593,4695,"Ezeli-ebedi düşmanlık üzerine inşa edilen bu kitap, olsa olsa toplumun daha hastalanmasına sebep olur.",1,edilen | hastalanmasına,2,0,,0,0,,1,18,0,0,0,0,0,0,0,0,0,"{""7"": [], ""11"": []}",0.0,0.0,0.0,,0.0,0.0,0.0,,0.0,0.0
odatv:120097447,odatv,2025-05-07,2,68,4696,4726,Böyle aydın sorumluluğu olmaz.,0,,0,0,,0,0,,0,5,0,0,0,0,0,0,0,0,0,"{""7"": [], ""11"": []}",0.0,0.0,0.0,,0.0,0.0,0.0,,0.0,0.0
odatv:120097447,odatv,2025-05-07,2,69,4728,4749,Soner YalçınOdatv.com,0,,0,0,,0,0,,0,3,0,0,0,0,0,0,0,0,0,"{""7"": [], ""11"": []}",0.0,0.0,0.0,,0.0,0.0,0.0,,0.0,0.0
odatv:120108859,odatv,2025-07-31,2,0,0,25,Kafası çamurda siyaset...,0,,0,0,,0,0,,0,4,0,0,0,0,0,0,0,0,0,"{""7"": [], ""11"": []}",0.0,0.0,0.0,,0.0,0.0,0.0,,0.0,0.0
odatv:120108859,odatv,2025-07-31,2,1,26,40,İki örnek vaka,0,,0,0,,0,0,,0,4,0,0,0,0,0,0,0,0,0,"{""7"": [], ""11"": []}",0.0,0.0,0.0,,0.0,0.0,0.0,,0.0,0.0
odatv:120108859,odatv,2025-07-31,2,2,42,52,ÇAMURProf.,0,,0,0,,0,0,,0,2,0,0,0,0,0,0,0,0,0,"{""7"": [], ""11"": []}",0.0,0.0,0.0,,0.0,0.0,0.0,,0.0,0.0
odatv:120108859,odatv,2025-07-31,2,3,53,66,"Yalçın Küçük,",0,,0,0,,0,0,,0,3,0,0,0,0,0,0,0,0,0,"{""7"": [], ""11"": []}",0.0,0.0,0.0,,0.0,0.0,0.0,,0.0,0.0
odatv:120108859,odatv,2025-07-31,2,4,68,130,dört yıllık Paris sürgünlüğüardından tutuklanacağını bile bile,0,,0,0,,0,0,,0,7,0,0,0,0,0,0,0,0,0,"{""7"": [], ""11"": []}",0.0,0.0,0.0,,0.0,0.0,0.0,,0.0,0.0
odatv:120108859,odatv,2025-07-31,2,5,132,179,29 Ekim 1998’de Türkiye'ye dönmeye karar verdi.,0,,0,0,,0,0,,0,8,0,0,0,0,0,0,0,0,0,"{""7"": [], ""11"": []}",0.0,0.0,0.0,,0.0,0.0,0.0,,0.0,0.0
odatv:120108859,odatv,2025-07-31,2,6,180,230,Dönüş hazırlıkları yaparken 16-17 Ekim’de gazeteci,0,,0,0,,0,0,,0,7,0,0,0,0,0,0,0,0,0,"{""7"": [], ""11"": []}",0.0,0.0,0.0,,0.0,0.0,0.0,,0.0,0.0
odatv:120108859,odatv,2025-07-31,2,7,232,278,İlker Maga’ya verdiği röportajda şunu söyledi:,0,,0,0,,0,0,,0,7,0,0,0,0,0,0,0,0,0,"{""7"": [], ""11"": []}",0.0,0.0,0.0,,0.0,0.0,0.0,,0.0,0.0
odatv:120108859,odatv,2025-07-31,2,8,280,407,"-“1993’ten sonra, buraya (Paris’e) geldikten sonra, ey Kürt senin kafana aşık değilim, ben yükselen insan başına aşığım, dedim.",0,,0,0,,0,0,,0,26,0,0,0,0,0,0,0,0,0,"{""7"": [], ""11"": []}",0.0,0.0,0.0,,0.0,0.0,0.0,,0.0,0.0
odatv:120108859,odatv,2025-07-31,2,9,408,465,"Sınıf hep hareketli olmalı, insan başı da hep yükselmeli.",1,yükselmeli,1,0,,0,0,,1,11,0,0,0,0,0,0,0,0,0,"{""7"": [], ""11"": []}",0.0,0.0,0.0,,0.0,0.0,0.0,,0.0,0.0
odatv:120108859,odatv,2025-07-31,2,10,466,527,Sen bir çamurun içinden çıktığın için ben seni destekliyorum.,0,,0,0,,0,0,,0,10,0,0,0,0,0,0,0,0,0,"{""7"": [], ""11"": []}",0.0,0.0,0.0,,0.0,0.0,0.0,,0.0,0.0
odatv:120108859,odatv,2025-07-31,2,11,528,597,Ancak çamurun içinden çıkmak istediğin müddetçe ben seni desteklerim.,0,,0,0,,0,0,,0,10,0,0,0,0,0,0,0,0,0,"{""7"": [], ""11"": []}",0.0,0.0,0.0,,0.0,0.0,0.0,,0.0,0.0
odatv:120108859,odatv,2025-07-31,2,12,598,745,"Yoksa, çamurun içinde kendi halinde memnun olan baş, ister Kürt başı olsun, ister Türk başı olsun, ister Arap başı olsun bunun hiçbir önemi yoktur…",0,,0,0,,0,0,,0,31,0,0,0,0,0,0,0,0,0,"{""7"": [], ""11"": []}",0.0,0.0,0.0,,0.0,0.0,0.0,,0.0,0.0
odatv:120108859,odatv,2025-07-31,2,13,745,746,”,0,,0,0,,0,0,,0,1,0,0,0,0,0,0,0,0,0,"{""7"": [], ""11"": []}",0.0,0.0,0.0,,0.0,0.0,0.0,,0.0,0.0
odatv:120108859,odatv,2025-07-31,2,14,748,794,"Çamur metaforu, itibarsızlıktır, kirlenmektir…",1,kirlenmek,1,0,,0,0,,1,9,0,0,0,0,0,0,0,0,0,"{""7"": [], ""11"": []}",0.0,0.0,0.0,,0.0,0.0,0.0,,0.0,0.0
odatv:120108859,odatv,2025-07-31,2,15,796,857,"Yalçın Hoca, Paris'te neler görüp yaşadı ki bu tespiti yaptı.",0,,0,0,,0,0,,0,12,0,0,0,0,0,0,0,0,0,"{""7"": [], ""11"": []}",0.0,0.0,0.0,,0.0,0.0,0.0,,0.0,0.0
odatv:120108859,odatv,2025-07-31,2,16,859,953,"Sonraki siyasi çizgisine bakarak, Paris’teki PKK’lılara “çamurdasınız” dediğini çıkarabiliriz.",0,,0,0,,0,0,,0,14,0,0,0,0,0,0,0,0,0,"{""7"": [], ""11"": []}",0.0,0.0,0.0,,0.0,0.0,0.0,,0.0,0.0
odatv:120108859,odatv,2025-07-31,2,17,954,1038,"Yalçın Küçük'ü aydın yapan bu özelliğidir, silahtan güçlü düşüncesini hiç saklamadı…",0,,0,0,,0,0,,0,14,0,1,0,0,0,0,0,0,0,"{""7"": [], ""11"": []}",1.0,1.0,1.0,,0.0,0.0,0.0,,1.0,0.0
odatv:120108859,odatv,2025-07-31,2,18,1040,1075,"Pekala, PKK çamurdan nasıl çıkacak?",0,,0,0,,0,0,,0,7,1,0,0,0,0,0,0,0,0,"{""7"": [], ""11"": []}",1.0,1.0,1.0,,0.0,0.0,0.0,,1.0,0.0
odatv:120108859,odatv,2025-07-31,2,19,1077,1124,Kirlilik bulaşıcıdır; YPG-PJAK çamur içindedir.,0,,0,0,,0,0,,0,11,0,0,0,1,0,0,0,0,0,"{""7"": [""Attack on Reputation""], ""11"": []}",0.0,0.0,0.0,,1.0,1.0,1.0,,0.0,1.0
odatv:120108859,odatv,2025-07-31,2,20,1126,1172,"Çamur, emperyalizm bataklığıdır, çıkış zordur.",0,,0,0,,0,0,,0,10,0,0,0,1,0,0,0,0,0,"{""7"": [""Attack on Reputation""], ""11"": []}",0.0,0.0,0.0,,1.0,1.0,1.0,,0.0,1.0
odatv:120108859,odatv,2025-07-31,2,21,1174,1251,"İngiliz, Amerikan emperyalizmine girmeden, iki tarihsel kulluk olayı yazayım:",0,,0,0,,0,0,,0,12,1,0,0,0,0,0,0,0,0,"{""7"": [], ""11"": []}",1.0,1.0,1.0,,0.0,0.0,0.0,,1.0,0.0
odatv:120108859,odatv,2025-07-31,2,22,1253,1279,RUSLARIN EMRİNDEKİ KÜRTLER,0,,0,0,,0,0,,0,3,0,0,0,0,0,0,0,0,0,"{""7"": [], ""11"": []}",0.0,0.0,0.0,,0.0,0.0,0.0,,0.0,0.0
odatv:120108859,odatv,2025-07-31,2,23,1281,1292,Az bilinir:,1,bilinir,1,0,,0,0,,1,3,0,0,0,0,0,0,0,0,0,"{""7"": [], ""11"": []}",0.0,0.0,0.0,,0.0,0.0,0.0,,0.0,0.0
odatv:120108859,odatv,2025-07-31,2,24,1294,1468,"Rusların 19. yüzyılda Kars ve çevresini (özellikle 1877-1878 Osmanlı-Rus Savaşı sonrasında) ele geçirmesiyle birlikte bölgede, yeni etnik ve siyasi yapı şekillenmeye başladı.",0,,0,0,,0,0,,0,30,0,0,0,0,0,0,0,0,0,"{""7"": [], ""11"": []}",0.0,0.0,0.0,,0.0,0.0,0.0,,0.0,0.0
odatv:120108859,odatv,2025-07-31,2,25,1470,1571,"Kürtler ile Ruslar arasındaki ilişki karmaşık, pragmatik ve çoğu zaman karşılıklı çıkara dayalı oldu.",0,,0,0,,0,0,,0,17,0,0,0,0,0,0,0,0,0,"{""7"": [], ""11"": []}",0.0,0.0,0.0,,0.0,0.0,0.0,,0.0,0.0
odatv:120108859,odatv,2025-07-31,2,26,1573,1658,"Ruslar, Kürt aşiretlerine ilk başta temkinli yaklaştı, çünkü çoğu Osmanlı yanlısıydı.",0,,0,0,,0,0,,0,15,0,0,0,0,0,0,0,0,0,"{""7"": [], ""11"": []}",0.0,0.0,0.0,,0.0,0.0,0.0,,0.0,0.0
odatv:120108859,odatv,2025-07-31,2,27,1659,1778,"Ancak zamanla bazı Kürt aşiretleri, Osmanlı'nın merkeziyetçiliğine ve vergi baskılarına karşı Ruslarla işbirliği yaptı.",0,,0,0,,0,0,,0,16,0,0,0,0,0,0,0,0,0,"{""7"": [], ""11"": []}",0.0,0.0,0.0,,0.0,0.0,0.0,,0.0,0.0
odatv:120108859,odatv,2025-07-31,2,28,1779,1787,Sonuçta:,0,,0,0,,0,0,,0,2,0,0,0,0,0,0,0,0,0,"{""7"": [], ""11"": []}",0.0,0.0,0.0,,0.0,0.0,0.0,,0.0,0.0
odatv:120108859,odatv,2025-07-31,2,29,1789,1844,"Ruslar, Kürtleri Osmanlı’ya karşı tampon yapmak istedi…",0,,0,0,,0,0,,0,9,1,0,0,0,0,0,0,0,0,"{""7"": [], ""11"": []}",1.0,1.0,1.0,,0.0,0.0,0.0,,1.0,0.0
odatv:120108859,odatv,2025-07-31,2,30,1846,1909,Kürt liderler ise karşılığında Rus himayesinde özerklik istedi.,0,,0,0,,0,0,,0,9,0,0,0,0,0,0,0,0,0,"{""7"": [], ""11"": []}",0.0,0.0,0.0,,0.0,0.0,0.0,,0.0,0.0
odatv:120108859,odatv,2025-07-31,2,31,1911,1937,Bunları nereden biliyoruz:,0,,0,0,,0,0,,0,4,0,0,0,0,0,0,0,0,0,"{""7"": [], ""11"": []}",0.0,0.0,0.0,,0.0,0.0,0.0,,0.0,0.0
odatv:120108859,odatv,2025-07-31,2,32,1939,1989,Kafkas Askeri Dairesi Kurmay Başkanı Tuğgeneral N.,0,,0,0,,0,0,,0,8,0,0,0,0,0,0,0,0,0,"{""7"": [], ""11"": []}",0.0,0.0,0.0,,0.0,0.0,0.0,,0.0,0.0
odatv:120108859,odatv,2025-07-31,2,33,1990,1992,N.,0,,0,0,,0,0,,0,2,0,0,0,0,0,0,0,0,0,"{""7"": [], ""11"": []}",0.0,0.0,0.0,,0.0,0.0,0.0,,0.0,0.0
odatv:120108859,odatv,2025-07-31,2,34,1993,2025,"Belyavskiy, istihbarat subayı P.",0,,0,0,,0,0,,0,6,0,0,0,0,0,0,0,0,0,"{""7"": [], ""11"": []}",0.0,0.0,0.0,,0.0,0.0,0.0,,0.0,0.0
odatv:120108859,odatv,2025-07-31,2,35,2026,2028,İ.,0,,0,0,,0,0,,0,2,0,0,0,0,0,0,0,0,0,"{""7"": [], ""11"": []}",0.0,0.0,0.0,,0.0,0.0,0.0,,0.0,0.0
odatv:120108859,odatv,2025-07-31,2,36,2029,2097,Averyanov’dan Rusya Genelkurmayını bilgilendirmek için rapor istedi:,0,,0,0,,0,0,,0,8,0,0,0,0,0,0,0,0,0,"{""7"": [], ""11"": []}",0.0,0.0,0.0,,0.0,0.0,0.0,,0.0,0.0
odatv:120108859,odatv,2025-07-31,2,37,2099,2179,"Konu, -kitabının da adı olacak- “Osmanlı, İran ve Rusya Savaşlarında Kürtler/19.",0,,0,0,,0,0,,0,16,0,0,0,0,0,0,0,0,0,"{""7"": [], ""11"": []}",0.0,0.0,0.0,,0.0,0.0,0.0,,0.0,0.0
odatv:120108859,odatv,2025-07-31,2,38,2180,2193,Yüzyıl” oldu…,0,,0,0,,0,0,,0,3,0,0,0,0,0,0,0,0,0,"{""7"": [], ""11"": []}",0.0,0.0,0.0,,0.0,0.0,0.0,,0.0,0.0
odatv:120108859,odatv,2025-07-31,2,39,2195,2356,"Hedef, Rusya'nın Osmanlı ve İran ile 19. yüzyılda yaptığı savaşlara Kürtlerin katılımı, ilişkileri ve gelecekteki savaşlardaki muhtemel tutumlarını belgelemekti…",0,,0,0,,0,0,,0,24,1,0,1,0,0,0,0,0,0,"{""7"": [], ""11"": []}",1.0,1.0,1.0,,0.0,0.0,0.0,,1.0,0.0
odatv:120108859,odatv,2025-07-31,2,40,2358,2490,"Rus askeri kurmayları Kürtleri, Osmanlı ve İran devletlerine karşı potansiyel bir “ayrılıkçı ve faydalı unsur” olarak değerlendirdi.",0,,0,0,,0,0,,0,20,0,0,0,0,0,0,0,0,0,"{""7"": [], ""11"": []}",0.0,0.0,0.0,,0.0,0.0,0.0,,0.0,0.0
odatv:120108859,odatv,2025-07-31,2,41,2492,2571,"Bu sebeple, Abdurrezzak Bedirhan ve Simko/Şemdin gibi aşiretlerle ilişki kurdu.",0,,0,0,,0,0,,0,13,0,0,0,0,0,0,0,0,0,"{""7"": [], ""11"": []}",0.0,0.0,0.0,,0.0,0.0,0.0,,0.0,0.0
odatv:120108859,odatv,2025-07-31,2,42,2573,2621,"Bu sebeple, Şeyh Ubeydullah isyanını destekledi.",0,,0,0,,0,0,,0,8,0,0,0,0,0,0,0,0,0,"{""7"": [], ""11"": []}",0.0,0.0,0.0,,0.0,0.0,0.0,,0.0,0.0
odatv:120108859,odatv,2025-07-31,2,43,2623,2692,"Bu sebeple, Molla Selim önderliğindeki Bitlis isyanını da destekledi.",0,,0,0,,0,0,,0,12,0,0,0,0,0,0,0,0,0,"{""7"": [], ""11"": []}",0.0,0.0,0.0,,0.0,0.0,0.0,,0.0,0.0
odatv:120108859,odatv,2025-07-31,2,44,2694,2812,"Ruslara güvenen Alişer, Dersim merkezli Koçgiri ve Tunceli aşiretlerini temsil eden lider olarak Rus ordusuna katıldı.",1,katıldı,1,0,,0,0,,1,19,0,0,0,0,0,0,0,0,0,"{""7"": [], ""11"": []}",0.0,0.0,0.0,,0.0,0.0,0.0,,0.0,0.0
odatv:120108859,odatv,2025-07-31,2,45,2813,2894,"Ve, Rusya’nın Erzincan işgali sırasında Ovacık'ta özerk Kürdistan yönetimi kurdu.",0,,0,0,,0,0,,0,12,0,0,0,0,0,0,0,0,0,"{""7"": [], ""11"": []}",0.0,0.0,0.0,,0.0,0.0,0.0,,0.0,0.0
odatv:120108859,odatv,2025-07-31,2,46,2896,2908,Neler neler…,0,,0,0,,0,0,,0,3,0,0,0,0,0,0,0,0,0,"{""7"": [], ""11"": []}",0.0,0.0,0.0,,0.0,0.0,0.0,,0.0,0.0
odatv:120108859,odatv,2025-07-31,2,47,2910,3070,"Ruslar bölgeden gidince; Kürtler, Müslümanlıklarını hatırladı, Osmanlı’yı yüceltip-Rusların, kendilerinden daha çok önem verdiği- bölgedeki Ermenileri katletti!",0,,0,0,,0,0,,0,25,0,0,0,0,0,0,0,0,0,"{""7"": [], ""11"": []}",0.0,0.0,0.0,,0.0,0.0,0.0,,0.0,0.0
odatv:120108859,odatv,2025-07-31,2,48,3072,3119,Emperyalizme kulluğun gelelim ikinci perdesine:,0,,0,0,,0,0,,0,6,0,0,0,0,0,0,0,0,0,"{""7"": [], ""11"": []}",0.0,0.0,0.0,,0.0,0.0,0.0,,0.0,0.0
odatv:120108859,odatv,2025-07-31,2,49,3121,3176,SOVYETLERİN EMRİNDEKİ KÜRTLERİkinci Dünya Savaşı bitti.,0,,0,0,,0,0,,0,7,0,0,0,0,0,0,0,0,0,"{""7"": [], ""11"": []}",0.0,0.0,0.0,,0.0,0.0,0.0,,0.0,0.0
odatv:120108859,odatv,2025-07-31,2,50,3178,3198,Tarih: 22 Ocak 1946.,0,,0,0,,0,0,,0,6,0,0,0,0,0,0,0,0,0,"{""7"": [], ""11"": []}",0.0,0.0,0.0,,0.0,0.0,0.0,,0.0,0.0
odatv:120108859,odatv,2025-07-31,2,51,3200,3283,"İran'ın kuzeybatısında, Mahabad kentinde resmi adıyla ilk Kürt Cumhuriyeti kuruldu.",1,kuruldu,1,0,,0,0,,1,12,0,0,0,0,0,0,0,0,0,"{""7"": [], ""11"": []}",0.0,0.0,0.0,,0.0,0.0,0.0,,0.0,0.0
odatv:120108859,odatv,2025-07-31,2,52,3285,3406,"Dünya savaşı sırasında Sovyetler Birliği, kendi nüfuzu altındaki bölgelerde etnik ve sol eğilimli hareketleri destekledi.",0,,0,0,,0,0,,0,18,0,0,0,0,0,0,0,0,0,"{""7"": [], ""11"": []}",0.0,0.0,0.0,,0.0,0.0,0.0,,0.0,0.0
odatv:120108859,odatv,2025-07-31,2,53,3407,3520,"Bu bağlamda Kürtler de, (Komala Partisi lideri) Kadı Muhammet öncülüğünde Mahabad merkezli bağımsızlık ilan etti.",0,,0,0,,0,0,,0,19,0,0,0,0,0,0,0,0,0,"{""7"": [], ""11"": []}",0.0,0.0,0.0,,0.0,0.0,0.0,,0.0,0.0
odatv:120108859,odatv,2025-07-31,2,54,3522,3554,Peşmerge birlikleri oluşturuldu.,0,,0,0,,0,0,,0,4,0,0,0,0,0,0,0,0,0,"{""7"": [], ""11"": []}",0.0,0.0,0.0,,0.0,0.0,0.0,,0.0,0.0
odatv:120108859,odatv,2025-07-31,2,55,3555,3591,Savunma Bakanı Mustafa Barzani oldu…,0,,0,0,,0,0,,0,6,0,0,0,0,0,0,0,0,0,"{""7"": [], ""11"": []}",0.0,0.0,0.0,,0.0,0.0,0.0,,0.0,0.0
odatv:120108859,odatv,2025-07-31,2,56,3593,3804,"Soğuk Savaş'ın erken dönem jeopolitiği, BM gibi uluslararası baskılar Stalin’in Batı’dan izole edilmekten çekinmesi ve İran petrolleri konusunda anlaşma umudu, Sovyetlerin bu topraklardan çekilmesine neden oldu.",1,çekilmesine,1,0,,0,0,,1,29,0,0,0,0,0,0,0,0,0,"{""7"": [], ""11"": []}",0.0,0.0,0.0,,0.0,0.0,0.0,,0.0,0.0
odatv:120108859,odatv,2025-07-31,2,57,3806,3867,Sovyetler çekildikten sonra İran petrol anlaşmasını reddetti.,0,,0,0,,0,0,,0,8,0,0,0,0,0,0,0,0,0,"{""7"": [], ""11"": []}",0.0,0.0,0.0,,0.0,0.0,0.0,,0.0,0.0
odatv:120108859,odatv,2025-07-31,2,58,3868,3932,"İran ordusu, Mahabad Cumhuriyeti’ni yıkıp önderlerini idam etti…",0,,0,0,,0,0,,0,10,0,0,0,0,0,0,0,0,0,"{""7"": [], ""11"": []}",0.0,0.0,0.0,,0.0,0.0,0.0,,0.0,0.0
odatv:120108859,odatv,2025-07-31,2,59,3934,3993,İran’ın arkasında iki emperyal güç vardı; ABD ve İngiltere.,0,,0,0,,0,0,,0,11,0,0,0,0,0,0,0,0,0,"{""7"": [], ""11"": []}",0.0,0.0,0.0,,0.0,0.0,0.0,,0.0,0.0
odatv:120108859,odatv,2025-07-31,2,60,3994,4076,Kuşkusuz Asya’nın jeopolitiği önemliydi ama daha değerli olan İran petrolleri idi!,0,,0,0,,0,0,,0,14,0,0,0,0,0,0,0,0,0,"{""7"": [], ""11"": []}",0.0,0.0,0.0,,0.0,0.0,0.0,,0.0,0.0
odatv:120108859,odatv,2025-07-31,2,61,4078,4164,"Sonuçta, Kürt Cumhuriyeti’nin ömrü 11 ay sürdü; Kürt cumhuriyeti desteksiz yaşayamadı.",0,,0,0,,0,0,,0,14,0,0,0,0,0,0,0,0,0,"{""7"": [], ""11"": []}",0.0,0.0,0.0,,0.0,0.0,0.0,,0.0,0.0
odatv:120108859,odatv,2025-07-31,2,62,4166,4250,Bugün: “Mahabad Cumhuriyeti” denince romantik Kürt çevreleri aynı nakaratı söylüyor:,0,,0,0,,0,0,,0,12,0,0,0,0,0,0,0,0,0,"{""7"": [], ""11"": []}",0.0,0.0,0.0,,0.0,0.0,0.0,,0.0,0.0
odatv:120108859,odatv,2025-07-31,2,63,4252,4272,Resmi dilimiz vardı…,0,,0,0,,0,0,,0,5,0,0,0,0,0,0,0,0,0,"{""7"": [], ""11"": []}",0.0,0.0,0.0,,0.0,0.0,0.0,,0.0,0.0
odatv:120108859,odatv,2025-07-31,2,64,4273,4290,Bayrağımız vardı…,0,,0,0,,0,0,,0,4,0,0,0,0,0,0,0,0,0,"{""7"": [], ""11"": []}",0.0,0.0,0.0,,0.0,0.0,0.0,,0.0,0.0
odatv:120108859,odatv,2025-07-31,2,65,4292,4298,Başka?,0,,0,0,,0,0,,0,2,0,0,0,0,0,0,0,0,0,"{""7"": [], ""11"": []}",0.0,0.0,0.0,,0.0,0.0,0.0,,0.0,0.0
odatv:120108859,odatv,2025-07-31,2,66,4299,4351,Sovyetler Birliği’nin verdiği 5 bin tüfekleri vardı…,0,,0,0,,0,0,,0,8,0,0,0,0,0,0,0,0,0,"{""7"": [], ""11"": []}",0.0,0.0,0.0,,0.0,0.0,0.0,,0.0,0.0
odatv:120108859,odatv,2025-07-31,2,67,4353,4393,Sovyetler çekilince ortada kalıverdiler.,1,çekilince,1,0,,0,0,,1,5,0,0,0,0,0,0,0,0,0,"{""7"": [], ""11"": []}",0.0,0.0,0.0,,0.0,0.0,0.0,,0.0,0.0
odatv:120108859,odatv,2025-07-31,2,68,4394,4408,Yok edildiler.,1,edildiler,1,0,,0,0,,1,3,0,0,0,0,0,0,0,0,0,"{""7"": [], ""11"": []}",0.0,0.0,0.0,,0.0,0.0,0.0,,0.0,0.0
odatv:120108859,odatv,2025-07-31,2,69,4410,4426,Bugüne dönersek:,0,,0,0,,0,0,,0,3,0,0,0,0,0,0,0,0,0,"{""7"": [], ""11"": []}",0.0,0.0,0.0,,0.0,0.0,0.0,,0.0,0.0
odatv:120108859,odatv,2025-07-31,2,70,4428,4505,"Rusya, Sovyetler Birliği isimlerini çıkarın ve yerine İsrail’i, ABD’yi koyun…",0,,0,0,,0,0,,0,13,1,0,0,0,0,0,0,0,0,"{""7"": [], ""11"": []}",0.0,1.0,0.0,0.0,0.0,0.0,0.0,,1.0,0.0
odatv:120108859,odatv,2025-07-31,2,71,4507,4646,"PKK kolları Suriye'de YPG, İran'da PJAK bu tarihi olaylardan ders çıkarmamış gözüküyor, silah bırakmıyor, ABD-İsrail ile hareket ediyorlar.",0,,0,1,çıkarmamış,1,0,,0,24,0,0,0,0,0,0,0,0,0,"{""7"": [], ""11"": []}",0.0,0.0,0.0,,0.0,0.0,0.0,,0.0,0.0
odatv:120108859,odatv,2025-07-31,2,72,4647,4728,"Önce Sovyetler, sonra İsrail/MOSSAD kontrolüne giren Barzanileri örnek alıyorlar.",0,,0,0,,0,0,,0,12,0,0,0,0,0,0,0,0,0,"{""7"": [], ""11"": []}",0.0,0.0,0.0,,0.0,0.0,0.0,,0.0,0.0
odatv:120108859,odatv,2025-07-31,2,73,4730,4844,"Emperyalizmin, Kürt kullarına özerklik-bağımsızlık vereceğini umut ediyorlar ve gafletle eziyetlerini uzatıyorlar…",0,,0,0,,0,0,,0,15,0,0,0,0,0,0,0,0,0,"{""7"": [], ""11"": []}",0.0,0.0,0.0,,0.0,0.0,0.0,,0.0,0.0
odatv:120108859,odatv,2025-07-31,2,74,4846,4903,"Yalçın Küçük sürgünden döndü, Ulucanlar Cezaevine atıldı.",1,atıldı,1,0,,0,0,,1,9,0,0,0,0,0,0,0,0,0,"{""7"": [], ""11"": []}",0.0,0.0,0.0,,0.0,0.0,0.0,,0.0,0.0
odatv:120108859,odatv,2025-07-31,2,75,4904,4954,İnatla Kürtleri çamurdan çıkarma mücadelesi verdi.,0,,0,0,,0,0,,0,7,0,0,0,1,0,0,0,0,0,"{""7"": [""Attack on Reputation""], ""11"": []}",0.0,0.0,0.0,,1.0,1.0,1.0,,0.0,1.0
odatv:120108859,odatv,2025-07-31,2,76,4955,4966,Başaramadı.,0,,0,0,,0,0,,0,2,0,0,0,1,0,0,0,0,0,"{""7"": [""Attack on Reputation""], ""11"": []}",0.0,0.0,0.0,,1.0,1.0,1.0,,0.0,1.0
odatv:120108859,odatv,2025-07-31,2,77,4968,4980,Soner Yalçın,0,,0,0,,0,0,,0,2,0,0,0,0,0,0,0,0,0,"{""7"": [], ""11"": []}",0.0,0.0,0.0,,0.0,0.0,0.0,,0.0,0.0
odatv:120108859,odatv,2025-07-31,2,78,4982,4991,Odatv.com,0,,0,0,,0,0,,0,1,0,0,0,0,0,0,0,0,0,"{""7"": [], ""11"": []}",0.0,0.0,0.0,,0.0,0.0,0.0,,0.0,0.0
odatv:120153708,odatv,2026-07-08,2,0,0,54,Deniz Göktaş’ın tutuklanma sebebi: Diktatörün soyağacı,1,tutuklanma,1,0,,0,0,,1,7,0,0,0,0,0,0,0,0,0,"{""6"": [], ""7"": []}",0.0,0.0,0.0,,0.0,0.0,0.0,,0.0,0.0
odatv:120153708,odatv,2026-07-08,2,1,56,88,Çok insanın kafası karıştırıldı.,1,karıştırıldı,1,0,,0,0,,1,5,0,0,0,0,0,0,0,0,0,"{""6"": [], ""7"": []}",0.0,0.0,0.0,,0.0,0.0,0.0,,0.0,0.0
odatv:120153708,odatv,2026-07-08,2,2,90,224,"Ki: Türkiye'de ""diktatör"" sözcüğü, siyaset biliminin kavramlarından biri olmaktan çıkarılıp, mahkeme dosyalarının konusu haline geldi.",1,çıkarılıp,1,0,,0,0,,1,20,0,0,0,0,0,0,0,0,0,"{""6"": [], ""7"": []}",0.0,0.0,0.0,,0.0,0.0,0.0,,0.0,0.0
odatv:120153708,odatv,2026-07-08,2,3,225,292,En son Deniz Göktaş tutuklandı: “Sen Erdoğan’a diktatör diyemezsin!,1,tutuklandı,1,0,,0,0,,1,11,1,1,0,0,0,0,0,0,0,"{""6"": [], ""7"": []}",1.0,1.0,1.0,,0.0,0.0,0.0,,1.0,0.0
odatv:120153708,odatv,2026-07-08,2,4,292,293,”,0,,0,0,,0,0,,0,1,0,0,0,0,0,0,0,0,0,"{""6"": [], ""7"": []}",0.0,0.0,0.0,,0.0,0.0,0.0,,0.0,0.0
odatv:120153708,odatv,2026-07-08,2,5,295,389,"Bugün ""diktatör"" denildiğinde akla ilk gelen, tek kişinin sınırsız iktidarı, baskı ve korku...",0,,0,0,,0,0,,0,17,0,0,0,0,0,0,0,0,0,"{""6"": [], ""7"": []}",0.0,0.0,0.0,,0.0,0.0,0.0,,0.0,0.0
odatv:120153708,odatv,2026-07-08,2,6,391,492,Oysa bu sözcüğün yaklaşık iki bin beş yüz yıllık geçmişi var ve bugünkü anlamından oldukça farklıydı.,0,,0,0,,0,0,,0,19,0,0,0,0,0,0,0,0,0,"{""6"": [], ""7"": []}",0.0,0.0,0.0,,0.0,0.0,0.0,,0.0,0.0
odatv:120153708,odatv,2026-07-08,2,7,494,538,"""Diktatör"", rejimin değil, makamın adıydı...",0,,0,0,,0,0,,0,10,0,0,0,0,0,0,0,0,0,"{""6"": [], ""7"": []}",0.0,0.0,0.0,,0.0,0.0,0.0,,0.0,0.0
odatv:120153708,odatv,2026-07-08,2,8,540,617,"MÖ 501 yılında Roma Cumhuriyeti'nde ""diktatörlük"", geçici olağanüstü görevdi.",0,,0,0,,0,0,,0,13,0,0,0,0,0,0,0,0,0,"{""6"": [], ""7"": []}",0.0,0.0,0.0,,0.0,0.0,0.0,,0.0,0.0
odatv:120153708,odatv,2026-07-08,2,9,618,753,"Devletin varlığını tehdit eden ağır kriz ortaya çıktığında, danışma meclisi Senato, iki (eş başkan) yöneticiden birini diktatör atardı…",0,,0,0,,0,0,,0,23,0,0,0,0,0,0,0,0,0,"{""6"": [], ""7"": []}",0.0,0.0,0.0,,0.0,0.0,0.0,,0.0,0.0
odatv:120153708,odatv,2026-07-08,2,10,755,922,"Görevi, uzun tartışmalarla zaman kaybetmeden hızlı karar almak, krizi sona erdirmek ve ardından yetkilerini devrederek cumhuriyetin olağan yönetimine geri döndürmekti.",0,,0,0,,0,0,,0,23,0,0,0,0,0,0,0,0,0,"{""6"": [], ""7"": []}",0.0,0.0,0.0,,0.0,0.0,0.0,,0.0,0.0
odatv:120153708,odatv,2026-07-08,2,11,923,988,(Erdoğan’ın başkanlık sistemine geçiş gerekçesine benzemiyor mu?),0,,0,0,,0,0,,0,10,0,0,0,0,0,0,0,0,0,"{""6"": [], ""7"": []}",0.0,0.0,0.0,,0.0,0.0,0.0,,0.0,0.0
odatv:120153708,odatv,2026-07-08,2,12,990,1063,"Roma'da diktatörlük, cumhuriyetin alternatifi değil, onun güvencesiydi...",0,,0,0,,0,0,,0,11,0,0,0,0,0,0,0,0,0,"{""6"": [], ""7"": []}",0.0,0.0,0.0,,0.0,0.0,0.0,,0.0,0.0
odatv:120153708,odatv,2026-07-08,2,13,1064,1182,"(Platon, ""Devlet"" adlı eserinde ""diktatör"" kavramını farklı isimlendirdi: Erdem ve bilgeliğe dayanan ""Filozof Kral""...",0,,0,0,,0,0,,0,22,0,0,0,0,0,0,0,0,0,"{""6"": [], ""7"": []}",0.0,0.0,0.0,,0.0,0.0,0.0,,0.0,0.0
odatv:120153708,odatv,2026-07-08,2,14,1183,1245,Kimileri günümüzde kavramı “aydın diktatör” olarak kullanıyor.,0,,0,0,,0,0,,0,8,0,0,0,0,0,0,0,0,0,"{""6"": [], ""7"": []}",0.0,0.0,0.0,,0.0,0.0,0.0,,0.0,0.0
odatv:120153708,odatv,2026-07-08,2,15,1245,1246,),0,,0,0,,0,0,,0,1,0,0,0,0,0,0,0,0,0,"{""6"": [], ""7"": []}",0.0,0.0,0.0,,0.0,0.0,0.0,,0.0,0.0
odatv:120153708,odatv,2026-07-08,2,16,1248,1326,"Uzatmayayım, “diktatör” kavramının tarihsel soyağacını yakın tarihe getireyim:",0,,0,0,,0,0,,0,10,0,0,0,0,0,0,0,0,0,"{""6"": [], ""7"": []}",0.0,0.0,0.0,,0.0,0.0,0.0,,0.0,0.0
odatv:120153708,odatv,2026-07-08,2,17,1328,1354,## PROLETARYA DİKTATÖRLÜĞÜ,0,,0,0,,0,0,,0,3,0,0,0,0,0,0,0,0,0,"{""6"": [], ""7"": []}",0.0,0.0,0.0,,0.0,0.0,0.0,,0.0,0.0
odatv:120153708,odatv,2026-07-08,2,18,1356,1425,"Roma İmparatorluğu yıkıldı ama ""diktatör"" kavramı tarihten silinmedi.",1,yıkıldı | silinmedi,2,0,,0,0,,1,9,0,0,0,0,0,0,0,0,0,"{""6"": [], ""7"": []}",0.0,0.0,0.0,,0.0,0.0,0.0,,0.0,0.0
odatv:120153708,odatv,2026-07-08,2,19,1426,1512,Yüzyıllar boyunca siyaset düşüncesinin tartıştığı kavramlardan biri olmayı sürdürdü...,0,,0,0,,0,0,,0,10,0,0,0,0,0,0,0,0,0,"{""6"": [], ""7"": []}",0.0,0.0,0.0,,0.0,0.0,0.0,,0.0,0.0
odatv:120153708,odatv,2026-07-08,2,20,1514,1657,"18’inci yüzyılda Fransız filozof Jean-Jacques Rousseau, “Toplum Sözleşmesi” adlı eserinde Roma'daki diktatörlük kurumunu yeniden değerlendirdi.",0,,0,0,,0,0,,0,21,0,0,0,0,0,0,0,0,0,"{""6"": [], ""7"": []}",0.0,0.0,0.0,,0.0,0.0,0.0,,0.0,0.0
odatv:120153708,odatv,2026-07-08,2,21,1658,1792,"Devletin varlığını tehdit eden olağanüstü dönemlerde, devleti yönetecek makama geçici olarak geniş yetkiler verilmesi meşru olmalıydı.",1,verilmesi,1,0,,0,0,,1,19,0,0,0,0,0,0,0,0,0,"{""6"": [], ""7"": []}",0.0,0.0,0.0,,0.0,0.0,0.0,,0.0,0.0
odatv:120153708,odatv,2026-07-08,2,22,1794,1894,"Ancak kriz sona erdiğinde olağan yönetime dönülmeli, olağanüstü yetkiler kalıcı hale gelmemeliydi...",1,dönülmeli,1,0,,0,0,,1,15,0,0,0,0,0,0,0,0,0,"{""6"": [], ""7"": []}",0.0,0.0,0.0,,0.0,0.0,0.0,,0.0,0.0
odatv:120153708,odatv,2026-07-08,2,23,1896,2008,"Rousseau'nun dikkat çektiği tehlike, diktatörlüğün varlığı değil, geçici makamın sürekli iktidara dönüşmesi idi…",0,,0,0,,0,0,,0,16,0,0,0,0,0,0,0,0,0,"{""6"": [], ""7"": []}",0.0,0.0,0.0,,0.0,0.0,0.0,,0.0,0.0
odatv:120153708,odatv,2026-07-08,2,24,2010,2096,"19'uncu yüzyılda ""diktatörlük"" kavramı, Marksist devlet teorisinde yeni anlam kazandı.",0,,0,0,,0,0,,0,14,0,0,0,0,0,0,0,0,0,"{""6"": [], ""7"": []}",0.0,0.0,0.0,,0.0,0.0,0.0,,0.0,0.0
odatv:120153708,odatv,2026-07-08,2,25,2098,2203,"Marks, bu kavramı ilk kez 1852'de Alman sosyalist gazeteci Joseph Weydemeyer'e yazdığı mektupta kullandı.",0,,0,0,,0,0,,0,16,0,0,0,0,0,0,0,0,0,"{""6"": [], ""7"": []}",0.0,0.0,0.0,,0.0,0.0,0.0,,0.0,0.0
odatv:120153708,odatv,2026-07-08,2,26,2204,2356,"Proletarya diktatörlüğünü, işçi sınıfının eski egemenlik düzenini tasfiye ederek yeni toplumsal düzene geçişi sağlayacak tarihsel evre olarak tanımladı.",0,,0,0,,0,0,,0,20,0,0,0,0,0,0,0,0,0,"{""6"": [], ""7"": []}",0.0,0.0,0.0,,0.0,0.0,0.0,,0.0,0.0
odatv:120153708,odatv,2026-07-08,2,27,2358,2584,"Engels ise bu geçişin neden geçici olmak zorunda olduğunu açıkladı: Devlet, bir sınıfın diğerini yönetme aracıdır ve sınıflar ortadan kalktığında hem proletarya diktatörlüğü hem de devlet tarihsel varlık nedenini yitirecektir…",0,,0,0,,0,0,,0,34,0,0,0,0,0,0,0,0,0,"{""6"": [], ""7"": []}",0.0,0.0,0.0,,0.0,0.0,0.0,,0.0,0.0
odatv:120153708,odatv,2026-07-08,2,28,2586,2739,"Dolayısıyla Marks ve Engels'in kullandığı ""diktatörlük"" kavramı, tek kişinin mutlak yönetimini değil, tarihsel dönüşümün geçici aşamasını ifade ediyordu.",0,,0,0,,0,0,,0,23,0,0,0,0,0,0,0,0,0,"{""6"": [], ""7"": []}",0.0,0.0,0.0,,0.0,0.0,0.0,,0.0,0.0
odatv:120153708,odatv,2026-07-08,2,29,2741,2920,"Kısacası, Roma'nın hukukundan Rousseau'nun siyaset felsefesine, oradan Marks ve Engels'in devlet teorisine uzanan çizgide ""diktatörlük"", bugün yüklenilen anlamı hiç taşımıyordu...",1,uzanan | yüklenilen,2,0,,0,0,,1,25,0,0,0,0,0,0,0,0,0,"{""6"": [], ""7"": []}",0.0,0.0,0.0,,0.0,0.0,0.0,,0.0,0.0
odatv:120153708,odatv,2026-07-08,2,30,2922,3017,Kavramın bugünkü çağrışımı büyük ölçüde 20'nci yüzyılın siyasal mücadeleleri içinde biçimlendi.,1,biçimlendi,1,0,,0,0,,1,13,0,0,0,0,0,0,0,0,0,"{""6"": [], ""7"": []}",0.0,0.0,0.0,,0.0,0.0,0.0,,0.0,0.0
odatv:120153708,odatv,2026-07-08,2,31,3019,3033,Gelelim oraya:,0,,0,0,,0,0,,0,3,0,0,0,0,0,0,0,0,0,"{""6"": [], ""7"": []}",0.0,0.0,0.0,,0.0,0.0,0.0,,0.0,0.0
odatv:120153708,odatv,2026-07-08,2,32,3035,3057,## SOĞUK SAVAŞ KAVRAMI,0,,0,0,,0,0,,0,4,0,0,0,0,0,0,0,0,0,"{""6"": [], ""7"": []}",0.0,0.0,0.0,,0.0,0.0,0.0,,0.0,0.0
odatv:120153708,odatv,2026-07-08,2,33,3059,3204,"İkinci Dünya Savaşı'nın ardından Nazi Almanyası'nın yenilgisinde belirleyici rol oynayan Stalin, dünyanın önemli bölümünde büyük prestij kazandı.",0,,0,0,,0,0,,0,21,0,0,0,0,0,0,0,0,0,"{""6"": [], ""7"": []}",0.0,0.0,0.0,,0.0,0.0,0.0,,0.0,0.0
odatv:120153708,odatv,2026-07-08,2,34,3205,3351,Ancak Soğuk Savaş'ın başlamasıyla birlikte Batı'nın ideolojik mücadelesinin başlıca hedeflerinden biri haline geldi: Stalin efsanesi yıkılmalıydı!,0,,0,0,,0,0,,0,19,0,0,0,0,0,0,0,0,0,"{""6"": [], ""7"": []}",0.0,0.0,0.0,,0.0,0.0,0.0,,0.0,0.0
odatv:120153708,odatv,2026-07-08,2,35,3353,3421,Bu sebeple Batı’da siyaset kavramlarının anlamı yeniden inşa edildi.,1,edildi,1,0,,0,0,,1,10,0,0,0,0,0,0,0,0,0,"{""6"": [], ""7"": []}",0.0,0.0,0.0,,0.0,0.0,0.0,,0.0,0.0
odatv:120153708,odatv,2026-07-08,2,36,3422,3425,Ve:,0,,0,0,,0,0,,0,2,0,0,0,0,0,0,0,0,0,"{""6"": [], ""7"": []}",0.0,0.0,0.0,,0.0,0.0,0.0,,0.0,0.0
odatv:120153708,odatv,2026-07-08,2,37,3427,3493,"""Diktatörlük"" kavramı bu ideolojik mücadelenin merkezine yerleşti.",0,,0,0,,0,0,,0,10,0,0,0,0,0,0,0,0,0,"{""6"": [], ""7"": []}",0.0,0.0,0.0,,0.0,0.0,0.0,,0.0,0.0
odatv:120153708,odatv,2026-07-08,2,38,3494,3612,"Batı'nın propaganda dili, ""diktatörlük"" kavramını tarihsel bağlamından koparıp tek bir olumsuz anlamın içine hapsetti.",0,,0,0,,0,0,,0,17,0,0,0,1,0,0,0,0,0,"{""6"": [""Attack on Reputation""], ""7"": []}",0.0,0.0,0.0,,1.0,1.0,1.0,,0.0,1.0
odatv:120153708,odatv,2026-07-08,2,39,3614,3775,"Batı’nın (ki NATO da diyebilirsiniz), Soğuk Savaş propagandası Mussolini ve Hitler gibi faşist liderlerin yönetimlerini de ""diktatörlük"" başlığı altında topladı.",0,,0,0,,0,0,,0,25,1,0,0,0,0,0,0,0,0,"{""6"": [], ""7"": []}",1.0,1.0,1.0,,0.0,0.0,0.0,,1.0,0.0
odatv:120153708,odatv,2026-07-08,2,40,3776,3883,"Böylece farklı tarihsel kökenlere, farklı siyasi teorilere ait kullanımlar tek kavram içinde birleştirildi.",1,birleştirildi,1,0,,0,0,,1,15,0,0,0,0,0,0,0,0,0,"{""6"": [], ""7"": []}",0.0,0.0,0.0,,0.0,0.0,0.0,,0.0,0.0
odatv:120153708,odatv,2026-07-08,2,41,3885,4011,"Yani sonuçta iki bin beş yüz yıllık kavramsal miras, dünya kamuoyundaki Stalin efsanesi yüzünden olumsuz çağrışıma indirgendi!",0,,0,0,,0,0,,0,20,0,0,0,0,0,0,0,0,0,"{""6"": [], ""7"": []}",0.0,0.0,0.0,,0.0,0.0,0.0,,0.0,0.0
odatv:120153708,odatv,2026-07-08,2,42,4013,4096,"Elbette bu, Hitler ve Mussolini'nin otoriter yönetimlerinin niteliğini değiştirmez.",0,,0,0,,0,0,,0,11,0,0,0,0,0,0,0,0,0,"{""6"": [], ""7"": []}",0.0,0.0,0.0,,0.0,0.0,0.0,,0.0,0.0
odatv:120153708,odatv,2026-07-08,2,43,4097,4155,Ancak kavramın tarihine bakıldığında açıkça görülen şudur:,1,bakıldığında | görülen,2,0,,0,0,,1,8,0,0,0,0,0,0,0,0,0,"{""6"": [], ""7"": []}",0.0,0.0,0.0,,0.0,0.0,0.0,,0.0,0.0
odatv:120153708,odatv,2026-07-08,2,44,4157,4295,"Roma'nın geçici olağanüstü makamı ile Marks'ın geçiş dönemi teorisi, faşist tek adam rejimleri ile aynı tarihsel kategoriye ait değildi...",0,,0,0,,0,0,,0,21,0,0,0,0,0,0,0,0,0,"{""6"": [], ""7"": []}",0.0,0.0,0.0,,0.0,0.0,0.0,,0.0,0.0
odatv:120153708,odatv,2026-07-08,2,45,4296,4475,"Buna rağmen Batı’nın Soğuk Savaş'taki ideolojik dili bu ayrımları silikleştirdi; ""diktatörlük"" sözcüğü, tarihsel ve kuramsal kavram olmaktan çok siyasal suçlamanın diline dönüştü.",0,,0,0,,0,0,,0,28,0,0,0,0,0,0,0,0,0,"{""6"": [], ""7"": []}",0.0,0.0,0.0,,0.0,0.0,0.0,,0.0,0.0
odatv:120153708,odatv,2026-07-08,2,46,4477,4602,"Bugün Türkiye'de ""diktatör"" sözcüğü, tarihsel anlamından çok, Soğuk Savaş'ın ürettiği psikolojik harp anlamıyla kullanılıyor!",1,kullanılıyor,1,0,,0,0,,1,18,0,0,0,0,1,0,0,0,0,"{""6"": [""Justification""], ""7"": []}",0.0,0.0,0.0,,1.0,1.0,1.0,,0.0,1.0
odatv:120153708,odatv,2026-07-08,2,47,4604,4670,"Oysa kavramı doğru tartışmanın ilk şartı, onun tarihini bilmektir.",0,,0,0,,0,0,,0,12,0,0,0,0,0,0,0,0,0,"{""6"": [], ""7"": []}",0.0,0.0,0.0,,0.0,0.0,0.0,,0.0,0.0
odatv:120153708,odatv,2026-07-08,2,48,4671,4790,"Nitekim Yargıtay ceza daireleri ""diktatör"" sözcüğünün cumhurbaşkanına hakaret oluşturmayacağı yönünde kararlar verdi...",0,,0,0,,0,0,,0,14,0,0,0,1,0,0,0,0,0,"{""6"": [""Attack on Reputation""], ""7"": []}",0.0,0.0,0.0,,1.0,1.0,1.0,,0.0,1.0
odatv:120153708,odatv,2026-07-08,2,49,4792,4811,O halde soru şudur:,0,,0,0,,0,0,,0,5,0,0,0,0,0,0,0,0,0,"{""6"": [], ""7"": []}",0.0,0.0,0.0,,0.0,0.0,0.0,,0.0,0.0
odatv:120153708,odatv,2026-07-08,2,50,4813,4843,Deniz Göktaş neden tutuklandı?,1,tutuklandı,1,0,,0,0,,1,5,0,0,1,0,0,0,0,0,0,"{""6"": [], ""7"": []}",1.0,1.0,1.0,,0.0,0.0,0.0,,1.0,0.0
odatv:120153708,odatv,2026-07-08,2,51,4845,4916,"Kavramların tarihi silinince, yerini siyasal etiketler alıyor maalesef…",1,silinince,1,0,,0,0,,1,10,0,0,0,0,0,0,0,0,0,"{""6"": [], ""7"": []}",0.0,0.0,0.0,,0.0,0.0,0.0,,0.0,0.0
odatv:120153708,odatv,2026-07-08,2,52,4918,4930,Soner Yalçın,0,,0,0,,0,0,,0,2,0,0,0,0,0,0,0,0,0,"{""6"": [], ""7"": []}",0.0,0.0,0.0,,0.0,0.0,0.0,,0.0,0.0
odatv:120153708,odatv,2026-07-08,2,53,4932,4941,Odatv.com,0,,0,0,,0,0,,0,1,0,0,0,0,0,0,0,0,0,"{""6"": [], ""7"": []}",0.0,0.0,0.0,,0.0,0.0,0.0,,0.0,0.0
odatv:120156469,odatv,2026-07-28,3,0,0,70,CHP'de yaşananlar akıl gerektiren kurnazlık bile değil: Basiret iflası,0,,0,0,,0,0,,0,10,0,0,0,1,0,0,0,0,0,"{""6"": [""Attack on Reputation""], ""7"": [], ""11"": []}",0.0,0.0,0.0,,1.0,1.0,1.0,,0.0,1.0
odatv:120156469,odatv,2026-07-28,3,1,72,99,Önce size birini tanıtayım:,0,,0,0,,0,0,,0,5,0,0,0,0,0,0,0,0,0,"{""6"": [], ""7"": [], ""11"": []}",0.0,0.0,0.0,,0.0,0.0,0.0,,0.0,0.0
odatv:120156469,odatv,2026-07-28,3,2,101,180,Erken İslam tarihinin en tartışmalı siyasetçilerinden biriydi Mervan bin Hakem…,0,,0,0,,0,0,,0,12,1,1,0,0,0,0,0,0,0,"{""6"": [], ""7"": [], ""11"": []}",1.0,1.0,1.0,1.0,0.0,0.0,0.0,,1.0,0.0
odatv:120156469,odatv,2026-07-28,3,3,182,243,"Babası Hakem bin Ebu'l-As, çeşitli davranışları nedeniyle Hz.",0,,0,0,,0,0,,0,13,0,0,0,0,0,0,0,0,0,"{""6"": [], ""7"": [], ""11"": []}",0.0,0.0,0.0,,0.0,0.0,0.0,,0.0,0.0
odatv:120156469,odatv,2026-07-28,3,4,244,333,Muhammet döneminde Medine'den uzaklaştırılınca ailesiyle birlikte sürgün hayatı yaşadı...,0,,0,0,,0,0,,0,10,0,0,0,0,0,0,0,0,0,"{""6"": [], ""7"": [], ""11"": []}",0.0,0.0,0.0,,0.0,0.0,0.0,,0.0,0.0
odatv:120156469,odatv,2026-07-28,3,5,335,358,Yıllar sonra halife Hz.,0,,0,0,,0,0,,0,4,0,0,0,0,0,0,0,0,0,"{""6"": [], ""7"": [], ""11"": []}",0.0,0.0,0.0,,0.0,0.0,0.0,,0.0,0.0
odatv:120156469,odatv,2026-07-28,3,6,359,422,"Osman, amcası Hakem'i iktidarın merkezi Medine'ye geri çağırdı.",0,,0,0,,0,0,,0,10,0,0,0,0,0,0,0,0,0,"{""6"": [], ""7"": [], ""11"": []}",0.0,0.0,0.0,,0.0,0.0,0.0,,0.0,0.0
odatv:120156469,odatv,2026-07-28,3,7,423,490,Yeğeni Mervan'ı da yanına alarak önce özel kâtibi sonra vali yaptı…,0,,0,0,,0,0,,0,12,0,0,0,0,0,0,0,0,0,"{""6"": [], ""7"": [], ""11"": []}",0.0,0.0,0.0,,0.0,0.0,0.0,,0.0,0.0
odatv:120156469,odatv,2026-07-28,3,8,492,506,"Bu tercih, Hz.",0,,0,0,,0,0,,0,5,0,0,0,0,0,0,0,0,0,"{""6"": [], ""7"": [], ""11"": []}",0.0,0.0,0.0,,0.0,0.0,0.0,,0.0,0.0
odatv:120156469,odatv,2026-07-28,3,9,507,589,Osman döneminin en çok tartışılan siyasi yükselişlerinden birinin başlangıcı oldu…,1,tartışılan,1,0,,0,0,,1,11,0,0,0,0,0,0,0,0,0,"{""6"": [], ""7"": [], ""11"": []}",0.0,0.0,0.0,,0.0,0.0,0.0,,0.0,0.0
odatv:120156469,odatv,2026-07-28,3,10,591,692,"Rakipleri Mervan’ı entrikacı, ihtiraslı ve kurnaz; taraftarları ise siyasi deha olarak değerlendirdi.",0,,0,0,,0,0,,0,15,1,0,1,0,0,0,0,0,0,"{""6"": [], ""7"": [], ""11"": []}",1.0,1.0,1.0,1.0,0.0,0.0,0.0,,1.0,0.0
odatv:120156469,odatv,2026-07-28,3,11,694,777,"Gerçek şu ki: Mervan'ın kurnazlığı, günü kurtaran küçük hesaplardan ibaret değildi.",0,,0,0,,0,0,,0,14,0,0,0,0,0,0,0,0,0,"{""6"": [], ""7"": [], ""11"": []}",0.0,0.0,0.0,,0.0,0.0,0.0,,0.0,0.0
odatv:120156469,odatv,2026-07-28,3,12,778,943,"Güç dengelerini okuyor, kabileler arasındaki ilişkileri ustalıkla kullanıyor, doğru zamanı sabırla bekliyor ve attığı her adımın birkaç hamle sonrasını hesaplıyordu.",0,,0,0,,0,0,,0,24,0,0,0,0,0,0,0,0,0,"{""6"": [], ""7"": [], ""11"": []}",0.0,0.0,0.0,,0.0,0.0,0.0,,0.0,0.0
odatv:120156469,odatv,2026-07-28,3,13,944,951,Mesela:,0,,0,0,,0,0,,0,2,0,0,0,0,0,0,0,0,0,"{""6"": [], ""7"": [], ""11"": []}",0.0,0.0,0.0,,0.0,0.0,0.0,,0.0,0.0
odatv:120156469,odatv,2026-07-28,3,14,953,956,Hz.,0,,0,0,,0,0,,0,2,0,0,0,0,0,0,0,0,0,"{""6"": [], ""7"": [], ""11"": []}",0.0,0.0,0.0,,0.0,0.0,0.0,,0.0,0.0
odatv:120156469,odatv,2026-07-28,3,15,957,1006,Osman'ın öldürülmesinden hemen sonra bir süre Hz.,1,öldürülmesinden,1,0,,0,0,,1,8,0,0,0,0,0,0,0,0,0,"{""6"": [], ""7"": [], ""11"": []}",0.0,0.0,0.0,,0.0,0.0,0.0,,0.0,0.0
odatv:120156469,odatv,2026-07-28,3,16,1007,1106,Ali'ye biat etti ancak kısa süre içinde saf değiştirerek Cemel Vakası'nda onun karşısında yer aldı.,0,,0,0,,0,0,,0,16,0,0,0,0,0,0,0,0,0,"{""6"": [], ""7"": [], ""11"": []}",0.0,0.0,0.0,,0.0,0.0,0.0,,0.0,0.0
odatv:120156469,odatv,2026-07-28,3,17,1108,1210,"Keza: Emevi Devleti döneminde sessizce bekledi, şartlar olgunlaşınca kısa süre halifeliği ele geçirdi…",1,olgunlaşınca,1,0,,0,0,,1,16,0,0,0,0,0,0,0,0,0,"{""6"": [], ""7"": [], ""11"": []}",0.0,0.0,0.0,,0.0,0.0,0.0,,0.0,0.0
odatv:120156469,odatv,2026-07-28,3,18,1210,1213,Vs.,0,,0,0,,0,0,,0,2,0,0,0,0,0,0,0,0,0,"{""6"": [], ""7"": [], ""11"": []}",0.0,0.0,0.0,,0.0,0.0,0.0,,0.0,0.0
odatv:120156469,odatv,2026-07-28,3,19,1215,1324,"Onun kurnazlığı, ahlâken nasıl değerlendirilirse değerlendirilsin, akıl ve strateji ile beslenen kurnazlıktı!",1,değerlendirilirse | değerlendirilsin,2,0,,0,0,,1,15,0,0,0,0,0,0,0,0,0,"{""6"": [], ""7"": [], ""11"": []}",0.0,0.0,0.0,,0.0,0.0,0.0,,0.0,0.0
odatv:120156469,odatv,2026-07-28,3,20,1326,1343,Şuraya geleceğim:,0,,0,0,,0,0,,0,3,0,0,0,0,0,0,0,0,0,"{""6"": [], ""7"": [], ""11"": []}",0.0,0.0,0.0,,0.0,0.0,0.0,,0.0,0.0
odatv:120156469,odatv,2026-07-28,3,21,1345,1347,##,0,,0,0,,0,0,,0,1,0,0,0,0,0,0,0,0,0,"{""6"": [], ""7"": [], ""11"": []}",0.0,0.0,0.0,,0.0,0.0,0.0,,0.0,0.0
odatv:120156469,odatv,2026-07-28,3,22,1348,1366,HESAPSIZ KURNAZLIK,0,,0,0,,0,0,,0,2,0,0,0,0,0,0,0,0,0,"{""6"": [], ""7"": [], ""11"": []}",0.0,0.0,0.0,,0.0,0.0,0.0,,0.0,0.0
odatv:120156469,odatv,2026-07-28,3,23,1368,1414,"Kurnazlık, siyasetin eski araçlarından biri...",0,,0,0,,0,0,,0,7,0,0,0,0,0,0,0,0,0,"{""6"": [], ""7"": [], ""11"": []}",0.0,0.0,0.0,,0.0,0.0,0.0,,0.0,0.0
odatv:120156469,odatv,2026-07-28,3,24,1416,1568,"Tarih boyunca başarılı siyasetçiler, kurnazlığı tek başına değil, sabır, zamanlama, güç dengelerini okuma ve uzun vadeli hedeflerle birlikte kullandı...",0,,0,0,,0,0,,0,25,0,0,0,0,0,0,0,0,0,"{""6"": [], ""7"": [], ""11"": []}",0.0,0.0,0.0,,0.0,0.0,0.0,,0.0,0.0
odatv:120156469,odatv,2026-07-28,3,25,1570,1717,"Mervan'ın adı bugün hâlâ tartışılıyorsa, bunun nedeni yalnızca entrikaları değil, attığı her adımın arkasında belirli stratejik hesap bulunmasıdır…",1,tartışılıyorsa | bulunması,2,0,,0,0,,1,22,0,0,0,0,0,0,0,0,0,"{""6"": [], ""7"": [], ""11"": []}",0.0,0.0,0.0,,0.0,0.0,0.0,,0.0,0.0
odatv:120156469,odatv,2026-07-28,3,26,1719,1790,Bugün Türk siyasetinde bambaşka bir kurnazlık türüyle karşı karşıyayız!,0,,0,0,,0,0,,0,10,0,0,0,0,0,0,0,0,0,"{""6"": [], ""7"": [], ""11"": []}",0.0,0.0,0.0,,0.0,0.0,0.0,,0.0,0.0
odatv:120156469,odatv,2026-07-28,3,27,1792,1961,"Özellikle CHP ile Yeni Parti arasındaki ayrışmanın ortaya çıkardığı tablo, uzun vadeli siyasi hedeflerden çok günü kurtaran/yarınsız hesapların öne çıktığını gösteriyor.",0,,0,0,,0,0,,0,26,1,0,0,0,0,0,0,0,0,"{""6"": [], ""7"": [], ""11"": []}",1.0,1.0,1.0,,0.0,0.0,0.0,,1.0,0.0
odatv:120156469,odatv,2026-07-28,3,28,1963,2126,"Yargının desteğini almak, birkaç koltuk kazanmak, parti içi dengelerde avantaj elde etmek ya da rakibini kısa süreliğine zor durumda bırakmak siyaset zannediliyor.",1,zannediliyor,1,0,,0,0,,1,25,0,0,0,0,0,0,0,0,0,"{""6"": [], ""7"": [], ""11"": []}",0.0,0.0,0.0,,0.0,0.0,0.0,,0.0,0.0
odatv:120156469,odatv,2026-07-28,3,29,2127,2178,Oysa bunların hiçbiri tek başına strateji değildir…,0,,0,0,,0,0,,0,8,0,0,0,0,0,0,0,0,0,"{""6"": [], ""7"": [], ""11"": []}",0.0,0.0,0.0,,0.0,0.0,0.0,,0.0,0.0
odatv:120156469,odatv,2026-07-28,3,30,2180,2267,Politik strateji; salt bugünü değil yarını da hesaplar; aklıevvellik strateji değildir.,0,,0,0,,0,0,,0,14,0,0,0,0,0,0,0,0,0,"{""6"": [], ""7"": [], ""11"": []}",0.0,0.0,0.0,,0.0,0.0,0.0,,0.0,0.0
odatv:120156469,odatv,2026-07-28,3,31,2268,2419,"Hamlesinin; seçmen psikolojisini, parti kültürünü, muhalefetin geleceğini ve demokratik meşruiyeti nasıl etkileyeceğini öngörmeye çalışmaktır strateji…",0,,0,0,,0,0,,0,20,0,0,0,0,0,0,0,0,0,"{""6"": [], ""7"": [], ""11"": []}",0.0,0.0,0.0,,0.0,0.0,0.0,,0.0,0.0
odatv:120156469,odatv,2026-07-28,3,32,2421,2507,"Öngörüsüz kurnazlık, sadece ilk hamleyi görür, ikinci ve üçüncü hamleyi hesaba katmaz.",0,,0,0,,0,0,,0,15,0,0,0,0,0,0,0,0,0,"{""6"": [], ""7"": [], ""11"": []}",0.0,0.0,0.0,,0.0,0.0,0.0,,0.0,0.0
odatv:120156469,odatv,2026-07-28,3,33,2508,2581,"Bu yüzden çoğu zaman rakibini değil, en sonunda kendisini tuzağa düşürür…",0,,0,0,,0,0,,0,13,0,0,0,0,0,0,0,0,0,"{""6"": [], ""7"": [], ""11"": []}",0.0,0.0,0.0,,0.0,0.0,0.0,,0.0,0.0
odatv:120156469,odatv,2026-07-28,3,34,2583,2619,Günümüz siyasetinin temel sorunu bu:,0,,0,0,,0,0,,0,6,0,0,0,0,0,0,0,0,0,"{""6"": [], ""7"": [], ""11"": []}",0.0,0.0,0.0,,0.0,0.0,0.0,,0.0,0.0
odatv:120156469,odatv,2026-07-28,3,35,2621,2672,-Kurnazlık var fakat siyasi akıl aynı ölçüde yok...,0,,0,0,,0,0,,0,10,0,0,0,0,0,0,0,0,0,"{""6"": [], ""7"": [], ""11"": []}",0.0,0.0,0.0,,0.0,0.0,0.0,,0.0,0.0
odatv:120156469,odatv,2026-07-28,3,36,2674,2702,-Hesap var fakat ufuk yok...,0,,0,0,,0,0,,0,7,0,0,0,0,0,0,0,0,0,"{""6"": [], ""7"": [], ""11"": []}",0.0,0.0,0.0,,0.0,0.0,0.0,,0.0,0.0
odatv:120156469,odatv,2026-07-28,3,37,2704,2737,-Taktik var fakat strateji yok...,0,,0,0,,0,0,,0,7,0,0,0,0,0,0,0,0,0,"{""6"": [], ""7"": [], ""11"": []}",0.0,0.0,0.0,,0.0,0.0,0.0,,0.0,0.0
odatv:120156469,odatv,2026-07-28,3,38,2739,2805,"Ortaya çıkan, koltuk etrafında dönen hep kısa ömürlü manevralar...",0,,0,0,,0,0,,0,11,0,0,0,0,0,0,0,0,0,"{""6"": [], ""7"": [], ""11"": []}",0.0,0.0,0.0,,0.0,0.0,0.0,,0.0,0.0
odatv:120156469,odatv,2026-07-28,3,39,2807,2829,## SIĞ BİR FIRSATÇILIK,0,,0,0,,0,0,,0,4,0,0,0,0,0,0,0,0,0,"{""6"": [], ""7"": [], ""11"": []}",0.0,0.0,0.0,,0.0,0.0,0.0,,0.0,0.0
odatv:120156469,odatv,2026-07-28,3,40,2831,2896,"Siyasette asıl mesele, mahkemenin açtığı yolu kullanmak değildir.",0,,0,0,,0,0,,0,10,0,0,0,0,0,0,0,0,0,"{""6"": [], ""7"": [], ""11"": []}",0.0,0.0,0.0,,0.0,0.0,0.0,,0.0,0.0
odatv:120156469,odatv,2026-07-28,3,41,2897,2962,O yolun sonunun partiyi nereye götüreceğini hesaplayabilmektir...,0,,0,0,,0,0,,0,9,0,0,0,0,0,0,0,0,0,"{""6"": [], ""7"": [], ""11"": []}",0.0,0.0,0.0,,0.0,0.0,0.0,,0.0,0.0
odatv:120156469,odatv,2026-07-28,3,42,2964,3028,"Kurnaz politikacı yolu görür, akıllı siyasetçi ise yolun sonunu…",0,,0,0,,0,0,,0,12,0,0,0,0,0,0,0,0,0,"{""6"": [], ""7"": [], ""11"": []}",0.0,0.0,0.0,,0.0,0.0,0.0,,0.0,0.0
odatv:120156469,odatv,2026-07-28,3,43,3030,3055,"Peki, siyasal akıl nedir?",0,,0,0,,0,0,,0,7,0,0,0,0,0,0,0,0,0,"{""6"": [], ""7"": [], ""11"": []}",0.0,0.0,0.0,,0.0,0.0,0.0,,0.0,0.0
odatv:120156469,odatv,2026-07-28,3,44,3056,3197,"Bir siyasetçinin başarısını belirleyen, önündeki engeli aşması değil, o engelin ardında nasıl siyasi tablo oluşacağını baştan görebilmesidir.",0,,0,0,,0,0,,0,22,0,0,0,0,0,0,0,0,0,"{""6"": [], ""7"": [], ""11"": []}",0.0,0.0,0.0,,0.0,0.0,0.0,,0.0,0.0
odatv:120156469,odatv,2026-07-28,3,45,3198,3258,"Yani siyaset, atılan adımın nereye varacağını hesaplamaktır…",1,atılan,1,0,,0,0,,1,10,0,0,0,0,0,0,1,0,0,"{""6"": [], ""7"": [""Simplification""], ""11"": []}",0.0,0.0,0.0,,1.0,1.0,1.0,,0.0,1.0
odatv:120156469,odatv,2026-07-28,3,46,3260,3359,"Evet, siyaset tek hamlelik taktik değil; her hamlenin yeni dengeler ürettiği uzun soluklu süreçtir.",0,,0,0,,0,0,,0,18,0,0,0,0,0,0,0,0,0,"{""6"": [], ""7"": [], ""11"": []}",0.0,0.0,0.0,,0.0,0.0,0.0,,0.0,0.0
odatv:120156469,odatv,2026-07-28,3,47,3361,3457,"Siyaset, yalnızca sonuç almak değil, o sonucun doğuracağı yeni sonuçları hesaba katma sanatıdır.",0,,0,0,,0,0,,0,17,0,0,0,0,0,0,0,0,0,"{""6"": [], ""7"": [], ""11"": []}",0.0,0.0,0.0,,0.0,0.0,0.0,,0.0,0.0
odatv:120156469,odatv,2026-07-28,3,48,3459,3518,Bugün ilk perdede bir mücadele kazanılmış gibi görünebilir.,1,kazanılmış,1,1,kazanılmış,1,0,,1,9,0,0,0,0,0,0,0,0,0,"{""6"": [], ""7"": [], ""11"": []}",0.0,0.0,0.0,,0.0,0.0,0.0,,0.0,0.0
odatv:120156469,odatv,2026-07-28,3,49,3519,3689,"Ancak ikinci perdede temsil ettiği siyasal hareketi zayıflatıyor, parti içindeki güven ve birlik duygusunu aşındırıyorsa, buna başarı değil, geleceği tüketen hesap denir.",1,denir,1,0,,0,0,,1,27,0,0,0,0,0,0,0,0,0,"{""6"": [], ""7"": [], ""11"": []}",0.0,0.0,0.0,,0.0,0.0,0.0,,0.0,0.0
odatv:120156469,odatv,2026-07-28,3,50,3690,3704,Örnek vereyim:,0,,0,0,,0,0,,0,3,0,0,0,0,0,0,0,0,0,"{""6"": [], ""7"": [], ""11"": []}",0.0,0.0,0.0,,0.0,0.0,0.0,,0.0,0.0
odatv:120156469,odatv,2026-07-28,3,51,3706,3783,Machiavelli çoğu zaman hileyi ve entrikayı meşrulaştıran düşünür gibi okunur.,0,,0,0,,0,0,,0,12,0,0,1,0,1,0,0,0,0,"{""6"": [""Justification""], ""7"": [], ""11"": []}",1.0,1.0,1.0,,1.0,1.0,1.0,,1.0,1.0
odatv:120156469,odatv,2026-07-28,3,52,3784,3836,Oysa “Prens” eserinde asıl vurgu “virtu” kavramıdır.,0,,0,0,,0,0,,0,9,0,0,0,0,1,0,0,0,0,"{""6"": [""Justification""], ""7"": [], ""11"": []}",0.0,0.0,0.0,,1.0,1.0,1.0,,0.0,1.0
odatv:120156469,odatv,2026-07-28,3,53,3837,3979,"Bu, değişen şartları okuyabilen, zamanı doğru değerlendirebilen ve attığı adımların sonuçlarını önceden hesaplayabilen siyasi aklı ifade eder.",1,değişen,1,0,,0,0,,1,20,0,0,0,0,0,0,0,0,0,"{""6"": [], ""7"": [], ""11"": []}",0.0,0.0,0.0,,0.0,0.0,0.0,,0.0,0.0
odatv:120156469,odatv,2026-07-28,3,54,3981,4166,"Machiavelli'nin başarılı hükümdarı, her fırsatı kullanan kişi değil, hangi fırsatın kullanılmaya değer, hangisinin ise uzun vadede yıkıcı sonuçlar doğuracağını ayırt edebilen kişidir...",1,kullanılmaya,1,0,,0,0,,1,27,0,0,0,0,0,0,0,0,0,"{""6"": [], ""7"": [], ""11"": []}",0.0,0.0,0.0,,0.0,0.0,0.0,,0.0,0.0
odatv:120156469,odatv,2026-07-28,3,55,4168,4262,Günümüz Türk siyasetinde eksik olan budur: Kurnazlık ile siyasi akıl birbirine karıştırılıyor.,1,karıştırılıyor,1,0,,0,0,,1,14,0,0,0,0,0,0,0,0,0,"{""6"": [], ""7"": [], ""11"": []}",0.0,0.0,0.0,,0.0,0.0,0.0,,0.0,0.0
odatv:120156469,odatv,2026-07-28,3,56,4263,4266,Ki:,0,,0,0,,0,0,,0,2,0,0,0,0,0,0,0,0,0,"{""6"": [], ""7"": [], ""11"": []}",0.0,0.0,0.0,,0.0,0.0,0.0,,0.0,0.0
odatv:120156469,odatv,2026-07-28,3,57,4268,4360,Mervan'ın kurnazlığı tartışılabilir ancak birkaç hamle sonrasını hesapladığı inkâr edilemez.,1,tartışılabilir | edilemez,2,0,,0,0,,1,11,0,0,0,0,0,0,0,0,0,"{""6"": [], ""7"": [], ""11"": []}",0.0,0.0,0.0,,0.0,0.0,0.0,,0.0,0.0
odatv:120156469,odatv,2026-07-28,3,58,4361,4470,"Bugün ülkemizde tanık olduğumuz tablo ise kurnazlık değil, ilk hamlenin ötesini göremeyen sığ fırsatçılıktır.",0,,0,0,,0,0,,0,17,0,0,0,1,0,0,0,0,0,"{""6"": [""Attack on Reputation""], ""7"": [], ""11"": []}",0.0,0.0,0.0,,1.0,1.0,1.0,,0.0,1.0
odatv:120156469,odatv,2026-07-28,3,59,4471,4563,"Çünkü kurnazlık, belirli bir hesap, sabır ve birkaç adım sonrasını görebilme becerisi ister.",0,,0,0,,0,0,,0,16,0,0,0,0,0,0,0,0,0,"{""6"": [], ""7"": [], ""11"": []}",0.0,0.0,0.0,,0.0,0.0,0.0,,0.0,0.0
odatv:120156469,odatv,2026-07-28,3,60,4565,4695,"Attığı hamlenin yarın kendi siyasal zeminini sarsacağını hesaplamayan bir tutumu, ne stratejik akıl ne de kurnazlık açıklayabilir.",0,,0,0,,0,0,,0,19,0,0,0,0,0,0,0,0,0,"{""6"": [], ""7"": [], ""11"": []}",0.0,0.0,0.0,,0.0,0.0,0.0,,0.0,0.0
odatv:120156469,odatv,2026-07-28,3,61,4696,4760,Bu olsa olsa günü kurtarmaya çalışan ucuz akıl pahalı faturadır!,0,,0,0,,0,0,,0,12,0,0,0,0,0,0,0,0,0,"{""6"": [], ""7"": [], ""11"": []}",0.0,0.0,0.0,,0.0,0.0,0.0,,0.0,0.0
odatv:120156469,odatv,2026-07-28,3,62,4762,4774,Soner Yalçın,0,,0,0,,0,0,,0,2,0,0,0,0,0,0,0,0,0,"{""6"": [], ""7"": [], ""11"": []}",0.0,0.0,0.0,,0.0,0.0,0.0,,0.0,0.0
odatv:120156469,odatv,2026-07-28,3,63,4776,4785,Odatv.com,0,,0,0,,0,0,,0,1,0,0,0,0,0,0,0,0,0,"{""6"": [], ""7"": [], ""11"": []}",0.0,0.0,0.0,,0.0,0.0,0.0,,0.0,0.0
odatv:194787,odatv,2020-10-30,2,0,0,17,İmamoğlu’nun yolu,0,,0,0,,0,0,,0,2,0,0,0,0,0,0,0,0,0,"{""7"": [], ""11"": []}",0.0,0.0,0.0,,0.0,0.0,0.0,,0.0,0.0
odatv:194787,odatv,2020-10-30,2,1,19,21,##,0,,0,0,,0,0,,0,1,0,0,0,0,0,0,0,0,0,"{""7"": [], ""11"": []}",0.0,0.0,0.0,,0.0,0.0,0.0,,0.0,0.0
odatv:194787,odatv,2020-10-30,2,2,22,115,Nihayet bir belediye başkanı/İmamoğlu gelmekte olanı görüp gidilmesi gereken “yolu” önerdi...,1,gidilmesi,1,0,,0,0,,1,13,0,1,0,0,0,0,0,0,0,"{""7"": [], ""11"": []}",1.0,1.0,1.0,,0.0,0.0,0.0,,1.0,0.0
odatv:194787,odatv,2020-10-30,2,3,117,141,Önemli tespitte bulundu:,0,,0,0,,0,0,,0,5,0,0,0,0,0,0,0,0,0,"{""7"": [], ""11"": []}",0.0,0.0,0.0,,0.0,0.0,0.0,,0.0,0.0
odatv:194787,odatv,2020-10-30,2,4,143,213,-“1873 ekonomi krizinin Birinci Dünya Savaşı'na yol açtığı belirtilir.,1,belirtilir,1,0,,0,0,,1,11,0,0,0,0,0,0,0,0,0,"{""7"": [], ""11"": []}",0.0,0.0,0.0,,0.0,0.0,0.0,,0.0,0.0
odatv:194787,odatv,2020-10-30,2,5,215,270,"-Keza, 1929 Büyük Buhranı'nın da İkinci Dünya savaşına…",0,,0,0,,0,0,,0,11,0,0,0,0,0,0,0,0,0,"{""7"": [], ""11"": []}",0.0,0.0,0.0,,0.0,0.0,0.0,,0.0,0.0
odatv:194787,odatv,2020-10-30,2,6,272,345,"-Peki, bu salgın geçmişte yaşanan örneklerin benzeri sonuçlar doğurur mu?",1,yaşanan,1,0,,0,0,,1,13,0,0,0,0,0,0,0,0,0,"{""7"": [], ""11"": []}",0.0,0.0,0.0,,0.0,0.0,0.0,,0.0,0.0
odatv:194787,odatv,2020-10-30,2,7,345,346,”,0,,0,0,,0,0,,0,1,0,0,0,0,0,0,0,0,0,"{""7"": [], ""11"": []}",0.0,0.0,0.0,,0.0,0.0,0.0,,0.0,0.0
odatv:194787,odatv,2020-10-30,2,8,348,363,İmamoğlu haklı…,0,,0,0,,0,0,,0,3,0,0,0,0,0,0,0,0,0,"{""7"": [], ""11"": []}",0.0,0.0,0.0,,0.0,0.0,0.0,,0.0,0.0
odatv:194787,odatv,2020-10-30,2,9,364,460,Pandemi süreci sadece sağlık/tıp açısından değerlendiriliyor; ekonomi-politiği hiç konuşulmuyor!,1,değerlendiriliyor | konuşulmuyor,2,0,,0,0,,1,13,0,0,0,0,0,0,0,0,0,"{""7"": [], ""11"": []}",0.0,0.0,0.0,,0.0,0.0,0.0,,0.0,0.0
odatv:194787,odatv,2020-10-30,2,10,462,537,"Küresel kapitalizmin iki büyük ekonomik krizi, iki dünya savaşına yol açtı.",0,,0,0,,0,0,,0,13,0,0,0,0,0,0,0,0,0,"{""7"": [], ""11"": []}",0.0,0.0,0.0,,0.0,0.0,0.0,,0.0,0.0
odatv:194787,odatv,2020-10-30,2,11,538,625,2008 itibarıyla yaşanılan ve bir türlü aşılamayan ekonomik kriz nasıl çözüme kavuşacak?,1,yaşanılan | aşılamayan,2,0,,0,0,,1,13,0,0,0,0,0,0,0,0,0,"{""7"": [], ""11"": []}",0.0,0.0,0.0,,0.0,0.0,0.0,,0.0,0.0
odatv:194787,odatv,2020-10-30,2,12,627,683,Küresel pandemiyle bize/dünyaya neyi kabul ettirecekler?,0,,0,0,,0,0,,0,7,0,0,0,0,0,0,0,0,0,"{""7"": [], ""11"": []}",0.0,0.0,0.0,,0.0,0.0,0.0,,0.0,0.0
odatv:194787,odatv,2020-10-30,2,13,685,807,15 milyona yakın insanın öldüğü Birinci Dünya Savaşı sonrasında büyük kapitalist devletler arasında güç dengeleri değişti.,0,,0,0,,0,0,,0,17,0,0,0,0,0,0,0,0,0,"{""7"": [], ""11"": []}",0.0,0.0,0.0,,0.0,0.0,0.0,,0.0,0.0
odatv:194787,odatv,2020-10-30,2,14,808,842,Kimi imparatorlukların sonu geldi.,0,,0,0,,0,0,,0,5,0,0,0,0,0,0,0,0,0,"{""7"": [], ""11"": []}",0.0,0.0,0.0,,0.0,0.0,0.0,,0.0,0.0
odatv:194787,odatv,2020-10-30,2,15,843,882,Yeni ideolojiler rejimler ortaya çıktı…,0,,0,0,,0,0,,0,6,0,0,0,0,0,0,0,0,0,"{""7"": [], ""11"": []}",0.0,0.0,0.0,,0.0,0.0,0.0,,0.0,0.0
odatv:194787,odatv,2020-10-30,2,16,884,970,61 milyon insanın hayatını kaybettiği İkinci Dünya Savaşı sonunda dünya ikiyi bölündü.,0,,0,0,,0,0,,0,13,0,0,0,0,0,0,0,0,0,"{""7"": [], ""11"": []}",0.0,0.0,0.0,,0.0,0.0,0.0,,0.0,0.0
odatv:194787,odatv,2020-10-30,2,17,971,1077,İngiltere ile Fransa'nın egemen olduğu eski emperyalist düzenin yeni rakiplerin ortaya çıktı: ABD ve SSCB.,0,,0,0,,0,0,,0,17,1,0,0,0,0,0,0,0,0,"{""7"": [], ""11"": []}",1.0,1.0,1.0,,0.0,0.0,0.0,,1.0,0.0
odatv:194787,odatv,2020-10-30,2,18,1078,1152,Dünya siyasetini-ekonomisini bu iki ülke arasındaki Soğuk Savaş belirledi.,0,,0,0,,0,0,,0,13,0,0,0,0,0,0,0,0,0,"{""7"": [], ""11"": []}",0.0,0.0,0.0,,0.0,0.0,0.0,,0.0,0.0
odatv:194787,odatv,2020-10-30,2,19,1154,1162,O halde…,0,,0,0,,0,0,,0,3,0,0,0,0,0,0,0,0,0,"{""7"": [], ""11"": []}",0.0,0.0,0.0,,0.0,0.0,0.0,,0.0,0.0
odatv:194787,odatv,2020-10-30,2,20,1164,1257,Kimilerinin “Üçüncü Dünya Savaşı” benzetmesi yaptığı pandemi sonunda insanoğlunu ne bekliyor?,0,,0,0,,0,0,,0,12,0,0,0,0,0,0,0,0,0,"{""7"": [], ""11"": []}",0.0,0.0,0.0,,0.0,0.0,0.0,,0.0,0.0
odatv:194787,odatv,2020-10-30,2,21,1258,1373,Ya da şöyle sorayım; ülkelere nasıl bir ekonomi-siyaset dayatılacak; insanlara hangi ağır yükler kabul ettirilecek?,1,dayatılacak | ettirilecek,2,0,,0,0,,1,20,0,0,0,0,0,0,0,0,0,"{""7"": [], ""11"": []}",0.0,0.0,0.0,,0.0,0.0,0.0,,0.0,0.0
odatv:194787,odatv,2020-10-30,2,22,1375,1390,BÜYÜK SIFIRLAMA,0,,0,0,,0,0,,0,2,0,0,0,0,0,0,0,0,0,"{""7"": [], ""11"": []}",0.0,0.0,0.0,,0.0,0.0,0.0,,0.0,0.0
odatv:194787,odatv,2020-10-30,2,23,1392,1481,Amerikan Time dergisi son sayısında “The Great Reset” (Büyük Sıfırlama) manşetiyle çıktı.,0,,0,0,,0,0,,0,15,0,0,0,0,0,0,0,0,0,"{""7"": [], ""11"": []}",0.0,0.0,0.0,,0.0,0.0,0.0,,0.0,0.0
odatv:194787,odatv,2020-10-30,2,24,1482,1545,Kapak görselinde yeniden inşa edilen küre dünya haritası vardı.,1,edilen,1,0,,0,0,,1,11,0,0,0,0,0,0,0,0,0,"{""7"": [], ""11"": []}",0.0,0.0,0.0,,0.0,0.0,0.0,,0.0,0.0
odatv:194787,odatv,2020-10-30,2,25,1547,1741,"Time, “COVID-19 salgını, istediğimiz gelecek hakkında düşünmek için eşsiz bir fırsat sağladı” diyerek dünyanın önde gelen etkili isimlerden-düşünürlerden makaleler topladı: Gelecek nasıl olacak?",0,,0,0,,0,0,,0,31,0,0,0,0,0,0,0,0,0,"{""7"": [], ""11"": []}",0.0,0.0,0.0,,0.0,0.0,0.0,,0.0,0.0
odatv:194787,odatv,2020-10-30,2,26,1743,1822,Davos'un ev sahipliği yaptığı meşhur Dünya Ekonomik Forumu kurucu başkanı Prof.,0,,0,0,,0,0,,0,11,0,0,0,0,0,0,0,0,0,"{""7"": [], ""11"": []}",0.0,0.0,0.0,,0.0,0.0,0.0,,0.0,0.0
odatv:194787,odatv,2020-10-30,2,27,1823,1851,Klaus Schwab bunlardan biri.,0,,0,0,,0,0,,0,5,0,0,0,0,0,0,0,0,0,"{""7"": [], ""11"": []}",0.0,0.0,0.0,,0.0,0.0,0.0,,0.0,0.0
odatv:194787,odatv,2020-10-30,2,28,1852,1860,Dedi ki:,0,,0,0,,0,0,,0,3,0,0,0,0,0,0,0,0,0,"{""7"": [], ""11"": []}",0.0,0.0,0.0,,0.0,0.0,0.0,,0.0,0.0
odatv:194787,odatv,2020-10-30,2,29,1862,1863,–,0,,0,0,,0,0,,0,1,0,0,0,0,0,0,0,0,0,"{""7"": [], ""11"": []}",0.0,0.0,0.0,,0.0,0.0,0.0,,0.0,0.0
odatv:194787,odatv,2020-10-30,2,30,1864,2016,"COVID-19 ile ilgili kötü haberler, pandemiden önce zaten karşı karşıya olduğumuz muazzam ekonomik, çevresel, sosyal ve politik zorlukların üstüne geldi.",0,,0,0,,0,0,,0,26,0,0,0,0,0,0,0,0,0,"{""7"": [], ""11"": []}",0.0,0.0,0.0,,0.0,0.0,0.0,,0.0,0.0
odatv:194787,odatv,2020-10-30,2,31,2017,2125,"Her geçen yıl, birçok insanın doğrudan tecrübe ettiği gibi, bu sorunlar daha da kötüye gidiyor, iyileşmiyor…",1,iyileşmiyor,1,0,,0,0,,1,20,0,0,0,0,0,0,0,0,0,"{""7"": [], ""11"": []}",0.0,0.0,0.0,,0.0,0.0,0.0,,0.0,0.0
odatv:194787,odatv,2020-10-30,2,32,2127,2128,–,0,,0,0,,0,0,,0,1,0,0,0,0,0,0,0,0,0,"{""7"": [], ""11"": []}",0.0,0.0,0.0,,0.0,0.0,0.0,,0.0,0.0
odatv:194787,odatv,2020-10-30,2,33,2129,2288,"İkinci Dünya Savaşı'ndan sonra küresel ilerlememizi ve demokrasimizi mümkün kılan siyasi sistem, artık toplumsal uyumsuzluk ve hoşnutsuzluğa katkıda bulunuyor.",0,,0,0,,0,0,,0,21,0,0,0,0,0,0,0,0,0,"{""7"": [], ""11"": []}",0.0,0.0,0.0,,0.0,0.0,0.0,,0.0,0.0
odatv:194787,odatv,2020-10-30,2,34,2289,2353,Her biri iyi niyetliydi ancak istenmeyen olumsuz sonuçları oldu…,1,istenmeyen,1,0,,0,0,,1,11,0,0,0,0,0,0,0,0,0,"{""7"": [], ""11"": []}",0.0,0.0,0.0,,0.0,0.0,0.0,,0.0,0.0
odatv:194787,odatv,2020-10-30,2,35,2355,2356,–,0,,0,0,,0,0,,0,1,0,0,0,0,0,0,0,0,0,"{""7"": [], ""11"": []}",0.0,0.0,0.0,,0.0,0.0,0.0,,0.0,0.0
odatv:194787,odatv,2020-10-30,2,36,2357,2469,"Geçtiğimiz 30 ila 50 yıldır, neoliberalist ideoloji dünyanın büyük bir bölümünde giderek daha fazla egemen oldu.",0,,0,0,,0,0,,0,19,0,0,0,0,0,0,0,0,0,"{""7"": [], ""11"": []}",0.0,0.0,0.0,,0.0,0.0,0.0,,0.0,0.0
odatv:194787,odatv,2020-10-30,2,37,2470,2656,"Bu yaklaşım, piyasanın en iyisini bildiği, “iş hayatının işi, sadece iştir” olduğu ve hükümetin piyasaların işleyişi için açık kurallar koymaktan kaçınması gerektiği nosyonuna odaklanır.",1,işleyişi,1,0,,0,0,,1,28,0,0,0,0,0,0,0,0,0,"{""7"": [], ""11"": []}",0.0,0.0,0.0,,0.0,0.0,0.0,,0.0,0.0
odatv:194787,odatv,2020-10-30,2,38,2657,2705,Bu dogmatik inançların yanlış olduğu kanıtlandı.,1,kanıtlandı,1,0,,0,0,,1,7,0,0,0,0,0,0,0,0,0,"{""7"": [], ""11"": []}",0.0,0.0,0.0,,0.0,0.0,0.0,,0.0,0.0
odatv:194787,odatv,2020-10-30,2,39,2706,2754,Ama neyse ki onları takip etmeye mahkûm değiliz…,0,,0,0,,0,0,,0,9,0,0,0,0,0,0,0,0,0,"{""7"": [], ""11"": []}",0.0,0.0,0.0,,0.0,0.0,0.0,,0.0,0.0
odatv:194787,odatv,2020-10-30,2,40,2756,2836,-Daha erdemli bir kapitalist sistemin mümkün olduğuna olan inancımı kaybetmedim…,0,,0,0,,0,0,,0,13,0,0,0,0,0,0,0,0,0,"{""7"": [], ""11"": []}",0.0,0.0,0.0,,0.0,0.0,0.0,,0.0,0.0
odatv:194787,odatv,2020-10-30,2,41,2836,2837,”,0,,0,0,,0,0,,0,1,0,0,0,0,0,0,0,0,0,"{""7"": [], ""11"": []}",0.0,0.0,0.0,,0.0,0.0,0.0,,0.0,0.0
odatv:194787,odatv,2020-10-30,2,42,2839,2903,Neoliberalizm krizini aşmanın adı da vardı: “Paydaş Kapitalizm!”,0,,0,0,,0,0,,0,11,0,0,0,0,0,0,0,0,0,"{""7"": [], ""11"": []}",0.0,0.0,0.0,,0.0,0.0,0.0,,0.0,0.0
odatv:194787,odatv,2020-10-30,2,43,2905,2961,"Evet, küresel güç odakları yeni dünya düzeni kurguluyor…",0,,0,0,,0,0,,0,10,0,0,0,0,0,0,0,0,0,"{""7"": [], ""11"": []}",0.0,0.0,0.0,,0.0,0.0,0.0,,0.0,0.0
odatv:194787,odatv,2020-10-30,2,44,2963,2979,18 YIL KAYBETTİK,0,,0,0,,0,0,,0,3,0,0,0,0,0,0,0,0,0,"{""7"": [], ""11"": []}",0.0,0.0,0.0,,0.0,0.0,0.0,,0.0,0.0
odatv:194787,odatv,2020-10-30,2,45,2981,3072,Bu köşede defalarca neoliberalizmin yıkıldığını ve yeni paradigma/ model arandığını yazdım.,1,yıkıldığını | arandığını,2,0,,0,0,,1,12,0,0,0,0,0,0,0,0,0,"{""7"": [], ""11"": []}",0.0,0.0,0.0,,0.0,0.0,0.0,,0.0,0.0
odatv:194787,odatv,2020-10-30,2,46,3074,3165,Nihayet bir belediye başkanı/İmamoğlu gelmekte olanı görüp gidilmesi gereken “yolu” önerdi:,1,gidilmesi,1,0,,0,0,,1,13,0,0,0,0,0,0,0,0,0,"{""7"": [], ""11"": []}",0.0,0.0,0.0,,0.0,0.0,0.0,,0.0,0.0
odatv:194787,odatv,2020-10-30,2,47,3167,3168,–,0,,0,0,,0,0,,0,1,0,0,0,0,0,0,0,0,0,"{""7"": [], ""11"": []}",0.0,0.0,0.0,,0.0,0.0,0.0,,0.0,0.0
odatv:194787,odatv,2020-10-30,2,48,3169,3218,“Tam bağımsızlığımızı tekrar hâkim kılmak önemli…,0,,0,0,,0,0,,0,8,0,0,0,0,0,0,0,0,0,"{""7"": [], ""11"": []}",0.0,0.0,0.0,,0.0,0.0,0.0,,0.0,0.0
odatv:194787,odatv,2020-10-30,2,49,3220,3221,–,0,,0,0,,0,0,,0,1,0,0,0,0,0,0,0,0,0,"{""7"": [], ""11"": []}",0.0,0.0,0.0,,0.0,0.0,0.0,,0.0,0.0
odatv:194787,odatv,2020-10-30,2,50,3222,3445,"Sanayiden teknolojiye, tarımdan uzay çalışmalarına kadar dünyayla entegre bir millilikten, yoksulunu ezdirmeyen solidarist/ halkçı bir anlayışı yeniden hâkim kılmaktan, sözde değil özde bir halk egemenliğinden bahsediyorum…",0,,0,0,,0,0,,0,30,0,0,0,0,0,0,0,0,0,"{""7"": [], ""11"": []}",0.0,0.0,0.0,,0.0,0.0,0.0,,0.0,0.0
odatv:194787,odatv,2020-10-30,2,51,3447,3448,–,0,,0,0,,0,0,,0,1,0,0,0,0,0,0,0,0,0,"{""7"": [], ""11"": []}",0.0,0.0,0.0,,0.0,0.0,0.0,,0.0,0.0
odatv:194787,odatv,2020-10-30,2,52,3449,3709,"İşçisini, emeklisini, memurunu, köylüsünü azgın piyasaya kurban etmeyen, günü birlik ve sürekli birbiriyle çelişen ‘kabadayı' bir dış politika yerine Atatürk'ün yaptığı gibi zeki diplomasi manevralarıyla hakkını kimselere yedirmeyen bir Türkiye inşa etmeliyiz…",0,,0,0,,0,0,,0,38,0,1,0,0,0,0,0,1,0,"{""7"": [""Call""], ""11"": []}",0.0,0.0,0.0,0.0,1.0,1.0,1.0,,1.0,1.0
odatv:194787,odatv,2020-10-30,2,53,3711,3712,–,0,,0,0,,0,0,,0,1,0,0,0,0,0,0,0,0,0,"{""7"": [], ""11"": []}",0.0,0.0,0.0,,0.0,0.0,0.0,,0.0,0.0
odatv:194787,odatv,2020-10-30,2,54,3713,3767,Yeni bir ‘Aydınlanma Dönemi' ruhu ile yola çıkmalıyız…,0,,0,0,,0,0,,0,10,0,0,0,0,0,0,0,1,0,"{""7"": [""Call""], ""11"": []}",0.0,0.0,0.0,,1.0,1.0,1.0,,0.0,1.0
odatv:194787,odatv,2020-10-30,2,55,3768,3790,Başka seçeneğimiz yok.,0,,0,0,,0,0,,0,4,0,0,0,0,0,0,0,1,0,"{""7"": [""Call""], ""11"": []}",0.0,0.0,0.0,,1.0,1.0,1.0,,0.0,1.0
odatv:194787,odatv,2020-10-30,2,56,3791,3856,Hep birlikte başaracağız ve inanalım ki her şey çok güzel olacak…,0,,0,0,,0,0,,0,12,0,0,0,0,0,0,0,1,0,"{""7"": [""Call""], ""11"": []}",0.0,0.0,0.0,,1.0,1.0,1.0,,0.0,1.0
odatv:194787,odatv,2020-10-30,2,57,3856,3857,”,0,,0,0,,0,0,,0,1,0,0,0,0,0,0,0,1,0,"{""7"": [""Call""], ""11"": []}",0.0,0.0,0.0,,1.0,1.0,1.0,,0.0,1.0
odatv:194787,odatv,2020-10-30,2,58,3859,3867,Görünen:,0,,0,0,,0,0,,0,2,0,0,0,0,0,0,0,0,0,"{""7"": [], ""11"": []}",0.0,0.0,0.0,,0.0,0.0,0.0,,0.0,0.0
odatv:194787,odatv,2020-10-30,2,59,3869,3920,CHP önümüzdeki dönem Atatürk'e daha sıkı sarılacak.,1,sarılacak,1,0,,0,0,,1,9,0,0,0,0,0,0,0,0,0,"{""7"": [], ""11"": []}",0.0,0.0,0.0,,0.0,0.0,0.0,,0.0,0.0
odatv:194787,odatv,2020-10-30,2,60,3921,4022,"Bunun ışığını Kılıçdaroğlu'nun, ilk yüz yaşını deviren Cumhuriyet'in 2'nci yüzyılına dair yaptığı “2.",0,,0,0,,0,0,,0,15,0,0,0,0,0,0,0,0,0,"{""7"": [], ""11"": []}",0.0,0.0,0.0,,0.0,0.0,0.0,,0.0,0.0
odatv:194787,odatv,2020-10-30,2,61,4023,4074,Yüzyıla Çağrı Beyannamesi” açıklamasında görmüştük.,0,,0,0,,0,0,,0,6,0,0,0,0,0,0,0,0,0,"{""7"": [], ""11"": []}",0.0,0.0,0.0,,0.0,0.0,0.0,,0.0,0.0
odatv:194787,odatv,2020-10-30,2,62,4076,4087,Öte yandan:,0,,0,0,,0,0,,0,3,0,0,0,0,0,0,0,0,0,"{""7"": [], ""11"": []}",0.0,0.0,0.0,,0.0,0.0,0.0,,0.0,0.0
odatv:194787,odatv,2020-10-30,2,63,4089,4098,Odatv.com,0,,0,0,,0,0,,0,1,0,0,0,0,0,0,0,0,0,"{""7"": [], ""11"": []}",0.0,0.0,0.0,,0.0,0.0,0.0,,0.0,0.0
odatv:195177,odatv,2020-11-05,3,0,0,31,Erdoğan’a sorsam: Bauhaus nedir,0,,0,0,,0,0,,0,5,0,0,0,0,0,0,0,0,0,"{""6"": [], ""7"": [], ""11"": []}",0.0,0.0,0.0,,0.0,0.0,0.0,,0.0,0.0
odatv:195177,odatv,2020-11-05,3,1,33,196,"## Mücahit'in müteahhitte ve “tek lokma, tek hırka” anlayışının lüks yaşam istediğine dönüştüğü günümüzde, “İnşaat ya Resulullah” diyenlerin günahı maalesef büyük!",0,,0,0,,0,0,,0,24,0,0,0,0,0,0,0,0,0,"{""6"": [], ""7"": [], ""11"": []}",0.0,0.0,0.0,,0.0,0.0,0.0,,0.0,0.0
odatv:195177,odatv,2020-11-05,3,2,198,231,Depremi çok boyutlu konuşmalıyız.,0,,0,0,,0,0,,0,5,0,0,0,0,0,0,0,0,0,"{""6"": [], ""7"": [], ""11"": []}",0.0,0.0,0.0,,0.0,0.0,0.0,,0.0,0.0
odatv:195177,odatv,2020-11-05,3,3,233,249,Ne dedi Erdoğan:,0,,0,0,,0,0,,0,4,0,0,0,0,0,0,0,0,0,"{""6"": [], ""7"": [], ""11"": []}",0.0,0.0,0.0,,0.0,0.0,0.0,,0.0,0.0
odatv:195177,odatv,2020-11-05,3,4,251,362,-“İzmir'deki depremde evleri yıkılan vatandaşlarımıza inşallah en kısa sürede yenilerini yapıp teslim edeceğiz.,1,yıkılan,1,0,,0,0,,1,16,0,0,1,0,0,0,0,0,0,"{""6"": [], ""7"": [], ""11"": []}",1.0,1.0,1.0,0.0,0.0,0.0,0.0,,1.0,0.0
odatv:195177,odatv,2020-11-05,3,5,362,363,”,0,,0,0,,0,0,,0,1,0,0,0,0,0,0,0,0,0,"{""6"": [], ""7"": [], ""11"": []}",0.0,0.0,0.0,,0.0,0.0,0.0,,0.0,0.0
odatv:195177,odatv,2020-11-05,3,6,365,519,"Erdoğan'a, “Bauhaus nedir” diye sorsam; “ev ve benzerleriyle ilgili her türlü ihtiyaç malzemesinin satışının yapıldığı alışveriş mağazası” derdi herhalde…",1,yapıldığı,1,0,,0,0,,1,24,1,0,0,1,0,0,0,0,0,"{""6"": [""Attack on Reputation""], ""7"": [""Attack on Reputation""], ""11"": []}",1.0,1.0,1.0,,1.0,1.0,1.0,0.0,1.0,1.0
odatv:195177,odatv,2020-11-05,3,7,520,566,Kuşkusuz doğru ama yanıtını aradığım bu değil!,0,,0,0,,0,0,,0,8,0,0,0,0,0,0,0,0,0,"{""6"": [], ""7"": [], ""11"": []}",0.0,0.0,0.0,,0.0,0.0,0.0,,0.0,0.0
odatv:195177,odatv,2020-11-05,3,8,568,602,“Bauhaus” bir mimari yaklaşım adı…,0,,0,0,,0,0,,0,6,0,0,0,0,0,0,0,0,0,"{""6"": [], ""7"": [], ""11"": []}",0.0,0.0,0.0,,0.0,0.0,0.0,,0.0,0.0
odatv:195177,odatv,2020-11-05,3,9,604,689,Bauhaus aynı zamanda biçimden çok işlevselliğe önem veren yenilikçi tasarım okuluydu…,0,,0,0,,0,0,,0,13,0,1,0,0,0,0,0,0,0,"{""6"": [], ""7"": [], ""11"": []}",1.0,1.0,1.0,,0.0,0.0,0.0,,1.0,0.0
odatv:195177,odatv,2020-11-05,3,10,691,845,"Daha sağlam/ çelik konstrüksiyonlu, uzun süreli kullanılabilecek binalar inşa etmeyi amaçlayan bir grup solcu mimar tarafından Almanya'da 1919'da kuruldu…",1,kullanılabilecek | kuruldu,2,0,,0,1,,0,21,0,0,0,0,0,0,0,0,0,"{""6"": [], ""7"": [], ""11"": []}",0.0,0.0,0.0,,0.0,0.0,0.0,,0.0,0.0
odatv:195177,odatv,2020-11-05,3,11,847,865,Kurucusu Walter A.,0,,0,0,,0,0,,0,4,0,0,0,0,0,0,0,0,0,"{""6"": [], ""7"": [], ""11"": []}",0.0,0.0,0.0,,0.0,0.0,0.0,,0.0,0.0
odatv:195177,odatv,2020-11-05,3,12,866,868,G.,0,,0,0,,0,0,,0,1,0,0,0,0,0,0,0,0,0,"{""6"": [], ""7"": [], ""11"": []}",0.0,0.0,0.0,,0.0,0.0,0.0,,0.0,0.0
odatv:195177,odatv,2020-11-05,3,13,869,912,Gropius (1883 – 1969) on yıl okulu yönetti.,0,,0,0,,0,0,,0,12,0,0,0,0,0,0,0,0,0,"{""6"": [], ""7"": [], ""11"": []}",0.0,0.0,0.0,,0.0,0.0,0.0,,0.0,0.0
odatv:195177,odatv,2020-11-05,3,14,914,988,Öncelikle (TOKİ gibi) seri üretim birbirinin kopyası yapılara karşı çıktı.,0,,0,0,,0,0,,0,13,0,0,0,0,0,0,0,0,0,"{""6"": [], ""7"": [], ""11"": []}",0.0,0.0,0.0,,0.0,0.0,0.0,,0.0,0.0
odatv:195177,odatv,2020-11-05,3,15,990,1143,"Her yapı bir tasarım gibi modern olsa da aynı zamanda maliyeti düşük, dayanıklı, fonksiyonel-pratik/kullanışlı ve mübalağalı değil sade-süssüz olmalıydı.",0,,0,0,,0,0,,0,27,0,0,0,0,0,0,0,0,0,"{""6"": [], ""7"": [], ""11"": []}",0.0,0.0,0.0,,0.0,0.0,0.0,,0.0,0.0
odatv:195177,odatv,2020-11-05,3,16,1144,1154,Bu amaçla…,0,,0,0,,0,0,,0,3,0,0,0,0,0,0,0,0,0,"{""6"": [], ""7"": [], ""11"": []}",0.0,0.0,0.0,,0.0,0.0,0.0,,0.0,0.0
odatv:195177,odatv,2020-11-05,3,17,1156,1246,Kentsel yapılaşmaya dair sorunları tasarladığı kitlesel sosyal konutlarla çözmeye çalıştı.,0,,0,0,,0,0,,0,11,0,0,0,0,0,0,0,0,0,"{""6"": [], ""7"": [], ""11"": []}",0.0,0.0,0.0,,0.0,0.0,0.0,,0.0,0.0
odatv:195177,odatv,2020-11-05,3,18,1247,1356,"Dessau'daki Torten mahallesi, Karlsruhe'deki Dammerstock mahallesi ve Berlin'deki Siemensstadt siteleri gibi…",0,,0,0,,0,0,,0,16,0,0,0,0,0,0,0,0,0,"{""6"": [], ""7"": [], ""11"": []}",0.0,0.0,0.0,,0.0,0.0,0.0,,0.0,0.0
odatv:195177,odatv,2020-11-05,3,19,1358,1416,Doğmakta olan yeni yüzyılı “konstrüksiyon çağı” ilan etti.,0,,0,0,,0,0,,0,9,0,0,0,0,1,0,0,0,0,"{""6"": [""Justification""], ""7"": [], ""11"": []}",0.0,0.0,0.0,,1.0,1.0,1.0,,0.0,1.0
odatv:195177,odatv,2020-11-05,3,20,1418,1484,Bauhaus şiarını “Yeni Birlik: Sanat ve Teknoloji” olarak açıkladı.,0,,0,0,,0,0,,0,11,0,0,0,0,0,0,0,0,0,"{""6"": [], ""7"": [], ""11"": []}",0.0,0.0,0.0,,0.0,0.0,0.0,,0.0,0.0
odatv:195177,odatv,2020-11-05,3,21,1486,1532,Konuyu açmama izin veriniz; konu deprem çünkü:,0,,0,0,,0,0,,0,9,0,0,0,0,0,0,0,0,0,"{""6"": [], ""7"": [], ""11"": []}",0.0,0.0,0.0,,0.0,0.0,0.0,,0.0,0.0
odatv:195177,odatv,2020-11-05,3,22,1534,1556,BOLŞEVİK YAHUDİ YUVASI,0,,0,0,,0,0,,0,3,0,0,0,0,0,0,0,0,0,"{""6"": [], ""7"": [], ""11"": []}",0.0,0.0,0.0,,0.0,0.0,0.0,,0.0,0.0
odatv:195177,odatv,2020-11-05,3,23,1558,1650,İsviçreli mimar Hans Emil “Hannes” Meyer (1889 – 1954) Bauhaus Okulu'nun ikinci müdürü oldu.,0,,0,0,,0,0,,0,17,0,1,0,0,0,0,0,0,0,"{""6"": [], ""7"": [], ""11"": []}",1.0,1.0,1.0,,0.0,0.0,0.0,,1.0,0.0
odatv:195177,odatv,2020-11-05,3,24,1652,1732,Felsefesi şuydu: Mesele sadece yeni mimarlık stili yaratılmakla sınırlı değildi.,1,yaratılmakla,1,0,,0,0,,1,12,0,0,0,0,0,0,0,0,0,"{""6"": [], ""7"": [], ""11"": []}",0.0,0.0,0.0,,0.0,0.0,0.0,,0.0,0.0
odatv:195177,odatv,2020-11-05,3,25,1733,1861,"Binalar düşük maliyetli, kullanışlı, uzun yıllara dayanıklı ve kolektif sosyal ihtiyaçları karşılayacak şekilde tasarlanmalıydı.",0,,0,0,,0,0,,0,18,0,0,0,0,0,0,0,0,0,"{""6"": [], ""7"": [], ""11"": []}",0.0,0.0,0.0,,0.0,0.0,0.0,,0.0,0.0
odatv:195177,odatv,2020-11-05,3,26,1863,1979,"Marksist Meyer,–gelmekte olan faşizm iklimine uygun olarak- muhafazakâr belediye başkanı tarafından görevden alındı.",1,alındı,1,0,,0,1,,0,17,0,1,0,0,0,0,0,0,0,"{""6"": [], ""7"": [], ""11"": []}",1.0,1.0,1.0,,0.0,0.0,0.0,,1.0,0.0
odatv:195177,odatv,2020-11-05,3,27,1980,2082,"O da bazı Bauhaus öğrencisiyle Sovyetler Birliği'ne gitti; kentsel projeler üretti, işçi evleri yaptı.",0,,0,0,,0,0,,0,17,0,0,0,0,0,0,0,0,0,"{""6"": [], ""7"": [], ""11"": []}",0.0,0.0,0.0,,0.0,0.0,0.0,,0.0,0.0
odatv:195177,odatv,2020-11-05,3,28,2083,2127,Bugün hâlâ dimdik ayakta duruyor bu yapılar…,0,,0,0,,0,0,,0,8,0,0,0,0,0,0,0,0,0,"{""6"": [], ""7"": [], ""11"": []}",0.0,0.0,0.0,,0.0,0.0,0.0,,0.0,0.0
odatv:195177,odatv,2020-11-05,3,29,2129,2217,Bauhaus Okulu iktidara gelen Naziler tarafından “Bolşevik Yahudi Yuvası” diye kapatıldı.,0,,0,0,,0,1,,0,12,1,0,0,0,0,0,0,0,0,"{""6"": [], ""7"": [], ""11"": []}",1.0,1.0,1.0,0.0,0.0,0.0,0.0,,1.0,0.0
odatv:195177,odatv,2020-11-05,3,30,2218,2268,Yaptıkları binaları ruhsuz buluyordu zaten Hitler!,0,,0,0,,0,0,,0,7,1,0,0,0,0,0,0,0,0,"{""6"": [], ""7"": [], ""11"": []}",1.0,1.0,1.0,,0.0,0.0,0.0,,1.0,0.0
odatv:195177,odatv,2020-11-05,3,31,2270,2276,Bugün…,0,,0,0,,0,0,,0,2,0,0,0,0,1,0,0,0,0,"{""6"": [""Justification""], ""7"": [], ""11"": []}",0.0,0.0,0.0,,1.0,1.0,1.0,,0.0,1.0
odatv:195177,odatv,2020-11-05,3,32,2277,2334,Bauhaus binalarının tümü UNESCO Dünya Mirası Listesi'nde.,0,,0,0,,0,0,,0,8,0,0,0,0,1,0,0,0,0,"{""6"": [""Justification""], ""7"": [], ""11"": []}",0.0,0.0,0.0,,1.0,1.0,1.0,,0.0,1.0
odatv:195177,odatv,2020-11-05,3,33,2335,2456,Bauhaus akımının öğretisi ve öğrencilerinin eserleri hâlâ stil-biçim ve teknik olarak dünyada belirleyici niteliğe sahip.,0,,0,0,,0,0,,0,19,0,0,0,0,0,0,0,0,0,"{""6"": [], ""7"": [], ""11"": []}",0.0,0.0,0.0,,0.0,0.0,0.0,,0.0,0.0
odatv:195177,odatv,2020-11-05,3,34,2458,2574,"Evet, Bauhaus akımı sadece 14 yıl faaliyet göstermiş olsa da, yapı tasarım açısından kimliğinin tesirini sürdürüyor.",0,,0,1,göstermiş,1,0,,0,19,0,0,0,0,0,0,0,0,0,"{""6"": [], ""7"": [], ""11"": []}",0.0,0.0,0.0,,0.0,0.0,0.0,,0.0,0.0
odatv:195177,odatv,2020-11-05,3,35,2575,2657,Almanya'nın mimari kültür alanında en önemli ihraç ürünü olarak değerlendiriliyor…,1,değerlendiriliyor,1,0,,0,0,,1,12,0,0,0,0,0,0,0,0,0,"{""6"": [], ""7"": [], ""11"": []}",0.0,0.0,0.0,,0.0,0.0,0.0,,0.0,0.0
odatv:195177,odatv,2020-11-05,3,36,2659,2666,Ya biz?,0,,0,0,,0,0,,0,3,0,0,0,0,0,0,0,0,0,"{""6"": [], ""7"": [], ""11"": []}",0.0,0.0,0.0,,0.0,0.0,0.0,,0.0,0.0
odatv:195177,odatv,2020-11-05,3,37,2668,2780,"Her sallantıda yıkılan, hiçbir üslubu olmayan, çevresel faktörleri dikkate almayan binalar yapmayı sürdürüyoruz…",1,yıkılan,1,0,,0,0,,1,16,0,0,0,0,0,0,0,0,0,"{""6"": [], ""7"": [], ""11"": []}",0.0,0.0,0.0,,0.0,0.0,0.0,,0.0,0.0
odatv:195177,odatv,2020-11-05,3,38,2782,2802,BİR BELEDİYE BAŞKANI,0,,0,0,,0,0,,0,3,0,0,0,0,0,0,0,0,0,"{""6"": [], ""7"": [], ""11"": []}",0.0,0.0,0.0,,0.0,0.0,0.0,,0.0,0.0
odatv:195177,odatv,2020-11-05,3,39,2804,2920,Mimari kültür açısından zengin Anadolu şehirlerini TOKİ ve benzeri yapılarla dolduran zihniyet İzmir'e ne götürecek?,0,,0,0,,0,0,,0,17,0,0,0,0,0,0,0,0,0,"{""6"": [], ""7"": [], ""11"": []}",0.0,0.0,0.0,,0.0,0.0,0.0,,0.0,0.0
odatv:195177,odatv,2020-11-05,3,40,2922,2970,AKP'nin kültürel kodlarında mimari üslup var mı?,0,,0,0,,0,0,,0,8,1,0,0,1,0,0,0,0,0,"{""6"": [], ""7"": [], ""11"": [""Attack on Reputation""]}",1.0,1.0,1.0,,1.0,1.0,1.0,,1.0,1.0
odatv:195177,odatv,2020-11-05,3,41,2972,3048,"Ki bu anlayış AKP ile sınırlı değil, mimari yozlaşma tüm partileri etkiledi.",0,,0,0,,0,0,,0,14,0,0,0,1,0,0,0,0,0,"{""6"": [], ""7"": [], ""11"": [""Attack on Reputation""]}",0.0,0.0,0.0,,1.0,1.0,1.0,,0.0,1.0
odatv:195177,odatv,2020-11-05,3,42,3050,3107,Fritz Hesse (1881 1973) sol-liberal Alman politikacı idi.,0,,0,0,,0,0,,0,13,0,1,0,0,0,0,0,0,0,"{""6"": [], ""7"": [], ""11"": []}",1.0,1.0,1.0,,0.0,0.0,0.0,,1.0,0.0
odatv:195177,odatv,2020-11-05,3,43,3109,3166,Dessau Belediye Başkanı olunca Bauhaus Okulu ile çalıştı.,0,,0,0,,0,0,,0,9,0,1,0,0,0,0,0,0,0,"{""6"": [], ""7"": [], ""11"": []}",1.0,1.0,1.0,,0.0,0.0,0.0,,1.0,0.0
odatv:195177,odatv,2020-11-05,3,44,3167,3175,Örneğin…,0,,0,0,,0,0,,0,2,0,0,0,0,0,0,0,0,0,"{""6"": [], ""7"": [], ""11"": []}",0.0,0.0,0.0,,0.0,0.0,0.0,,0.0,0.0
odatv:195177,odatv,2020-11-05,3,45,3176,3254,"Okulun bitişiğine, Meisterhäuser adı verilen öğretmenler için konut inşa etti.",1,verilen,1,0,,0,0,,1,12,0,0,0,0,0,0,0,0,0,"{""6"": [], ""7"": [], ""11"": []}",0.0,0.0,0.0,,0.0,0.0,0.0,,0.0,0.0
odatv:195177,odatv,2020-11-05,3,46,3255,3331,"Güney Dessau'da, işçiler için 314 şehir evden oluşan yerleşim bölgesi kurdu.",0,,0,0,,0,0,,0,13,0,0,0,0,0,0,0,0,0,"{""6"": [], ""7"": [], ""11"": []}",0.0,0.0,0.0,,0.0,0.0,0.0,,0.0,0.0
odatv:195177,odatv,2020-11-05,3,47,3333,3519,Başta Konsumgebäude olmak üzere Walter Gropius tasarımı beş katlı yapılar sadece dayanıklılığı değil farklı estetiğiyle de mimari tarihinin önemli apartmanları olarak gösteriliyor bugün…,1,gösteriliyor,1,0,,0,0,,1,25,0,0,0,0,0,0,0,0,0,"{""6"": [], ""7"": [], ""11"": []}",0.0,0.0,0.0,,0.0,0.0,0.0,,0.0,0.0
odatv:195177,odatv,2020-11-05,3,48,3521,3576,TOKİ evleri mimarlık tarihinde neye örnek gösterilecek?,1,gösterilecek,1,0,,0,0,,1,8,0,0,0,0,0,0,0,0,0,"{""6"": [], ""7"": [], ""11"": []}",0.0,0.0,0.0,,0.0,0.0,0.0,,0.0,0.0
odatv:195177,odatv,2020-11-05,3,49,3577,3641,"Estetiğin, sağlamlığın, fonksiyonel olmanın önemi kalmadı artık.",0,,0,0,,0,0,,0,10,0,0,0,0,0,0,0,0,0,"{""6"": [], ""7"": [], ""11"": []}",0.0,0.0,0.0,,0.0,0.0,0.0,,0.0,0.0
odatv:195177,odatv,2020-11-05,3,50,3643,3771,Mülkiyet saplantısı tapu “kutsallık mertebesine” ulaştırıldığı için insanlar için sağlam raporu filan umursanmaz olmaya başladı…,1,ulaştırıldığı | umursanmaz,2,0,,0,0,,1,16,0,0,0,0,0,0,0,0,0,"{""6"": [], ""7"": [], ""11"": []}",0.0,0.0,0.0,,0.0,0.0,0.0,,0.0,0.0
odatv:195177,odatv,2020-11-05,3,51,3773,3933,"Mücahit'in müteahhitte ve “tek lokma, tek hırka” anlayışının lüks yaşam istediğine dönüştüğü günümüzde, “İnşaat ya Resulullah” diyenlerin günahı maalesef büyük!",0,,0,0,,0,0,,0,23,0,0,0,1,0,1,0,0,0,"{""6"": [""Attack on Reputation"", ""Manipulative Wording""], ""7"": [], ""11"": []}",0.0,0.0,0.0,,1.0,1.0,1.0,,0.0,1.0
odatv:195177,odatv,2020-11-05,3,52,3934,4032,İktidar desteğiyle Selçuklu'ya Osmanlı'ya kötülük yaptılar; köklü mimari geleneğimizi yok ettiler.,0,,0,0,,0,0,,0,13,0,0,0,1,0,0,0,0,0,"{""6"": [""Attack on Reputation""], ""7"": [], ""11"": []}",0.0,0.0,0.0,,1.0,1.0,1.0,,0.0,1.0
odatv:195177,odatv,2020-11-05,3,53,4034,4068,Geleneksel Türk evlerini yıktılar.,0,,0,0,,0,0,,0,5,0,0,1,0,0,0,0,0,0,"{""6"": [], ""7"": [], ""11"": []}",1.0,1.0,1.0,,0.0,0.0,0.0,,1.0,0.0
odatv:195177,odatv,2020-11-05,3,54,4069,4135,"Avrupa'dan farklı ahşap karkası “hımış” türünü, “dolma direği” vd.",0,,0,0,,0,0,,0,11,0,0,1,0,0,0,0,0,0,"{""6"": [], ""7"": [], ""11"": []}",1.0,1.0,1.0,,0.0,0.0,0.0,,1.0,0.0
odatv:195177,odatv,2020-11-05,3,55,4136,4153,hepsini biçtiler.,0,,0,0,,0,0,,0,3,0,0,0,0,0,0,0,0,0,"{""6"": [], ""7"": [], ""11"": []}",0.0,0.0,0.0,,0.0,0.0,0.0,,0.0,0.0
odatv:195177,odatv,2020-11-05,3,56,4154,4172,Hangisini yazayım?,0,,0,0,,0,0,,0,3,0,0,0,0,0,0,0,0,0,"{""6"": [], ""7"": [], ""11"": []}",0.0,0.0,0.0,,0.0,0.0,0.0,,0.0,0.0
odatv:195177,odatv,2020-11-05,3,57,4174,4302,"Hitler bile Romalıları ari ırk olarak kabul edip, onların stillerinden etkilenip neoklasik ve art deco mimari yapılar inşa etti.",1,etkilenip,1,0,,0,0,,1,21,0,0,0,0,1,0,0,0,0,"{""6"": [], ""7"": [""Justification""], ""11"": []}",0.0,0.0,0.0,,1.0,1.0,1.0,,0.0,1.0
odatv:195177,odatv,2020-11-05,3,58,4303,4330,Bizde tek mimari üslup yok.,0,,0,0,,0,0,,0,6,0,0,0,0,0,0,1,0,0,"{""6"": [""Simplification""], ""7"": [], ""11"": []}",0.0,0.0,0.0,,1.0,1.0,1.0,,0.0,1.0
odatv:195177,odatv,2020-11-05,3,59,4331,4371,Ki bu olmayınca dayanıklılık da olmuyor!,0,,0,0,,0,0,,0,7,0,0,0,0,0,0,1,0,0,"{""6"": [""Simplification""], ""7"": [], ""11"": []}",0.0,0.0,0.0,,1.0,1.0,1.0,,0.0,1.0
odatv:195177,odatv,2020-11-05,3,60,4373,4382,Odatv.com,0,,0,0,,0,0,,0,1,0,0,0,0,0,0,0,0,0,"{""6"": [], ""7"": [], ""11"": []}",0.0,0.0,0.0,,0.0,0.0,0.0,,0.0,0.0
odatv:200400,odatv,2021-01-19,3,0,0,24,Cumhurbaşkanı denek oldu,0,,0,0,,0,0,,0,3,0,0,0,0,0,0,0,0,0,"{""6"": [], ""7"": [], ""11"": []}",0.0,0.0,0.0,,0.0,0.0,0.0,,0.0,0.0
odatv:200400,odatv,2021-01-19,3,1,26,94,## Soner Yalçın yazdı: Aşı olan kişi plasebo olup olmadığını bilmez.,0,,0,0,,0,0,,0,13,0,0,0,0,0,0,0,0,0,"{""6"": [], ""7"": [], ""11"": []}",0.0,0.0,0.0,,0.0,0.0,0.0,,0.0,0.0
odatv:200400,odatv,2021-01-19,3,2,95,169,Ama söz konusu olan Cumhurbaşkanı ve talebi plasebo aşı ise bilir elbette!,0,,0,0,,0,0,,0,13,0,0,0,0,0,0,0,0,0,"{""6"": [], ""7"": [], ""11"": []}",0.0,0.0,0.0,,0.0,0.0,0.0,,0.0,0.0
odatv:200400,odatv,2021-01-19,3,3,171,198,Bir tartışmaya tanık oldum.,0,,0,0,,0,0,,0,5,0,0,0,0,0,0,0,0,0,"{""6"": [], ""7"": [], ""11"": []}",0.0,0.0,0.0,,0.0,0.0,0.0,,0.0,0.0
odatv:200400,odatv,2021-01-19,3,4,200,246,Tartışma konusunda önce şu bilgiyi vermeliyim:,0,,0,0,,0,0,,0,7,0,0,0,0,0,0,0,0,0,"{""6"": [], ""7"": [], ""11"": []}",0.0,0.0,0.0,,0.0,0.0,0.0,,0.0,0.0
odatv:200400,odatv,2021-01-19,3,5,248,371,COV 19 aşı çalışmaları bitmedi; hiçbir aşı FAZ III sürecini tamamlayıp ruhsat almadı; sadece “acil kullanım onayı” verildi.,1,verildi,1,0,,0,0,,1,21,0,0,0,0,0,0,0,0,0,"{""6"": [], ""7"": [], ""11"": []}",0.0,0.0,0.0,,0.0,0.0,0.0,,0.0,0.0
odatv:200400,odatv,2021-01-19,3,6,373,400,"Yani, hâlâ FAZ III sürüyor.",0,,0,0,,0,0,,0,7,0,0,0,0,0,0,0,0,0,"{""6"": [], ""7"": [], ""11"": []}",0.0,0.0,0.0,,0.0,0.0,0.0,,0.0,0.0
odatv:200400,odatv,2021-01-19,3,7,402,431,Bunun daha FAZ IV süreci var…,0,,0,0,,0,0,,0,7,0,0,0,0,0,0,0,0,0,"{""6"": [], ""7"": [], ""11"": []}",0.0,0.0,0.0,,0.0,0.0,0.0,,0.0,0.0
odatv:200400,odatv,2021-01-19,3,8,432,542,"(Tamamlanma süreci olarak Sinovac aşısı için Ekim 2021, Pfizer-BionTech aşısı için Ocak 2023 tarihi veriliyor.",1,Tamamlanma | veriliyor,2,0,,0,0,,1,20,0,0,0,0,0,0,0,0,0,"{""6"": [], ""7"": [], ""11"": []}",0.0,0.0,0.0,,0.0,0.0,0.0,,0.0,0.0
odatv:200400,odatv,2021-01-19,3,9,542,543,),0,,0,0,,0,0,,0,1,0,0,0,0,0,0,0,0,0,"{""6"": [], ""7"": [], ""11"": []}",0.0,0.0,0.0,,0.0,0.0,0.0,,0.0,0.0
odatv:200400,odatv,2021-01-19,3,10,545,630,Bir aşı piyasaya çıkmadan önce belirli aşamalardan başarılı olarak geçmesi gerekiyor.,0,,0,0,,0,0,,0,12,0,0,0,0,0,0,0,0,0,"{""6"": [], ""7"": [], ""11"": []}",0.0,0.0,0.0,,0.0,0.0,0.0,,0.0,0.0
odatv:200400,odatv,2021-01-19,3,11,631,737,"FAZ III amacı, aşının klinik etkinliğinin ve yan etkilerinin daha geniş popülasyonda değerlendirilmesidir.",1,değerlendirile,1,0,,0,0,,1,16,0,0,0,0,0,0,0,0,0,"{""6"": [], ""7"": [], ""11"": []}",0.0,0.0,0.0,,0.0,0.0,0.0,,0.0,0.0
odatv:200400,odatv,2021-01-19,3,12,738,805,Ki hedef; aşının etkili ve güvenli olup olmadığına karar vermektir.,0,,0,0,,0,0,,0,14,0,0,0,0,0,0,0,0,0,"{""6"": [], ""7"": [], ""11"": []}",0.0,0.0,0.0,,0.0,0.0,0.0,,0.0,0.0
odatv:200400,odatv,2021-01-19,3,13,807,849,FAZ III çalışmalarında gönüllülük esastır.,0,,0,0,,0,0,,0,7,0,0,0,0,0,0,0,0,0,"{""6"": [], ""7"": [], ""11"": []}",0.0,0.0,0.0,,0.0,0.0,0.0,,0.0,0.0
odatv:200400,odatv,2021-01-19,3,14,850,909,"Ancak gönüllü olmak yetmez, bazı kriterler-kurallar vardır:",0,,0,0,,0,0,,0,12,0,0,0,0,0,0,0,0,0,"{""6"": [], ""7"": [], ""11"": []}",0.0,0.0,0.0,,0.0,0.0,0.0,,0.0,0.0
odatv:200400,odatv,2021-01-19,3,15,911,934,"Mesela, hamile olmamak…",0,,0,0,,0,0,,0,5,0,0,0,0,0,0,0,0,0,"{""6"": [], ""7"": [], ""11"": []}",0.0,0.0,0.0,,0.0,0.0,0.0,,0.0,0.0
odatv:200400,odatv,2021-01-19,3,16,936,972,"Mesela, 18 yaş altında olmamak gibi…",0,,0,0,,0,0,,0,8,0,0,0,0,0,0,0,0,0,"{""6"": [], ""7"": [], ""11"": []}",0.0,0.0,0.0,,0.0,0.0,0.0,,0.0,0.0
odatv:200400,odatv,2021-01-19,3,17,974,1111,"Denek olduğunuzda da mesele bitmiyor; bir dizi testten geçmeniz gerekiyor; kan tablosu, böbrek- karaciğer fonksiyonlarına bakılması gibi…",1,bakılması,1,0,,0,0,,1,22,0,0,0,0,0,0,0,0,0,"{""6"": [], ""7"": [], ""11"": []}",0.0,0.0,0.0,,0.0,0.0,0.0,,0.0,0.0
odatv:200400,odatv,2021-01-19,3,18,1113,1206,"Sorular yöneltilir; ilaç kullanıp kullanılmadığı, ilaç etkileşimlerinin olup olmayacağı gibi…",1,yöneltilir | kullanılmadığı,2,0,,0,0,,1,13,0,0,0,0,0,0,0,0,0,"{""6"": [], ""7"": [], ""11"": []}",0.0,0.0,0.0,,0.0,0.0,0.0,,0.0,0.0
odatv:200400,odatv,2021-01-19,3,19,1208,1270,Bu aşamaları geçtikten sonra denek olarak kabul ediliyorsunuz.,0,,0,0,,0,0,,0,9,0,0,0,0,0,0,0,0,0,"{""6"": [], ""7"": [], ""11"": []}",0.0,0.0,0.0,,0.0,0.0,0.0,,0.0,0.0
odatv:200400,odatv,2021-01-19,3,20,1271,1308,Ve bir onay formuna imza atıyorsunuz…,0,,0,0,,0,0,,0,7,0,0,0,0,0,0,0,0,0,"{""6"": [], ""7"": [], ""11"": []}",0.0,0.0,0.0,,0.0,0.0,0.0,,0.0,0.0
odatv:200400,odatv,2021-01-19,3,21,1310,1337,Tartışılan konuya gelirsem:,1,Tartışılan,1,0,,0,0,,1,4,0,0,0,0,0,0,0,0,0,"{""6"": [], ""7"": [], ""11"": []}",0.0,0.0,0.0,,0.0,0.0,0.0,,0.0,0.0
odatv:200400,odatv,2021-01-19,3,22,1339,1394,"Cumhurbaşkanı Erdoğan'ın aşı olması doğru mu, değil mi?",0,,0,0,,0,0,,0,10,0,1,0,0,0,0,0,0,0,"{""6"": [], ""7"": [], ""11"": []}",1.0,1.0,1.0,,0.0,0.0,0.0,,1.0,0.0
odatv:200400,odatv,2021-01-19,3,23,1396,1453,"Erdoğan'ın değil, Cumhurbaşkanının aşı olması tartışıldı.",1,tartışıldı,1,0,,0,0,,1,8,0,0,0,0,0,0,0,0,0,"{""6"": [], ""7"": [], ""11"": []}",0.0,0.0,0.0,,0.0,0.0,0.0,,0.0,0.0
odatv:200400,odatv,2021-01-19,3,24,1454,1525,"Erdoğan kişi olarak, parti lideri olarak denek olmaya gönüllü olabilir.",0,,0,0,,0,0,,0,12,0,0,0,0,0,0,0,0,0,"{""6"": [], ""7"": [], ""11"": []}",0.0,0.0,0.0,,0.0,0.0,0.0,,0.0,0.0
odatv:200400,odatv,2021-01-19,3,25,1526,1543,Ya Cumhurbaşkanı?,0,,0,0,,0,0,,0,3,0,0,0,0,0,0,0,0,0,"{""6"": [], ""7"": [], ""11"": []}",0.0,0.0,0.0,,0.0,0.0,0.0,,0.0,0.0
odatv:200400,odatv,2021-01-19,3,26,1545,1561,İKİ FARKLI GÖRÜŞ,0,,0,0,,0,0,,0,3,0,0,0,0,0,0,0,0,0,"{""6"": [], ""7"": [], ""11"": []}",0.0,0.0,0.0,,0.0,0.0,0.0,,0.0,0.0
odatv:200400,odatv,2021-01-19,3,27,1563,1590,Anayasa (madde 104) der ki:,0,,0,0,,0,0,,0,8,0,0,0,0,0,0,0,0,0,"{""6"": [], ""7"": [], ""11"": []}",0.0,0.0,0.0,,0.0,0.0,0.0,,0.0,0.0
odatv:200400,odatv,2021-01-19,3,28,1592,1624,-Cumhurbaşkanı devletin başıdır.,0,,0,0,,0,0,,0,6,0,0,0,0,0,0,0,0,0,"{""6"": [], ""7"": [], ""11"": []}",0.0,0.0,0.0,,0.0,0.0,0.0,,0.0,0.0
odatv:200400,odatv,2021-01-19,3,29,1626,1715,-Devlet başkanı sıfatıyla Türkiye Cumhuriyetini ve Türk milletinin birliğini temsil eder.,0,,0,0,,0,0,,0,13,0,0,0,0,0,0,0,0,0,"{""6"": [], ""7"": [], ""11"": []}",0.0,0.0,0.0,,0.0,0.0,0.0,,0.0,0.0
odatv:200400,odatv,2021-01-19,3,30,1717,1779,-Devlet organlarının düzenli ve uyumlu çalışmasını temin eder.,0,,0,0,,0,0,,0,11,0,0,0,0,0,0,0,0,0,"{""6"": [], ""7"": [], ""11"": []}",0.0,0.0,0.0,,0.0,0.0,0.0,,0.0,0.0
odatv:200400,odatv,2021-01-19,3,31,1781,1848,–Milli güvenlik politikalarını belirler ve gerekli tedbirleri alır.,0,,0,0,,0,0,,0,9,0,0,0,0,0,0,0,0,0,"{""6"": [], ""7"": [], ""11"": []}",0.0,0.0,0.0,,0.0,0.0,0.0,,0.0,0.0
odatv:200400,odatv,2021-01-19,3,32,1850,1923,"-Bakanları ve üst kademe kamu yöneticilerini atar, görevlerine son verir.",0,,0,0,,0,0,,0,13,0,0,0,0,0,0,0,0,0,"{""6"": [], ""7"": [], ""11"": []}",0.0,0.0,0.0,,0.0,0.0,0.0,,0.0,0.0
odatv:200400,odatv,2021-01-19,3,33,1925,1944,-Kanunları onaylar.,0,,0,0,,0,0,,0,4,0,0,0,0,0,0,0,0,0,"{""6"": [], ""7"": [], ""11"": []}",0.0,0.0,0.0,,0.0,0.0,0.0,,0.0,0.0
odatv:200400,odatv,2021-01-19,3,34,1945,1981,"Kararnameler, yönetmelikler çıkarır.",0,,0,0,,0,0,,0,5,0,0,0,0,0,0,0,0,0,"{""6"": [], ""7"": [], ""11"": []}",0.0,0.0,0.0,,0.0,0.0,0.0,,0.0,0.0
odatv:200400,odatv,2021-01-19,3,35,1983,2026,–Türk Silahlı Kuvvetlerinin Başkomutanıdır.,0,,0,0,,0,0,,0,6,0,0,0,0,0,0,0,0,0,"{""6"": [], ""7"": [], ""11"": []}",0.0,0.0,0.0,,0.0,0.0,0.0,,0.0,0.0
odatv:200400,odatv,2021-01-19,3,36,2027,2030,Vs.,0,,0,0,,0,0,,0,2,0,0,0,0,0,0,0,0,0,"{""6"": [], ""7"": [], ""11"": []}",0.0,0.0,0.0,,0.0,0.0,0.0,,0.0,0.0
odatv:200400,odatv,2021-01-19,3,37,2032,2205,Böylesine kritik önemde makamda oturan bir cumhurbaşkanının aşının etkinliğini ve güvenilirliğini/ yan etkileri deneyimleyen FAZ III çalışmalarına gönüllü katılımı doğru mu?,0,,0,0,,0,0,,0,22,0,0,0,0,0,0,0,0,0,"{""6"": [], ""7"": [], ""11"": []}",0.0,0.0,0.0,,0.0,0.0,0.0,,0.0,0.0
odatv:200400,odatv,2021-01-19,3,38,2207,2286,“Evet doğrudur” diyenler; “Halka aşı konusunda güven vermesi gerekiyordu” dedi…,0,,0,0,,0,0,,0,14,0,0,0,0,0,0,0,0,0,"{""6"": [], ""7"": [], ""11"": []}",0.0,0.0,0.0,,0.0,0.0,0.0,,0.0,0.0
odatv:200400,odatv,2021-01-19,3,39,2288,2392,“Hayır yanlıştır” diyenler; “Aşının özellikle uzun dönem yan etkileri konusunda tam emin olamayız” dedi…,0,,0,1,yanlıştır,1,0,,0,18,0,0,0,0,0,0,0,0,0,"{""6"": [], ""7"": [], ""11"": []}",0.0,0.0,0.0,,0.0,0.0,0.0,,0.0,0.0
odatv:200400,odatv,2021-01-19,3,40,2394,2455,“Evet doğrudur” diyenler; “Putin de oldu Biden da oldu” dedi.,0,,0,0,,0,0,,0,15,0,0,0,0,0,0,0,0,0,"{""6"": [], ""7"": [], ""11"": []}",0.0,0.0,0.0,,0.0,0.0,0.0,,0.0,0.0
odatv:200400,odatv,2021-01-19,3,41,2457,2570,"“Hayır yanlıştır” diyenler; “Putin Rusya aşısı, Biden ise seçim sponsoru Pfizer aşısının reklamı için oldu” dedi.",0,,0,1,yanlıştır,1,0,,0,21,0,0,0,0,0,0,0,0,0,"{""6"": [], ""7"": [], ""11"": []}",0.0,0.0,0.0,,0.0,0.0,0.0,,0.0,0.0
odatv:200400,odatv,2021-01-19,3,42,2572,2664,“Evet doğrudur” diyenler; “Yıllardır kullanılan geleneksel aşılardan korkmak gereksiz” dedi.,1,kullanılan,1,0,,0,0,,1,16,0,0,0,0,0,0,0,0,0,"{""6"": [], ""7"": [], ""11"": []}",0.0,0.0,0.0,,0.0,0.0,0.0,,0.0,0.0
odatv:200400,odatv,2021-01-19,3,43,2666,3020,"“Hayır yanlıştır” diyenler; “ Sinovac şirketi güvenilmezdir; Çin şirketi olup olmadığı bile kesin değildir, ortakları arasında JP Morgan ve Citibank bile vardır, FAZ I ve FAZ II klinik denemelerinde şaibeler olduğu iddia ediliyor, önceki aşılarını geliştirme ve onay alma süresi 10 yıl, 8 yıl, 5.5 yıl idi, bu son aşısının 6 aylık olması sıra dışı” dedi.",1,güvenilmez | ediliyor,2,1,yanlıştır,1,0,,1,69,1,0,0,1,0,0,0,0,0,"{""6"": [""Attack on Reputation""], ""7"": [], ""11"": []}",1.0,1.0,1.0,,1.0,1.0,1.0,,1.0,1.0
odatv:200400,odatv,2021-01-19,3,44,3022,3144,Bu söz tartışmayı alevlendirdi: “Siz utangaç Amerikan hayranları Çin'i kötülemek için bu küresel yalanlara sarılıyorsunuz…,0,,0,0,,0,0,,0,17,0,0,0,1,0,0,0,0,0,"{""6"": [""Attack on Reputation""], ""7"": [], ""11"": []}",0.0,0.0,0.0,,1.0,1.0,1.0,,0.0,1.0
odatv:200400,odatv,2021-01-19,3,45,3144,3145,”,0,,0,0,,0,0,,0,1,0,0,0,1,0,0,0,0,0,"{""6"": [""Attack on Reputation""], ""7"": [], ""11"": []}",0.0,0.0,0.0,,1.0,1.0,1.0,,0.0,1.0
odatv:200400,odatv,2021-01-19,3,46,3147,3155,Bitmedi…,0,,0,0,,0,0,,0,2,0,0,0,0,0,0,0,0,0,"{""6"": [], ""7"": [], ""11"": []}",0.0,0.0,0.0,,0.0,0.0,0.0,,0.0,0.0
odatv:200400,odatv,2021-01-19,3,47,3157,3175,SARAÇOGLU NE DİYOR,0,,0,0,,0,0,,0,3,0,0,0,0,0,0,0,0,0,"{""6"": [], ""7"": [], ""11"": []}",0.0,0.0,0.0,,0.0,0.0,0.0,,0.0,0.0
odatv:200400,odatv,2021-01-19,3,48,3177,3218,Tartışma sürerken bir arkadaş hatırlattı:,0,,0,0,,0,0,,0,6,0,0,0,0,0,0,0,0,0,"{""6"": [], ""7"": [], ""11"": []}",0.0,0.0,0.0,,0.0,0.0,0.0,,0.0,0.0
odatv:200400,odatv,2021-01-19,3,49,3220,3312,"-“Sağlık danışmanı İbrahim Adnan Saraçoğlu, Cumhurbaşkanının aşı olmasına nasıl izin verdi?”",0,,0,0,,0,0,,0,15,0,0,0,0,0,0,0,0,0,"{""6"": [], ""7"": [], ""11"": []}",0.0,0.0,0.0,,0.0,0.0,0.0,,0.0,0.0
odatv:200400,odatv,2021-01-19,3,50,3313,3334,Yanıtı kendi söyledi:,0,,0,0,,0,0,,0,4,0,0,0,0,0,0,0,0,0,"{""6"": [], ""7"": [], ""11"": []}",0.0,0.0,0.0,,0.0,0.0,0.0,,0.0,0.0
odatv:200400,odatv,2021-01-19,3,51,3336,3416,-“Neredeyse her gün medyaya çıkan Saraçoğlu'nun ‘aşı olun' dediğini duydunuz mu?,0,,0,0,,0,0,,0,14,0,0,0,0,0,0,0,0,0,"{""6"": [], ""7"": [], ""11"": []}",0.0,0.0,0.0,,0.0,0.0,0.0,,0.0,0.0
odatv:200400,odatv,2021-01-19,3,52,3417,3478,"Aşı konusunda tek söylediği, otizmle ilgisini açıklamak oldu!",0,,0,0,,0,0,,0,10,0,0,0,0,0,0,0,0,0,"{""6"": [], ""7"": [], ""11"": []}",0.0,0.0,0.0,,0.0,0.0,0.0,,0.0,0.0
odatv:200400,odatv,2021-01-19,3,53,3478,3479,”,0,,0,0,,0,0,,0,1,0,0,0,0,0,0,0,0,0,"{""6"": [], ""7"": [], ""11"": []}",0.0,0.0,0.0,,0.0,0.0,0.0,,0.0,0.0
odatv:200400,odatv,2021-01-19,3,54,3481,3569,Diğer arkadaş araya girdi; “Adaçayı ile ebegümeciyi karıştırarak gargara yapmayı önerdi.,0,,0,0,,0,0,,0,13,0,0,0,0,0,0,0,0,0,"{""6"": [], ""7"": [], ""11"": []}",0.0,0.0,0.0,,0.0,0.0,0.0,,0.0,0.0
odatv:200400,odatv,2021-01-19,3,55,3569,3570,”,0,,0,0,,0,0,,0,1,0,0,0,0,0,0,0,0,0,"{""6"": [], ""7"": [], ""11"": []}",0.0,0.0,0.0,,0.0,0.0,0.0,,0.0,0.0
odatv:200400,odatv,2021-01-19,3,56,3572,3609,Bu aşamada tartışmanın seyri değişti:,0,,0,0,,0,0,,0,6,0,0,0,0,0,0,0,0,0,"{""6"": [], ""7"": [], ""11"": []}",0.0,0.0,0.0,,0.0,0.0,0.0,,0.0,0.0
odatv:200400,odatv,2021-01-19,3,57,3611,3709,"Alternatif tıbba inanan, bitkisel ürünler kullanan Erdoğan, yoksa plasebo/boş/yalancı aşı mı oldu?",0,,0,0,,0,0,,0,16,0,0,0,0,0,0,0,0,0,"{""6"": [], ""7"": [], ""11"": []}",0.0,0.0,0.0,,0.0,0.0,0.0,,0.0,0.0
odatv:200400,odatv,2021-01-19,3,58,3710,3718,Öyle ya…,0,,0,0,,0,0,,0,3,0,0,0,0,0,0,0,0,0,"{""6"": [], ""7"": [], ""11"": []}",0.0,0.0,0.0,,0.0,0.0,0.0,,0.0,0.0
odatv:200400,odatv,2021-01-19,3,59,3720,3807,FAZ III çalışmalarında deneklere “çift kör” karşılaştırması için plasebo aşı yapılıyor.,1,yapılıyor,1,0,,0,0,,1,12,0,0,0,0,0,0,0,0,0,"{""6"": [], ""7"": [], ""11"": []}",0.0,0.0,0.0,,0.0,0.0,0.0,,0.0,0.0
odatv:200400,odatv,2021-01-19,3,60,3808,3873,"Yani Çin'den gelen aşıların bir bölümü gerçek aşı değil, plasebo.",0,,0,0,,0,0,,0,12,0,0,0,0,0,0,0,0,0,"{""6"": [], ""7"": [], ""11"": []}",0.0,0.0,0.0,,0.0,0.0,0.0,,0.0,0.0
odatv:200400,odatv,2021-01-19,3,61,3875,3920,Aşı olan kişi plasebo olup olmadığını bilmez.,0,,0,0,,0,0,,0,8,0,0,0,1,0,0,0,0,0,"{""6"": [], ""7"": [""Attack on Reputation""], ""11"": []}",0.0,0.0,0.0,,1.0,1.0,1.0,,0.0,1.0
odatv:200400,odatv,2021-01-19,3,62,3921,3995,Ama söz konusu olan Cumhurbaşkanı ve talebi plasebo aşı ise bilir elbette!,0,,0,0,,0,0,,0,13,0,0,0,1,0,0,0,0,0,"{""6"": [], ""7"": [""Attack on Reputation""], ""11"": []}",0.0,0.0,0.0,,1.0,1.0,1.0,,0.0,1.0
odatv:200400,odatv,2021-01-19,3,63,3997,4009,Uzatmayayım.,0,,0,0,,0,0,,0,2,0,0,0,0,0,0,0,0,0,"{""6"": [], ""7"": [], ""11"": []}",0.0,0.0,0.0,,0.0,0.0,0.0,,0.0,0.0
odatv:200400,odatv,2021-01-19,3,64,4010,4040,Bu tartışmayı keyifle izledim.,0,,0,0,,0,0,,0,5,0,0,0,0,0,0,0,0,0,"{""6"": [], ""7"": [], ""11"": []}",0.0,0.0,0.0,,0.0,0.0,0.0,,0.0,0.0
odatv:200400,odatv,2021-01-19,3,65,4042,4096,"Çünkü, “aşı tartışılmalıdır” diye yazan hep ben oldum.",0,,0,0,,0,0,,0,12,0,0,0,0,1,0,0,0,0,"{""6"": [""Justification""], ""7"": [], ""11"": []}",0.0,0.0,0.0,,1.0,1.0,1.0,,0.0,1.0
odatv:200400,odatv,2021-01-19,3,66,4098,4107,Odatv.com,0,,0,0,,0,0,,0,1,0,0,0,0,0,0,0,0,0,"{""6"": [], ""7"": [], ""11"": []}",0.0,0.0,0.0,,0.0,0.0,0.0,,0.0,0.0
odatv:202889,odatv,2021-02-28,2,0,0,48,Atatürk düşmanlığının altından hangi örgüt çıktı,0,,0,0,,0,0,,0,6,0,0,0,0,0,1,1,0,0,"{""6"": [""Manipulative Wording"", ""Simplification""], ""7"": []}",0.0,0.0,0.0,,1.0,1.0,1.0,,0.0,1.0
odatv:202889,odatv,2021-02-28,2,1,50,52,##,0,,0,0,,0,0,,0,1,0,0,0,0,0,0,0,0,0,"{""6"": [], ""7"": []}",0.0,0.0,0.0,,0.0,0.0,0.0,,0.0,0.0
odatv:202889,odatv,2021-02-28,2,2,53,217,Atatürk'e hakaret ettiği için ceza alan Furkan Bölükbaşı'nın bu yaygarası FETÖ bağlantılı örgütün eylemlerinde boy gösterdiği ve kumpaslarına sahip çıktığı için mi?,0,,0,0,,0,0,,0,23,1,1,1,0,0,1,0,0,0,"{""6"": [""Manipulative Wording""], ""7"": []}",1.0,1.0,0.0,1.0,1.0,1.0,1.0,,1.0,1.0
odatv:202889,odatv,2021-02-28,2,3,219,288,Atatürk’e hakaret ettiği için 1 yıl 6 ay 22 gün hapis cezası verildi.,1,verildi,1,0,,0,0,,1,14,0,0,0,0,0,0,0,0,0,"{""6"": [], ""7"": []}",0.0,0.0,0.0,,0.0,0.0,0.0,,0.0,0.0
odatv:202889,odatv,2021-02-28,2,4,290,362,Kendisini “Atatürk’ü sevmiyorum dediğim için ceza aldım” diye pazarladı!,0,,0,0,,0,0,,0,11,0,0,0,1,0,1,0,0,0,"{""6"": [""Attack on Reputation"", ""Manipulative Wording""], ""7"": []}",0.0,0.0,0.0,,1.0,1.0,1.0,,0.0,1.0
odatv:202889,odatv,2021-02-28,2,5,363,430,Bazı “gazeteciler” de bu iddia üzerine köşelerini bu kişiye ayırdı.,0,,0,0,,0,0,,0,11,0,0,0,0,0,0,0,0,0,"{""6"": [], ""7"": []}",0.0,0.0,0.0,,0.0,0.0,0.0,,0.0,0.0
odatv:202889,odatv,2021-02-28,2,6,432,502,"Peki, gerçekte sadece “Atatürk’ü sevmiyorum” dediği için mi ceza aldı?",0,,0,0,,0,0,,0,13,0,0,0,0,0,0,0,0,0,"{""6"": [], ""7"": []}",0.0,0.0,0.0,,0.0,0.0,0.0,,0.0,0.0
odatv:202889,odatv,2021-02-28,2,7,504,519,Tabii ki hayır!,0,,0,0,,0,0,,0,4,0,0,0,0,0,0,0,0,0,"{""6"": [], ""7"": []}",0.0,0.0,0.0,,0.0,0.0,0.0,,0.0,0.0
odatv:202889,odatv,2021-02-28,2,8,521,774,"Ekşi Sözlük’te ""Lord eddard stark"", Twitter’da “drizzt/@karaelf” kullanıcı adıyla paylaşımlar yapan Bölükbaşı, aldığı cezaya “şeref madalyası” diyor ama, savcı karşısına çıkınca Atatürk’e hakaret içeren “O paylaşımları ben yapmadım” diye ifade vermişti.",0,,0,0,,0,0,,0,38,0,0,0,0,0,0,0,0,0,"{""6"": [], ""7"": []}",0.0,0.0,0.0,,0.0,0.0,0.0,,0.0,0.0
odatv:202889,odatv,2021-02-28,2,9,776,871,"Ve Bölükbaşı gerçekte “Atatürk’ü sevmiyorum” dediği için değil, hakaret ettiği için yargılandı.",1,yargılandı,1,0,,0,0,,1,15,0,0,0,0,0,0,0,0,0,"{""6"": [], ""7"": []}",0.0,0.0,0.0,,0.0,0.0,0.0,,0.0,0.0
odatv:202889,odatv,2021-02-28,2,10,873,974,"Şimdi üzeri kapatılmaya çalışılan o paylaşımlara, Bölükbaşı hakkında hazırlanan iddianameden bakalım.",1,çalışılan | hazırlanan,2,0,,0,0,,1,13,0,0,0,0,0,0,0,0,0,"{""6"": [], ""7"": []}",0.0,0.0,0.0,,0.0,0.0,0.0,,0.0,0.0
odatv:202889,odatv,2021-02-28,2,11,976,1056,İddianamede Bölükbaşı’nın “Bana ait değil” diye iddia ettiği paylaşımlar şunlar:,0,,0,0,,0,0,,0,12,0,0,0,0,1,0,0,0,0,"{""6"": [""Justification""], ""7"": []}",0.0,0.0,0.0,,1.0,1.0,1.0,,0.0,1.0
odatv:202889,odatv,2021-02-28,2,12,1058,1099,“- ‘Hangisi atanızdır A-Atatürk B-Maymun.,0,,0,0,,0,0,,0,13,0,0,0,0,1,0,0,0,0,"{""6"": [""Justification""], ""7"": []}",0.0,0.0,0.0,,1.0,1.0,1.0,,0.0,1.0
odatv:202889,odatv,2021-02-28,2,13,1099,1100,’,0,,0,0,,0,0,,0,1,0,0,0,0,1,0,0,0,0,"{""6"": [""Justification""], ""7"": []}",0.0,0.0,0.0,,1.0,1.0,1.0,,0.0,1.0
odatv:202889,odatv,2021-02-28,2,14,1102,1124,- ‘Atatürk'e giydirdim,0,,0,0,,0,0,,0,4,0,0,0,0,0,0,0,0,0,"{""6"": [], ""7"": []}",0.0,0.0,0.0,,0.0,0.0,0.0,,0.0,0.0
odatv:202889,odatv,2021-02-28,2,15,1124,1125,’,0,,0,0,,0,0,,0,1,0,0,0,0,0,0,0,0,0,"{""6"": [], ""7"": []}",0.0,0.0,0.0,,0.0,0.0,0.0,,0.0,0.0
odatv:202889,odatv,2021-02-28,2,16,1127,1169,- Cumhuriyet Atatürk'ün mizah anlayışıdır.,0,,0,0,,0,0,,0,7,0,0,0,0,0,0,0,0,0,"{""6"": [], ""7"": []}",0.0,0.0,0.0,,0.0,0.0,0.0,,0.0,0.0
odatv:202889,odatv,2021-02-28,2,17,1170,1245,Halkın yönetimini ilan edip tek adam diktası kurmanın başka açıklaması yok.,0,,0,0,,0,0,,0,12,0,0,0,0,0,1,0,0,0,"{""6"": [""Manipulative Wording""], ""7"": []}",0.0,0.0,0.0,,1.0,1.0,1.0,,0.0,1.0
odatv:202889,odatv,2021-02-28,2,18,1246,1378,"Kurtlu filan olmasın, Cumhuriyeti Atatürke borçlusun diyor ulan istemediğim şeyi iteleyip birde borç takan adamı neden seveyim kezo?",0,,0,0,,0,0,,0,20,0,0,0,0,0,0,0,0,0,"{""6"": [], ""7"": []}",0.0,0.0,0.0,,0.0,0.0,0.0,,0.0,0.0
odatv:202889,odatv,2021-02-28,2,19,1378,1379,”,0,,0,0,,0,0,,0,1,0,0,0,0,0,0,0,0,0,"{""6"": [], ""7"": []}",0.0,0.0,0.0,,0.0,0.0,0.0,,0.0,0.0
odatv:202889,odatv,2021-02-28,2,20,1381,1448,İşte Bölükbaşı'na verilen ceza bu okuduğunuz paylaşımlardan dolayı.,1,verilen,1,0,,0,0,,1,9,0,0,0,0,0,0,0,0,0,"{""6"": [], ""7"": []}",0.0,0.0,0.0,,0.0,0.0,0.0,,0.0,0.0
odatv:202889,odatv,2021-02-28,2,21,1450,1505,Ve Furkan Bölükbaşı’nın hikayesi bununla da bitmiyor...,0,,0,0,,0,0,,0,8,0,0,0,0,0,0,0,0,0,"{""6"": [], ""7"": []}",0.0,0.0,0.0,,0.0,0.0,0.0,,0.0,0.0
odatv:202889,odatv,2021-02-28,2,22,1507,1580,"Bölükbaşı, aynı zamanda FETÖ’ye yakınlığıyla bilinen Genç Siviller’den...",1,bilinen,1,0,,0,0,,1,10,1,0,0,0,1,0,0,0,0,"{""6"": [""Justification""], ""7"": []}",0.0,0.0,0.0,0.0,1.0,1.0,1.0,,1.0,1.0
odatv:202889,odatv,2021-02-28,2,23,1581,1651,"“Eylemlerine katıldım” diyerek bunu reddetmiyor, “ama ayrıldım” diyor.",1,katıldım,1,0,,0,0,,1,12,0,0,0,0,0,0,0,0,0,"{""6"": [], ""7"": []}",0.0,0.0,0.0,,0.0,0.0,0.0,,0.0,0.0
odatv:202889,odatv,2021-02-28,2,24,1653,1665,İşin aslı...,0,,0,0,,0,0,,0,3,0,0,0,0,0,0,0,0,0,"{""6"": [], ""7"": []}",0.0,0.0,0.0,,0.0,0.0,0.0,,0.0,0.0
odatv:202889,odatv,2021-02-28,2,25,1667,1752,"Bölükbaşı, “Atatürk’ü sevmiyorum” dediği için değil, hakaret ettiği için ceza alıyor.",0,,0,0,,0,0,,0,15,0,0,0,0,0,0,0,0,0,"{""6"": [], ""7"": []}",0.0,0.0,0.0,,0.0,0.0,0.0,,0.0,0.0
odatv:202889,odatv,2021-02-28,2,26,1754,1768,Şimdi soru şu:,0,,0,0,,0,0,,0,4,0,0,0,0,0,0,0,0,0,"{""6"": [], ""7"": []}",0.0,0.0,0.0,,0.0,0.0,0.0,,0.0,0.0
odatv:202889,odatv,2021-02-28,2,27,1770,1857,Bölükbaşı'nın bu yaygarası FETÖ bağlantılı örgütün eylemlerinde boy gösterdiği için mi?,0,,0,0,,0,0,,0,12,0,0,0,0,0,0,0,0,0,"{""6"": [], ""7"": []}",0.0,0.0,0.0,,0.0,0.0,0.0,,0.0,0.0
odatv:202889,odatv,2021-02-28,2,28,1859,1924,Bölükbaşı ve ona sahip çıkanlar boşuna ortalığı ayağa kaldırıyor.,0,,0,0,,0,0,,0,10,0,0,0,0,0,0,0,0,0,"{""6"": [], ""7"": []}",0.0,0.0,0.0,,0.0,0.0,0.0,,0.0,0.0
odatv:202889,odatv,2021-02-28,2,29,1926,1982,Bilmekte fayda var: Çok bağırınca geçmişiniz silinmiyor!,1,silinmiyor,1,0,,0,0,,1,9,0,0,0,1,0,0,0,1,0,"{""6"": [""Attack on Reputation""], ""7"": [""Call""]}",0.0,0.0,0.0,,1.0,1.0,0.0,1.0,0.0,1.0
odatv:202889,odatv,2021-02-28,2,30,1984,1995,Can Özçelik,0,,0,0,,0,0,,0,2,0,1,0,0,0,0,0,0,0,"{""6"": [], ""7"": []}",1.0,1.0,1.0,,0.0,0.0,0.0,,1.0,0.0
odatv:202889,odatv,2021-02-28,2,31,1997,2006,Odatv.com,0,,0,0,,0,0,,0,1,0,0,0,0,0,0,0,0,0,"{""6"": [], ""7"": []}",0.0,0.0,0.0,,0.0,0.0,0.0,,0.0,0.0
odatv:204812,odatv,2021-04-01,3,0,0,30,Milli Gazete ezberini bozmuyor,0,,0,0,,0,0,,0,4,1,0,0,1,0,0,0,0,0,"{""6"": [""Attack on Reputation""], ""7"": [], ""11"": []}",1.0,1.0,1.0,,1.0,1.0,1.0,,1.0,1.0
odatv:204812,odatv,2021-04-01,3,1,32,161,"## Soner Yalçın yazdı: Dünkü manşeti gösteriyor ki, hemen her meseleyi salt kültür boyutuna indirgemekten bir türlü vazgeçemiyor.",0,,0,0,,0,0,,0,21,0,0,0,0,0,0,0,0,0,"{""6"": [], ""7"": [], ""11"": []}",0.0,0.0,0.0,,0.0,0.0,0.0,,0.0,0.0
odatv:204812,odatv,2021-04-01,3,2,162,250,Çorum olaylarını yaşadım; “Kızılbaşlar camiye bomba attı” yalanıyla şehir yandı-yakıldı.,1,yakıldı,1,0,,0,0,,1,14,0,0,0,0,0,0,0,0,0,"{""6"": [], ""7"": [], ""11"": []}",0.0,0.0,0.0,,0.0,0.0,0.0,,0.0,0.0
odatv:204812,odatv,2021-04-01,3,3,252,268,1970'lerin başı…,0,,0,0,,0,0,,0,3,0,0,0,0,0,0,0,0,0,"{""6"": [], ""7"": [], ""11"": []}",0.0,0.0,0.0,,0.0,0.0,0.0,,0.0,0.0
odatv:204812,odatv,2021-04-01,3,4,270,283,Daha çocuğum…,0,,0,0,,0,0,,0,3,0,0,0,0,0,0,0,0,0,"{""6"": [], ""7"": [], ""11"": []}",0.0,0.0,0.0,,0.0,0.0,0.0,,0.0,0.0
odatv:204812,odatv,2021-04-01,3,5,285,314,Ecevit rüzgârı esiyor ülkede…,0,,0,0,,0,0,,0,5,0,0,0,0,0,0,0,0,0,"{""6"": [], ""7"": [], ""11"": []}",0.0,0.0,0.0,,0.0,0.0,0.0,,0.0,0.0
odatv:204812,odatv,2021-04-01,3,6,316,378,Duvara sloganlar yazıyoruz; birini hiç unutmam: Yobaz Erbakan…,0,,0,0,,0,0,,0,11,0,0,0,1,0,0,0,0,0,"{""6"": [], ""7"": [], ""11"": [""Attack on Reputation""]}",0.0,0.0,0.0,,1.0,1.0,1.0,,0.0,1.0
odatv:204812,odatv,2021-04-01,3,7,380,460,Bakışımız yıllar boyu değişmedi; Erbakan “alay konusu” idi “bizim mahalle” için.,0,,0,0,,0,0,,0,13,0,0,0,0,0,0,0,0,0,"{""6"": [], ""7"": [], ""11"": []}",0.0,0.0,0.0,,0.0,0.0,0.0,,0.0,0.0
odatv:204812,odatv,2021-04-01,3,8,462,529,CHP-MSP koalisyon hükümetinin ülke için değerini bile kavrayamadık.,0,,0,0,,0,0,,0,11,0,0,0,0,0,0,0,0,0,"{""6"": [], ""7"": [], ""11"": []}",0.0,0.0,0.0,,0.0,0.0,0.0,,0.0,0.0
odatv:204812,odatv,2021-04-01,3,9,530,582,Erbakan'ın sözleri eğlence konusu olmaya devam etti:,0,,0,0,,0,0,,0,8,0,0,0,0,0,0,0,0,0,"{""6"": [], ""7"": [], ""11"": []}",0.0,0.0,0.0,,0.0,0.0,0.0,,0.0,0.0
odatv:204812,odatv,2021-04-01,3,10,584,668,-Milli Gazete'de futbolcuların kısa şortlarından dolayı spor sayfasının kapanmasını…,1,kapanmasını,1,0,,0,0,,1,11,0,0,0,0,0,0,0,0,0,"{""6"": [], ""7"": [], ""11"": []}",0.0,0.0,0.0,,0.0,0.0,0.0,,0.0,0.0
odatv:204812,odatv,2021-04-01,3,11,670,724,–Hosteslerin etek boylarını 15 cm uzatma gayretlerini…,0,,0,0,,0,0,,0,8,0,0,0,0,0,0,0,0,0,"{""6"": [], ""7"": [], ""11"": []}",0.0,0.0,0.0,,0.0,0.0,0.0,,0.0,0.0
odatv:204812,odatv,2021-04-01,3,12,726,815,–Oğuzhan Asiltürk'ün gazetelerdeki kadın dekolte kıyafetlerini karalaması ile alay ettik.,0,,0,0,,0,0,,0,12,1,0,0,0,0,0,0,0,0,"{""6"": [], ""7"": [], ""11"": []}",1.0,1.0,1.0,,0.0,0.0,0.0,,1.0,0.0
odatv:204812,odatv,2021-04-01,3,13,817,845,Her yaptıklarını küçümsedik.,0,,0,0,,0,0,,0,4,0,0,0,0,0,0,0,0,0,"{""6"": [], ""7"": [], ""11"": []}",0.0,0.0,0.0,,0.0,0.0,0.0,,0.0,0.0
odatv:204812,odatv,2021-04-01,3,14,847,1004,"Hafife aldıklarımız/önem vermediklerimiz büyükşehir belediye başkanlıklarını kazanınca “Şeriat geliyor” diye panik yaptık, bir kez olsun anlamaya çalışmadık.",0,,0,0,,0,0,,0,21,0,1,0,0,0,0,0,0,0,"{""6"": [], ""7"": [], ""11"": []}",1.0,1.0,1.0,,0.0,0.0,0.0,,1.0,0.0
odatv:204812,odatv,2021-04-01,3,15,1006,1017,Daha acısı…,0,,0,0,,0,0,,0,3,0,0,0,0,0,0,0,0,0,"{""6"": [], ""7"": [], ""11"": []}",0.0,0.0,0.0,,0.0,0.0,0.0,,0.0,0.0
odatv:204812,odatv,2021-04-01,3,16,1018,1069,Başörtülü kızların haykırışlarını duymazdan geldik.,0,,0,0,,0,0,,0,6,0,0,1,0,0,0,0,0,0,"{""6"": [], ""7"": [], ""11"": []}",1.0,1.0,1.0,,0.0,0.0,0.0,,1.0,0.0
odatv:204812,odatv,2021-04-01,3,17,1071,1082,Daha acısı…,0,,0,0,,0,0,,0,3,0,0,0,0,0,0,0,0,0,"{""6"": [], ""7"": [], ""11"": []}",0.0,0.0,0.0,,0.0,0.0,0.0,,0.0,0.0
odatv:204812,odatv,2021-04-01,3,18,1083,1201,"Aksoy, Üçok, Mumcu, Kışlalı cinayetlerinden sonra asıl faillerin oyununa gelip “Türkiye İran Olmayacak” sloganı attık.",0,,0,0,,0,0,,0,19,0,0,0,0,0,0,0,0,0,"{""6"": [], ""7"": [], ""11"": []}",0.0,0.0,0.0,,0.0,0.0,0.0,,0.0,0.0
odatv:204812,odatv,2021-04-01,3,19,1203,1214,Daha acısı…,0,,0,0,,0,0,,0,3,0,0,0,0,0,0,0,0,0,"{""6"": [], ""7"": [], ""11"": []}",0.0,0.0,0.0,,0.0,0.0,0.0,,0.0,0.0
odatv:204812,odatv,2021-04-01,3,20,1215,1256,Erbakan'a karşı 28 Şubat'a destek çıktık.,0,,0,0,,0,0,,0,7,0,0,1,0,0,0,0,0,0,"{""6"": [], ""7"": [], ""11"": []}",1.0,1.0,1.0,,0.0,0.0,0.0,,1.0,0.0
odatv:204812,odatv,2021-04-01,3,21,1258,1318,Meseleye sadece tek kültürel boyutla/yaşam biçimiyle baktık.,0,,0,0,,0,0,,0,8,0,0,0,0,0,0,1,0,0,"{""6"": [""Simplification""], ""7"": [], ""11"": []}",0.0,0.0,0.0,,1.0,1.0,1.0,,0.0,1.0
odatv:204812,odatv,2021-04-01,3,22,1320,1340,"Güya, Marksist idik…",0,,0,0,,0,0,,0,5,0,0,0,1,0,0,0,0,0,"{""6"": [""Attack on Reputation""], ""7"": [], ""11"": []}",0.0,0.0,0.0,,1.0,1.0,1.0,,0.0,1.0
odatv:204812,odatv,2021-04-01,3,23,1342,1504,"Güya, Marksist teorideki alt yapı-üst yapı nedir; ekonomik ilişkilerin kültürü, ideolojiyi, siyasi kurumları ve toplumsal yönetim biçimini belirlediğini bilirdik.",0,,0,0,,0,0,,0,27,0,0,0,0,0,0,0,0,0,"{""6"": [], ""7"": [], ""11"": []}",0.0,0.0,0.0,,0.0,0.0,0.0,,0.0,0.0
odatv:204812,odatv,2021-04-01,3,24,1505,1556,"Ne gezer, yarım bildiğimizin hiç farkında değildik.",0,,0,0,,0,0,,0,9,0,0,0,1,0,0,0,0,0,"{""6"": [""Attack on Reputation""], ""7"": [], ""11"": []}",0.0,0.0,0.0,,1.0,1.0,1.0,,0.0,1.0
odatv:204812,odatv,2021-04-01,3,25,1558,1563,Peki…,0,,0,0,,0,0,,0,2,0,0,0,0,0,0,0,0,0,"{""6"": [], ""7"": [], ""11"": []}",0.0,0.0,0.0,,0.0,0.0,0.0,,0.0,0.0
odatv:204812,odatv,2021-04-01,3,26,1565,1590,“Bizim Mahalle” böyleydi…,0,,0,0,,0,0,,0,5,0,0,0,0,0,0,0,0,0,"{""6"": [], ""7"": [], ""11"": []}",0.0,0.0,0.0,,0.0,0.0,0.0,,0.0,0.0
odatv:204812,odatv,2021-04-01,3,27,1592,1611,Ya “Öteki Mahalle?”,0,,0,0,,0,0,,0,6,1,0,0,0,0,0,0,0,0,"{""6"": [], ""7"": [], ""11"": []}",1.0,1.0,1.0,,0.0,0.0,0.0,,1.0,0.0
odatv:204812,odatv,2021-04-01,3,28,1613,1633,SOVYET-ÇİN ÇATIŞMASI,0,,0,0,,0,0,,0,4,0,0,0,0,0,0,0,0,0,"{""6"": [], ""7"": [], ""11"": []}",0.0,0.0,0.0,,0.0,0.0,0.0,,0.0,0.0
odatv:204812,odatv,2021-04-01,3,29,1635,1639,Dün…,0,,0,0,,0,0,,0,2,0,0,0,0,0,0,0,0,0,"{""6"": [], ""7"": [], ""11"": []}",0.0,0.0,0.0,,0.0,0.0,0.0,,0.0,0.0
odatv:204812,odatv,2021-04-01,3,30,1640,1666,Milli Gazete manşet yaptı:,0,,0,0,,0,0,,0,5,0,0,0,0,0,0,0,0,0,"{""6"": [], ""7"": [], ""11"": []}",0.0,0.0,0.0,,0.0,0.0,0.0,,0.0,0.0
odatv:204812,odatv,2021-04-01,3,31,1668,1700,-“Çin İslam Dünyasını Kuşatıyor.,0,,0,0,,0,0,,0,6,0,0,0,0,0,0,0,0,0,"{""6"": [], ""7"": [], ""11"": []}",0.0,0.0,0.0,,0.0,0.0,0.0,,0.0,0.0
odatv:204812,odatv,2021-04-01,3,32,1700,1701,”,0,,0,0,,0,0,,0,1,0,0,0,0,0,0,0,0,0,"{""6"": [], ""7"": [], ""11"": []}",0.0,0.0,0.0,,0.0,0.0,0.0,,0.0,0.0
odatv:204812,odatv,2021-04-01,3,33,1703,1715,Haber şuydu:,0,,0,0,,0,0,,0,4,0,0,0,0,0,0,0,0,0,"{""6"": [], ""7"": [], ""11"": []}",0.0,0.0,0.0,,0.0,0.0,0.0,,0.0,0.0
odatv:204812,odatv,2021-04-01,3,34,1717,1852,"-“İslam ülkelerine milyarlarca dolar yatırım yapan Çin; Pakistan, Türkiye, İran ve Körfez ülkeleri üzerinde geniş bir etki alanı kurdu.",0,,0,0,,0,0,,0,24,0,0,0,0,0,0,0,0,0,"{""6"": [], ""7"": [], ""11"": []}",0.0,0.0,0.0,,0.0,0.0,0.0,,0.0,0.0
odatv:204812,odatv,2021-04-01,3,35,1853,1971,"Buna mukabil İslam ülkeleri, Doğu Türkistan meselesi başta olmak üzere birçok konuda sessizliğe bürünmeyi tercih etti.",0,,0,0,,0,0,,0,18,0,0,1,0,0,0,0,0,0,"{""6"": [], ""7"": [], ""11"": []}",1.0,1.0,1.0,,0.0,0.0,0.0,,1.0,0.0
odatv:204812,odatv,2021-04-01,3,36,1972,2047,"Neticede ekonomik bağımlılık, siyaseten bağımlılığı da beraberinde getirdi!",0,,0,0,,0,0,,0,10,0,0,0,0,0,0,0,0,0,"{""6"": [], ""7"": [], ""11"": []}",0.0,0.0,0.0,,0.0,0.0,0.0,,0.0,0.0
odatv:204812,odatv,2021-04-01,3,37,2047,2048,”,0,,0,0,,0,0,,0,1,0,0,0,0,0,0,0,0,0,"{""6"": [], ""7"": [], ""11"": []}",0.0,0.0,0.0,,0.0,0.0,0.0,,0.0,0.0
odatv:204812,odatv,2021-04-01,3,38,2050,2142,Milli Gazete arşivine girip baktım; sadece son üç ayda 37 Doğu Türkistan haberi yapmışlardı.,0,,0,0,,0,0,,0,16,0,0,0,0,0,0,0,0,0,"{""6"": [], ""7"": [], ""11"": []}",0.0,0.0,0.0,,0.0,0.0,0.0,,0.0,0.0
odatv:204812,odatv,2021-04-01,3,39,2143,2180,"Yani, üç günde bir haber diyebiliriz.",0,,0,0,,0,0,,0,8,0,0,0,0,0,0,0,0,0,"{""6"": [], ""7"": [], ""11"": []}",0.0,0.0,0.0,,0.0,0.0,0.0,,0.0,0.0
odatv:204812,odatv,2021-04-01,3,40,2182,2252,"Hepsinin ortak konusu Çin'in, Doğu Türkistan/Uygurları ezdiği iddiası:",0,,0,0,,0,0,,0,11,1,0,1,0,0,0,0,0,0,"{""6"": [], ""7"": [], ""11"": []}",1.0,1.0,1.0,1.0,0.0,0.0,0.0,,1.0,0.0
odatv:204812,odatv,2021-04-01,3,41,2254,2282,-“Soykırıma sessiz kalmayın!,0,,0,0,,0,0,,0,5,0,0,0,0,0,0,0,0,0,"{""6"": [], ""7"": [], ""11"": []}",0.0,0.0,0.0,,0.0,0.0,0.0,,0.0,0.0
odatv:204812,odatv,2021-04-01,3,42,2282,2283,”,0,,0,0,,0,0,,0,1,0,0,0,0,0,0,0,0,0,"{""6"": [], ""7"": [], ""11"": []}",0.0,0.0,0.0,,0.0,0.0,0.0,,0.0,0.0
odatv:204812,odatv,2021-04-01,3,43,2285,2347,Doğu Türkistan'da soykırım varsa hep birlikte mücadele edelim.,0,,0,0,,0,0,,0,10,0,0,0,0,0,0,0,0,0,"{""6"": [], ""7"": [], ""11"": []}",0.0,0.0,0.0,,0.0,0.0,0.0,,0.0,0.0
odatv:204812,odatv,2021-04-01,3,44,2348,2416,"Ama, öncelikle haber kaynaklarınızı gözden geçirmeniz gerekmiyor mu?",0,,0,0,,0,0,,0,10,0,0,0,0,0,0,0,0,0,"{""6"": [], ""7"": [], ""11"": []}",0.0,0.0,0.0,,0.0,0.0,0.0,,0.0,0.0
odatv:204812,odatv,2021-04-01,3,45,2418,2510,Sorgulamak şart: Doğu Türkistan/Uygur meselesi neden son beş on yılda dünya gündemine geldi?,0,,0,0,,0,0,,0,16,0,0,0,0,0,0,0,0,0,"{""6"": [], ""7"": [], ""11"": []}",0.0,0.0,0.0,,0.0,0.0,0.0,,0.0,0.0
odatv:204812,odatv,2021-04-01,3,46,2512,2517,Oysa.,0,,0,0,,0,0,,0,2,0,0,0,0,0,0,0,0,0,"{""6"": [], ""7"": [], ""11"": []}",0.0,0.0,0.0,,0.0,0.0,0.0,,0.0,0.0
odatv:204812,odatv,2021-04-01,3,47,2518,2525,Mesela…,0,,0,0,,0,0,,0,2,0,0,0,0,0,0,0,0,0,"{""6"": [], ""7"": [], ""11"": []}",0.0,0.0,0.0,,0.0,0.0,0.0,,0.0,0.0
odatv:204812,odatv,2021-04-01,3,48,2526,2564,Sosyalistler bu konuyla hep ilgiliydi:,0,,0,0,,0,0,,0,7,0,0,0,0,0,0,0,0,0,"{""6"": [], ""7"": [], ""11"": []}",0.0,0.0,0.0,,0.0,0.0,0.0,,0.0,0.0
odatv:204812,odatv,2021-04-01,3,49,2566,2623,Bilirsiniz sol dünyada “Çinci”-“Sovyetçi” kanatlar vardı.,0,,0,0,,0,0,,0,10,0,0,0,0,0,0,0,0,0,"{""6"": [], ""7"": [], ""11"": []}",0.0,0.0,0.0,,0.0,0.0,0.0,,0.0,0.0
odatv:204812,odatv,2021-04-01,3,50,2624,2656,Her iki ülke birbirine düşmandı.,0,,0,0,,0,0,,0,6,0,0,0,0,0,0,0,0,0,"{""6"": [], ""7"": [], ""11"": []}",0.0,0.0,0.0,,0.0,0.0,0.0,,0.0,0.0
odatv:204812,odatv,2021-04-01,3,51,2658,2726,"Sovyetler, bölgedeki Uygurları (ve Kazakları) Çin'e karşı kışkırttı.",0,,0,0,,0,0,,0,13,0,0,1,0,0,0,0,0,0,"{""6"": [], ""7"": [], ""11"": []}",1.0,1.0,1.0,,0.0,0.0,0.0,,1.0,0.0
odatv:204812,odatv,2021-04-01,3,52,2727,2735,Örneğin…,0,,0,0,,0,0,,0,2,0,0,0,0,0,0,0,0,0,"{""6"": [], ""7"": [], ""11"": []}",0.0,0.0,0.0,,0.0,0.0,0.0,,0.0,0.0
odatv:204812,odatv,2021-04-01,3,53,2736,2835,"Taşkent'ten Doğu Türkistan'a radyo yayınları yaptı, Uygurları bağımsız bir devlet için teşvik etti.",0,,0,0,,0,0,,0,15,0,0,0,0,0,0,0,0,0,"{""6"": [], ""7"": [], ""11"": []}",0.0,0.0,0.0,,0.0,0.0,0.0,,0.0,0.0
odatv:204812,odatv,2021-04-01,3,54,2836,2935,1962'de olaylar çıktı “Kurtuluş Ordusu” mensubu 60 bin Uygur (ve Kazak) Sovyetler Birliği'ne kaçtı…,0,,0,0,,0,0,,0,17,0,0,1,0,0,0,0,0,0,"{""6"": [], ""7"": [], ""11"": []}",1.0,1.0,1.0,,0.0,0.0,0.0,,1.0,0.0
odatv:204812,odatv,2021-04-01,3,55,2937,2942,Keza:,0,,0,0,,0,0,,0,2,0,0,0,0,0,0,0,0,0,"{""6"": [], ""7"": [], ""11"": []}",0.0,0.0,0.0,,0.0,0.0,0.0,,0.0,0.0
odatv:204812,odatv,2021-04-01,3,56,2944,3096,"Sovyetler Birliği, Afganistan'a 1979'da girince bu kez Çin, “Müslüman Afganlara zulüm yapılıyor” diye Uygurları Sovyetlere karşı ayaklandırmaya çalıştı!",1,yapılıyor,1,0,,0,0,,1,22,1,0,1,0,0,0,0,0,0,"{""6"": [], ""7"": [], ""11"": []}",1.0,1.0,1.0,1.0,0.0,0.0,0.0,,1.0,0.0
odatv:204812,odatv,2021-04-01,3,57,3098,3114,Bugüne gelirsek…,0,,0,0,,0,0,,0,3,0,0,0,0,0,0,0,0,0,"{""6"": [], ""7"": [], ""11"": []}",0.0,0.0,0.0,,0.0,0.0,0.0,,0.0,0.0
odatv:204812,odatv,2021-04-01,3,58,3116,3262,"Çin, ne zaman dünya devi oldu; 1990'ların sonundan itibaren Doğu Türkistan/Uygur konusu ABD öncülüğündeki Batı için “sorun” gösterilmeye başlandı…",1,gösterilmeye | başlandı,2,0,,0,0,,1,24,1,0,0,0,0,0,0,0,0,"{""6"": [], ""7"": [], ""11"": []}",1.0,1.0,1.0,,0.0,0.0,0.0,,1.0,0.0
odatv:204812,odatv,2021-04-01,3,59,3264,3288,Şuraya gelmek istiyorum:,0,,0,0,,0,0,,0,4,0,0,0,0,0,0,0,0,0,"{""6"": [], ""7"": [], ""11"": []}",0.0,0.0,0.0,,0.0,0.0,0.0,,0.0,0.0
odatv:204812,odatv,2021-04-01,3,60,3290,3307,TEK BOYUTLU BAKIŞ,0,,0,0,,0,0,,0,3,0,0,0,0,0,0,0,0,0,"{""6"": [], ""7"": [], ""11"": []}",0.0,0.0,0.0,,0.0,0.0,0.0,,0.0,0.0
odatv:204812,odatv,2021-04-01,3,61,3309,3322,Milli Gazete…,0,,0,0,,0,0,,0,3,0,0,0,0,0,0,0,0,0,"{""6"": [], ""7"": [], ""11"": []}",0.0,0.0,0.0,,0.0,0.0,0.0,,0.0,0.0
odatv:204812,odatv,2021-04-01,3,62,3324,3397,Doğu Türkistan meselesine salt kültürel/inanç boyutuyla duygusal bakıyor.,0,,0,0,,0,0,,0,9,0,0,0,0,0,0,0,0,0,"{""6"": [], ""7"": [], ""11"": []}",0.0,0.0,0.0,,0.0,0.0,0.0,,0.0,0.0
odatv:204812,odatv,2021-04-01,3,63,3399,3446,"Konunun, ekonomi-politiği ile hiç ilgili değil.",0,,0,0,,0,0,,0,10,0,0,0,0,0,0,0,0,0,"{""6"": [], ""7"": [], ""11"": []}",0.0,0.0,0.0,,0.0,0.0,0.0,,0.0,0.0
odatv:204812,odatv,2021-04-01,3,64,3448,3506,"Konunun, çatışmalı rekabet stratejisiyle hiç ilgili değil.",0,,0,0,,0,0,,0,9,0,0,0,0,0,0,0,0,0,"{""6"": [], ""7"": [], ""11"": []}",0.0,0.0,0.0,,0.0,0.0,0.0,,0.0,0.0
odatv:204812,odatv,2021-04-01,3,65,3508,3561,"Konunun, psikolojik harp yöntemiyle hiç ilgili değil.",0,,0,0,,0,0,,0,9,0,0,0,0,0,0,0,0,0,"{""6"": [], ""7"": [], ""11"": []}",0.0,0.0,0.0,,0.0,0.0,0.0,,0.0,0.0
odatv:204812,odatv,2021-04-01,3,66,3563,3650,"Konunun, 69 ülkeyi etkileyecek Çin'in “Bir Kuşak, Bir Yol” projesiyle hiç ilgili değil.",0,,0,0,,0,0,,0,16,0,0,0,0,0,0,0,0,0,"{""6"": [], ""7"": [], ""11"": []}",0.0,0.0,0.0,,0.0,0.0,0.0,,0.0,0.0
odatv:204812,odatv,2021-04-01,3,67,3651,3781,"Dünya haritasını açıp bakmıyorlar; “Bir Kuşak Bir Yol” projesinin şimdiye kadar belirginleşen ana güzergâhları nedir, görmüyorlar:",1,belirginleşen,1,0,,0,0,,1,19,0,0,0,0,0,0,0,0,0,"{""6"": [], ""7"": [], ""11"": []}",0.0,0.0,0.0,,0.0,0.0,0.0,,0.0,0.0
odatv:204812,odatv,2021-04-01,3,68,3783,3862,"İlki, Doğu Türkistan-Kazakistan-Rusya-Beyaz Rusya üzerinden Avrupa'ya ulaşıyor…",0,,0,0,,0,0,,0,15,0,0,0,0,1,0,0,0,0,"{""6"": [""Justification""], ""7"": [], ""11"": []}",0.0,0.0,0.0,,1.0,1.0,1.0,,0.0,1.0
odatv:204812,odatv,2021-04-01,3,69,3864,3965,"Diğeri, Doğu Türkistan-Kazakistan-Azerbaycan-Gürcistan-Türkiye-Balkanlar üzerinden Avrupa'ya gidiyor…",0,,0,0,,0,0,,0,18,0,0,0,0,1,0,0,0,0,"{""6"": [""Justification""], ""7"": [], ""11"": []}",0.0,0.0,0.0,,1.0,1.0,1.0,,0.0,1.0
odatv:204812,odatv,2021-04-01,3,70,3967,4115,"Bir başkası da, Doğu Türkistan'dan başlayıp Batı Türkistan'daki Türk Cumhuriyetleri'nden geçen muhtelif rotalardan İran'a ve Ortadoğu'ya bağlanıyor…",1,bağlanıyor,1,0,,0,0,,1,20,0,0,0,0,0,0,0,0,0,"{""6"": [], ""7"": [], ""11"": []}",0.0,0.0,0.0,,0.0,0.0,0.0,,0.0,0.0
odatv:204812,odatv,2021-04-01,3,71,4117,4218,"Çin ile ABD arasındaki büyük jeopolitik mücadeleyi analiz edemiyor, politik açıdan değerlendiremiyor.",0,,0,0,,0,0,,0,15,0,0,0,0,0,0,0,0,0,"{""6"": [], ""7"": [], ""11"": []}",0.0,0.0,0.0,,0.0,0.0,0.0,,0.0,0.0
odatv:204812,odatv,2021-04-01,3,72,4219,4303,"Önyargıyla hareket ediyor, ezberini bozmuyor, kendini aldatmaya açık hale getiriyor.",0,,0,0,,0,0,,0,13,0,0,0,1,0,0,0,0,0,"{""6"": [""Attack on Reputation""], ""7"": [], ""11"": []}",0.0,0.0,0.0,,1.0,1.0,1.0,,0.0,1.0
odatv:204812,odatv,2021-04-01,3,73,4305,4411,"Dünkü manşeti gösteriyor ki, hemen her meseleyi salt kültür boyutuna indirgemekten bir türlü vazgeçemiyor.",0,,0,0,,0,0,,0,17,0,0,0,0,0,0,0,0,1,"{""6"": [], ""7"": [""Distraction""], ""11"": []}",0.0,0.0,0.0,,1.0,1.0,1.0,,0.0,1.0
odatv:204812,odatv,2021-04-01,3,74,4413,4501,Çorum olaylarını yaşadım; “Kızılbaşlar camiye bomba attı” yalanıyla şehir yandı-yakıldı.,1,yakıldı,1,0,,0,0,,1,14,1,0,1,0,0,1,0,0,1,"{""6"": [""Manipulative Wording""], ""7"": [""Distraction""], ""11"": []}",1.0,1.0,1.0,1.0,1.0,1.0,1.0,1.0,1.0,1.0
odatv:204812,odatv,2021-04-01,3,75,4503,4570,"Bugün de, “Çin, Doğu Türkistan'daki camilere bomba atıyor” deniyor!",1,deniyor,1,0,,0,0,,1,14,1,0,1,0,0,1,0,0,1,"{""6"": [""Manipulative Wording""], ""7"": [""Distraction""], ""11"": []}",1.0,1.0,1.0,,1.0,1.0,1.0,1.0,1.0,1.0
odatv:204812,odatv,2021-04-01,3,76,4572,4581,Odatv.com,0,,0,0,,0,0,,0,1,0,0,0,0,0,0,0,0,0,"{""6"": [], ""7"": [], ""11"": []}",0.0,0.0,0.0,,0.0,0.0,0.0,,0.0,0.0
odatv:234457,odatv,2022-04-05,3,0,0,20,Borç’a farklı bakmak,0,,0,0,,0,0,,0,3,0,0,0,0,0,0,0,0,0,"{""6"": [], ""7"": [], ""11"": []}",0.0,0.0,0.0,,0.0,0.0,0.0,,0.0,0.0
odatv:234457,odatv,2022-04-05,3,1,22,94,Zihin özgürlüğü uçsuz bucaksız sınırsızlıktaki bilge delileri seviyorum.,0,,0,0,,0,0,,0,10,0,0,0,0,0,0,0,0,0,"{""6"": [], ""7"": [], ""11"": []}",0.0,0.0,0.0,,0.0,0.0,0.0,,0.0,0.0
odatv:234457,odatv,2022-04-05,3,2,96,159,Ülkemizde bu nitelikte cesur düşünür bulmak giderek zorlaşıyor.,0,,0,0,,0,0,,0,9,0,0,0,0,0,0,0,0,0,"{""6"": [], ""7"": [], ""11"": []}",0.0,0.0,0.0,,0.0,0.0,0.0,,0.0,0.0
odatv:234457,odatv,2022-04-05,3,3,161,278,"Ortama uyan, ezberi tekrarlayan ve bildiğini sanıp her özgün görüşe “komplo” diyen ne çok vasat akıllı var ülkemizde.",0,,0,0,,0,0,,0,20,0,0,0,1,0,1,0,0,0,"{""6"": [""Attack on Reputation"", ""Manipulative Wording""], ""7"": [], ""11"": []}",0.0,0.0,0.0,,1.0,1.0,1.0,,0.0,1.0
odatv:234457,odatv,2022-04-05,3,4,280,320,Bir bilge deli tanıtmak istiyorum: Prof.,0,,0,0,,0,0,,0,7,0,1,0,0,0,0,0,0,0,"{""6"": [], ""7"": [], ""11"": []}",0.0,1.0,0.0,0.0,0.0,0.0,0.0,,1.0,0.0
odatv:234457,odatv,2022-04-05,3,5,321,335,David Graeber…,0,,0,0,,0,0,,0,3,0,1,0,0,0,0,0,0,0,"{""6"": [], ""7"": [], ""11"": []}",0.0,1.0,0.0,0.0,0.0,0.0,0.0,,1.0,0.0
odatv:234457,odatv,2022-04-05,3,6,337,367,Amerikalı ekonomik antropolog.,0,,0,0,,0,0,,0,4,0,0,0,0,0,0,0,0,0,"{""6"": [], ""7"": [], ""11"": []}",0.0,0.0,0.0,,0.0,0.0,0.0,,0.0,0.0
odatv:234457,odatv,2022-04-05,3,7,369,429,Yüksek lisans ve doktorasını Chicago Üniversitesi'nden aldı.,0,,0,0,,0,0,,0,8,0,0,0,0,0,0,0,0,0,"{""6"": [], ""7"": [], ""11"": []}",0.0,0.0,0.0,,0.0,0.0,0.0,,0.0,0.0
odatv:234457,odatv,2022-04-05,3,8,430,484,Yale Üniversitesi'nde doçent olarak çalışmaya başladı.,0,,0,0,,0,0,,0,7,0,0,0,0,0,0,0,0,0,"{""6"": [], ""7"": [], ""11"": []}",0.0,0.0,0.0,,0.0,0.0,0.0,,0.0,0.0
odatv:234457,odatv,2022-04-05,3,9,485,530,"Yedi yıl sonra/2005'te Yale, işine son verdi.",0,,0,0,,0,0,,0,9,0,0,0,0,0,0,0,0,0,"{""6"": [], ""7"": [], ""11"": []}",0.0,0.0,0.0,,0.0,0.0,0.0,,0.0,0.0
odatv:234457,odatv,2022-04-05,3,10,531,630,"Tanınmış akademisyenlerinin başını çektiği grup, üniversiteye alınması için 4 bin 500 imza topladı.",1,alınması,1,1,Tanınmış,1,0,,1,15,0,0,0,0,0,0,0,0,0,"{""6"": [], ""7"": [], ""11"": []}",0.0,0.0,0.0,,0.0,0.0,0.0,,0.0,0.0
odatv:234457,odatv,2022-04-05,3,11,631,653,Yale geri adım atmadı.,0,,0,0,,0,0,,0,5,0,0,0,0,0,0,0,0,0,"{""6"": [], ""7"": [], ""11"": []}",0.0,0.0,0.0,,0.0,0.0,0.0,,0.0,0.0
odatv:234457,odatv,2022-04-05,3,12,654,660,Çünkü:,0,,0,0,,0,0,,0,2,0,0,0,0,0,0,0,0,0,"{""6"": [], ""7"": [], ""11"": []}",0.0,0.0,0.0,,0.0,0.0,0.0,,0.0,0.0
odatv:234457,odatv,2022-04-05,3,13,662,667,Prof.,0,,0,0,,0,0,,0,1,0,0,1,0,0,0,0,0,0,"{""6"": [], ""7"": [], ""11"": []}",1.0,1.0,1.0,,0.0,0.0,0.0,,1.0,0.0
odatv:234457,odatv,2022-04-05,3,14,668,800,"Graeber, Dünya Endüstri İşçileri sendikasının üyesiydi ve 2002'de New York'taki Dünya Ekonomik Forumu'nu protesto eden öncülerdendi.",0,,0,0,,0,0,,0,20,0,0,1,0,0,0,0,0,0,"{""6"": [], ""7"": [], ""11"": []}",1.0,1.0,1.0,,0.0,0.0,0.0,,1.0,0.0
odatv:234457,odatv,2022-04-05,3,15,802,934,Yirmiden fazla başvuru yapmasına rağmen ABD'de iş bulamadığı için İngiltere'ye “akademik sürgüne” gitti: London School of Economics…,0,,0,0,,0,0,,0,19,0,0,0,0,0,0,0,0,0,"{""6"": [], ""7"": [], ""11"": []}",0.0,0.0,0.0,,0.0,0.0,0.0,,0.0,0.0
odatv:234457,odatv,2022-04-05,3,16,936,1040,"Bu üniversitede ilk konuşmasının konusu şuydu: “Bilgi Ötesi: Güç, cehalet ve aptallık ilişkisinin keşfi.",0,,0,0,,0,0,,0,18,0,0,0,0,0,0,0,0,0,"{""6"": [], ""7"": [], ""11"": []}",0.0,0.0,0.0,,0.0,0.0,0.0,,0.0,0.0
odatv:234457,odatv,2022-04-05,3,17,1040,1041,”,0,,0,0,,0,0,,0,1,0,0,0,0,0,0,0,0,0,"{""6"": [], ""7"": [], ""11"": []}",0.0,0.0,0.0,,0.0,0.0,0.0,,0.0,0.0
odatv:234457,odatv,2022-04-05,3,18,1043,1156,"Eğitimi paraya endeksleyen neoliberalizmi protesto eden, 2010'da İngiltere'yi sarsan öğrenci eylemlerine katıldı.",1,katıldı,1,0,,0,0,,1,14,0,0,0,0,0,0,0,0,0,"{""6"": [], ""7"": [], ""11"": []}",0.0,0.0,0.0,,0.0,0.0,0.0,,0.0,0.0
odatv:234457,odatv,2022-04-05,3,19,1158,1283,Ekonomik eşitsizliğe ve paranın siyasetteki etkisine karşı düzenlenen “Wall Street'i İşgal Et” eylemini düzenleyen ekiptendi.,1,düzenlenen,1,0,,0,0,,1,17,0,0,0,0,0,0,0,0,0,"{""6"": [], ""7"": [], ""11"": []}",0.0,0.0,0.0,,0.0,0.0,0.0,,0.0,0.0
odatv:234457,odatv,2022-04-05,3,20,1284,1353,Bu protestonun başlıca sloganı “Biz Yüzde 99'uz” Graeber'in keşfiydi…,0,,0,0,,0,0,,0,11,0,0,0,0,0,0,0,0,0,"{""6"": [], ""7"": [], ""11"": []}",0.0,0.0,0.0,,0.0,0.0,0.0,,0.0,0.0
odatv:234457,odatv,2022-04-05,3,21,1355,1455,"Uzatmayayım; Venedik'te tatilde iken pankreasının aniden iltihaplanmasıyla 2020'de, 59 yaşında öldü.",0,,0,0,,0,0,,0,14,0,0,0,0,0,0,0,0,0,"{""6"": [], ""7"": [], ""11"": []}",0.0,0.0,0.0,,0.0,0.0,0.0,,0.0,0.0
odatv:234457,odatv,2022-04-05,3,22,1457,1474,KREDİ KARTI BORCU,0,,0,0,,0,0,,0,3,0,0,0,0,0,0,0,0,0,"{""6"": [], ""7"": [], ""11"": []}",0.0,0.0,0.0,,0.0,0.0,0.0,,0.0,0.0
odatv:234457,odatv,2022-04-05,3,23,1476,1513,Antropolog David Graeber'e döneceğim.,0,,0,0,,0,0,,0,5,0,0,0,0,0,0,0,0,0,"{""6"": [], ""7"": [], ""11"": []}",0.0,0.0,0.0,,0.0,0.0,0.0,,0.0,0.0
odatv:234457,odatv,2022-04-05,3,24,1515,1582,Önce CHP'nin “Saray'ın Kara Düzeni” raporundan alıntılar yapacağım:,0,,0,0,,0,0,,0,9,0,0,0,0,0,0,0,0,0,"{""6"": [], ""7"": [], ""11"": []}",0.0,0.0,0.0,,0.0,0.0,0.0,,0.0,0.0
odatv:234457,odatv,2022-04-05,3,25,1584,1736,"-2002 yılında bireysel kredi kullanan vatandaşların sayısı 1 milyon 275 bin kişi iken, bu rakam 2021 yılı Aralık ayında 34.8 milyon kişiye yükselmiştir.",0,,0,1,yükselmiştir,1,0,,0,26,0,0,1,0,0,0,0,0,0,"{""6"": [], ""7"": [], ""11"": []}",1.0,1.0,1.0,,0.0,0.0,0.0,,1.0,0.0
odatv:234457,odatv,2022-04-05,3,26,1738,1791,-Kişi başına ortalama kredi borcu 30 bin TL olmuştur.,0,,0,1,olmuştur,1,0,,0,11,0,0,0,0,0,0,0,0,0,"{""6"": [], ""7"": [], ""11"": []}",0.0,0.0,0.0,,0.0,0.0,0.0,,0.0,0.0
odatv:234457,odatv,2022-04-05,3,27,1793,1900,-2021 yılı Kasım ayı itibarıyla bireysel kredi borçları toplamı tarihte ilk defa 1 trilyon TL'yi geçmiştir.,0,,0,1,geçmiştir,1,0,,0,18,0,0,0,0,0,0,0,0,0,"{""6"": [], ""7"": [], ""11"": []}",0.0,0.0,0.0,,0.0,0.0,0.0,,0.0,0.0
odatv:234457,odatv,2022-04-05,3,28,1902,1983,-Yalnızca ihtiyaç kredisi ve kredi kartı borçları toplamı 686 milyar TL olmuştur.,0,,0,1,olmuştur,1,0,,0,14,0,0,0,0,0,0,0,0,0,"{""6"": [], ""7"": [], ""11"": []}",0.0,0.0,0.0,,0.0,0.0,0.0,,0.0,0.0
odatv:234457,odatv,2022-04-05,3,29,1985,2078,"-Borçlanabilir nüfusun en az yüzde 80'inin, bankalara borçlu hâle geldiği ortaya çıkmaktadır.",1,Borçlanabilir,1,0,,0,0,,1,16,0,0,0,0,0,0,0,0,0,"{""6"": [], ""7"": [], ""11"": []}",0.0,0.0,0.0,,0.0,0.0,0.0,,0.0,0.0
odatv:234457,odatv,2022-04-05,3,30,2079,2219,"Artan hayat pahalılığı, enflasyon ve düşük gelirler nedeniyle yakın çevresine borçlananlar da eklendiğinde bu oran yüzde 90'ları aşmaktadır.",0,,0,0,,0,0,,0,21,0,0,0,0,0,0,0,0,0,"{""6"": [], ""7"": [], ""11"": []}",0.0,0.0,0.0,,0.0,0.0,0.0,,0.0,0.0
odatv:234457,odatv,2022-04-05,3,31,2221,2297,-Yurttaşlarımız ve ekonomimiz sağlıksız bir borçlanma girdabına sokulmuştur.,1,sokulmuştur,1,1,sokulmuştur,1,0,,1,10,0,0,0,0,0,1,0,0,0,"{""6"": [""Manipulative Wording""], ""7"": [], ""11"": []}",0.0,0.0,0.0,,1.0,1.0,1.0,,0.0,1.0
odatv:234457,odatv,2022-04-05,3,32,2299,2504,-Ocak-Aralık 2020 dönemiyle Ocak-Aralık 2021 dönemi arasında kredi kartı borcunu ödeyemeyen kişilerin sayısı yüzde 84 ve bireysel kredi borcunu ödeyemeyen kişilerin sayısı ise yüzde 211 oranında artmıştır…,0,,0,1,artmıştır,1,0,,0,33,0,0,0,0,0,0,0,0,0,"{""6"": [], ""7"": [], ""11"": []}",0.0,0.0,0.0,,0.0,0.0,0.0,,0.0,0.0
odatv:234457,odatv,2022-04-05,3,33,2506,2511,Peki:,0,,0,0,,0,0,,0,2,0,0,0,0,0,0,0,0,0,"{""6"": [], ""7"": [], ""11"": []}",0.0,0.0,0.0,,0.0,0.0,0.0,,0.0,0.0
odatv:234457,odatv,2022-04-05,3,34,2513,2574,CHP'nin “borçlanma konusuna” dair köklü çözüm önerisi var mı?,0,,0,0,,0,0,,0,10,0,0,0,0,0,0,0,0,0,"{""6"": [], ""7"": [], ""11"": []}",0.0,0.0,0.0,,0.0,0.0,0.0,,0.0,0.0
odatv:234457,odatv,2022-04-05,3,35,2576,2581,Prof.,0,,0,0,,0,0,,0,1,0,0,0,0,0,0,0,0,0,"{""6"": [], ""7"": [], ""11"": []}",0.0,0.0,0.0,,0.0,0.0,0.0,,0.0,0.0
odatv:234457,odatv,2022-04-05,3,36,2582,2600,Graeber'e döneyim:,0,,0,0,,0,0,,0,3,0,0,0,0,0,0,0,0,0,"{""6"": [], ""7"": [], ""11"": []}",0.0,0.0,0.0,,0.0,0.0,0.0,,0.0,0.0
odatv:234457,odatv,2022-04-05,3,37,2602,2617,ASIL BORÇLU KİM,0,,0,0,,0,0,,0,3,0,0,0,0,0,0,0,0,0,"{""6"": [], ""7"": [], ""11"": []}",0.0,0.0,0.0,,0.0,0.0,0.0,,0.0,0.0
odatv:234457,odatv,2022-04-05,3,38,2619,2706,Antropolog Graeber 2011 yılında “Borç: İlk 5.000 Yıl” adlı “olağandışı” kitabını yazdı.,0,,0,0,,0,0,,0,15,0,0,0,0,0,0,0,0,0,"{""6"": [], ""7"": [], ""11"": []}",0.0,0.0,0.0,,0.0,0.0,0.0,,0.0,0.0
odatv:234457,odatv,2022-04-05,3,39,2707,2751,Dünyada en çok satan kitaplar arasına girdi.,1,satan,1,0,,0,0,,1,8,0,0,0,0,0,0,0,0,0,"{""6"": [], ""7"": [], ""11"": []}",0.0,0.0,0.0,,0.0,0.0,0.0,,0.0,0.0
odatv:234457,odatv,2022-04-05,3,40,2752,2824,“21'inci yüzyılın en çok okunan kamu antropoloji kitabı olacak” denildi.,1,okunan | denildi,2,0,,0,0,,1,12,0,0,0,0,0,0,0,0,0,"{""6"": [], ""7"": [], ""11"": []}",0.0,0.0,0.0,,0.0,0.0,0.0,,0.0,0.0
odatv:234457,odatv,2022-04-05,3,41,2826,2965,"Borç fikrinin tarihsel gelişimini ortaya koyan Graeber, okuyucusunu ilginç bağlantılarla, ifşaatla dolu beş bin yıllık yolculuğa çıkarıyor.",0,,0,0,,0,0,,0,20,0,0,0,0,0,0,0,0,0,"{""6"": [], ""7"": [], ""11"": []}",0.0,0.0,0.0,,0.0,0.0,0.0,,0.0,0.0
odatv:234457,odatv,2022-04-05,3,42,2966,2986,"Örneğin, şunu diyor:",0,,0,0,,0,0,,0,5,0,0,0,0,0,0,0,0,0,"{""6"": [], ""7"": [], ""11"": []}",0.0,0.0,0.0,,0.0,0.0,0.0,,0.0,0.0
odatv:234457,odatv,2022-04-05,3,43,2988,3029,-“Burada son derece aldatıcı bir şey var.,0,,0,0,,0,0,,0,10,0,0,0,0,0,0,0,0,0,"{""6"": [], ""7"": [], ""11"": []}",0.0,0.0,0.0,,0.0,0.0,0.0,,0.0,0.0
odatv:234457,odatv,2022-04-05,3,44,3030,3178,"Bütün ahlaki dramlar, kişisel borcun nihayetinde keyfine düşkünlük, insanın sevdiklerine karşı işlediği günah olarak görülmesi varsayımından başlar…",1,işlediği | görülmesi,2,0,,0,0,,1,20,0,0,0,0,0,0,0,0,0,"{""6"": [], ""7"": [], ""11"": []}",0.0,0.0,0.0,,0.0,0.0,0.0,,0.0,0.0
odatv:234457,odatv,2022-04-05,3,45,3178,3179,”,0,,0,0,,0,0,,0,1,0,0,0,0,0,0,0,0,0,"{""6"": [], ""7"": [], ""11"": []}",0.0,0.0,0.0,,0.0,0.0,0.0,,0.0,0.0
odatv:234457,odatv,2022-04-05,3,46,3181,3212,Şu ahlaki yükümlülük dayatılır:,1,dayatılır,1,0,,0,0,,1,5,0,0,0,0,0,0,0,0,0,"{""6"": [], ""7"": [], ""11"": []}",0.0,0.0,0.0,,0.0,0.0,0.0,,0.0,0.0
odatv:234457,odatv,2022-04-05,3,47,3214,3320,"-“Bundan ötürü de kefaretinin mutlaka bir arınma, çile çekerek, nedamet getirerek iyileşme olması gerekir…",0,,0,0,,0,0,,0,18,0,0,0,0,0,0,0,0,0,"{""6"": [], ""7"": [], ""11"": []}",0.0,0.0,0.0,,0.0,0.0,0.0,,0.0,0.0
odatv:234457,odatv,2022-04-05,3,48,3320,3321,”,0,,0,0,,0,0,,0,1,0,0,0,0,0,0,0,0,0,"{""6"": [], ""7"": [], ""11"": []}",0.0,0.0,0.0,,0.0,0.0,0.0,,0.0,0.0
odatv:234457,odatv,2022-04-05,3,49,3323,3328,Oysa:,0,,0,0,,0,0,,0,2,0,0,0,0,0,0,0,0,0,"{""6"": [], ""7"": [], ""11"": []}",0.0,0.0,0.0,,0.0,0.0,0.0,,0.0,0.0
odatv:234457,odatv,2022-04-05,3,50,3330,3455,"-“ABD'deki borç yıkımının başlıca nedeni hastalık harcamalarıdır, borçlanmanın çoğu düpedüz hayatı devam ettirme meselesidir…",0,,0,0,,0,0,,0,20,0,0,0,0,0,0,0,0,0,"{""6"": [], ""7"": [], ""11"": []}",0.0,0.0,0.0,,0.0,0.0,0.0,,0.0,0.0
odatv:234457,odatv,2022-04-05,3,51,3455,3456,”,0,,0,0,,0,0,,0,1,0,0,0,0,0,0,0,0,0,"{""6"": [], ""7"": [], ""11"": []}",0.0,0.0,0.0,,0.0,0.0,0.0,,0.0,0.0
odatv:234457,odatv,2022-04-05,3,52,3458,3461,Ki:,0,,0,0,,0,0,,0,2,0,0,0,0,0,0,0,0,0,"{""6"": [], ""7"": [], ""11"": []}",0.0,0.0,0.0,,0.0,0.0,0.0,,0.0,0.0
odatv:234457,odatv,2022-04-05,3,53,3463,3684,"-“Ekonomistlerin ‘keyfi harcama' diye adlandırmaktan hoşlandıkları şeyler için bile borç almışlarsa, genellikle çocuklarına vermek, arkadaşlar ile paylaşmak veya (düğün yapmak gibi) diğer insanlarla ilişki kurmak içindir.",0,,0,0,,0,0,,0,33,0,0,0,0,0,0,0,0,0,"{""6"": [], ""7"": [], ""11"": []}",0.0,0.0,0.0,,0.0,0.0,0.0,,0.0,0.0
odatv:234457,odatv,2022-04-05,3,54,3685,3757,Sadece yaşamaya devam etmekten ibaret olmayan bir hayat yaşamak içindir…,0,,0,0,,0,0,,0,12,0,0,0,0,0,0,0,0,0,"{""6"": [], ""7"": [], ""11"": []}",0.0,0.0,0.0,,0.0,0.0,0.0,,0.0,0.0
odatv:234457,odatv,2022-04-05,3,55,3757,3758,”,0,,0,0,,0,0,,0,1,0,0,0,0,0,0,0,0,0,"{""6"": [], ""7"": [], ""11"": []}",0.0,0.0,0.0,,0.0,0.0,0.0,,0.0,0.0
odatv:234457,odatv,2022-04-05,3,56,3760,3882,"Graeber, borcu salt kişinin sorunu olarak gösteren ve bedeli ne olursa olsun ödenmesini dayatan tefeci sistemi sorguluyor.",1,ödenmesini,1,0,,0,0,,1,20,0,0,0,0,1,0,0,0,0,"{""6"": [""Justification""], ""7"": [], ""11"": []}",0.0,0.0,0.0,,1.0,1.0,1.0,,0.0,1.0
odatv:234457,odatv,2022-04-05,3,57,3883,3943,“Neden kimse borç verenin/sistemin sorumluluğunu düşünmüyor?,0,,0,0,,0,0,,0,8,0,0,0,0,1,0,0,0,0,"{""6"": [""Justification""], ""7"": [], ""11"": []}",0.0,0.0,0.0,,1.0,1.0,1.0,,0.0,1.0
odatv:234457,odatv,2022-04-05,3,58,3943,3944,”,0,,0,0,,0,0,,0,1,0,0,0,0,1,0,0,0,0,"{""6"": [""Justification""], ""7"": [], ""11"": []}",0.0,0.0,0.0,,1.0,1.0,1.0,,0.0,1.0
odatv:234457,odatv,2022-04-05,3,59,3946,4054,Sorunun temelinde “haraççı” kapitalizmin “insanlar borçlu (köle) olmalıdır” anlayışının olduğunu belirtiyor.,0,,0,0,,0,0,,0,14,0,0,0,0,1,0,0,0,0,"{""6"": [""Justification""], ""7"": [], ""11"": []}",0.0,0.0,0.0,,1.0,1.0,1.0,,0.0,1.0
odatv:234457,odatv,2022-04-05,3,60,4056,4083,"-“Peki, o zaman borç nedir?",0,,0,0,,0,0,,0,9,0,0,0,0,0,0,0,0,0,"{""6"": [], ""7"": [], ""11"": []}",0.0,0.0,0.0,,0.0,0.0,0.0,,0.0,0.0
odatv:234457,odatv,2022-04-05,3,61,4084,4116,Borç sadece çarpıtılmış vaattir.,1,çarpıtılmış,1,1,çarpıtılmış,1,0,,1,6,0,0,0,0,0,0,0,0,0,"{""6"": [], ""7"": [], ""11"": []}",0.0,0.0,0.0,,0.0,0.0,0.0,,0.0,0.0
odatv:234457,odatv,2022-04-05,3,62,4117,4159,Matematik ve şiddetle kirletilmiş vaattir…,1,kirletilmiş,1,1,kirletilmiş,1,0,,1,7,0,0,0,0,0,0,0,0,0,"{""6"": [], ""7"": [], ""11"": []}",0.0,0.0,0.0,,0.0,0.0,0.0,,0.0,0.0
odatv:234457,odatv,2022-04-05,3,63,4159,4160,”,0,,0,0,,0,0,,0,1,0,0,0,0,0,0,0,0,0,"{""6"": [], ""7"": [], ""11"": []}",0.0,0.0,0.0,,0.0,0.0,0.0,,0.0,0.0
odatv:234457,odatv,2022-04-05,3,64,4162,4320,"IMF dâhil borç emperyalizminin -küresel politikaların/gücün/şiddetin temeli olan borç kavramını, “Biz Yüzde 99'uz” anlayışını merkeze koyarak değerlendiriyor.",0,,0,0,,0,0,,0,21,1,0,0,0,0,0,0,0,0,"{""6"": [], ""7"": [], ""11"": []}",1.0,1.0,1.0,0.0,0.0,0.0,0.0,,1.0,0.0
odatv:234457,odatv,2022-04-05,3,65,4322,4420,"Evet, sorunların çözümüne farklı bakan bilge delileri seviyorum, sorgulamayan statükocuları değil…",0,,0,0,,0,0,,0,14,1,0,0,0,0,0,0,0,0,"{""6"": [], ""7"": [], ""11"": []}",1.0,1.0,1.0,0.0,0.0,0.0,0.0,,1.0,0.0
odatv:234457,odatv,2022-04-05,3,66,4422,4431,Odatv.com,0,,0,0,,0,0,,0,1,0,0,0,0,0,0,0,0,0,"{""6"": [], ""7"": [], ""11"": []}",0.0,0.0,0.0,,0.0,0.0,0.0,,0.0,0.0
sabah:2020-04-24__hos-geldin-ramazan,sabah,2020-04-24,3,0,0,36,NİHAT HATİPOĞLU - Hoş geldin Ramazan,0,,0,0,,0,0,,0,6,0,0,0,0,0,0,0,0,0,"{""6"": [], ""7"": [], ""11"": []}",0.0,0.0,0.0,,0.0,0.0,0.0,,0.0,0.0
sabah:2020-04-24__hos-geldin-ramazan,sabah,2020-04-24,3,1,38,77,Şükürler olsun Ramazan-ı Şerif’e erdik.,0,,0,0,,0,0,,0,8,0,1,0,0,0,0,0,0,0,"{""6"": [], ""7"": [], ""11"": []}",1.0,1.0,1.0,,0.0,0.0,0.0,,1.0,0.0
sabah:2020-04-24__hos-geldin-ramazan,sabah,2020-04-24,3,2,78,163,Hepimiz son yılların en sıkıntılı zamanlarını yaşarken ramazan bir rahmet gibi geldi.,0,,0,0,,0,0,,0,13,0,0,0,0,1,0,0,0,0,"{""6"": [""Justification""], ""7"": [], ""11"": []}",0.0,0.0,0.0,,1.0,1.0,1.0,,0.0,1.0
sabah:2020-04-24__hos-geldin-ramazan,sabah,2020-04-24,3,3,164,280,Rabbim hepimize bu bereketli aydan en güzel şekilde istifade edebilmeyi nasip etsin Bugün Ramazan'ın birinci günü...,0,,0,0,,0,0,,0,17,0,0,0,0,1,0,0,0,0,"{""6"": [""Justification""], ""7"": [], ""11"": []}",0.0,0.0,0.0,,1.0,1.0,1.0,,0.0,1.0
sabah:2020-04-24__hos-geldin-ramazan,sabah,2020-04-24,3,4,281,344,"Edep, hayâ ve kulluk şuurunun her yerde hâkim olması gerekiyor.",0,,0,0,,0,0,,0,12,0,0,0,0,0,0,0,0,0,"{""6"": [], ""7"": [], ""11"": []}",0.0,0.0,0.0,,0.0,0.0,0.0,,0.0,0.0
sabah:2020-04-24__hos-geldin-ramazan,sabah,2020-04-24,3,5,345,408,"Tövbe etmeli, orucumuzu tam tutmalı, namazımızı tam kılmalıyız.",0,,0,0,,0,0,,0,11,0,0,0,0,0,0,0,0,0,"{""6"": [], ""7"": [], ""11"": []}",0.0,0.0,0.0,,0.0,0.0,0.0,,0.0,0.0
sabah:2020-04-24__hos-geldin-ramazan,sabah,2020-04-24,3,6,409,524,"Bu yıl evlerimizde kılmak zorunda olduğumuz Teravih'i ihmal etmemeli, vitir ve gece namazı kılmaya itina etmeliyiz.",0,,0,0,,0,0,,0,18,0,0,0,0,0,0,0,0,0,"{""6"": [], ""7"": [], ""11"": []}",0.0,0.0,0.0,,0.0,0.0,0.0,,0.0,0.0
sabah:2020-04-24__hos-geldin-ramazan,sabah,2020-04-24,3,7,525,568,Bu ay bizlere sunulmuş büyük bir fırsattır.,1,sunulmuş,1,1,sunulmuş,1,0,,1,9,0,0,0,0,0,0,0,0,0,"{""6"": [], ""7"": [], ""11"": []}",0.0,0.0,0.0,,0.0,0.0,0.0,,0.0,0.0
sabah:2020-04-24__hos-geldin-ramazan,sabah,2020-04-24,3,8,569,603,Bu fırsatı iyi değerlendirmeliyiz.,0,,0,0,,0,0,,0,5,0,0,0,0,0,0,0,0,0,"{""6"": [], ""7"": [], ""11"": []}",0.0,0.0,0.0,,0.0,0.0,0.0,,0.0,0.0
sabah:2020-04-24__hos-geldin-ramazan,sabah,2020-04-24,3,9,604,644,Belki bir daha bu fırsatı yakalayamayız.,0,,0,0,,0,0,,0,7,0,0,0,0,0,0,0,0,0,"{""6"": [], ""7"": [], ""11"": []}",0.0,0.0,0.0,,0.0,0.0,0.0,,0.0,0.0
sabah:2020-04-24__hos-geldin-ramazan,sabah,2020-04-24,3,10,645,708,Geçen sene bu günleri yaşayıp bugün aramızda olmayanlar yok mu?,0,,0,0,,0,0,,0,11,0,0,0,0,0,0,0,0,0,"{""6"": [], ""7"": [], ""11"": []}",0.0,0.0,0.0,,0.0,0.0,0.0,,0.0,0.0
sabah:2020-04-24__hos-geldin-ramazan,sabah,2020-04-24,3,11,709,767,Günahlardan pişman olarak kendimize yeni bir rota çizelim.,0,,0,0,,0,0,,0,9,0,0,0,0,0,0,0,0,0,"{""6"": [], ""7"": [], ""11"": []}",0.0,0.0,0.0,,0.0,0.0,0.0,,0.0,0.0
sabah:2020-04-24__hos-geldin-ramazan,sabah,2020-04-24,3,12,768,838,Zira ramazan ayındaki ibadetler Rahman'ın arşında karşılık bulacaktır.,0,,0,0,,0,0,,0,10,0,0,0,0,0,0,0,0,0,"{""6"": [], ""7"": [], ""11"": []}",0.0,0.0,0.0,,0.0,0.0,0.0,,0.0,0.0
sabah:2020-04-24__hos-geldin-ramazan,sabah,2020-04-24,3,13,839,842,Hz.,0,,0,0,,0,0,,0,2,0,1,0,0,0,0,0,0,0,"{""6"": [], ""7"": [], ""11"": []}",1.0,1.0,1.0,,0.0,0.0,0.0,,1.0,0.0
sabah:2020-04-24__hos-geldin-ramazan,sabah,2020-04-24,3,14,843,1076,"Peygamber (sav) ramazan ayını geçirirken sadece Rabb'in rızasına talip olan kişi için şöyle bir müjde veriyor: ""Kim sevabını Allah'tan dileyerek gündüz oruç, gece ibadetle ramazanı geçirirse annesinden doğduğu gün gibi günahsız olur.",0,,0,0,,0,0,,0,38,0,1,0,0,0,0,0,0,0,"{""6"": [], ""7"": [], ""11"": []}",1.0,1.0,1.0,,0.0,0.0,0.0,,1.0,0.0
sabah:2020-04-24__hos-geldin-ramazan,sabah,2020-04-24,3,15,1076,1077,"""",0,,0,0,,0,0,,0,1,0,0,0,0,0,0,0,0,0,"{""6"": [], ""7"": [], ""11"": []}",0.0,0.0,0.0,,0.0,0.0,0.0,,0.0,0.0
sabah:2020-04-24__hos-geldin-ramazan,sabah,2020-04-24,3,16,1079,1143,"ORUÇ ALLAH'A TESLİM OLMAKTIR Ramazan, ahiret için bir sermaye...",0,,0,0,,0,0,,0,11,0,0,0,0,0,0,0,0,0,"{""6"": [], ""7"": [], ""11"": []}",0.0,0.0,0.0,,0.0,0.0,0.0,,0.0,0.0
sabah:2020-04-24__hos-geldin-ramazan,sabah,2020-04-24,3,17,1144,1170,Cennet için bir anahtar...,0,,0,0,,0,0,,0,5,0,0,0,0,0,0,0,0,0,"{""6"": [], ""7"": [], ""11"": []}",0.0,0.0,0.0,,0.0,0.0,0.0,,0.0,0.0
sabah:2020-04-24__hos-geldin-ramazan,sabah,2020-04-24,3,18,1171,1213,Ramazan da ahirete ekin atmanın mevsimi...,0,,0,0,,0,0,,0,7,0,0,0,0,0,0,0,0,0,"{""6"": [], ""7"": [], ""11"": []}",0.0,0.0,0.0,,0.0,0.0,0.0,,0.0,0.0
sabah:2020-04-24__hos-geldin-ramazan,sabah,2020-04-24,3,19,1214,1279,Birbirimize nefret nazarıyla bakmak yerine sevgiyle kucaklaşalım.,0,,0,0,,0,0,,0,8,0,0,0,0,0,0,0,0,0,"{""6"": [], ""7"": [], ""11"": []}",0.0,0.0,0.0,,0.0,0.0,0.0,,0.0,0.0
sabah:2020-04-24__hos-geldin-ramazan,sabah,2020-04-24,3,20,1280,1297,bir arada olalım.,0,,0,0,,0,0,,0,4,0,0,0,0,0,0,0,0,0,"{""6"": [], ""7"": [], ""11"": []}",0.0,0.0,0.0,,0.0,0.0,0.0,,0.0,0.0
sabah:2020-04-24__hos-geldin-ramazan,sabah,2020-04-24,3,21,1298,1338,Kendimiz kadar başkalarını da düşünelim.,0,,0,0,,0,0,,0,6,0,0,0,0,0,0,0,0,0,"{""6"": [], ""7"": [], ""11"": []}",0.0,0.0,0.0,,0.0,0.0,0.0,,0.0,0.0
sabah:2020-04-24__hos-geldin-ramazan,sabah,2020-04-24,3,22,1339,1366,Birbirimiz için dua edelim.,0,,0,0,,0,0,,0,5,0,0,0,0,0,0,0,0,0,"{""6"": [], ""7"": [], ""11"": []}",0.0,0.0,0.0,,0.0,0.0,0.0,,0.0,0.0
sabah:2020-04-24__hos-geldin-ramazan,sabah,2020-04-24,3,23,1367,1421,"Hangimizin duası kabul olur, onu yalnızca Allah bilir.",0,,0,0,,0,0,,0,10,0,0,0,0,0,0,0,0,0,"{""6"": [], ""7"": [], ""11"": []}",0.0,0.0,0.0,,0.0,0.0,0.0,,0.0,0.0
sabah:2020-04-24__hos-geldin-ramazan,sabah,2020-04-24,3,24,1422,1572,"Âminlerimiz meleklerin âminleriyle beraber semaya yükselirken inanıyorum ki musibetler, belalar savuşup gidecek ve ülkemizi, coğrafyamızı terk edecek.",0,,0,0,,0,0,,0,20,0,0,0,0,0,0,0,0,0,"{""6"": [], ""7"": [], ""11"": []}",0.0,0.0,0.0,,0.0,0.0,0.0,,0.0,0.0
sabah:2020-04-24__hos-geldin-ramazan,sabah,2020-04-24,3,25,1573,1621,"Oruç, sadece yemek yememek, su içmemek değildir.",0,,0,0,,0,0,,0,10,0,0,0,0,0,0,0,0,0,"{""6"": [], ""7"": [], ""11"": []}",0.0,0.0,0.0,,0.0,0.0,0.0,,0.0,0.0
sabah:2020-04-24__hos-geldin-ramazan,sabah,2020-04-24,3,26,1622,1690,"Bütün varlığıyla, organlarıyla, iç âlemiyle Allah'a teslim olmaktır.",0,,0,0,,0,0,,0,12,0,0,0,0,0,0,0,0,0,"{""6"": [], ""7"": [], ""11"": []}",0.0,0.0,0.0,,0.0,0.0,0.0,,0.0,0.0
sabah:2020-04-24__hos-geldin-ramazan,sabah,2020-04-24,3,27,1691,1768,"Sadece yemek yememek, su içmemek İmam Gazali'nin deyimiyle ""Halkın orucudur.""",0,,0,0,,0,0,,0,14,0,0,0,0,0,0,0,0,0,"{""6"": [], ""7"": [], ""11"": []}",0.0,0.0,0.0,,0.0,0.0,0.0,,0.0,0.0
sabah:2020-04-24__hos-geldin-ramazan,sabah,2020-04-24,3,28,1769,1833,"Kalbiyle, organlarıyla oruç tutmak ise özel insanların orucudur.",0,,0,0,,0,0,,0,11,0,0,0,0,0,0,0,0,0,"{""6"": [], ""7"": [], ""11"": []}",0.0,0.0,0.0,,0.0,0.0,0.0,,0.0,0.0
sabah:2020-04-24__hos-geldin-ramazan,sabah,2020-04-24,3,29,1834,1914,Kendini Rabbe teslim etmiş kullukta mesafe almış insanların orucu kalp orucudur.,0,,0,1,etmiş | almış,2,0,,0,13,0,0,0,0,0,0,0,0,0,"{""6"": [], ""7"": [], ""11"": []}",0.0,0.0,0.0,,0.0,0.0,0.0,,0.0,0.0
sabah:2020-04-24__hos-geldin-ramazan,sabah,2020-04-24,3,30,1915,1918,Hz.,0,,0,0,,0,0,,0,2,0,0,0,0,0,0,0,0,0,"{""6"": [], ""7"": [], ""11"": []}",0.0,0.0,0.0,,0.0,0.0,0.0,,0.0,0.0
sabah:2020-04-24__hos-geldin-ramazan,sabah,2020-04-24,3,31,1919,2002,"Peygamber (sav) ""Siz oruçluyken biri size sataşırsa ben oruçluyum desin"" buyuruyor.",0,,0,0,,0,0,,0,16,0,0,0,0,0,0,0,0,0,"{""6"": [], ""7"": [], ""11"": []}",0.0,0.0,0.0,,0.0,0.0,0.0,,0.0,0.0
sabah:2020-04-24__hos-geldin-ramazan,sabah,2020-04-24,3,32,2003,2067,"Sataşana, hakaret edene onun üslubuyla cevap vermeyin buyuruyor.",0,,0,0,,0,0,,0,10,0,0,0,0,0,0,0,0,0,"{""6"": [], ""7"": [], ""11"": []}",0.0,0.0,0.0,,0.0,0.0,0.0,,0.0,0.0
sabah:2020-04-24__hos-geldin-ramazan,sabah,2020-04-24,3,33,2068,2090,Ne kadar zor değil mi?,0,,0,0,,0,0,,0,6,0,0,0,0,0,0,0,0,0,"{""6"": [], ""7"": [], ""11"": []}",0.0,0.0,0.0,,0.0,0.0,0.0,,0.0,0.0
sabah:2020-04-24__hos-geldin-ramazan,sabah,2020-04-24,3,34,2091,2143,"Egoyu, nefsani duyguları bastırmak hakikaten zordur.",0,,0,0,,0,0,,0,9,0,0,0,0,0,0,0,0,0,"{""6"": [], ""7"": [], ""11"": []}",0.0,0.0,0.0,,0.0,0.0,0.0,,0.0,0.0
sabah:2020-04-24__hos-geldin-ramazan,sabah,2020-04-24,3,35,2144,2202,İşte biz bu günlerde bu zor olanı yapmaya gayret edeceğiz.,0,,0,0,,0,0,,0,11,0,0,0,0,0,0,0,0,0,"{""6"": [], ""7"": [], ""11"": []}",0.0,0.0,0.0,,0.0,0.0,0.0,,0.0,0.0
sabah:2020-04-24__hos-geldin-ramazan,sabah,2020-04-24,3,36,2203,2271,"Sövene dilsiz, vurana elsiz, kalp kırana karşılıksız kalmak lazım...",0,,0,0,,0,0,,0,12,0,0,0,0,0,1,0,0,0,"{""6"": [""Manipulative Wording""], ""7"": [], ""11"": []}",0.0,0.0,0.0,,1.0,1.0,1.0,,0.0,1.0
sabah:2020-04-24__hos-geldin-ramazan,sabah,2020-04-24,3,37,2272,2287,Becerebilirsek.,0,,0,0,,0,0,,0,2,0,0,0,0,0,1,0,0,0,"{""6"": [""Manipulative Wording""], ""7"": [], ""11"": []}",0.0,0.0,0.0,,1.0,1.0,1.0,,0.0,1.0
sabah:2020-04-24__hos-geldin-ramazan,sabah,2020-04-24,3,38,2288,2377,TEHECCÜD NAMAZINI KILALIM Sahur için kalktığınızda teheccüd namazını kılmaya gayret edin.,0,,0,0,,0,0,,0,12,0,0,0,0,0,0,0,0,0,"{""6"": [], ""7"": [], ""11"": []}",0.0,0.0,0.0,,0.0,0.0,0.0,,0.0,0.0
sabah:2020-04-24__hos-geldin-ramazan,sabah,2020-04-24,3,39,2378,2418,Ebu Zür'a-Razi büyük bir hadis âlimiydi.,0,,0,0,,0,0,,0,10,0,0,0,0,0,0,0,0,0,"{""6"": [], ""7"": [], ""11"": []}",0.0,0.0,0.0,,0.0,0.0,0.0,,0.0,0.0
sabah:2020-04-24__hos-geldin-ramazan,sabah,2020-04-24,3,40,2419,2527,"İbni Mace'nin Sünen'ini tahkik etmiş, Buhari hakkında değerlendirmede bulunabilecek kadar büyük bir hadisçi.",1,bulunabilecek,1,1,etmiş,1,0,,1,16,0,0,0,0,0,0,0,0,0,"{""6"": [], ""7"": [], ""11"": []}",0.0,0.0,0.0,,0.0,0.0,0.0,,0.0,0.0
sabah:2020-04-24__hos-geldin-ramazan,sabah,2020-04-24,3,41,2528,2592,"Hadis ilminde, 'Emirel Müminin' sayılabilecek bir hıfza sahipti.",1,sayılabilecek,1,0,,0,0,,1,10,0,0,0,0,0,0,0,0,0,"{""6"": [], ""7"": [], ""11"": []}",0.0,0.0,0.0,,0.0,0.0,0.0,,0.0,0.0
sabah:2020-04-24__hos-geldin-ramazan,sabah,2020-04-24,3,42,2593,2624,Vefat ettiğinde rüyada görülür.,1,görülür,1,0,,0,0,,1,5,0,0,0,0,0,0,0,0,0,"{""6"": [], ""7"": [], ""11"": []}",0.0,0.0,0.0,,0.0,0.0,0.0,,0.0,0.0
sabah:2020-04-24__hos-geldin-ramazan,sabah,2020-04-24,3,43,2625,2789,"Kendisine ""Allah sana nasıl muamele etti?"" diye sorulduğunda; ""Hadis ilmine hizmetim ve gece herkes uykudayken kıldığım (teheccüd) namazları beni kurtardı"" demişti.",1,sorulduğunda,1,0,,0,0,,1,30,0,0,0,0,0,0,0,0,0,"{""6"": [], ""7"": [], ""11"": []}",0.0,0.0,0.0,,0.0,0.0,0.0,,0.0,0.0
sabah:2020-04-24__hos-geldin-ramazan,sabah,2020-04-24,3,44,2790,2798,Rüya bu.,0,,0,0,,0,0,,0,3,0,0,0,0,0,0,0,0,0,"{""6"": [], ""7"": [], ""11"": []}",0.0,0.0,0.0,,0.0,0.0,0.0,,0.0,0.0
sabah:2020-04-24__hos-geldin-ramazan,sabah,2020-04-24,3,45,2799,2848,Ama ibret taşıyan özel rüyalardır bu tür rüyalar.,0,,0,0,,0,0,,0,10,0,0,0,0,0,0,0,0,0,"{""6"": [], ""7"": [], ""11"": []}",0.0,0.0,0.0,,0.0,0.0,0.0,,0.0,0.0
sabah:2020-04-24__hos-geldin-ramazan,sabah,2020-04-24,3,46,2849,2905,Onun için sahur vakti teheccüd namazını ihmal etmeyelim.,0,,0,0,,0,0,,0,10,0,0,0,0,0,0,0,0,0,"{""6"": [], ""7"": [], ""11"": []}",0.0,0.0,0.0,,0.0,0.0,0.0,,0.0,0.0
sabah:2020-04-24__hos-geldin-ramazan,sabah,2020-04-24,3,47,2907,2978,"BİR DUA Veysel Karani'nin duası Allah'ım, sen Rabbim 'sin, ben kulunum.",0,,0,0,,0,0,,0,14,0,0,0,0,0,0,0,0,0,"{""6"": [], ""7"": [], ""11"": []}",0.0,0.0,0.0,,0.0,0.0,0.0,,0.0,0.0
sabah:2020-04-24__hos-geldin-ramazan,sabah,2020-04-24,3,48,2979,3002,Sen Halik ben mahlukum.,0,,0,0,,0,0,,0,5,0,0,0,0,0,0,0,0,0,"{""6"": [], ""7"": [], ""11"": []}",0.0,0.0,0.0,,0.0,0.0,0.0,,0.0,0.0
sabah:2020-04-24__hos-geldin-ramazan,sabah,2020-04-24,3,49,3003,3034,"Sen rızk veren, ben rızıklanan.",0,,0,0,,0,0,,0,7,0,0,0,0,0,0,0,0,0,"{""6"": [], ""7"": [], ""11"": []}",0.0,0.0,0.0,,0.0,0.0,0.0,,0.0,0.0
sabah:2020-04-24__hos-geldin-ramazan,sabah,2020-04-24,3,50,3035,3113,"Sen sahip, ben sahiplenen; sen şerefli, ben şerefsiz; sen zengin, ben fakirim.",0,,0,0,,0,0,,0,18,0,0,0,0,0,0,0,0,0,"{""6"": [], ""7"": [], ""11"": []}",0.0,0.0,0.0,,0.0,0.0,0.0,,0.0,0.0
sabah:2020-04-24__hos-geldin-ramazan,sabah,2020-04-24,3,51,3114,3135,"Sen diri, ben ölüyüm.",0,,0,0,,0,0,,0,6,0,0,0,0,0,0,0,0,0,"{""6"": [], ""7"": [], ""11"": []}",0.0,0.0,0.0,,0.0,0.0,0.0,,0.0,0.0
sabah:2020-04-24__hos-geldin-ramazan,sabah,2020-04-24,3,52,3136,3158,"Sen Bâki, ben fâniyim.",0,,0,0,,0,0,,0,7,0,0,0,0,0,0,0,0,0,"{""6"": [], ""7"": [], ""11"": []}",0.0,0.0,0.0,,0.0,0.0,0.0,,0.0,0.0
sabah:2020-04-24__hos-geldin-ramazan,sabah,2020-04-24,3,53,3159,3192,"Sen kerem sahibi, ben keremsizim.",0,,0,0,,0,0,,0,7,0,0,0,0,0,0,0,0,0,"{""6"": [], ""7"": [], ""11"": []}",0.0,0.0,0.0,,0.0,0.0,0.0,,0.0,0.0
sabah:2020-04-24__hos-geldin-ramazan,sabah,2020-04-24,3,54,3193,3231,"Sen iyilik yapan, ben kötülük yapanım.",0,,0,0,,0,0,,0,8,0,0,0,0,0,0,0,0,0,"{""6"": [], ""7"": [], ""11"": []}",0.0,0.0,0.0,,0.0,0.0,0.0,,0.0,0.0
sabah:2020-04-24__hos-geldin-ramazan,sabah,2020-04-24,3,55,3232,3268,"Sen bağışlayan, ben günah işleyenim.",0,,0,0,,0,0,,0,7,0,0,0,0,0,0,0,0,0,"{""6"": [], ""7"": [], ""11"": []}",0.0,0.0,0.0,,0.0,0.0,0.0,,0.0,0.0
sabah:2020-04-24__hos-geldin-ramazan,sabah,2020-04-24,3,56,3269,3292,"Sen büyük, ben küçüğüm.",0,,0,0,,0,0,,0,6,0,0,0,0,0,0,0,0,0,"{""6"": [], ""7"": [], ""11"": []}",0.0,0.0,0.0,,0.0,0.0,0.0,,0.0,0.0
sabah:2020-04-24__hos-geldin-ramazan,sabah,2020-04-24,3,57,3293,3319,"Sen kuvvetli, ben zayıfım.",0,,0,0,,0,0,,0,7,0,0,0,0,0,0,0,0,0,"{""6"": [], ""7"": [], ""11"": []}",0.0,0.0,0.0,,0.0,0.0,0.0,,0.0,0.0
sabah:2020-04-24__hos-geldin-ramazan,sabah,2020-04-24,3,58,3320,3345,"Sen veren, ben dilenenim.",0,,0,0,,0,0,,0,6,0,0,0,0,0,0,0,0,0,"{""6"": [], ""7"": [], ""11"": []}",0.0,0.0,0.0,,0.0,0.0,0.0,,0.0,0.0
sabah:2020-04-24__hos-geldin-ramazan,sabah,2020-04-24,3,59,3346,3378,"Sen emniyetli, ben emniyetsizim.",0,,0,0,,0,0,,0,6,0,0,0,0,0,0,0,0,0,"{""6"": [], ""7"": [], ""11"": []}",0.0,0.0,0.0,,0.0,0.0,0.0,,0.0,0.0
sabah:2020-04-24__hos-geldin-ramazan,sabah,2020-04-24,3,60,3379,3408,"Sen cömert, ben ise miskinim.",0,,0,0,,0,0,,0,7,0,0,0,0,0,0,0,0,0,"{""6"": [], ""7"": [], ""11"": []}",0.0,0.0,0.0,,0.0,0.0,0.0,,0.0,0.0
sabah:2020-04-24__hos-geldin-ramazan,sabah,2020-04-24,3,61,3409,3440,"Sen kabul eden, ben duâ edenim.",0,,0,0,,0,0,,0,8,0,0,0,0,0,0,0,0,0,"{""6"": [], ""7"": [], ""11"": []}",0.0,0.0,0.0,,0.0,0.0,0.0,,0.0,0.0
sabah:2020-04-24__hos-geldin-ramazan,sabah,2020-04-24,3,62,3441,3542,"Günahlarımı bağışla, beni azarlama, beni rahmetine ulaştır, ey merhamet edicilerin en merhametlisi...",0,,0,0,,0,0,,0,16,0,0,0,0,0,0,0,0,0,"{""6"": [], ""7"": [], ""11"": []}",0.0,0.0,0.0,,0.0,0.0,0.0,,0.0,0.0
sabah:2020-04-24__hos-geldin-ramazan,sabah,2020-04-24,3,63,3544,3731,"BİR AYET (O sayılı günler), insanlar için bir hidayet rehberi, doğru yolun ve hak ile batılı birbirinden ayırmanın apaçık delilleri olarak Kur'an'ın kendisinde indirildiği Ramazan ayıdır.",1,indirildiği,1,0,,0,0,,1,32,0,0,0,0,0,0,0,0,0,"{""6"": [], ""7"": [], ""11"": []}",0.0,0.0,0.0,,0.0,0.0,0.0,,0.0,0.0
sabah:2020-04-24__hos-geldin-ramazan,sabah,2020-04-24,3,64,3732,3791,Öyle ise içinizden kim bu aya ulaşırsa onu oruçla geçirsin.,0,,0,0,,0,0,,0,11,0,0,0,0,0,0,0,1,0,"{""6"": [""Call""], ""7"": [], ""11"": []}",0.0,0.0,0.0,,1.0,1.0,1.0,,0.0,1.0
sabah:2020-04-24__hos-geldin-ramazan,sabah,2020-04-24,3,65,3792,3873,Kim de hasta veya yolcu olursa tutamadığı günler sayısınca başka günlerde tutsun.,0,,0,0,,0,0,,0,13,0,0,0,0,0,0,0,1,0,"{""6"": [""Call""], ""7"": [], ""11"": []}",0.0,0.0,0.0,,1.0,1.0,1.0,,0.0,1.0
sabah:2020-04-24__hos-geldin-ramazan,sabah,2020-04-24,3,66,3874,3916,"Allah size kolaylık diler, zorluk dilemez.",0,,0,0,,0,0,,0,8,0,0,0,0,0,0,0,0,0,"{""6"": [], ""7"": [], ""11"": []}",0.0,0.0,0.0,,0.0,0.0,0.0,,0.0,0.0
sabah:2020-04-24__hos-geldin-ramazan,sabah,2020-04-24,3,67,3917,3929,(Bakara-185),0,,0,0,,0,0,,0,5,0,0,0,0,0,0,0,0,0,"{""6"": [], ""7"": [], ""11"": []}",0.0,0.0,0.0,,0.0,0.0,0.0,,0.0,0.0
sabah:2020-04-24__hos-geldin-ramazan,sabah,2020-04-24,3,68,3931,4036,"BİR HADİS ""RABBİNİZ buyuruyor ki; Her iyiliğe on katından başlayarak yedi yüz katına kadar sevap yazılır.",1,yazılır,1,0,,0,0,,1,19,0,0,0,0,0,0,0,0,0,"{""6"": [], ""7"": [], ""11"": []}",0.0,0.0,0.0,,0.0,0.0,0.0,,0.0,0.0
sabah:2020-04-24__hos-geldin-ramazan,sabah,2020-04-24,3,69,4037,4141,Oruç ise böyle bir değerlendirmeye tabi olmayıp onun mükâfatı bana ait olup onu ben mükâfatlandıracağım.,0,,0,0,,0,0,,0,16,0,0,0,0,0,0,0,0,0,"{""6"": [], ""7"": [], ""11"": []}",0.0,0.0,0.0,,0.0,0.0,0.0,,0.0,0.0
sabah:2020-04-24__hos-geldin-ramazan,sabah,2020-04-24,3,70,4142,4182,Oruç ateşe karşı koruyucu bir kalkandır.,0,,0,0,,0,0,,0,9,0,0,0,0,0,0,0,0,0,"{""6"": [], ""7"": [], ""11"": []}",0.0,0.0,0.0,,0.0,0.0,0.0,,0.0,0.0
sabah:2020-04-24__hos-geldin-ramazan,sabah,2020-04-24,3,71,4183,4247,Oruçlunun ağız kokusu Allah katında misk kokusundan daha hoştur.,0,,0,0,,0,0,,0,11,0,0,0,0,0,0,0,0,0,"{""6"": [], ""7"": [], ""11"": []}",0.0,0.0,0.0,,0.0,0.0,0.0,,0.0,0.0
sabah:2020-04-24__hos-geldin-ramazan,sabah,2020-04-24,3,72,4248,4372,"Bilgisiz biri siz oruçlu iken size sataşırsa ben oruçluyum desin başka cevap vermesin."" (Buhârî, Savm: 2; Müslim, Sıyam: 30)",0,,0,0,,0,0,,0,28,0,0,0,0,0,0,0,0,0,"{""6"": [], ""7"": [], ""11"": []}",0.0,0.0,0.0,,0.0,0.0,0.0,,0.0,0.0
sabah:2020-04-24__hos-geldin-ramazan,sabah,2020-04-24,3,73,4374,4597,"BİR SEVAP ""LA Havle vela kuvvete illa billah"" demek Kim 'La Havle vela kuvvete illa billah' (Bütün güç ve kuvvet en yüce ve en büyük olan Allah'ın yardımıyla elde edilir) derse kendisi için cennette bir hurma ağacı dikilir.",1,edilir | dikilir,2,0,,0,0,,1,42,0,0,0,0,0,0,0,0,0,"{""6"": [], ""7"": [], ""11"": []}",0.0,0.0,0.0,,0.0,0.0,0.0,,0.0,0.0
sabah:2020-04-24__hos-geldin-ramazan,sabah,2020-04-24,3,74,4598,4694,"Hz Peygamber (sav) bir sahabeye ""Sana cennetin hazinelerinden bir hazine vereyim mi"" buyurdular.",0,,0,0,,0,0,,0,17,0,0,0,0,0,0,0,0,0,"{""6"": [], ""7"": [], ""11"": []}",0.0,0.0,0.0,,0.0,0.0,0.0,,0.0,0.0
sabah:2020-04-24__hos-geldin-ramazan,sabah,2020-04-24,3,75,4695,4757,"Elbette denince O da ""La Havle vela kuvvete illa billah"" dedi.",1,denince,1,0,,0,0,,1,14,0,0,0,0,0,0,0,0,0,"{""6"": [], ""7"": [], ""11"": []}",0.0,0.0,0.0,,0.0,0.0,0.0,,0.0,0.0
sabah:2020-04-24__hos-geldin-ramazan,sabah,2020-04-24,3,76,4759,4771,SORU - CEVAP,0,,0,0,,0,0,,0,3,0,0,0,0,0,0,0,0,0,"{""6"": [], ""7"": [], ""11"": []}",0.0,0.0,0.0,,0.0,0.0,0.0,,0.0,0.0
sabah:2020-04-24__hos-geldin-ramazan,sabah,2020-04-24,3,77,4773,4830,"1- Kötü söz söylemek, gıybet, küfür etmek orucu bozar mı?",0,,0,0,,0,0,,0,14,0,0,0,0,0,0,0,0,0,"{""6"": [], ""7"": [], ""11"": []}",0.0,0.0,0.0,,0.0,0.0,0.0,,0.0,0.0
sabah:2020-04-24__hos-geldin-ramazan,sabah,2020-04-24,3,78,4831,4879,Bu sayılanların hepsi kötü ahlakın çeşitleridir.,0,,0,0,,0,0,,0,8,0,0,0,0,0,0,0,0,0,"{""6"": [], ""7"": [], ""11"": []}",0.0,0.0,0.0,,0.0,0.0,0.0,,0.0,0.0
sabah:2020-04-24__hos-geldin-ramazan,sabah,2020-04-24,3,79,4880,4925,Oruçlu olana veya olmayana haram kılınmıştır.,1,kılınmıştır,1,1,kılınmıştır,1,0,,1,7,0,0,0,0,0,0,0,0,0,"{""6"": [], ""7"": [], ""11"": []}",0.0,0.0,0.0,,0.0,0.0,0.0,,0.0,0.0
sabah:2020-04-24__hos-geldin-ramazan,sabah,2020-04-24,3,80,4926,5020,Peygamberimiz 'Gıybeti ve yalanı bırakmayan kişinin orucuna Allah'ın ihtiyacı yoktur' buyurur.,0,,0,0,,0,0,,0,12,0,0,0,0,0,0,0,0,0,"{""6"": [], ""7"": [], ""11"": []}",0.0,0.0,0.0,,0.0,0.0,0.0,,0.0,0.0
sabah:2020-04-24__hos-geldin-ramazan,sabah,2020-04-24,3,81,5021,5081,Bütün bunlarla beraber saydıklarınızın hiçbiri orucu bozmaz.,0,,0,0,,0,0,,0,8,0,0,0,0,0,0,0,0,0,"{""6"": [], ""7"": [], ""11"": []}",0.0,0.0,0.0,,0.0,0.0,0.0,,0.0,0.0
sabah:2020-04-24__hos-geldin-ramazan,sabah,2020-04-24,3,82,5082,5144,"Küfredenin, hakaret edenin oruçtan nasibi sadece aç kalmaktır.",0,,0,0,,0,0,,0,11,0,0,0,0,0,0,0,0,0,"{""6"": [], ""7"": [], ""11"": []}",0.0,0.0,0.0,,0.0,0.0,0.0,,0.0,0.0
sabah:2020-04-24__hos-geldin-ramazan,sabah,2020-04-24,3,83,5146,5191,2- Namaz kılmayan bir kişi oruç tutabilir mi?,0,,0,0,,0,0,,0,10,0,0,0,0,0,0,0,0,0,"{""6"": [], ""7"": [], ""11"": []}",0.0,0.0,0.0,,0.0,0.0,0.0,,0.0,0.0
sabah:2020-04-24__hos-geldin-ramazan,sabah,2020-04-24,3,84,5192,5223,Namaz ve oruç ayrı iki farzdır.,0,,0,0,,0,0,,0,8,0,0,0,0,0,0,0,0,0,"{""6"": [], ""7"": [], ""11"": []}",0.0,0.0,0.0,,0.0,0.0,0.0,,0.0,0.0
sabah:2020-04-24__hos-geldin-ramazan,sabah,2020-04-24,3,85,5224,5300,Elbette ki müslümanın beş vakit namazını kılması ve orucunu tutması gerekir.,0,,0,0,,0,0,,0,12,0,0,0,0,0,0,0,0,0,"{""6"": [], ""7"": [], ""11"": []}",0.0,0.0,0.0,,0.0,0.0,0.0,,0.0,0.0
sabah:2020-04-24__hos-geldin-ramazan,sabah,2020-04-24,3,86,5301,5393,"Ancak namaz kılmayan veya kılamayan bir kişiye ""Oruç tutamazsın"" deme hakkına sahip değiliz.",0,,0,0,,0,0,,0,16,0,0,0,0,0,0,0,0,0,"{""6"": [], ""7"": [], ""11"": []}",0.0,0.0,0.0,,0.0,0.0,0.0,,0.0,0.0
sabah:2020-04-24__hos-geldin-ramazan,sabah,2020-04-24,3,87,5394,5435,Kişi neyi yapabilirse o onun için iyidir.,0,,0,0,,0,0,,0,9,0,0,0,0,1,0,0,0,0,"{""6"": [""Justification""], ""7"": [], ""11"": []}",0.0,0.0,0.0,,1.0,1.0,1.0,,0.0,1.0
sabah:2020-04-24__hos-geldin-ramazan,sabah,2020-04-24,3,88,5437,5496,"3- Nazardan korunmak için ""Maşallah"" demek yeterli olur mu?",0,,0,0,,0,0,,0,12,0,0,0,0,0,0,0,0,0,"{""6"": [], ""7"": [], ""11"": []}",0.0,0.0,0.0,,0.0,0.0,0.0,,0.0,0.0
sabah:2020-04-24__hos-geldin-ramazan,sabah,2020-04-24,3,89,5497,5554,"Maşallah ifadesi ""Allah'ın dilediği olur"" anlamına gelir.",0,,0,0,,0,0,,0,10,0,0,0,0,1,0,0,0,0,"{""6"": [""Justification""], ""7"": [], ""11"": []}",0.0,0.0,0.0,,1.0,1.0,1.0,,0.0,1.0
sabah:2020-04-24__hos-geldin-ramazan,sabah,2020-04-24,3,90,5555,5684,"Bu söz, güzel ve beğenilen şeyler karşısında Allah'ın büyüklüğünü hatırlamak ve hayranlık belirtmek için kullanılan bir ifadedir.",1,beğenilen | kullanılan,2,0,,0,0,,1,20,0,0,0,0,1,0,0,0,0,"{""6"": [""Justification""], ""7"": [], ""11"": []}",0.0,0.0,0.0,,1.0,1.0,1.0,,0.0,1.0
sabah:2020-04-24__hos-geldin-ramazan,sabah,2020-04-24,3,91,5685,5742,Bu nedenle de toplumda nazar değmemesi için kullanılıyor.,1,kullanılıyor,1,0,,0,0,,1,9,0,0,0,0,1,0,0,0,0,"{""6"": [""Justification""], ""7"": [], ""11"": []}",0.0,0.0,0.0,,1.0,1.0,1.0,,0.0,1.0
sabah:2020-04-24__hos-geldin-ramazan,sabah,2020-04-24,3,92,5743,5746,Hz.,0,,0,0,,0,0,,0,2,0,0,0,0,0,0,0,0,0,"{""6"": [], ""7"": [], ""11"": []}",0.0,0.0,0.0,,0.0,0.0,0.0,,0.0,0.0
sabah:2020-04-24__hos-geldin-ramazan,sabah,2020-04-24,3,93,5747,5849,"Peygamber (sav) nazar, göz değmesine karşı Ayet-el Kürsi, İhlas, Felak ve Nas surelerini öğütlemiştir.",0,,0,1,öğütlemiştir,1,0,,0,22,0,0,0,0,0,0,0,0,0,"{""6"": [], ""7"": [], ""11"": []}",0.0,0.0,0.0,,0.0,0.0,0.0,,0.0,0.0
sabah:2020-04-24__hos-geldin-ramazan,sabah,2020-04-24,3,94,5850,5925,Sabah.com.tr Uygulamamızı İndirin Uygulamalara Özel Ayrıcalıkları Keşfedin!,0,,0,0,,0,0,,0,8,0,0,0,0,0,0,0,0,0,"{""6"": [], ""7"": [], ""11"": []}",0.0,0.0,0.0,,0.0,0.0,0.0,,0.0,0.0
sabah:2020-09-25__ab-ile-yeni-bir-firsat-penceresi-mi,sabah,2020-09-25,2,0,0,56,BURHANETTİN DURAN - AB ile yeni bir fırsat penceresi mi?,0,,0,0,,0,0,,0,11,0,0,0,0,0,0,0,0,0,"{""7"": [], ""11"": []}",0.0,0.0,0.0,,0.0,0.0,0.0,,0.0,0.0
sabah:2020-09-25__ab-ile-yeni-bir-firsat-penceresi-mi,sabah,2020-09-25,2,1,58,129,"Doğu Akdeniz'deki ""yüksek gerilim"" yerini müzakere ve diyaloga bıraktı.",0,,0,0,,0,0,,0,11,0,0,0,0,0,0,0,0,0,"{""7"": [], ""11"": []}",0.0,0.0,0.0,,0.0,0.0,0.0,,0.0,0.0
sabah:2020-09-25__ab-ile-yeni-bir-firsat-penceresi-mi,sabah,2020-09-25,2,2,131,279,"Başkan Erdoğan, 22 Eylül'de Şansölye Merkel ve AB Konseyi Başkanı Michel ile yaptığı üçlü zirvenin ardından Fransa Cumhurbaşkanı Macron ile görüştü.",0,,0,0,,0,0,,0,23,0,0,0,0,0,0,0,0,0,"{""7"": [], ""11"": []}",0.0,0.0,0.0,,0.0,0.0,0.0,,0.0,0.0
sabah:2020-09-25__ab-ile-yeni-bir-firsat-penceresi-mi,sabah,2020-09-25,2,3,280,455,Ertesi gün AB Komisyonu Başkanı Leyen ve NATO Genel Sekreteri Stoltenberg ile yaptığı görüşmeler sonucu Ankara ile Atina arasında istikşafi görüşmeleri başlatma ortamı oluştu.,0,,0,0,,0,0,,0,25,0,0,0,0,0,0,0,0,0,"{""7"": [], ""11"": []}",0.0,0.0,0.0,,0.0,0.0,0.0,,0.0,0.0
sabah:2020-09-25__ab-ile-yeni-bir-firsat-penceresi-mi,sabah,2020-09-25,2,4,456,624,Diyaloğun öne çıkmasında Merkel'in AB dönem başkanlığı döneminde Türkiye ile ilişkileri toparlama isteği ve Erdoğan'ın bu gayrete verdiği değerin büyük bir etkisi oldu.,0,,0,0,,0,0,,0,24,0,1,0,0,0,0,0,0,0,"{""7"": [], ""11"": []}",1.0,1.0,1.0,,0.0,0.0,0.0,,1.0,0.0
sabah:2020-09-25__ab-ile-yeni-bir-firsat-penceresi-mi,sabah,2020-09-25,2,5,625,754,"Macron'un ""Avrupa dayanışması adı altında AB'yi Türkiye'ye karşı konumlandırma arayışının sonuçsuz kalması da süreci hızlandırdı.",0,,0,0,,0,0,,0,17,1,0,0,0,0,0,0,0,0,"{""7"": [], ""11"": []}",1.0,1.0,1.0,,0.0,0.0,0.0,,1.0,0.0
sabah:2020-09-25__ab-ile-yeni-bir-firsat-penceresi-mi,sabah,2020-09-25,2,6,755,902,"AB ülkelerinin büyük bir kısmı eski Fransız Cumhurbaşkanı Hollande'ın ""Avrupa'ya yönelik en büyük tehdit Türkiye'den geliyor"" iddiasına katılmıyor.",1,katılmıyor,1,0,,0,0,,1,21,1,0,0,0,0,0,0,0,0,"{""7"": [], ""11"": []}",1.0,1.0,1.0,,0.0,0.0,0.0,,1.0,0.0
sabah:2020-09-25__ab-ile-yeni-bir-firsat-penceresi-mi,sabah,2020-09-25,2,7,904,1001,Doğu Avrupa ülkelerinin asıl büyük korkusu Rusya'nın Avrupa üzerinde artan baskısı ve mülteciler.,0,,0,0,,0,0,,0,14,0,0,0,0,0,0,0,0,0,"{""7"": [], ""11"": []}",0.0,0.0,0.0,,0.0,0.0,0.0,,0.0,0.0
sabah:2020-09-25__ab-ile-yeni-bir-firsat-penceresi-mi,sabah,2020-09-25,2,8,1002,1122,"Güney Avrupa ülkeleri ise Suriye, Libya, Doğu Akdeniz ve enerji konularında Türkiye ile iş birliği ihtiyacının farkında.",0,,0,0,,0,0,,0,20,0,0,0,0,0,0,0,0,0,"{""7"": [], ""11"": []}",0.0,0.0,0.0,,0.0,0.0,0.0,,0.0,0.0
sabah:2020-09-25__ab-ile-yeni-bir-firsat-penceresi-mi,sabah,2020-09-25,2,9,1123,1235,"Avusturya dillendirdiği ""Ankara'nın AB üyelik sürecini bitirelim"" önerisini milli çıkarlarına aykırı görüyorlar.",0,,0,0,,0,0,,0,14,0,0,0,0,0,0,0,0,0,"{""7"": [], ""11"": []}",0.0,0.0,0.0,,0.0,0.0,0.0,,0.0,0.0
sabah:2020-09-25__ab-ile-yeni-bir-firsat-penceresi-mi,sabah,2020-09-25,2,10,1236,1323,Yine Yunanistan ve Güney Kıbrıs'ın AB dış politikasını esir almasını doğru bulmuyorlar.,0,,0,0,,0,0,,0,13,0,0,0,0,0,0,0,0,0,"{""7"": [], ""11"": []}",0.0,0.0,0.0,,0.0,0.0,0.0,,0.0,0.0
sabah:2020-09-25__ab-ile-yeni-bir-firsat-penceresi-mi,sabah,2020-09-25,2,11,1324,1450,İşte Oruç Reis'in bakıma çekilmesinden sonra hızlanan diplomasi Türkiye ve Yunanistan arasındaki gerilimi düşürmekle kalmıyor.,0,,0,0,,0,0,,0,17,0,0,0,0,0,0,0,0,0,"{""7"": [], ""11"": []}",0.0,0.0,0.0,,0.0,0.0,0.0,,0.0,0.0
sabah:2020-09-25__ab-ile-yeni-bir-firsat-penceresi-mi,sabah,2020-09-25,2,12,1451,1523,Türkiye-AB ilişkilerini toparlamak için de bir fırsat penceresi sunuyor.,0,,0,0,,0,0,,0,12,0,0,0,0,0,0,0,0,0,"{""7"": [], ""11"": []}",0.0,0.0,0.0,,0.0,0.0,0.0,,0.0,0.0
sabah:2020-09-25__ab-ile-yeni-bir-firsat-penceresi-mi,sabah,2020-09-25,2,13,1525,1649,"Öncelikle Ankara ve Atina arasında üç düzlemdeki (istikşafi, siyasi ve askeri) görüşmeler kapsamlı bir müzakereyi getirmeli.",0,,0,0,,0,0,,0,22,0,0,0,0,0,0,0,0,0,"{""7"": [], ""11"": []}",0.0,0.0,0.0,,0.0,0.0,0.0,,0.0,0.0
sabah:2020-09-25__ab-ile-yeni-bir-firsat-penceresi-mi,sabah,2020-09-25,2,14,1650,1823,"Adaların silahlandırılmasından Batı Trakya'ya, diğer Ege sorunlarından Kıbrıs ve Doğu Akdeniz'deki yetki alanlarına kadar ikili ilişkilerdeki tüm sorunları masaya yatırmalı.",0,,0,0,,0,0,,0,24,0,0,0,0,0,0,0,0,0,"{""7"": [], ""11"": []}",0.0,0.0,0.0,,0.0,0.0,0.0,,0.0,0.0
sabah:2020-09-25__ab-ile-yeni-bir-firsat-penceresi-mi,sabah,2020-09-25,2,15,1824,1950,Atina şunu fark etmeli: Türkiye'nin AB'den kopması durumunda Yunanistan sınırda olmanın getirdiği daha çok sorunla yüzleşecek.,0,,0,0,,0,0,,0,18,0,0,0,0,0,0,0,0,0,"{""7"": [], ""11"": []}",0.0,0.0,0.0,,0.0,0.0,0.0,,0.0,0.0
sabah:2020-09-25__ab-ile-yeni-bir-firsat-penceresi-mi,sabah,2020-09-25,2,16,1951,2002,Silahlanma baskısı ile ekonomisi daha da bozulacak.,1,bozulacak,1,0,,0,0,,1,8,0,0,0,0,0,0,0,0,0,"{""7"": [], ""11"": []}",0.0,0.0,0.0,,0.0,0.0,0.0,,0.0,0.0
sabah:2020-09-25__ab-ile-yeni-bir-firsat-penceresi-mi,sabah,2020-09-25,2,17,2003,2094,"Ege ve Doğu Akdeniz'i ""barış ve paylaşım denizine"" çevirmek Ankara ve Atina'nın menfaatine.",0,,0,0,,0,0,,0,15,0,0,0,0,0,0,0,0,0,"{""7"": [], ""11"": []}",0.0,0.0,0.0,,0.0,0.0,0.0,,0.0,0.0
sabah:2020-09-25__ab-ile-yeni-bir-firsat-penceresi-mi,sabah,2020-09-25,2,18,2095,2124,Bunun çok zorlu olacağı açık.,0,,0,0,,0,0,,0,7,0,0,0,0,0,0,0,0,0,"{""7"": [], ""11"": []}",0.0,0.0,0.0,,0.0,0.0,0.0,,0.0,0.0
sabah:2020-09-25__ab-ile-yeni-bir-firsat-penceresi-mi,sabah,2020-09-25,2,19,2126,2228,"AB, uzun vadeli stratejik çıkarlarını gözeten bir kararlılıkla Türk-Yunan görüşmelerine katkı sunmalı.",0,,0,0,,0,0,,0,17,0,0,0,0,0,0,0,0,0,"{""7"": [], ""11"": []}",0.0,0.0,0.0,,0.0,0.0,0.0,,0.0,0.0
sabah:2020-09-25__ab-ile-yeni-bir-firsat-penceresi-mi,sabah,2020-09-25,2,20,2229,2376,Almanya'nın Türkiye ile ilişkileri toparlama kararlılığı Ocak 2021'den itibaren AB dönem başkanlığını üstlenen Portekiz tarafından da sürdürülmeli.,1,sürdürülmeli,1,0,,0,1,,0,18,0,0,0,0,0,0,0,0,0,"{""7"": [], ""11"": []}",0.0,0.0,0.0,,0.0,0.0,0.0,,0.0,0.0
sabah:2020-09-25__ab-ile-yeni-bir-firsat-penceresi-mi,sabah,2020-09-25,2,21,2377,2429,İstenirse 9 aylık bir fırsat dönemi var diyebiliriz.,0,,0,0,,0,0,,0,9,0,0,0,0,0,0,0,0,0,"{""7"": [], ""11"": []}",0.0,0.0,0.0,,0.0,0.0,0.0,,0.0,0.0
sabah:2020-09-25__ab-ile-yeni-bir-firsat-penceresi-mi,sabah,2020-09-25,2,22,2430,2568,"Masadaki konular: Gümrük Birliğinin güncellenmesi, göç anlaşmasının yenilenmesi, vize serbestliği ve Doğu Akdeniz Konferansı fikri olmalı.",1,güncellenmesi | yenilenmesi | olmalı,3,0,,0,0,,1,21,0,0,0,0,0,0,0,0,0,"{""7"": [], ""11"": []}",0.0,0.0,0.0,,0.0,0.0,0.0,,0.0,0.0
sabah:2020-09-25__ab-ile-yeni-bir-firsat-penceresi-mi,sabah,2020-09-25,2,23,2569,2633,Konferans fikrini önce AB Konsey Başkanı Michel gündeme getirdi.,0,,0,0,,0,0,,0,10,0,0,0,0,0,0,0,0,0,"{""7"": [], ""11"": []}",0.0,0.0,0.0,,0.0,0.0,0.0,,0.0,0.0
sabah:2020-09-25__ab-ile-yeni-bir-firsat-penceresi-mi,sabah,2020-09-25,2,24,2634,2646,"Erdoğan, 75.",0,,0,0,,0,0,,0,3,0,0,0,0,0,0,0,0,0,"{""7"": [], ""11"": []}",0.0,0.0,0.0,,0.0,0.0,0.0,,0.0,0.0
sabah:2020-09-25__ab-ile-yeni-bir-firsat-penceresi-mi,sabah,2020-09-25,2,25,2647,2877,"BM Genel Kurulu'ndaki konuşmasında bu öneriye güçlü destek verdi: ""tüm bölge ülkelerinin hak ve çıkarlarının göz önünde bulundurulduğu, içinde Kıbrıs Türklerinin de yer aldığı bölgesel bir konferans düzenlenmesini teklif ediyoruz.",1,bulundurulduğu | düzenlenmesini,2,0,,0,0,,1,34,0,0,0,0,0,0,0,0,0,"{""7"": [], ""11"": []}",0.0,0.0,0.0,,0.0,0.0,0.0,,0.0,0.0
sabah:2020-09-25__ab-ile-yeni-bir-firsat-penceresi-mi,sabah,2020-09-25,2,26,2877,2878,"""",0,,0,0,,0,0,,0,1,0,0,0,0,0,0,0,0,0,"{""7"": [], ""11"": []}",0.0,0.0,0.0,,0.0,0.0,0.0,,0.0,0.0
sabah:2020-09-25__ab-ile-yeni-bir-firsat-penceresi-mi,sabah,2020-09-25,2,27,2880,2985,AB siyasetçilerine düşen Doğu Akdeniz Konferansı fikrini olgunlaştırmada Ankara ile iş birliği yapmaktır.,0,,0,0,,0,0,,0,15,0,0,0,0,0,0,0,0,0,"{""7"": [], ""11"": []}",0.0,0.0,0.0,,0.0,0.0,0.0,,0.0,0.0
sabah:2020-09-25__ab-ile-yeni-bir-firsat-penceresi-mi,sabah,2020-09-25,2,28,2986,3247,"Bu konferans geçtiğimiz günlerde Mısır, İsrail, Yunanistan, Kıbrıs Rum Yönetimi, İtalya ve Ürdün arasında imzalanan 'Doğu Akdeniz Gaz Forumu'nun bir bölgesel örgüt olarak kuruluşuna ilişkin anlaşmanın ""Türkiye karşıtı"" olmadığını göstermenin bir yolu olacaktır.",1,imzalanan,1,0,,0,0,,1,39,0,0,0,0,0,0,0,0,0,"{""7"": [], ""11"": []}",0.0,0.0,0.0,,0.0,0.0,0.0,,0.0,0.0
sabah:2020-09-25__ab-ile-yeni-bir-firsat-penceresi-mi,sabah,2020-09-25,2,29,3248,3429,"İster enerji paylaşımı üzerinden ister daha geniş temelli ekonomik iş birliği açısından olsun bu konferansın Doğu Akdeniz'i ""barış ve paylaşım"" denizine çevirmeye katkısı olacaktır.",0,,0,0,,0,0,,0,27,0,0,0,0,0,0,0,0,0,"{""7"": [], ""11"": []}",0.0,0.0,0.0,,0.0,0.0,0.0,,0.0,0.0
sabah:2020-09-25__ab-ile-yeni-bir-firsat-penceresi-mi,sabah,2020-09-25,2,30,3431,3531,Medeniyetler beşiği Akdeniz yeni bir jeopolitik gerilim ve askerileşme bölgesi olmaktan çıkarılmalı.,1,çıkarılmalı,1,0,,0,0,,1,13,0,0,0,0,0,0,0,0,0,"{""7"": [], ""11"": []}",0.0,0.0,0.0,,0.0,0.0,0.0,,0.0,0.0
sabah:2020-09-25__ab-ile-yeni-bir-firsat-penceresi-mi,sabah,2020-09-25,2,31,3532,3648,"Türkiye, Avrupa, Kuzey Afrika ve Ortadoğu'nun birleştiği Doğu Akdeniz'de başat güçlerden birisi olmaya devam edecek.",0,,0,0,,0,0,,0,18,0,0,0,0,0,0,0,0,0,"{""7"": [], ""11"": []}",0.0,0.0,0.0,,0.0,0.0,0.0,,0.0,0.0
sabah:2020-09-25__ab-ile-yeni-bir-firsat-penceresi-mi,sabah,2020-09-25,2,32,3649,3719,Ankara'nın da oturduğu masa kurulmadan bu denizin suları durulmayacak.,1,kurulmadan,1,0,,0,0,,1,10,0,0,0,0,0,0,0,0,0,"{""7"": [], ""11"": []}",0.0,0.0,0.0,,0.0,0.0,0.0,,0.0,0.0
sabah:2020-09-25__ab-ile-yeni-bir-firsat-penceresi-mi,sabah,2020-09-25,2,33,3720,3875,"AB liderlerinin Almanya'nın eski Ankara büyükelçisi Erdmann gibi isimlerin ""Erdoğan'ın 'nefesi kesilene' kadar sabredelim"" naifliğinde olmayacağını umalım.",0,,0,0,,0,0,,0,19,1,0,0,0,0,0,0,0,0,"{""7"": [], ""11"": []}",1.0,1.0,1.0,,0.0,0.0,0.0,,1.0,0.0
sabah:2020-09-25__ab-ile-yeni-bir-firsat-penceresi-mi,sabah,2020-09-25,2,34,3876,3931,"Erdoğan'ın nefesi Türkiye'nin nefesidir, asla kesilmez.",1,kesilmez,1,0,,0,0,,1,9,0,0,0,0,0,0,0,1,0,"{""7"": [""Call""], ""11"": []}",0.0,0.0,0.0,,1.0,1.0,1.0,,0.0,1.0
sabah:2020-09-25__ab-ile-yeni-bir-firsat-penceresi-mi,sabah,2020-09-25,2,35,3932,3968,Bu fırsat penceresinden girin derim.,0,,0,0,,0,0,,0,6,0,0,0,0,0,0,0,0,0,"{""7"": [], ""11"": []}",0.0,0.0,0.0,,0.0,0.0,0.0,,0.0,0.0
sabah:2021-03-31__kusak-yola-demokratik-rakip,sabah,2021-03-31,2,0,0,44,KEREM ALKİN - ‘Kuşak-Yol’a ‘demokratik’ raki,0,,0,0,,0,0,,0,9,0,0,0,0,0,0,0,0,0,"{""7"": [], ""11"": []}",0.0,0.0,0.0,,0.0,0.0,0.0,,0.0,0.0
sabah:2021-03-31__kusak-yola-demokratik-rakip,sabah,2021-03-31,2,1,44,45,p,0,,0,0,,0,0,,0,1,0,0,0,0,0,0,0,0,0,"{""7"": [], ""11"": []}",0.0,0.0,0.0,,0.0,0.0,0.0,,0.0,0.0
sabah:2021-03-31__kusak-yola-demokratik-rakip,sabah,2021-03-31,2,2,47,169,"10 yıl öncesinden başlayarak, bilhassa son 5 yıldır, Çin'in 'kuşak-yol' inisiyatifini hararetle konuşuyoruz, tartışıyoruz.",0,,0,0,,0,0,,0,21,0,0,0,0,0,0,0,0,0,"{""7"": [], ""11"": []}",0.0,0.0,0.0,,0.0,0.0,0.0,,0.0,0.0
sabah:2021-03-31__kusak-yola-demokratik-rakip,sabah,2021-03-31,2,3,170,488,"Dünya ekonomisinde artan hakimiyetini, kıtalar arası bir lojistik, ulaşım ve yatırım ağıyla daha da perçinlemek isteyen Çin'in 'Kuzey Kuşağı', 'Orta Kuşak' ve 'Güney Kuşağı' olarak üç ayrı güzergahtan gerçekleştirdiği bu küresel strateji için, Çin'in şu ana kadar 138 ülkeyle 200'ün üzerinde anlaşma imzalamış durumda.",0,,0,1,imzalamış,1,0,,0,49,0,0,0,0,0,0,0,0,0,"{""7"": [], ""11"": []}",0.0,0.0,0.0,,0.0,0.0,0.0,,0.0,0.0
sabah:2021-03-31__kusak-yola-demokratik-rakip,sabah,2021-03-31,2,4,489,688,"Çin'in dünya ekonomisi ve küresel ticarette genişlemesini sürdüren etki alanı, doğal olarak, siyasi sonuçlara da sebep olmakta ve Atlantik İttifakı'nın lideri olarak ABD'yi de hayli rahatsız etmekte.",0,,0,0,,0,0,,0,30,0,0,0,0,0,0,0,0,0,"{""7"": [], ""11"": []}",0.0,0.0,0.0,,0.0,0.0,0.0,,0.0,0.0
sabah:2021-03-31__kusak-yola-demokratik-rakip,sabah,2021-03-31,2,5,689,810,"Birbirlerinden nefret etmelerine rağmen, Trump Yönetimi ile Biden Yönetimi'nin neredeyse yegane uyuştukları başlık 'Çin'.",0,,0,0,,0,0,,0,17,0,0,0,0,0,0,0,0,0,"{""7"": [], ""11"": []}",0.0,0.0,0.0,,0.0,0.0,0.0,,0.0,0.0
sabah:2021-03-31__kusak-yola-demokratik-rakip,sabah,2021-03-31,2,6,812,1098,"Bu nedenle, geçtiğimiz hafta gerçekleşen NATO Dışişleri Bakanları Toplantısı'nda önemli mesajlar paylaşan ABD Dışişleri Bakanı Blinken'ın Çin ve Rusya'yla ilgili değerlendirmeleri sonrasında, takip eden geçtiğimiz hafta sonu Başkan Biden'ın değerlendirmeleri de hiç şüphesiz not alındı.",1,alındı,1,0,,0,0,,1,39,0,0,0,0,0,0,0,0,0,"{""7"": [], ""11"": []}",0.0,0.0,0.0,,0.0,0.0,0.0,,0.0,0.0
sabah:2021-03-31__kusak-yola-demokratik-rakip,sabah,2021-03-31,2,7,1099,1524,"İngiltere Başbakanı Johnson ile yaptığı telefon görüşmesinde, iklim değişikliği ve NATO müttefikliğinin güçlendirilmesi konularını ele aldıklarını ifade eden Biden, Çin konusunu da görüştüklerini vurgulayarak, 'Kuşak-Yol' konusunda giriştikleri rekabetten hareketle, yardıma ihtiyacı olan toplumlara gereken desteğin verilmesi adına, benzer bir girişimin demokratik devletler tarafından başlatılmasını önerdiğini de belirtti.",1,verilmesi | başlatılmasını,2,0,,0,1,,0,55,0,0,0,0,0,0,0,0,0,"{""7"": [], ""11"": []}",0.0,0.0,0.0,,0.0,0.0,0.0,,0.0,0.0
sabah:2021-03-31__kusak-yola-demokratik-rakip,sabah,2021-03-31,2,8,1525,1607,"ABD'nin 'alternatif' bir proje veya inisiyatiften bahsetmesi önemli, hiç şüphesiz.",0,,0,0,,0,0,,0,14,0,0,0,0,0,0,0,0,0,"{""7"": [], ""11"": []}",0.0,0.0,0.0,,0.0,0.0,0.0,,0.0,0.0
sabah:2021-03-31__kusak-yola-demokratik-rakip,sabah,2021-03-31,2,9,1609,1813,"Bununla birlikte, geçen Cuma günkü yazıda vurguladığım üzere, '20 yıllık tercihlerle yüzleşmek', ABD'nin şu konuyu da sorgulamasını gerektiriyor: 'Demokrasi ile kalkınma', 'Demokrasisiz kalkınma' ikilemi.",0,,0,0,,0,0,,0,31,0,0,0,0,0,0,0,0,0,"{""7"": [], ""11"": []}",0.0,0.0,0.0,,0.0,0.0,0.0,,0.0,0.0
sabah:2021-03-31__kusak-yola-demokratik-rakip,sabah,2021-03-31,2,10,1814,2087,"Atlantik İttifakı'nın pek çok ülkesi, son 20-25 sene 'Asya Mucizesi' başlığı altında gözlenen ekonomik gelişmeyi, Asya ve Çin'in dünya mal ve hizmet üretiminde artan rolünü, küresel maliyetlere ve karlılığa katkısı boyutunda hayli dar bir kalıptan bakmayı 'tercih' ettiler.",1,gözlenen,1,0,,0,0,,1,42,0,0,0,0,0,0,0,0,0,"{""7"": [], ""11"": []}",0.0,0.0,0.0,,0.0,0.0,0.0,,0.0,0.0
sabah:2021-03-31__kusak-yola-demokratik-rakip,sabah,2021-03-31,2,11,2088,2242,"Bu ülkeleri, 'demokrasi' ve 'insan hakları'na, 'çalışan hakları'na hassasiyet göstererek üretme veya kalkınma konusunda uzunca bir yeterince zorlamadılar.",0,,0,0,,0,0,,0,21,0,0,0,0,0,0,0,0,0,"{""7"": [], ""11"": []}",0.0,0.0,0.0,,0.0,0.0,0.0,,0.0,0.0
sabah:2021-03-31__kusak-yola-demokratik-rakip,sabah,2021-03-31,2,12,2243,2423,"Bu nedenle, Türkiye gibi 'demokrasi kültürü' ve 'kalitesi' gelişmekte olan ülkeler arasında alkışlanacak bir çıtaya yükselmiş olan ülkelerin başarısı yeterince önceliklendirilmedi.",1,önceliklendirilmedi,1,1,yükselmiş,1,0,,1,23,0,0,0,0,0,0,0,0,0,"{""7"": [], ""11"": []}",0.0,0.0,0.0,,0.0,0.0,0.0,,0.0,0.0
sabah:2021-03-31__kusak-yola-demokratik-rakip,sabah,2021-03-31,2,13,2425,2650,"Bu nedenle, bugün, demokratik ülkelerin desteğe muhtaç ülkelere 'Kuşak-Yol' benzeri bir inisiyatifle 'destek' olmaları gerektiği yönündeki çağrı, kıymetli olduğu kadar, zamanlama açısından 'geç kalmış' olma riski de içeriyor.",0,,0,0,,0,0,,0,37,0,0,0,0,0,0,0,0,0,"{""7"": [], ""11"": []}",0.0,0.0,0.0,,0.0,0.0,0.0,,0.0,0.0
sabah:2021-03-31__kusak-yola-demokratik-rakip,sabah,2021-03-31,2,14,2651,3134,"Çünkü, Dışişleri Bakanı Blinken'ın dün Birleşmiş Milletler Güvenlik Konseyi'nde gerçekleştirdiği konuşmasında 'farklılıklarımıza rağmen, Suriye'deki insanlara yardım etmek için bir yol bulmalıyız; bu bizim sorumluluğumuz ve yerine getirmezsek bize yazıklar olsun"" yönündeki anlamlı çağrısı da, bölgesel ve küresel 'akıllı güç' imkan ve kabiliyetleri tartışılmaz olan Türkiye'nin her noktada, her başlıkta vazgeçilmezliğini ve çözüm üretme kapasitesini bir kez daha gündeme getiriyor.",1,tartışılmaz,1,0,,0,0,,1,68,0,0,0,0,0,0,0,0,0,"{""7"": [], ""11"": []}",0.0,0.0,0.0,,0.0,0.0,0.0,,0.0,0.0
sabah:2021-03-31__kusak-yola-demokratik-rakip,sabah,2021-03-31,2,15,3135,3251,"Bu nedenle, Türkiye küresel meselelerin çözümüne yönelik 'öncü rolü'nü bugün de, gelecekte de üstlenmeyi sürdürecek.",0,,0,0,,0,0,,0,18,0,1,0,0,0,0,0,0,0,"{""7"": [], ""11"": []}",1.0,1.0,1.0,,0.0,0.0,0.0,,1.0,0.0
sabah:2021-09-04__chp-izmirde-alevi-kurt-tartismasi-buyuyor,sabah,2021-09-04,2,0,0,56,MAHMUT ÖVÜR - CHP İzmir’de Alevi-Kürt tartışması büyüyor,0,,0,0,,0,0,,0,10,0,0,0,0,0,0,0,0,0,"{""7"": [], ""11"": []}",0.0,0.0,0.0,,0.0,0.0,0.0,,0.0,0.0
sabah:2021-09-04__chp-izmirde-alevi-kurt-tartismasi-buyuyor,sabah,2021-09-04,2,1,58,273,"CHP Genel Başkan Kemal Kılıçdaroğlu'nun Başdanışmanı ve İzmir Milletvekili Tuncay Özkan'ın, İzmir Bornova'da Aleviler ve Kürtlere yönelik açıklamalarıyla başlayan tartışma, işten atmalar ve tehditlerle devam ediyor.",0,,0,0,,0,0,,0,29,1,0,0,0,0,0,0,0,0,"{""7"": [], ""11"": []}",1.0,1.0,1.0,,0.0,0.0,0.0,,1.0,0.0
sabah:2021-09-04__chp-izmirde-alevi-kurt-tartismasi-buyuyor,sabah,2021-09-04,2,2,275,472,"Dün de yazdım, Özkan'ın Suriye ve Afgan göçmenleriyle ilgili sözlerine Alevi ve Kürtleri de ekleyerek tespit yapmasına, CHP'li Süleyman Sezer'in sert cevap vermesi siyasi gündemi bir hayli salladı.",0,,0,0,,0,0,,0,32,1,1,1,0,0,0,0,0,0,"{""7"": [], ""11"": []}",1.0,1.0,1.0,,0.0,0.0,0.0,,1.0,0.0
sabah:2021-09-04__chp-izmirde-alevi-kurt-tartismasi-buyuyor,sabah,2021-09-04,2,3,474,588,"Öyle salladı ki, önce Tuncay Özkan'la tartışmaya giren Bornova Belediyesi'nde çalışan Süleyman Sezer işten atıldı.",1,atıldı,1,0,,0,0,,1,17,0,0,1,0,0,0,0,0,0,"{""7"": [], ""11"": []}",0.0,1.0,0.0,0.0,0.0,0.0,0.0,,1.0,0.0
sabah:2021-09-04__chp-izmirde-alevi-kurt-tartismasi-buyuyor,sabah,2021-09-04,2,4,589,881,"Sonra da Bornova'da yapılan CHP Danışma Kurulu toplantısında CHP Bornova İlçe Başkanı Ertürk Çapın, Belediye Başkanı Mustafa İduğ'a adeta talimat vererek, işin arkasında olduğunu düşündüğü Belediye Başkan Yardımcısı Yahya Yıldız ve Koruma Amiri Alişan Han için ""gerekenin"" yapılmasını istedi.",1,yapılan | yapılmasını,2,0,,0,0,,1,42,1,0,1,0,0,0,0,1,0,"{""7"": [], ""11"": [""Call""]}",1.0,1.0,1.0,,1.0,1.0,1.0,,1.0,1.0
sabah:2021-09-04__chp-izmirde-alevi-kurt-tartismasi-buyuyor,sabah,2021-09-04,2,5,883,1036,"Gerekenin ne olduğunu önümüzdeki günlerde göreceğiz ama Ege'den Sonsöz gazetesine göre, kavganın ilk adımı belediyedeki kapalı grup toplantısında atıldı.",1,atıldı,1,0,,0,0,,1,23,0,0,0,0,0,0,0,0,0,"{""7"": [], ""11"": []}",0.0,0.0,0.0,,0.0,0.0,0.0,,0.0,0.0
sabah:2021-09-04__chp-izmirde-alevi-kurt-tartismasi-buyuyor,sabah,2021-09-04,2,6,1037,1210,"O toplantıda da Başkan Yardımcısı Yahya Yıldız ile diğer başkan yardımcıları Ercan Kahya ve Barbaros Taşer birbirine girmiş, hatta yumruklaşma ve küfürleşme bile yaşanmıştı.",1,yaşanmıştı,1,1,girmiş,1,0,,1,26,0,0,0,0,0,0,0,0,0,"{""7"": [], ""11"": []}",0.0,0.0,0.0,,0.0,0.0,0.0,,0.0,0.0
sabah:2021-09-04__chp-izmirde-alevi-kurt-tartismasi-buyuyor,sabah,2021-09-04,2,7,1212,1289,"Peki, bu kavgaların Tuncay Özkan'ın söyledikleriyle nasıl bir ilişkisi vardı?",0,,0,0,,0,0,,0,13,0,0,0,0,0,0,0,0,0,"{""7"": [], ""11"": []}",0.0,0.0,0.0,,0.0,0.0,0.0,,0.0,0.0
sabah:2021-09-04__chp-izmirde-alevi-kurt-tartismasi-buyuyor,sabah,2021-09-04,2,8,1291,1336,Dananın kuyruğunun koptuğu yer tam da burası.,0,,0,0,,0,0,,0,8,0,0,0,0,0,0,0,0,0,"{""7"": [], ""11"": []}",0.0,0.0,0.0,,0.0,0.0,0.0,,0.0,0.0
sabah:2021-09-04__chp-izmirde-alevi-kurt-tartismasi-buyuyor,sabah,2021-09-04,2,9,1337,1571,"Özkan, sert eleştirilince ya da kendi deyimiyle iftiraya uğrayınca ilk yaptığı şey ""Piro Sezer"" lakaplı ve sadece belediyede işçi olarak çalışan Süleyman Sezer'i ağır eleştiriyor ve arkasındaki ""ağalardan"" hesap soracağını söylüyordu.",0,,0,0,,0,0,,0,35,0,0,1,0,0,0,0,0,0,"{""7"": [], ""11"": []}",1.0,1.0,1.0,,0.0,0.0,0.0,,1.0,0.0
sabah:2021-09-04__chp-izmirde-alevi-kurt-tartismasi-buyuyor,sabah,2021-09-04,2,10,1572,1646,"Hatta hızını alamıyor, belediye ve ilçe başkanlarına da talimat veriyordu.",0,,0,0,,0,0,,0,12,0,0,0,0,0,0,0,0,0,"{""7"": [], ""11"": []}",0.0,0.0,0.0,,0.0,0.0,0.0,,0.0,0.0
sabah:2021-09-04__chp-izmirde-alevi-kurt-tartismasi-buyuyor,sabah,2021-09-04,2,11,1648,1755,"İşte kapalı grup ve Danışma Kurulu toplantılarındaki yumruklaşmaya varan kavga, bu talimat sonrası yaşandı.",0,,0,0,,0,0,,0,17,0,0,0,0,0,0,0,0,0,"{""7"": [], ""11"": []}",0.0,0.0,0.0,,0.0,0.0,0.0,,0.0,0.0
sabah:2021-09-04__chp-izmirde-alevi-kurt-tartismasi-buyuyor,sabah,2021-09-04,2,12,1756,1860,Hedefte de iki kişi vardı: Bornova Belediye Başkan Yardımcısı Yahya Yıldız ve Koruma Amiri Alişan Han...,0,,0,0,,0,0,,0,18,0,0,0,0,0,0,0,0,0,"{""7"": [], ""11"": []}",0.0,0.0,0.0,,0.0,0.0,0.0,,0.0,0.0
sabah:2021-09-04__chp-izmirde-alevi-kurt-tartismasi-buyuyor,sabah,2021-09-04,2,13,1861,1975,"İkisi de Kürt'tü ve herhalde Özkan'ın ""Ağalarını da uyarırım"" dediği isimlerdi ki şimdi bu ikisi de topun ağzında.",0,,0,0,,0,0,,0,21,0,0,0,0,0,0,0,0,0,"{""7"": [], ""11"": []}",0.0,0.0,0.0,,0.0,0.0,0.0,,0.0,0.0
sabah:2021-09-04__chp-izmirde-alevi-kurt-tartismasi-buyuyor,sabah,2021-09-04,2,14,1977,2149,"Bugün bu olayı yönetemeyen, kendi içindeki Kürt aktörlere bile tahammül edemeyen CHP'nin bu tavrı, meselenin yıllar içinde neden ""soruna"" dönüştüğünü anlatmayı yetmiyor mu?",0,,0,0,,0,0,,0,28,0,0,0,0,0,0,1,0,0,"{""7"": [""Simplification""], ""11"": []}",0.0,0.0,0.0,,1.0,1.0,1.0,,0.0,1.0
sabah:2021-09-04__chp-izmirde-alevi-kurt-tartismasi-buyuyor,sabah,2021-09-04,2,15,2150,2261,"İşin garip tarafı da CHP içindeki o Kürtlerin, HDP'li diye suçlanması ve HDP'nin de bu olanlara sessiz kalması.",1,suçlanması,1,0,,0,0,,1,22,1,0,1,0,0,0,0,0,0,"{""7"": [], ""11"": []}",1.0,1.0,1.0,,0.0,0.0,0.0,,1.0,0.0
sabah:2021-09-04__chp-izmirde-alevi-kurt-tartismasi-buyuyor,sabah,2021-09-04,2,16,2263,2303,DİYARBAKIR ZERZEVAN'DA GÖKYÜZÜNÜ İZLEMEK,0,,0,0,,0,0,,0,4,0,0,0,0,0,0,0,0,0,"{""7"": [], ""11"": []}",0.0,0.0,0.0,,0.0,0.0,0.0,,0.0,0.0
sabah:2021-09-04__chp-izmirde-alevi-kurt-tartismasi-buyuyor,sabah,2021-09-04,2,17,2305,2478,"İzmir'de yaşanan bu olayları izlerken, aklım hep Sanayi ve Teknoloji Bakanı Mustafa Varank'ın Diyarbakır'da düzenlenen Uluslararası Zerzevan Gökyüzü Gözlem Etkinliği'ndeydi.",1,yaşanan | düzenlenen,2,0,,0,0,,1,23,0,1,0,0,0,0,0,0,0,"{""7"": [], ""11"": []}",1.0,1.0,1.0,,0.0,0.0,0.0,,1.0,0.0
sabah:2021-09-04__chp-izmirde-alevi-kurt-tartismasi-buyuyor,sabah,2021-09-04,2,18,2480,2532,Bir kere müthiş bir fikir ve iyi bir organizasyondu.,0,,0,0,,0,0,,0,10,0,0,0,0,0,0,0,0,0,"{""7"": [], ""11"": []}",0.0,0.0,0.0,,0.0,0.0,0.0,,0.0,0.0
sabah:2021-09-04__chp-izmirde-alevi-kurt-tartismasi-buyuyor,sabah,2021-09-04,2,19,2533,2727,"Mekân ise Diyarbakır'ın Çınar ilçesinde, UNESCO Dünya Mirası Geçici Listesi'ndeki Roma İmparatorluğu'nun Doğu'da son garnizonu olan ve Mithras Tapınağı'na sahip 3 bin yıllık Zerzevan Kalesi'ydi.",0,,0,0,,0,0,,0,29,0,0,0,0,0,0,0,0,0,"{""7"": [], ""11"": []}",0.0,0.0,0.0,,0.0,0.0,0.0,,0.0,0.0
sabah:2021-09-04__chp-izmirde-alevi-kurt-tartismasi-buyuyor,sabah,2021-09-04,2,20,2728,2798,Çadırlar kurulmuş ve binlerce genç son teknolojiyle gökyüzünü izliyor.,1,kurulmuş,1,1,kurulmuş,1,0,,1,10,0,0,0,0,0,0,0,0,0,"{""7"": [], ""11"": []}",0.0,0.0,0.0,,0.0,0.0,0.0,,0.0,0.0
sabah:2021-09-04__chp-izmirde-alevi-kurt-tartismasi-buyuyor,sabah,2021-09-04,2,21,2800,2849,"Ama daha önemlisi, bu organizasyonun hedefiydi...",0,,0,0,,0,0,,0,9,0,0,0,0,0,0,0,0,0,"{""7"": [], ""11"": []}",0.0,0.0,0.0,,0.0,0.0,0.0,,0.0,0.0
sabah:2021-09-04__chp-izmirde-alevi-kurt-tartismasi-buyuyor,sabah,2021-09-04,2,22,2850,3028,"Bölgenin terörle, gözyaşıyla, acıyla değil, üretimle, teknolojiyle, daha da ötesi uzayla, gökyüzüyle anılmasını istediklerini ifade eden Bakan Varank, o hedefi şöyle anlatıyordu:",1,anılmasını,1,0,,0,0,,1,30,0,0,0,0,0,0,0,0,0,"{""7"": [], ""11"": []}",0.0,0.0,0.0,,0.0,0.0,0.0,,0.0,0.0
sabah:2021-09-04__chp-izmirde-alevi-kurt-tartismasi-buyuyor,sabah,2021-09-04,2,23,3030,3102,"""Çünkü bu topraklar ilmin filizlenip tüm dünyayı aydınlattığı topraklar.",1,filizlenip,1,0,,0,0,,1,11,0,0,0,0,0,0,0,0,0,"{""7"": [], ""11"": []}",0.0,0.0,0.0,,0.0,0.0,0.0,,0.0,0.0
sabah:2021-09-04__chp-izmirde-alevi-kurt-tartismasi-buyuyor,sabah,2021-09-04,2,24,3103,3184,"Peki, bunun ne kadar bilincindeyiz, gençlerimiz bu zenginliğin ne kadar farkında?",0,,0,0,,0,0,,0,15,0,0,0,0,0,0,0,0,0,"{""7"": [], ""11"": []}",0.0,0.0,0.0,,0.0,0.0,0.0,,0.0,0.0
sabah:2021-09-04__chp-izmirde-alevi-kurt-tartismasi-buyuyor,sabah,2021-09-04,2,25,3185,3294,"Leonardo Da Vinci'yi bildiğimiz kadar, ona ilham veren bu medeniyetin evladı El Cezeri'yi de tanımamız gerek.",0,,0,0,,0,0,,0,18,0,0,0,0,0,0,0,0,0,"{""7"": [], ""11"": []}",0.0,0.0,0.0,,0.0,0.0,0.0,,0.0,0.0
sabah:2021-09-04__chp-izmirde-alevi-kurt-tartismasi-buyuyor,sabah,2021-09-04,2,26,3295,3357,"Cezeri, sibernetiğin ilk adımlarını burada Diyarbakır'da attı.",0,,0,0,,0,0,,0,9,0,0,0,0,0,0,0,0,0,"{""7"": [], ""11"": []}",0.0,0.0,0.0,,0.0,0.0,0.0,,0.0,0.0
sabah:2021-09-04__chp-izmirde-alevi-kurt-tartismasi-buyuyor,sabah,2021-09-04,2,27,3358,3416,Ulu Cami'nin avlusundaki güneş saati 800 yıldır çalışıyor.,0,,0,0,,0,0,,0,11,0,0,0,0,0,0,0,0,0,"{""7"": [], ""11"": []}",0.0,0.0,0.0,,0.0,0.0,0.0,,0.0,0.0
sabah:2021-09-04__chp-izmirde-alevi-kurt-tartismasi-buyuyor,sabah,2021-09-04,2,28,3417,3470,"Diyarbakır, tarihteki ilk robotun geliştirildiği yer.",0,,0,0,,0,0,,0,9,0,0,0,0,0,0,0,0,0,"{""7"": [], ""11"": []}",0.0,0.0,0.0,,0.0,0.0,0.0,,0.0,0.0
sabah:2021-09-04__chp-izmirde-alevi-kurt-tartismasi-buyuyor,sabah,2021-09-04,2,29,3471,3628,"İşte tüm bu zenginlikleri Türkiye'ye hatırlatmak, bilim ve teknoloji mirasına sahip bu topraklarda uzaya ve öğrenmeye meraklı gençlerimizle buluşmak istedik.",0,,0,0,,0,0,,0,23,0,0,0,0,0,0,0,0,0,"{""7"": [], ""11"": []}",0.0,0.0,0.0,,0.0,0.0,0.0,,0.0,0.0
sabah:2021-09-04__chp-izmirde-alevi-kurt-tartismasi-buyuyor,sabah,2021-09-04,2,30,3628,3629,"""",0,,0,0,,0,0,,0,1,0,0,0,0,0,0,0,0,0,"{""7"": [], ""11"": []}",0.0,0.0,0.0,,0.0,0.0,0.0,,0.0,0.0
sabah:2021-09-04__chp-izmirde-alevi-kurt-tartismasi-buyuyor,sabah,2021-09-04,2,31,3631,3683,Bu konuşmanın tamamını mutlaka bulup dinleyin derim.,0,,0,0,,0,0,,0,8,0,0,0,0,0,0,0,0,0,"{""7"": [], ""11"": []}",0.0,0.0,0.0,,0.0,0.0,0.0,,0.0,0.0
sabah:2022-01-08__kazakistan-ve-olagan-supheliler,sabah,2022-01-08,3,0,0,45,MAHMUT ÖVÜR - Kazakistan ve olağan şüpheliler,0,,0,0,,0,0,,0,7,0,0,0,0,0,0,0,0,0,"{""6"": [], ""7"": [], ""11"": []}",0.0,0.0,0.0,,0.0,0.0,0.0,,0.0,0.0
sabah:2022-01-08__kazakistan-ve-olagan-supheliler,sabah,2022-01-08,3,1,47,270,"Dünyanın gözü Ukrayna-Rusya gerilimine ya da Çin-ABD ilişkileri nedeniyle Pasifik bölgesine odaklanmışken, hiç hesapta olmayan Kazakistan'ın sıvı gaza yapılan zam nedeniyle karışması bizi şaşırtsa da birileri hiç şaşırmadı.",1,yapılan,1,0,,0,0,,1,34,0,0,1,0,0,0,0,0,0,"{""6"": [], ""7"": [], ""11"": []}",1.0,1.0,1.0,,0.0,0.0,0.0,,1.0,0.0
sabah:2022-01-08__kazakistan-ve-olagan-supheliler,sabah,2022-01-08,3,2,271,464,"ABD, ""Ne oluyor?"" bile demedi, Rusya ise ""Canıma minnet"" diyerek Kolektif Güvenlik Antlaşma Örgütü'yle birlikte gelen davete icabet edip, ""Kazakistan'a el koydu"" diyebileceğimiz bir tavır aldı.",0,,0,0,,0,0,,0,35,1,0,1,0,0,1,0,0,0,"{""6"": [""Manipulative Wording""], ""7"": [], ""11"": []}",1.0,1.0,1.0,1.0,1.0,1.0,1.0,,1.0,1.0
sabah:2022-01-08__kazakistan-ve-olagan-supheliler,sabah,2022-01-08,3,3,465,500,İnanılır gibi değil ama durum bu...,1,İnanılır,1,0,,0,0,,1,7,0,0,0,0,0,0,0,0,0,"{""6"": [], ""7"": [], ""11"": []}",0.0,0.0,0.0,,0.0,0.0,0.0,,0.0,0.0
sabah:2022-01-08__kazakistan-ve-olagan-supheliler,sabah,2022-01-08,3,4,501,638,"Kazakistan gibi otoriter bir ülkede ciddi bir muhalefet örgütlenmesi yokken, nasıl oldu da bir anda o şehirler yakılıp yıkılmaya başladı?",1,örgütlenmesi | yakılıp | yıkılmaya,3,0,,0,0,,1,23,0,0,1,0,0,0,0,0,0,"{""6"": [], ""7"": [], ""11"": []}",1.0,1.0,1.0,,0.0,0.0,0.0,,1.0,0.0
sabah:2022-01-08__kazakistan-ve-olagan-supheliler,sabah,2022-01-08,3,5,639,666,Sokakta silahlar dağıtıldı?,1,dağıtıldı,1,0,,0,0,,1,4,0,0,0,0,0,0,0,0,0,"{""6"": [], ""7"": [], ""11"": []}",0.0,0.0,0.0,,0.0,0.0,0.0,,0.0,0.0
sabah:2022-01-08__kazakistan-ve-olagan-supheliler,sabah,2022-01-08,3,6,667,808,"Olaylar çığırından çıktığında, Kazakistan'ı iyi bilen, zamanında orada iş yapmış, hâlâ da yakın ilişkisi olan bir dostumu aradım; ""Ne oluyor?",0,,0,1,yapmış,1,0,,0,26,0,0,0,0,0,0,0,0,0,"{""6"": [], ""7"": [], ""11"": []}",0.0,0.0,0.0,,0.0,0.0,0.0,,0.0,0.0
sabah:2022-01-08__kazakistan-ve-olagan-supheliler,sabah,2022-01-08,3,7,809,873,"Orayı da Sorosçular ve FETÖ'cüler mi karıştırıyor?"" diye sordum.",0,,0,0,,0,0,,0,12,1,0,0,1,0,0,0,0,0,"{""6"": [""Attack on Reputation""], ""7"": [], ""11"": []}",1.0,1.0,1.0,0.0,1.0,1.0,1.0,,1.0,1.0
sabah:2022-01-08__kazakistan-ve-olagan-supheliler,sabah,2022-01-08,3,8,874,940,"Cevabı imalıydı: ""Acele etmemek lazım, işin arkası çok karışık...""",0,,0,0,,0,0,,0,14,0,0,0,0,0,0,0,0,0,"{""6"": [], ""7"": [], ""11"": []}",0.0,0.0,0.0,,0.0,0.0,0.0,,0.0,0.0
sabah:2022-01-08__kazakistan-ve-olagan-supheliler,sabah,2022-01-08,3,9,941,968,Gerçekten de çok karışıktı.,0,,0,0,,0,0,,0,5,0,0,0,0,0,0,0,0,0,"{""6"": [], ""7"": [], ""11"": []}",0.0,0.0,0.0,,0.0,0.0,0.0,,0.0,0.0
sabah:2022-01-08__kazakistan-ve-olagan-supheliler,sabah,2022-01-08,3,10,969,1022,Özellikle Rusya'nın taleplerini görünce donup kaldım.,0,,0,0,,0,0,,0,7,0,0,0,0,0,0,0,0,0,"{""6"": [], ""7"": [], ""11"": []}",0.0,0.0,0.0,,0.0,0.0,0.0,,0.0,0.0
sabah:2022-01-08__kazakistan-ve-olagan-supheliler,sabah,2022-01-08,3,11,1023,1144,"Oysa olayı duyduğumda aklıma ilk gelen, Avrasya'yı Ortadoğululaştırmak isteyen bir ABD aklının devrede olduğu gerçeğiydi.",0,,0,0,,0,0,,0,18,1,0,0,1,1,0,0,0,0,"{""6"": [""Justification""], ""7"": [], ""11"": [""Attack on Reputation""]}",1.0,1.0,1.0,,1.0,1.0,1.0,1.0,1.0,1.0
sabah:2022-01-08__kazakistan-ve-olagan-supheliler,sabah,2022-01-08,3,12,1145,1182,Birçok insan da hâlâ böyle düşünüyor.,0,,0,0,,0,0,,0,7,0,0,0,0,0,0,0,0,0,"{""6"": [], ""7"": [], ""11"": []}",0.0,0.0,0.0,,0.0,0.0,0.0,,0.0,0.0
sabah:2022-01-08__kazakistan-ve-olagan-supheliler,sabah,2022-01-08,3,13,1183,1390,"Bu teze göre, Çin'in İpek Yolu projesini durdurmak, Rusya'yı da çevrelemek için ABD ve büyük oranda da düşüşe geçen küresel emperyalizm, Soros ve FETÖvari aparatlarını kullanarak Kazakistan'ı karıştırıyordu.",0,,0,0,,0,0,,0,32,1,0,1,0,0,0,1,0,0,"{""6"": [""Simplification""], ""7"": [], ""11"": []}",1.0,1.0,1.0,1.0,1.0,1.0,1.0,,1.0,1.0
sabah:2022-01-08__kazakistan-ve-olagan-supheliler,sabah,2022-01-08,3,14,1391,1444,"Bir anlamda ""Avrasya Baharı""nın fitili ateşleniyordu.",0,,0,0,,0,0,,0,8,0,0,0,0,0,0,0,0,0,"{""6"": [], ""7"": [], ""11"": []}",0.0,0.0,0.0,,0.0,0.0,0.0,,0.0,0.0
sabah:2022-01-08__kazakistan-ve-olagan-supheliler,sabah,2022-01-08,3,15,1445,1500,Aslında son dönemde kimse böyle bir öngörüde bulunmadı.,0,,0,0,,0,0,,0,9,0,0,0,0,0,0,0,0,0,"{""6"": [], ""7"": [], ""11"": []}",0.0,0.0,0.0,,0.0,0.0,0.0,,0.0,0.0
sabah:2022-01-08__kazakistan-ve-olagan-supheliler,sabah,2022-01-08,3,16,1501,1649,"ABD'nin bölgede uzun yıllardır hazırlık yaptığı biliniyordu ama neyi, ne zaman harekete geçireceği ve geçirdiğinde kime hizmet edeceği bilinmiyordu.",1,biliniyordu | bilinmiyordu,2,0,,0,0,,1,22,0,0,0,0,0,0,0,0,0,"{""6"": [], ""7"": [], ""11"": []}",0.0,0.0,0.0,,0.0,0.0,0.0,,0.0,0.0
sabah:2022-01-08__kazakistan-ve-olagan-supheliler,sabah,2022-01-08,3,17,1650,1802,"Sadece ABD'nin apar topar Afganistan'dan kaçması nedeniyle şöyle bir soru işareti oluşmuştu: Acaba ABD, bölgeyi karıştıracak kirli bir hesap peşinde mi?",0,,0,0,,0,0,,0,24,1,0,1,0,0,0,0,0,0,"{""6"": [], ""7"": [], ""11"": []}",1.0,1.0,1.0,1.0,0.0,0.0,0.0,,1.0,0.0
sabah:2022-01-08__kazakistan-ve-olagan-supheliler,sabah,2022-01-08,3,18,1803,1883,"Çünkü herkes biliyor ki, Rusya dahil büyük güçler Avrasya'yı rahat bırakmayacak.",0,,0,0,,0,0,,0,13,1,0,1,0,0,0,0,0,0,"{""6"": [], ""7"": [], ""11"": []}",1.0,1.0,1.0,,0.0,0.0,0.0,,1.0,0.0
sabah:2022-01-08__kazakistan-ve-olagan-supheliler,sabah,2022-01-08,3,19,1884,2048,"Buna Kazakistan'ın son 10 yılda yaptığı alfabe ve ilişki değişimini, Türkiye ile birlikte Türk Devletleri Teşkilatı'nda aktif rol üstlenmesini de eklemek gerekiyor.",0,,0,0,,0,0,,0,24,0,1,0,0,0,0,0,0,0,"{""6"": [], ""7"": [], ""11"": []}",1.0,1.0,1.0,0.0,0.0,0.0,0.0,,1.0,0.0
sabah:2022-01-08__kazakistan-ve-olagan-supheliler,sabah,2022-01-08,3,20,2049,2197,"Kimi bölge ülkelerinin tek tek güçlenip uyanmasından, kimi de Avrasya coğrafyasında Türkiye eksenli yeni bir güç merkezinin oluşmasından rahatsızdı.",0,,0,0,,0,0,,0,21,0,0,0,0,0,0,0,0,0,"{""6"": [], ""7"": [], ""11"": []}",0.0,0.0,0.0,,0.0,0.0,0.0,,0.0,0.0
sabah:2022-01-08__kazakistan-ve-olagan-supheliler,sabah,2022-01-08,3,21,2198,2295,Ayrıca Çin'i durdurmak için ABD ve Rusya'nın bu bölgeye ilişkin hesaplar yaptığı da bir gerçekti.,0,,0,0,,0,0,,0,16,0,0,0,0,0,0,0,0,0,"{""6"": [], ""7"": [], ""11"": []}",0.0,0.0,0.0,,0.0,0.0,0.0,,0.0,0.0
sabah:2022-01-08__kazakistan-ve-olagan-supheliler,sabah,2022-01-08,3,22,2296,2341,"Peki, gelinen nokta bu tezlerle örtüşüyor mu?",0,,0,0,,0,0,,0,9,0,0,0,0,0,0,0,0,0,"{""6"": [], ""7"": [], ""11"": []}",0.0,0.0,0.0,,0.0,0.0,0.0,,0.0,0.0
sabah:2022-01-08__kazakistan-ve-olagan-supheliler,sabah,2022-01-08,3,23,2342,2493,"Henüz erken ve sonu nereye varır bilinmez ama şu gerçek oldu: Rusya, Kazakistan'a yeniden döndü ve tıpkı Suriye'de olduğu gibi çıkmayacağı da çok açık.",1,bilinmez,1,0,,0,0,,1,27,1,0,1,0,0,0,0,0,0,"{""6"": [], ""7"": [], ""11"": []}",1.0,1.0,1.0,,0.0,0.0,0.0,,1.0,0.0
sabah:2022-01-08__kazakistan-ve-olagan-supheliler,sabah,2022-01-08,3,24,2494,2674,"Durumu en çarpıcı biçimde Rusya'nın propaganda medya kuruluşları yöneticisi Margarita Simonyan duyurdu: ""Kazakistan'a tabii ki yardım edebiliriz ancak bazı koşullar olmak zorunda.""",0,,0,0,,0,0,,0,25,1,0,0,0,0,0,0,0,0,"{""6"": [], ""7"": [], ""11"": []}",1.0,1.0,1.0,0.0,0.0,0.0,0.0,,1.0,0.0
sabah:2022-01-08__kazakistan-ve-olagan-supheliler,sabah,2022-01-08,3,25,2675,2814,"Simonyan, hiç çekinmeden sömürge dayatması diyeceğimiz o koşulları da şöyle sıralıyor: 1- Kırım'ın Rusya'nın toprağı olduğunu kabul etmesi.",0,,0,0,,0,0,,0,22,1,0,0,0,0,1,0,0,0,"{""6"": [], ""7"": [""Manipulative Wording""], ""11"": []}",1.0,1.0,1.0,,1.0,1.0,1.0,,1.0,1.0
sabah:2022-01-08__kazakistan-ve-olagan-supheliler,sabah,2022-01-08,3,26,2815,2865,2- Rusça'nın Kazakistan'ın 2. dili olarak kalması.,0,,0,0,,0,0,,0,9,0,0,0,0,0,0,0,0,0,"{""6"": [], ""7"": [], ""11"": []}",0.0,0.0,0.0,,0.0,0.0,0.0,,0.0,0.0
sabah:2022-01-08__kazakistan-ve-olagan-supheliler,sabah,2022-01-08,3,27,2866,2892,3- Kiril harflerine dönüş.,0,,0,0,,0,0,,0,6,0,0,0,0,0,0,0,0,0,"{""6"": [], ""7"": [], ""11"": []}",0.0,0.0,0.0,,0.0,0.0,0.0,,0.0,0.0
sabah:2022-01-08__kazakistan-ve-olagan-supheliler,sabah,2022-01-08,3,28,2893,2922,4- Rus okullarına serbestlik.,0,,0,0,,0,0,,0,6,0,0,0,0,0,0,0,0,0,"{""6"": [], ""7"": [], ""11"": []}",0.0,0.0,0.0,,0.0,0.0,0.0,,0.0,0.0
sabah:2022-01-08__kazakistan-ve-olagan-supheliler,sabah,2022-01-08,3,29,2923,2975,"Tam ""Koyun can derdinde kasap et derdinde"" hesabı...",0,,0,0,,0,0,,0,10,0,0,0,0,0,1,0,0,0,"{""6"": [""Manipulative Wording""], ""7"": [], ""11"": []}",0.0,0.0,0.0,,1.0,1.0,1.0,,0.0,1.0
sabah:2022-01-08__kazakistan-ve-olagan-supheliler,sabah,2022-01-08,3,30,2976,3034,"Gel de ""Bu ne hız, bu ne pervasızlık?"" diye şüpheye düşme.",0,,0,0,,0,0,,0,16,0,0,0,0,0,1,0,0,0,"{""6"": [""Manipulative Wording""], ""7"": [], ""11"": []}",0.0,0.0,0.0,,1.0,1.0,1.0,,0.0,1.0
sabah:2022-01-08__kazakistan-ve-olagan-supheliler,sabah,2022-01-08,3,31,3035,3080,Bu tablo bana Suriye meselesini hatırlatıyor.,0,,0,0,,0,0,,0,7,0,0,0,0,0,0,0,0,0,"{""6"": [], ""7"": [], ""11"": []}",0.0,0.0,0.0,,0.0,0.0,0.0,,0.0,0.0
sabah:2022-01-08__kazakistan-ve-olagan-supheliler,sabah,2022-01-08,3,32,3081,3175,Suriye'de de ABD'nin iç savaşı kışkırtması ve çözmek istememesinden sonra Rusya devreye girdi.,0,,0,0,,0,0,,0,14,1,0,1,0,0,0,1,0,0,"{""6"": [""Simplification""], ""7"": [], ""11"": []}",1.0,1.0,1.0,1.0,1.0,1.0,1.0,,1.0,1.0
sabah:2022-01-08__kazakistan-ve-olagan-supheliler,sabah,2022-01-08,3,33,3176,3204,Bu işte bir gariplik yok mu?,0,,0,0,,0,0,,0,7,0,0,0,0,0,0,0,0,0,"{""6"": [], ""7"": [], ""11"": []}",0.0,0.0,0.0,,0.0,0.0,0.0,,0.0,0.0
sabah:2022-01-08__kazakistan-ve-olagan-supheliler,sabah,2022-01-08,3,34,3206,3285,Bu köşe yazısını aşağıdaki linke tıklayarak sesli bir şekilde dinleyebilirsiniz,0,,0,0,,0,0,,0,11,0,0,0,0,0,0,0,0,0,"{""6"": [], ""7"": [], ""11"": []}",0.0,0.0,0.0,,0.0,0.0,0.0,,0.0,0.0
sabah:2022-01-08__kazakistan-ve-olagan-supheliler,sabah,2022-01-08,3,35,3287,3408,Mahmut Övür | Kazakistan ve olağan şüpheliler Sabah.com.tr Uygulamamızı İndirin Uygulamalara Özel Ayrıcalıkları Keşfedin!,0,,0,0,,0,0,,0,15,0,0,0,0,0,0,0,0,0,"{""6"": [], ""7"": [], ""11"": []}",0.0,0.0,0.0,,0.0,0.0,0.0,,0.0,0.0
sabah:2022-03-01__turizm-baskentinden-hasar-tespiti,sabah,2022-03-01,3,0,0,47,YAVUZ DONAT - Turizm başkentinden hasar tespiti,0,,0,0,,0,0,,0,7,0,0,0,0,0,0,0,0,0,"{""6"": [], ""7"": [], ""11"": []}",0.0,0.0,0.0,,0.0,0.0,0.0,,0.0,0.0
sabah:2022-03-01__turizm-baskentinden-hasar-tespiti,sabah,2022-03-01,3,1,49,78,ANTALYA Savaş devam ediyor...,0,,0,0,,0,0,,0,5,1,0,0,0,0,0,0,0,0,"{""6"": [], ""7"": [], ""11"": []}",1.0,1.0,1.0,,0.0,0.0,0.0,,1.0,0.0
sabah:2022-03-01__turizm-baskentinden-hasar-tespiti,sabah,2022-03-01,3,2,79,128,"Atılan füzelerin bir kısmı, Antalya'ya düşüyor...",1,Atılan,1,0,,0,0,,1,8,0,0,1,0,0,1,1,0,0,"{""6"": [""Manipulative Wording"", ""Simplification""], ""7"": [], ""11"": []}",1.0,1.0,1.0,,1.0,1.0,1.0,,1.0,1.0
sabah:2022-03-01__turizm-baskentinden-hasar-tespiti,sabah,2022-03-01,3,3,129,141,"""Otellere...",0,,0,0,,0,0,,0,3,0,0,0,0,0,0,1,0,0,"{""6"": [""Simplification""], ""7"": [], ""11"": []}",0.0,0.0,0.0,,1.0,1.0,1.0,,0.0,1.0
sabah:2022-03-01__turizm-baskentinden-hasar-tespiti,sabah,2022-03-01,3,4,142,153,Seralara...,0,,0,0,,0,0,,0,2,0,0,0,0,0,0,1,0,0,"{""6"": [""Simplification""], ""7"": [], ""11"": []}",0.0,0.0,0.0,,1.0,1.0,1.0,,0.0,1.0
sabah:2022-03-01__turizm-baskentinden-hasar-tespiti,sabah,2022-03-01,3,5,154,177,"İnşaatlara"" Hasar ağır.",0,,0,0,,0,0,,0,4,0,0,0,0,0,0,1,0,0,"{""6"": [""Simplification""], ""7"": [], ""11"": []}",0.0,0.0,0.0,,1.0,1.0,1.0,,0.0,1.0
sabah:2022-03-01__turizm-baskentinden-hasar-tespiti,sabah,2022-03-01,3,6,178,209,Turizmin başkenti Antalya'da...,0,,0,0,,0,0,,0,4,0,0,0,0,0,0,0,0,0,"{""6"": [], ""7"": [], ""11"": []}",0.0,0.0,0.0,,0.0,0.0,0.0,,0.0,0.0
sabah:2022-03-01__turizm-baskentinden-hasar-tespiti,sabah,2022-03-01,3,7,210,232,"""Saatler durmuş"" gibi.",0,,0,1,durmuş,1,0,,0,6,0,0,0,0,0,0,0,0,0,"{""6"": [], ""7"": [], ""11"": []}",0.0,0.0,0.0,,0.0,0.0,0.0,,0.0,0.0
sabah:2022-03-01__turizm-baskentinden-hasar-tespiti,sabah,2022-03-01,3,8,233,387,"Lokantacı, taksici, tekstilci, otel işletmecisi, seyahat organizatörü, kahveci, kuaför, otobüsçü, emlakçı, market, mobilyacı, bankacı, kargocu, çiçekçi...",0,,0,0,,0,0,,0,31,0,0,0,0,0,0,0,0,0,"{""6"": [], ""7"": [], ""11"": []}",0.0,0.0,0.0,,0.0,0.0,0.0,,0.0,0.0
sabah:2022-03-01__turizm-baskentinden-hasar-tespiti,sabah,2022-03-01,3,9,388,436,50'den fazla sektörde faaliyet gösteren esnaf...,0,,0,0,,0,0,,0,7,0,0,1,0,0,0,0,0,0,"{""6"": [], ""7"": [], ""11"": []}",1.0,1.0,1.0,0.0,0.0,0.0,0.0,,1.0,0.0
sabah:2022-03-01__turizm-baskentinden-hasar-tespiti,sabah,2022-03-01,3,10,437,505,"Bütün şehir, ""savaşın sona ermesini, silahların susmasını"" bekliyor.",1,"susmasını""",1,0,,0,0,,1,11,0,0,0,0,0,0,0,0,0,"{""6"": [], ""7"": [], ""11"": []}",0.0,0.0,0.0,,0.0,0.0,0.0,,0.0,0.0
sabah:2022-03-01__turizm-baskentinden-hasar-tespiti,sabah,2022-03-01,3,11,506,534,*** Sera denizi Pazartesi...,0,,0,0,,0,0,,0,5,0,0,0,0,0,1,0,0,0,"{""6"": [""Manipulative Wording""], ""7"": [], ""11"": []}",0.0,0.0,0.0,,1.0,1.0,1.0,,0.0,1.0
sabah:2022-03-01__turizm-baskentinden-hasar-tespiti,sabah,2022-03-01,3,12,535,543,Sabah...,0,,0,0,,0,0,,0,2,0,0,0,0,0,0,0,0,0,"{""6"": [], ""7"": [], ""11"": []}",0.0,0.0,0.0,,0.0,0.0,0.0,,0.0,0.0
sabah:2022-03-01__turizm-baskentinden-hasar-tespiti,sabah,2022-03-01,3,13,544,599,"Uçağımız, Antalya'ya inmek için alçalmaya başlayınca...",0,,0,0,,0,0,,0,8,0,0,0,0,0,0,0,0,0,"{""6"": [], ""7"": [], ""11"": []}",0.0,0.0,0.0,,0.0,0.0,0.0,,0.0,0.0
sabah:2022-03-01__turizm-baskentinden-hasar-tespiti,sabah,2022-03-01,3,14,600,619,"""Aşağılara"" baktık.",0,,0,0,,0,0,,0,4,0,0,0,0,0,0,0,0,0,"{""6"": [], ""7"": [], ""11"": []}",0.0,0.0,0.0,,0.0,0.0,0.0,,0.0,0.0
sabah:2022-03-01__turizm-baskentinden-hasar-tespiti,sabah,2022-03-01,3,15,620,630,Aşağısı...,0,,0,0,,0,0,,0,2,0,0,0,0,0,0,0,0,0,"{""6"": [], ""7"": [], ""11"": []}",0.0,0.0,0.0,,0.0,0.0,0.0,,0.0,0.0
sabah:2022-03-01__turizm-baskentinden-hasar-tespiti,sabah,2022-03-01,3,16,631,644,"""Sera denizi.",0,,0,0,,0,0,,0,4,0,0,0,0,0,0,0,0,0,"{""6"": [], ""7"": [], ""11"": []}",0.0,0.0,0.0,,0.0,0.0,0.0,,0.0,0.0
sabah:2022-03-01__turizm-baskentinden-hasar-tespiti,sabah,2022-03-01,3,17,644,645,"""",0,,0,0,,0,0,,0,1,0,0,0,0,0,0,0,0,0,"{""6"": [], ""7"": [], ""11"": []}",0.0,0.0,0.0,,0.0,0.0,0.0,,0.0,0.0
sabah:2022-03-01__turizm-baskentinden-hasar-tespiti,sabah,2022-03-01,3,18,647,658,Yüzlerce...,0,,0,0,,0,0,,0,2,0,0,0,0,0,0,0,0,0,"{""6"": [], ""7"": [], ""11"": []}",0.0,0.0,0.0,,0.0,0.0,0.0,,0.0,0.0
sabah:2022-03-01__turizm-baskentinden-hasar-tespiti,sabah,2022-03-01,3,19,659,699,"Binlerce, ""örtü altı tarım alanı, sera.""",0,,0,0,,0,0,,0,9,0,0,0,0,0,0,0,0,0,"{""6"": [], ""7"": [], ""11"": []}",0.0,0.0,0.0,,0.0,0.0,0.0,,0.0,0.0
sabah:2022-03-01__turizm-baskentinden-hasar-tespiti,sabah,2022-03-01,3,20,700,717,Uçaktan inince...,0,,0,0,,0,0,,0,3,0,0,0,0,0,0,0,0,0,"{""6"": [], ""7"": [], ""11"": []}",0.0,0.0,0.0,,0.0,0.0,0.0,,0.0,0.0
sabah:2022-03-01__turizm-baskentinden-hasar-tespiti,sabah,2022-03-01,3,21,718,800,Ticaret Borsası Başkanı Ali Çandır'a sorduk: - Antalya'da ne kadar sera alanı var?,0,,0,0,,0,0,,0,15,0,0,0,0,0,0,0,0,0,"{""6"": [], ""7"": [], ""11"": []}",0.0,0.0,0.0,,0.0,0.0,0.0,,0.0,0.0
sabah:2022-03-01__turizm-baskentinden-hasar-tespiti,sabah,2022-03-01,3,22,801,836,"Ali Başkan, ""300 bin dönüm"" dedi...",0,,0,0,,0,0,,0,9,0,0,0,0,0,0,0,0,0,"{""6"": [], ""7"": [], ""11"": []}",0.0,0.0,0.0,,0.0,0.0,0.0,,0.0,0.0
sabah:2022-03-01__turizm-baskentinden-hasar-tespiti,sabah,2022-03-01,3,23,837,862,Ve ekledi: - Seracılar...,0,,0,0,,0,0,,0,6,0,0,0,0,0,0,0,0,0,"{""6"": [], ""7"": [], ""11"": []}",0.0,0.0,0.0,,0.0,0.0,0.0,,0.0,0.0
sabah:2022-03-01__turizm-baskentinden-hasar-tespiti,sabah,2022-03-01,3,24,863,875,Kan ağlıyor.,0,,0,0,,0,0,,0,3,0,0,0,0,0,0,0,0,0,"{""6"": [], ""7"": [], ""11"": []}",0.0,0.0,0.0,,0.0,0.0,0.0,,0.0,0.0
sabah:2022-03-01__turizm-baskentinden-hasar-tespiti,sabah,2022-03-01,3,25,876,889,*** Tüccar...,0,,0,0,,0,0,,0,3,0,0,0,0,0,0,0,0,0,"{""6"": [], ""7"": [], ""11"": []}",0.0,0.0,0.0,,0.0,0.0,0.0,,0.0,0.0
sabah:2022-03-01__turizm-baskentinden-hasar-tespiti,sabah,2022-03-01,3,26,890,913,Dert küpü Antalya'da...,0,,0,0,,0,0,,0,4,0,0,0,0,0,0,0,0,0,"{""6"": [], ""7"": [], ""11"": []}",0.0,0.0,0.0,,0.0,0.0,0.0,,0.0,0.0
sabah:2022-03-01__turizm-baskentinden-hasar-tespiti,sabah,2022-03-01,3,27,914,944,İstikamet sebze ve meyve hali.,0,,0,0,,0,0,,0,6,0,0,0,0,0,0,0,0,0,"{""6"": [], ""7"": [], ""11"": []}",0.0,0.0,0.0,,0.0,0.0,0.0,,0.0,0.0
sabah:2022-03-01__turizm-baskentinden-hasar-tespiti,sabah,2022-03-01,3,28,945,959,İlk buluşma...,0,,0,0,,0,0,,0,3,0,0,0,0,0,0,0,0,0,"{""6"": [], ""7"": [], ""11"": []}",0.0,0.0,0.0,,0.0,0.0,0.0,,0.0,0.0
sabah:2022-03-01__turizm-baskentinden-hasar-tespiti,sabah,2022-03-01,3,29,960,973,Üreticiler...,0,,0,0,,0,0,,0,2,0,0,0,0,0,0,0,0,0,"{""6"": [], ""7"": [], ""11"": []}",0.0,0.0,0.0,,0.0,0.0,0.0,,0.0,0.0
sabah:2022-03-01__turizm-baskentinden-hasar-tespiti,sabah,2022-03-01,3,30,974,989,İhracatçılar...,0,,0,0,,0,0,,0,2,0,0,0,0,0,0,0,0,0,"{""6"": [], ""7"": [], ""11"": []}",0.0,0.0,0.0,,0.0,0.0,0.0,,0.0,0.0
sabah:2022-03-01__turizm-baskentinden-hasar-tespiti,sabah,2022-03-01,3,31,990,1009,Lojistik sektörü...,0,,0,0,,0,0,,0,3,0,0,0,0,0,0,0,0,0,"{""6"": [], ""7"": [], ""11"": []}",0.0,0.0,0.0,,0.0,0.0,0.0,,0.0,0.0
sabah:2022-03-01__turizm-baskentinden-hasar-tespiti,sabah,2022-03-01,3,32,1010,1024,Komisyoncular.,0,,0,0,,0,0,,0,2,0,0,0,0,0,0,0,0,0,"{""6"": [], ""7"": [], ""11"": []}",0.0,0.0,0.0,,0.0,0.0,0.0,,0.0,0.0
sabah:2022-03-01__turizm-baskentinden-hasar-tespiti,sabah,2022-03-01,3,33,1025,1066,"Toplantıya katılan ""sektör"" temsilcileri:",1,katılan,1,0,,0,0,,1,6,0,0,0,0,0,0,0,0,0,"{""6"": [], ""7"": [], ""11"": []}",0.0,0.0,0.0,,0.0,0.0,0.0,,0.0,0.0
sabah:2022-03-01__turizm-baskentinden-hasar-tespiti,sabah,2022-03-01,3,34,1068,1070,1.,0,,0,0,,0,0,,0,2,0,0,0,0,1,0,0,0,0,"{""6"": [""Justification""], ""7"": [], ""11"": []}",0.0,0.0,0.0,,1.0,1.0,1.0,,0.0,1.0
sabah:2022-03-01__turizm-baskentinden-hasar-tespiti,sabah,2022-03-01,3,35,1071,1106,Ticaret Borsası Başkanı Ali Çandır.,0,,0,0,,0,0,,0,7,0,0,0,0,1,0,0,0,0,"{""6"": [""Justification""], ""7"": [], ""11"": []}",0.0,0.0,0.0,,1.0,1.0,1.0,,0.0,1.0
sabah:2022-03-01__turizm-baskentinden-hasar-tespiti,sabah,2022-03-01,3,36,1107,1109,2.,0,,0,0,,0,0,,0,2,0,0,0,0,1,0,0,0,0,"{""6"": [""Justification""], ""7"": [], ""11"": []}",0.0,0.0,0.0,,1.0,1.0,1.0,,0.0,1.0
sabah:2022-03-01__turizm-baskentinden-hasar-tespiti,sabah,2022-03-01,3,37,1110,1156,Ticaret Borsası Meclis Başkanı Erdoğan Ekinci.,0,,0,0,,0,0,,0,7,0,0,0,0,1,0,0,0,0,"{""6"": [""Justification""], ""7"": [], ""11"": []}",0.0,0.0,0.0,,1.0,1.0,1.0,,0.0,1.0
sabah:2022-03-01__turizm-baskentinden-hasar-tespiti,sabah,2022-03-01,3,38,1157,1159,3.,0,,0,0,,0,0,,0,2,0,0,0,0,0,0,0,0,0,"{""6"": [], ""7"": [], ""11"": []}",0.0,0.0,0.0,,0.0,0.0,0.0,,0.0,0.0
sabah:2022-03-01__turizm-baskentinden-hasar-tespiti,sabah,2022-03-01,3,39,1160,1226,Yaş Sebze ve Meyve Komisyoncular Derneği Başkanı Hasan Ali Yılmaz.,0,,0,0,,0,0,,0,11,0,0,0,0,0,0,0,0,0,"{""6"": [], ""7"": [], ""11"": []}",0.0,0.0,0.0,,0.0,0.0,0.0,,0.0,0.0
sabah:2022-03-01__turizm-baskentinden-hasar-tespiti,sabah,2022-03-01,3,40,1227,1229,4.,0,,0,0,,0,0,,0,2,0,0,0,0,0,0,0,0,0,"{""6"": [], ""7"": [], ""11"": []}",0.0,0.0,0.0,,0.0,0.0,0.0,,0.0,0.0
sabah:2022-03-01__turizm-baskentinden-hasar-tespiti,sabah,2022-03-01,3,41,1230,1289,Tüccar ve Esnaflar Dayanışma Derneği Başkanı Adalet Yandık.,0,,0,0,,0,0,,0,9,0,0,0,0,0,0,0,0,0,"{""6"": [], ""7"": [], ""11"": []}",0.0,0.0,0.0,,0.0,0.0,0.0,,0.0,0.0
sabah:2022-03-01__turizm-baskentinden-hasar-tespiti,sabah,2022-03-01,3,42,1290,1292,5.,0,,0,0,,0,0,,0,1,0,0,0,0,0,0,0,0,0,"{""6"": [], ""7"": [], ""11"": []}",0.0,0.0,0.0,,0.0,0.0,0.0,,0.0,0.0
sabah:2022-03-01__turizm-baskentinden-hasar-tespiti,sabah,2022-03-01,3,43,1293,1356,Batı Akdeniz İhracatçılar Birliği Başkan Yardımcısı Berdan Ber.,0,,0,0,,0,0,,0,9,0,0,0,0,0,0,0,0,0,"{""6"": [], ""7"": [], ""11"": []}",0.0,0.0,0.0,,0.0,0.0,0.0,,0.0,0.0
sabah:2022-03-01__turizm-baskentinden-hasar-tespiti,sabah,2022-03-01,3,44,1357,1375,Ve... İhracatçı...,0,,0,0,,0,0,,0,4,0,0,0,0,0,0,0,0,0,"{""6"": [], ""7"": [], ""11"": []}",0.0,0.0,0.0,,0.0,0.0,0.0,,0.0,0.0
sabah:2022-03-01__turizm-baskentinden-hasar-tespiti,sabah,2022-03-01,3,45,1376,1531,"Komisyoncular: Adem Özaydın, Ramazan Keskin, Erkan Tosun, Ali Demir, Hüseyin Avni Acun, Erhan Büyükkasap, Erol Yavuz, Ömer Aka, Mehmet Karadaş, Atila Uğur.",0,,0,0,,0,0,,0,33,0,0,0,0,0,0,0,0,0,"{""6"": [], ""7"": [], ""11"": []}",0.0,0.0,0.0,,0.0,0.0,0.0,,0.0,0.0
sabah:2022-03-01__turizm-baskentinden-hasar-tespiti,sabah,2022-03-01,3,46,1532,1547,Hani ne derler?,0,,0,0,,0,0,,0,4,0,0,0,0,0,0,0,0,0,"{""6"": [], ""7"": [], ""11"": []}",0.0,0.0,0.0,,0.0,0.0,0.0,,0.0,0.0
sabah:2022-03-01__turizm-baskentinden-hasar-tespiti,sabah,2022-03-01,3,47,1548,1577,"""Bir söyle, bin ah işit."" ***",0,,0,0,,0,0,,0,9,0,0,0,0,0,0,0,0,0,"{""6"": [], ""7"": [], ""11"": []}",0.0,0.0,0.0,,0.0,0.0,0.0,,0.0,0.0
sabah:2022-03-01__turizm-baskentinden-hasar-tespiti,sabah,2022-03-01,3,48,1578,1638,Tarafsız dış politika Esnaf lokantasındaki öğle yemeğinde...,0,,0,0,,0,0,,0,9,0,0,0,0,0,0,0,0,0,"{""6"": [], ""7"": [], ""11"": []}",0.0,0.0,0.0,,0.0,0.0,0.0,,0.0,0.0
sabah:2022-03-01__turizm-baskentinden-hasar-tespiti,sabah,2022-03-01,3,49,1639,1656,Çaylı sohbette...,0,,0,0,,0,0,,0,3,0,0,0,0,0,0,0,0,0,"{""6"": [], ""7"": [], ""11"": []}",0.0,0.0,0.0,,0.0,0.0,0.0,,0.0,0.0
sabah:2022-03-01__turizm-baskentinden-hasar-tespiti,sabah,2022-03-01,3,50,1657,1693,"Sürekli, ""iki kişinin"" adı geçti: 1.",0,,0,0,,0,0,,0,8,0,0,0,0,0,0,0,0,0,"{""6"": [], ""7"": [], ""11"": []}",0.0,0.0,0.0,,0.0,0.0,0.0,,0.0,0.0
sabah:2022-03-01__turizm-baskentinden-hasar-tespiti,sabah,2022-03-01,3,51,1694,1729,Cumhurbaşkanı Recep Tayyip Erdoğan.,0,,0,0,,0,0,,0,5,0,1,0,0,0,0,0,0,0,"{""6"": [], ""7"": [], ""11"": []}",1.0,1.0,1.0,,0.0,0.0,0.0,,1.0,0.0
sabah:2022-03-01__turizm-baskentinden-hasar-tespiti,sabah,2022-03-01,3,52,1730,1732,2.,0,,0,0,,0,0,,0,1,0,0,0,0,0,0,0,0,0,"{""6"": [], ""7"": [], ""11"": []}",0.0,0.0,0.0,,0.0,0.0,0.0,,0.0,0.0
sabah:2022-03-01__turizm-baskentinden-hasar-tespiti,sabah,2022-03-01,3,53,1733,1767,Dışişleri Bakanı Mevlüt Çavuşoğlu.,0,,0,0,,0,0,,0,5,0,1,0,0,0,0,0,0,0,"{""6"": [], ""7"": [], ""11"": []}",1.0,1.0,1.0,,0.0,0.0,0.0,,1.0,0.0
sabah:2022-03-01__turizm-baskentinden-hasar-tespiti,sabah,2022-03-01,3,54,1768,1853,"Erdoğan'ın, ""Rusya'dan da vazgeçemeyiz, Ukrayna'dan da"" politikası karşılık bulmuş...",0,,0,1,bulmuş,1,0,,0,13,0,0,0,0,0,0,0,0,0,"{""6"": [], ""7"": [], ""11"": []}",0.0,0.0,0.0,,0.0,0.0,0.0,,0.0,0.0
sabah:2022-03-01__turizm-baskentinden-hasar-tespiti,sabah,2022-03-01,3,55,1854,1894,"Herkesin arzusu, ""tarafsızlığın"" devamı.",0,,0,0,,0,0,,0,6,0,0,0,0,0,0,0,0,0,"{""6"": [], ""7"": [], ""11"": []}",0.0,0.0,0.0,,0.0,0.0,0.0,,0.0,0.0
sabah:2022-03-01__turizm-baskentinden-hasar-tespiti,sabah,2022-03-01,3,56,1895,1906,Beklenti...,0,,0,0,,0,0,,0,2,0,0,0,0,0,0,0,0,0,"{""6"": [], ""7"": [], ""11"": []}",0.0,0.0,0.0,,0.0,0.0,0.0,,0.0,0.0
sabah:2022-03-01__turizm-baskentinden-hasar-tespiti,sabah,2022-03-01,3,57,1907,1970,"Cumhurbaşkanı Erdoğan, ""ihracat sıkıntısı"" ile de ilgilensin...",1,ilgilensin,1,0,,0,0,,1,9,0,1,0,0,0,0,0,0,0,"{""6"": [], ""7"": [], ""11"": []}",1.0,1.0,1.0,,0.0,0.0,0.0,,1.0,0.0
sabah:2022-03-01__turizm-baskentinden-hasar-tespiti,sabah,2022-03-01,3,58,1971,1982,"""Üretici...",0,,0,0,,0,0,,0,4,0,0,0,0,0,0,0,0,0,"{""6"": [], ""7"": [], ""11"": []}",0.0,0.0,0.0,,0.0,0.0,0.0,,0.0,0.0
sabah:2022-03-01__turizm-baskentinden-hasar-tespiti,sabah,2022-03-01,3,59,1983,1995,İhracatçı...,0,,0,0,,0,0,,0,2,0,0,0,0,0,0,0,0,0,"{""6"": [], ""7"": [], ""11"": []}",0.0,0.0,0.0,,0.0,0.0,0.0,,0.0,0.0
sabah:2022-03-01__turizm-baskentinden-hasar-tespiti,sabah,2022-03-01,3,60,1996,2009,"Kan ağlıyor.""",0,,0,0,,0,0,,0,3,0,0,0,0,0,0,0,0,0,"{""6"": [], ""7"": [], ""11"": []}",0.0,0.0,0.0,,0.0,0.0,0.0,,0.0,0.0
sabah:2022-03-01__turizm-baskentinden-hasar-tespiti,sabah,2022-03-01,3,61,2010,2029,Mevlüt Çavuşoğlu...,0,,0,0,,0,0,,0,3,0,0,0,0,0,0,0,0,0,"{""6"": [], ""7"": [], ""11"": []}",0.0,0.0,0.0,,0.0,0.0,0.0,,0.0,0.0
sabah:2022-03-01__turizm-baskentinden-hasar-tespiti,sabah,2022-03-01,3,62,2030,2102,"Toplantıda birkaç kişi aynı sözü söyledi: ""En kolay ulaştığımız insan...",0,,0,0,,0,0,,0,13,0,0,0,0,0,0,0,0,0,"{""6"": [], ""7"": [], ""11"": []}",0.0,0.0,0.0,,0.0,0.0,0.0,,0.0,0.0
sabah:2022-03-01__turizm-baskentinden-hasar-tespiti,sabah,2022-03-01,3,63,2103,2114,Dinliyor...,0,,0,0,,0,0,,0,2,0,0,0,0,0,0,0,0,0,"{""6"": [], ""7"": [], ""11"": []}",0.0,0.0,0.0,,0.0,0.0,0.0,,0.0,0.0
sabah:2022-03-01__turizm-baskentinden-hasar-tespiti,sabah,2022-03-01,3,64,2115,2140,Derdimizle dertleniyor...,0,,0,0,,0,0,,0,3,0,0,0,0,0,0,0,0,0,"{""6"": [], ""7"": [], ""11"": []}",0.0,0.0,0.0,,0.0,0.0,0.0,,0.0,0.0
sabah:2022-03-01__turizm-baskentinden-hasar-tespiti,sabah,2022-03-01,3,65,2141,2159,"Çözüm arıyor."" ***",0,,0,0,,0,0,,0,4,0,0,0,0,0,0,0,0,0,"{""6"": [], ""7"": [], ""11"": []}",0.0,0.0,0.0,,0.0,0.0,0.0,,0.0,0.0
sabah:2022-03-01__turizm-baskentinden-hasar-tespiti,sabah,2022-03-01,3,66,2160,2196,Çürümeye terk Öyle ürünler var ki...,0,,0,0,,0,0,,0,7,0,0,0,0,0,0,0,0,0,"{""6"": [], ""7"": [], ""11"": []}",0.0,0.0,0.0,,0.0,0.0,0.0,,0.0,0.0
sabah:2022-03-01__turizm-baskentinden-hasar-tespiti,sabah,2022-03-01,3,67,2197,2220,"""Kişiye özel"" misali...",0,,0,0,,0,0,,0,5,0,0,0,0,0,0,0,0,0,"{""6"": [], ""7"": [], ""11"": []}",0.0,0.0,0.0,,0.0,0.0,0.0,,0.0,0.0
sabah:2022-03-01__turizm-baskentinden-hasar-tespiti,sabah,2022-03-01,3,68,2221,2235,"""Ülkeye"" özel.",0,,0,0,,0,0,,0,4,0,0,0,0,0,0,0,0,0,"{""6"": [], ""7"": [], ""11"": []}",0.0,0.0,0.0,,0.0,0.0,0.0,,0.0,0.0
sabah:2022-03-01__turizm-baskentinden-hasar-tespiti,sabah,2022-03-01,3,69,2236,2246,Örneğin...,0,,0,0,,0,0,,0,2,0,0,0,0,0,0,0,0,0,"{""6"": [], ""7"": [], ""11"": []}",0.0,0.0,0.0,,0.0,0.0,0.0,,0.0,0.0
sabah:2022-03-01__turizm-baskentinden-hasar-tespiti,sabah,2022-03-01,3,70,2247,2267,"""Dikenli salatalık.""",0,,0,0,,0,0,,0,5,0,0,0,0,0,0,0,0,0,"{""6"": [], ""7"": [], ""11"": []}",0.0,0.0,0.0,,0.0,0.0,0.0,,0.0,0.0
sabah:2022-03-01__turizm-baskentinden-hasar-tespiti,sabah,2022-03-01,3,71,2268,2278,Örneğin...,0,,0,0,,0,0,,0,2,0,0,0,0,0,0,0,0,0,"{""6"": [], ""7"": [], ""11"": []}",0.0,0.0,0.0,,0.0,0.0,0.0,,0.0,0.0
sabah:2022-03-01__turizm-baskentinden-hasar-tespiti,sabah,2022-03-01,3,72,2279,2299,"""Kaliforniya biber.""",0,,0,0,,0,0,,0,4,0,0,0,0,0,0,0,0,0,"{""6"": [], ""7"": [], ""11"": []}",0.0,0.0,0.0,,0.0,0.0,0.0,,0.0,0.0
sabah:2022-03-01__turizm-baskentinden-hasar-tespiti,sabah,2022-03-01,3,73,2300,2358,"Bu ürünlerin yüzde 90'ı, ""savaş bölgesine"" ihraç ediliyor.",1,ediliyor,1,0,,0,0,,1,10,0,0,0,0,0,0,0,0,0,"{""6"": [], ""7"": [], ""11"": []}",0.0,0.0,0.0,,0.0,0.0,0.0,,0.0,0.0
sabah:2022-03-01__turizm-baskentinden-hasar-tespiti,sabah,2022-03-01,3,74,2359,2378,Savaşla birlikte...,0,,0,0,,0,0,,0,3,0,0,0,0,0,0,0,0,0,"{""6"": [], ""7"": [], ""11"": []}",0.0,0.0,0.0,,0.0,0.0,0.0,,0.0,0.0
sabah:2022-03-01__turizm-baskentinden-hasar-tespiti,sabah,2022-03-01,3,75,2379,2412,"Ürün ""serada, beklemede."" Veya...",0,,0,0,,0,0,,0,8,0,0,0,0,0,0,0,0,0,"{""6"": [], ""7"": [], ""11"": []}",0.0,0.0,0.0,,0.0,0.0,0.0,,0.0,0.0
sabah:2022-03-01__turizm-baskentinden-hasar-tespiti,sabah,2022-03-01,3,76,2413,2442,Yaş sebze ve meyve halinde...,0,,0,0,,0,0,,0,6,0,0,0,0,0,0,0,0,0,"{""6"": [], ""7"": [], ""11"": []}",0.0,0.0,0.0,,0.0,0.0,0.0,,0.0,0.0
sabah:2022-03-01__turizm-baskentinden-hasar-tespiti,sabah,2022-03-01,3,77,2443,2466,"""İhracatçıyı"" bekliyor.",0,,0,0,,0,0,,0,4,0,0,0,0,0,0,0,0,0,"{""6"": [], ""7"": [], ""11"": []}",0.0,0.0,0.0,,0.0,0.0,0.0,,0.0,0.0
sabah:2022-03-01__turizm-baskentinden-hasar-tespiti,sabah,2022-03-01,3,78,2467,2483,Ama ihracatçı...,0,,0,0,,0,0,,0,3,0,0,0,0,0,0,0,0,0,"{""6"": [], ""7"": [], ""11"": []}",0.0,0.0,0.0,,0.0,0.0,0.0,,0.0,0.0
sabah:2022-03-01__turizm-baskentinden-hasar-tespiti,sabah,2022-03-01,3,79,2484,2504,"""Burnundan soluyor.""",0,,0,0,,0,0,,0,4,0,0,0,0,0,0,0,0,0,"{""6"": [], ""7"": [], ""11"": []}",0.0,0.0,0.0,,0.0,0.0,0.0,,0.0,0.0
sabah:2022-03-01__turizm-baskentinden-hasar-tespiti,sabah,2022-03-01,3,80,2505,2518,Ürün çürüyor.,1,çürüyor,1,0,,0,0,,1,3,0,0,0,0,0,0,0,0,0,"{""6"": [], ""7"": [], ""11"": []}",0.0,0.0,0.0,,0.0,0.0,0.0,,0.0,0.0
sabah:2022-03-01__turizm-baskentinden-hasar-tespiti,sabah,2022-03-01,3,81,2519,2560,*** 'İşte halimiz' Sebze ve meyve hali...,0,,0,0,,0,0,,0,8,0,0,0,0,0,0,0,0,0,"{""6"": [], ""7"": [], ""11"": []}",0.0,0.0,0.0,,0.0,0.0,0.0,,0.0,0.0
sabah:2022-03-01__turizm-baskentinden-hasar-tespiti,sabah,2022-03-01,3,82,2561,2569,Büyük...,0,,0,0,,0,0,,0,2,0,0,0,0,0,0,0,0,0,"{""6"": [], ""7"": [], ""11"": []}",0.0,0.0,0.0,,0.0,0.0,0.0,,0.0,0.0
sabah:2022-03-01__turizm-baskentinden-hasar-tespiti,sabah,2022-03-01,3,83,2570,2582,Kasaba gibi.,0,,0,0,,0,0,,0,3,0,0,0,0,0,0,0,0,0,"{""6"": [], ""7"": [], ""11"": []}",0.0,0.0,0.0,,0.0,0.0,0.0,,0.0,0.0
sabah:2022-03-01__turizm-baskentinden-hasar-tespiti,sabah,2022-03-01,3,84,2583,2594,808 işyeri.,0,,0,0,,0,0,,0,3,0,0,0,0,0,0,0,0,0,"{""6"": [], ""7"": [], ""11"": []}",0.0,0.0,0.0,,0.0,0.0,0.0,,0.0,0.0
sabah:2022-03-01__turizm-baskentinden-hasar-tespiti,sabah,2022-03-01,3,85,2595,2610,Savaş öncesi...,0,,0,0,,0,0,,0,3,0,0,0,0,0,0,0,0,0,"{""6"": [], ""7"": [], ""11"": []}",0.0,0.0,0.0,,0.0,0.0,0.0,,0.0,0.0
sabah:2022-03-01__turizm-baskentinden-hasar-tespiti,sabah,2022-03-01,3,86,2611,2633,"""Bayram yeri"" gibiydi.",0,,0,0,,0,0,,0,6,0,0,0,0,0,0,0,0,0,"{""6"": [], ""7"": [], ""11"": []}",0.0,0.0,0.0,,0.0,0.0,0.0,,0.0,0.0
sabah:2022-03-01__turizm-baskentinden-hasar-tespiti,sabah,2022-03-01,3,87,2634,2644,Her gün...,0,,0,0,,0,0,,0,3,0,0,0,0,0,0,0,0,0,"{""6"": [], ""7"": [], ""11"": []}",0.0,0.0,0.0,,0.0,0.0,0.0,,0.0,0.0
sabah:2022-03-01__turizm-baskentinden-hasar-tespiti,sabah,2022-03-01,3,88,2645,2660,Yüzlerce TIR...,0,,0,0,,0,0,,0,3,0,0,0,0,0,0,0,0,0,"{""6"": [], ""7"": [], ""11"": []}",0.0,0.0,0.0,,0.0,0.0,0.0,,0.0,0.0
sabah:2022-03-01__turizm-baskentinden-hasar-tespiti,sabah,2022-03-01,3,89,2661,2671,Kamyonlar.,0,,0,0,,0,0,,0,2,0,0,0,0,0,0,0,0,0,"{""6"": [], ""7"": [], ""11"": []}",0.0,0.0,0.0,,0.0,0.0,0.0,,0.0,0.0
sabah:2022-03-01__turizm-baskentinden-hasar-tespiti,sabah,2022-03-01,3,90,2672,2696,10 binin üzerinde insan.,0,,0,0,,0,0,,0,5,0,0,0,0,0,0,0,0,0,"{""6"": [], ""7"": [], ""11"": []}",0.0,0.0,0.0,,0.0,0.0,0.0,,0.0,0.0
sabah:2022-03-01__turizm-baskentinden-hasar-tespiti,sabah,2022-03-01,3,91,2697,2720,"""Şimdi ise..."" Sanki...",0,,0,0,,0,0,,0,6,0,0,0,0,0,0,0,0,0,"{""6"": [], ""7"": [], ""11"": []}",0.0,0.0,0.0,,0.0,0.0,0.0,,0.0,0.0
sabah:2022-03-01__turizm-baskentinden-hasar-tespiti,sabah,2022-03-01,3,92,2721,2734,"""Cenaze evi.""",0,,0,0,,0,0,,0,4,0,0,0,0,0,1,0,0,0,"{""6"": [""Manipulative Wording""], ""7"": [], ""11"": []}",0.0,0.0,0.0,,1.0,1.0,1.0,,0.0,1.0
sabah:2022-03-01__turizm-baskentinden-hasar-tespiti,sabah,2022-03-01,3,93,2735,2747,Sessizlik...,0,,0,0,,0,0,,0,3,0,0,0,0,0,0,0,0,0,"{""6"": [], ""7"": [], ""11"": []}",0.0,0.0,0.0,,0.0,0.0,0.0,,0.0,0.0
sabah:2022-03-01__turizm-baskentinden-hasar-tespiti,sabah,2022-03-01,3,94,2748,2764,Endişeli yüzler.,0,,0,0,,0,0,,0,3,0,0,0,0,0,0,0,0,0,"{""6"": [], ""7"": [], ""11"": []}",0.0,0.0,0.0,,0.0,0.0,0.0,,0.0,0.0
sabah:2022-03-01__turizm-baskentinden-hasar-tespiti,sabah,2022-03-01,3,95,2765,2799,Herkes televizyonu/savaşı izliyor.,0,,0,0,,0,0,,0,5,0,0,0,0,0,0,0,0,0,"{""6"": [], ""7"": [], ""11"": []}",0.0,0.0,0.0,,0.0,0.0,0.0,,0.0,0.0
sabah:2022-03-01__turizm-baskentinden-hasar-tespiti,sabah,2022-03-01,3,96,2800,2849,"""Yandım"" diyeni mi ararsınız, ""battım"" diyeni mi?",0,,0,0,,0,0,,0,12,0,0,0,0,0,0,0,0,0,"{""6"": [], ""7"": [], ""11"": []}",0.0,0.0,0.0,,0.0,0.0,0.0,,0.0,0.0
sabah:2022-03-01__turizm-baskentinden-hasar-tespiti,sabah,2022-03-01,3,97,2850,2861,Dinledik...,0,,0,0,,0,0,,0,2,0,0,0,0,0,0,0,0,0,"{""6"": [], ""7"": [], ""11"": []}",0.0,0.0,0.0,,0.0,0.0,0.0,,0.0,0.0
sabah:2022-03-01__turizm-baskentinden-hasar-tespiti,sabah,2022-03-01,3,98,2862,2877,İçimiz daraldı.,0,,0,0,,0,0,,0,3,0,0,0,0,0,0,0,0,0,"{""6"": [], ""7"": [], ""11"": []}",0.0,0.0,0.0,,0.0,0.0,0.0,,0.0,0.0
sabah:2022-03-01__turizm-baskentinden-hasar-tespiti,sabah,2022-03-01,3,99,2878,2912,*** Kırmızı altın öksüz Domates...,0,,0,0,,0,0,,0,6,0,0,0,0,0,0,0,0,0,"{""6"": [], ""7"": [], ""11"": []}",0.0,0.0,0.0,,0.0,0.0,0.0,,0.0,0.0
sabah:2022-03-01__turizm-baskentinden-hasar-tespiti,sabah,2022-03-01,3,100,2913,2923,Domates...,0,,0,0,,0,0,,0,2,0,0,0,0,0,0,0,0,0,"{""6"": [], ""7"": [], ""11"": []}",0.0,0.0,0.0,,0.0,0.0,0.0,,0.0,0.0
sabah:2022-03-01__turizm-baskentinden-hasar-tespiti,sabah,2022-03-01,3,101,2924,2932,Domates.,0,,0,0,,0,0,,0,2,0,0,0,0,0,0,0,0,0,"{""6"": [], ""7"": [], ""11"": []}",0.0,0.0,0.0,,0.0,0.0,0.0,,0.0,0.0
sabah:2022-03-01__turizm-baskentinden-hasar-tespiti,sabah,2022-03-01,3,102,2933,2949,Ne kadar da çok.,0,,0,0,,0,0,,0,5,0,0,0,0,0,0,0,0,0,"{""6"": [], ""7"": [], ""11"": []}",0.0,0.0,0.0,,0.0,0.0,0.0,,0.0,0.0
sabah:2022-03-01__turizm-baskentinden-hasar-tespiti,sabah,2022-03-01,3,103,2951,2970,Ne kadar da taze...,0,,0,0,,0,0,,0,5,0,0,0,0,0,0,0,0,0,"{""6"": [], ""7"": [], ""11"": []}",0.0,0.0,0.0,,0.0,0.0,0.0,,0.0,0.0
sabah:2022-03-01__turizm-baskentinden-hasar-tespiti,sabah,2022-03-01,3,104,2971,2990,"""Mis gibi"" kokuyor.",0,,0,0,,0,0,,0,5,0,0,0,0,0,0,0,0,0,"{""6"": [], ""7"": [], ""11"": []}",0.0,0.0,0.0,,0.0,0.0,0.0,,0.0,0.0
sabah:2022-03-01__turizm-baskentinden-hasar-tespiti,sabah,2022-03-01,3,105,2991,3018,Borsa Başkanı Ali Çandır...,0,,0,0,,0,0,,0,6,0,0,0,0,0,0,0,0,0,"{""6"": [], ""7"": [], ""11"": []}",0.0,0.0,0.0,,0.0,0.0,0.0,,0.0,0.0
sabah:2022-03-01__turizm-baskentinden-hasar-tespiti,sabah,2022-03-01,3,106,3019,3049,Bir salkım domates uzatıyor...,0,,0,0,,0,0,,0,5,0,0,0,0,0,0,0,0,0,"{""6"": [], ""7"": [], ""11"": []}",0.0,0.0,0.0,,0.0,0.0,0.0,,0.0,0.0
sabah:2022-03-01__turizm-baskentinden-hasar-tespiti,sabah,2022-03-01,3,107,3050,3055,Ve...,0,,0,0,,0,0,,0,2,0,0,0,0,0,0,0,0,0,"{""6"": [], ""7"": [], ""11"": []}",0.0,0.0,0.0,,0.0,0.0,0.0,,0.0,0.0
sabah:2022-03-01__turizm-baskentinden-hasar-tespiti,sabah,2022-03-01,3,108,3056,3084,"""Domates öksüz kaldı"" diyor.",0,,0,0,,0,0,,0,6,0,0,0,0,0,1,0,0,0,"{""6"": [""Manipulative Wording""], ""7"": [], ""11"": []}",0.0,0.0,0.0,,1.0,1.0,1.0,,0.0,1.0
sabah:2022-03-01__turizm-baskentinden-hasar-tespiti,sabah,2022-03-01,3,109,3085,3104,Çevremiz kalabalık.,0,,0,0,,0,0,,0,3,0,0,0,0,0,0,0,0,0,"{""6"": [], ""7"": [], ""11"": []}",0.0,0.0,0.0,,0.0,0.0,0.0,,0.0,0.0
sabah:2022-03-01__turizm-baskentinden-hasar-tespiti,sabah,2022-03-01,3,110,3105,3187,"Kalabalıktan biri, ""Başkanım"" diyerek sesini yükseltiyor: - Anasız, babasız kaldı.",0,,0,0,,0,0,,0,16,0,0,0,0,0,0,0,0,0,"{""6"": [], ""7"": [], ""11"": []}",0.0,0.0,0.0,,0.0,0.0,0.0,,0.0,0.0
sabah:2022-03-01__turizm-baskentinden-hasar-tespiti,sabah,2022-03-01,3,111,3188,3211,Hem öksüz hem de yetim.,0,,0,0,,0,0,,0,6,0,0,0,0,0,0,0,0,0,"{""6"": [], ""7"": [], ""11"": []}",0.0,0.0,0.0,,0.0,0.0,0.0,,0.0,0.0
sabah:2022-03-01__turizm-baskentinden-hasar-tespiti,sabah,2022-03-01,3,112,3212,3252,*** 'Gelecek' endişesi Toprak verimli...,0,,0,0,,0,0,,0,6,0,0,0,0,0,0,0,0,0,"{""6"": [], ""7"": [], ""11"": []}",0.0,0.0,0.0,,0.0,0.0,0.0,,0.0,0.0
sabah:2022-03-01__turizm-baskentinden-hasar-tespiti,sabah,2022-03-01,3,113,3253,3272,Bereket fışkırıyor.,0,,0,0,,0,0,,0,3,0,0,0,0,0,0,0,0,0,"{""6"": [], ""7"": [], ""11"": []}",0.0,0.0,0.0,,0.0,0.0,0.0,,0.0,0.0
sabah:2022-03-01__turizm-baskentinden-hasar-tespiti,sabah,2022-03-01,3,114,3273,3283,Domates...,0,,0,0,,0,0,,0,2,0,0,0,0,0,0,0,0,0,"{""6"": [], ""7"": [], ""11"": []}",0.0,0.0,0.0,,0.0,0.0,0.0,,0.0,0.0
sabah:2022-03-01__turizm-baskentinden-hasar-tespiti,sabah,2022-03-01,3,115,3284,3292,Biber...,0,,0,0,,0,0,,0,2,0,0,0,0,0,0,0,0,0,"{""6"": [], ""7"": [], ""11"": []}",0.0,0.0,0.0,,0.0,0.0,0.0,,0.0,0.0
sabah:2022-03-01__turizm-baskentinden-hasar-tespiti,sabah,2022-03-01,3,116,3293,3304,Patlıcan...,0,,0,0,,0,0,,0,2,0,0,0,0,0,0,0,0,0,"{""6"": [], ""7"": [], ""11"": []}",0.0,0.0,0.0,,0.0,0.0,0.0,,0.0,0.0
sabah:2022-03-01__turizm-baskentinden-hasar-tespiti,sabah,2022-03-01,3,117,3305,3313,Kabak...,0,,0,0,,0,0,,0,2,0,0,0,0,0,0,0,0,0,"{""6"": [], ""7"": [], ""11"": []}",0.0,0.0,0.0,,0.0,0.0,0.0,,0.0,0.0
sabah:2022-03-01__turizm-baskentinden-hasar-tespiti,sabah,2022-03-01,3,118,3314,3326,Salatalık...,0,,0,0,,0,0,,0,2,0,0,0,0,0,0,0,0,0,"{""6"": [], ""7"": [], ""11"": []}",0.0,0.0,0.0,,0.0,0.0,0.0,,0.0,0.0
sabah:2022-03-01__turizm-baskentinden-hasar-tespiti,sabah,2022-03-01,3,119,3327,3335,Çilek...,0,,0,0,,0,0,,0,2,0,0,0,0,0,0,0,0,0,"{""6"": [], ""7"": [], ""11"": []}",0.0,0.0,0.0,,0.0,0.0,0.0,,0.0,0.0
sabah:2022-03-01__turizm-baskentinden-hasar-tespiti,sabah,2022-03-01,3,120,3336,3342,Muz...,0,,0,0,,0,0,,0,2,0,0,0,0,0,0,0,0,0,"{""6"": [], ""7"": [], ""11"": []}",0.0,0.0,0.0,,0.0,0.0,0.0,,0.0,0.0
sabah:2022-03-01__turizm-baskentinden-hasar-tespiti,sabah,2022-03-01,3,121,3343,3357,Süs bitkileri.,0,,0,0,,0,0,,0,3,0,0,0,0,0,0,0,0,0,"{""6"": [], ""7"": [], ""11"": []}",0.0,0.0,0.0,,0.0,0.0,0.0,,0.0,0.0
sabah:2022-03-01__turizm-baskentinden-hasar-tespiti,sabah,2022-03-01,3,122,3358,3373,Ama... Savaş...,0,,0,0,,0,0,,0,4,0,0,0,0,0,0,0,0,0,"{""6"": [], ""7"": [], ""11"": []}",0.0,0.0,0.0,,0.0,0.0,0.0,,0.0,0.0
sabah:2022-03-01__turizm-baskentinden-hasar-tespiti,sabah,2022-03-01,3,123,3374,3401,Yüzlerin rengini soldurmuş.,0,,0,1,soldurmuş,1,0,,0,4,0,0,0,0,0,0,0,0,0,"{""6"": [], ""7"": [], ""11"": []}",0.0,0.0,0.0,,0.0,0.0,0.0,,0.0,0.0
sabah:2022-03-01__turizm-baskentinden-hasar-tespiti,sabah,2022-03-01,3,124,3402,3422,Üreticinin durumu...,0,,0,0,,0,0,,0,3,0,0,0,0,0,0,0,0,0,"{""6"": [], ""7"": [], ""11"": []}",0.0,0.0,0.0,,0.0,0.0,0.0,,0.0,0.0
sabah:2022-03-01__turizm-baskentinden-hasar-tespiti,sabah,2022-03-01,3,125,3423,3446,"""Yürek yakıcı."" Zira...",0,,0,0,,0,0,,0,7,0,0,0,0,0,0,0,0,0,"{""6"": [], ""7"": [], ""11"": []}",0.0,0.0,0.0,,0.0,0.0,0.0,,0.0,0.0
sabah:2022-03-01__turizm-baskentinden-hasar-tespiti,sabah,2022-03-01,3,126,3447,3495,"İhracat olmayınca, üretilen ürün nereye gidecek?",0,,0,0,,0,0,,0,8,0,0,0,0,0,0,0,0,0,"{""6"": [], ""7"": [], ""11"": []}",0.0,0.0,0.0,,0.0,0.0,0.0,,0.0,0.0
sabah:2022-03-01__turizm-baskentinden-hasar-tespiti,sabah,2022-03-01,3,127,3496,3523,"Biz, ""iç piyasaya"" diyoruz.",0,,0,0,,0,0,,0,6,0,0,0,0,0,0,0,0,0,"{""6"": [], ""7"": [], ""11"": []}",0.0,0.0,0.0,,0.0,0.0,0.0,,0.0,0.0
sabah:2022-03-01__turizm-baskentinden-hasar-tespiti,sabah,2022-03-01,3,128,3524,3528,Ama:,0,,0,0,,0,0,,0,2,0,0,0,0,0,0,0,0,0,"{""6"": [], ""7"": [], ""11"": []}",0.0,0.0,0.0,,0.0,0.0,0.0,,0.0,0.0
sabah:2022-03-01__turizm-baskentinden-hasar-tespiti,sabah,2022-03-01,3,129,3530,3532,1.,0,,0,0,,0,0,,0,2,0,0,0,0,0,0,0,0,0,"{""6"": [], ""7"": [], ""11"": []}",0.0,0.0,0.0,,0.0,0.0,0.0,,0.0,0.0
sabah:2022-03-01__turizm-baskentinden-hasar-tespiti,sabah,2022-03-01,3,130,3533,3585,"Bazı ürünlerin iç piyasada ""karşılığı/ alıcısı"" yok.",0,,0,0,,0,0,,0,8,0,0,0,0,0,0,0,0,0,"{""6"": [], ""7"": [], ""11"": []}",0.0,0.0,0.0,,0.0,0.0,0.0,,0.0,0.0
sabah:2022-03-01__turizm-baskentinden-hasar-tespiti,sabah,2022-03-01,3,131,3586,3588,2.,0,,0,0,,0,0,,0,2,0,0,0,0,0,0,0,0,0,"{""6"": [], ""7"": [], ""11"": []}",0.0,0.0,0.0,,0.0,0.0,0.0,,0.0,0.0
sabah:2022-03-01__turizm-baskentinden-hasar-tespiti,sabah,2022-03-01,3,132,3589,3599,İhracat...,0,,0,0,,0,0,,0,2,0,0,0,0,0,0,0,0,0,"{""6"": [], ""7"": [], ""11"": []}",0.0,0.0,0.0,,0.0,0.0,0.0,,0.0,0.0
sabah:2022-03-01__turizm-baskentinden-hasar-tespiti,sabah,2022-03-01,3,133,3600,3613,"""Lokomotif...",0,,0,0,,0,0,,0,3,0,0,0,0,0,0,0,0,0,"{""6"": [], ""7"": [], ""11"": []}",0.0,0.0,0.0,,0.0,0.0,0.0,,0.0,0.0
sabah:2022-03-01__turizm-baskentinden-hasar-tespiti,sabah,2022-03-01,3,134,3614,3624,"Döviz."" 3.",0,,0,0,,0,0,,0,4,0,0,0,0,0,0,0,0,0,"{""6"": [], ""7"": [], ""11"": []}",0.0,0.0,0.0,,0.0,0.0,0.0,,0.0,0.0
sabah:2022-03-01__turizm-baskentinden-hasar-tespiti,sabah,2022-03-01,3,135,3625,3656,İç piyasada fiyatlar düşüyor...,0,,0,0,,0,0,,0,5,0,0,0,0,0,0,0,0,0,"{""6"": [], ""7"": [], ""11"": []}",0.0,0.0,0.0,,0.0,0.0,0.0,,0.0,0.0
sabah:2022-03-01__turizm-baskentinden-hasar-tespiti,sabah,2022-03-01,3,136,3657,3688,"Bu defa da, üretici korkuyor...",0,,0,0,,0,0,,0,8,0,0,0,0,0,0,0,0,0,"{""6"": [], ""7"": [], ""11"": []}",0.0,0.0,0.0,,0.0,0.0,0.0,,0.0,0.0
sabah:2022-03-01__turizm-baskentinden-hasar-tespiti,sabah,2022-03-01,3,137,3689,3708,"""Ya zarar edersem.""",0,,0,0,,0,0,,0,5,0,0,0,0,0,0,0,0,0,"{""6"": [], ""7"": [], ""11"": []}",0.0,0.0,0.0,,0.0,0.0,0.0,,0.0,0.0
sabah:2022-03-01__turizm-baskentinden-hasar-tespiti,sabah,2022-03-01,3,138,3709,3823,"Ali Çandır, ""Bu pazara göbeğimizden bağlıyız"" dedi ve ekledi: ""Savaş uzadıkça, sonuçlarını hayal bile edemiyorum.""",0,,0,0,,0,0,,0,22,0,0,0,0,0,0,0,0,0,"{""6"": [], ""7"": [], ""11"": []}",0.0,0.0,0.0,,0.0,0.0,0.0,,0.0,0.0
sabah:2022-03-01__turizm-baskentinden-hasar-tespiti,sabah,2022-03-01,3,139,3824,3873,Dinleyenlerin tepkisi: - Hiçbirimiz edemiyoruz...,0,,0,0,,0,0,,0,7,0,0,0,0,0,0,0,0,0,"{""6"": [], ""7"": [], ""11"": []}",0.0,0.0,0.0,,0.0,0.0,0.0,,0.0,0.0
sabah:2022-03-01__turizm-baskentinden-hasar-tespiti,sabah,2022-03-01,3,140,3874,3902,Günlerdir uykusuz geziyoruz.,0,,0,0,,0,0,,0,5,0,0,0,0,0,0,0,0,0,"{""6"": [], ""7"": [], ""11"": []}",0.0,0.0,0.0,,0.0,0.0,0.0,,0.0,0.0
sabah:2022-03-01__turizm-baskentinden-hasar-tespiti,sabah,2022-03-01,3,141,3903,3930,*** Devamı yarın Bitmedi...,0,,0,0,,0,0,,0,5,0,0,0,0,0,0,0,0,0,"{""6"": [], ""7"": [], ""11"": []}",0.0,0.0,0.0,,0.0,0.0,0.0,,0.0,0.0
sabah:2022-03-01__turizm-baskentinden-hasar-tespiti,sabah,2022-03-01,3,142,3931,3956,Antalya dertli mi dertli.,0,,0,0,,0,0,,0,5,0,0,0,0,0,0,0,0,0,"{""6"": [], ""7"": [], ""11"": []}",0.0,0.0,0.0,,0.0,0.0,0.0,,0.0,0.0
sabah:2022-03-01__turizm-baskentinden-hasar-tespiti,sabah,2022-03-01,3,143,3957,3981,Hangi ihracatçı ne dedi?,0,,0,0,,0,0,,0,5,0,0,0,0,0,0,0,0,0,"{""6"": [], ""7"": [], ""11"": []}",0.0,0.0,0.0,,0.0,0.0,0.0,,0.0,0.0
sabah:2022-03-01__turizm-baskentinden-hasar-tespiti,sabah,2022-03-01,3,144,3982,3994,İsim isim...,0,,0,0,,0,0,,0,3,0,0,0,0,0,0,0,0,0,"{""6"": [], ""7"": [], ""11"": []}",0.0,0.0,0.0,,0.0,0.0,0.0,,0.0,0.0
sabah:2022-03-01__turizm-baskentinden-hasar-tespiti,sabah,2022-03-01,3,145,3995,4020,Yollarda kalan TIR'lar...,0,,0,0,,0,0,,0,4,0,0,0,0,0,0,0,0,0,"{""6"": [], ""7"": [], ""11"": []}",0.0,0.0,0.0,,0.0,0.0,0.0,,0.0,0.0
sabah:2022-03-01__turizm-baskentinden-hasar-tespiti,sabah,2022-03-01,3,146,4021,4027,Yarın.,0,,0,0,,0,0,,0,2,0,0,0,0,0,0,0,0,0,"{""6"": [], ""7"": [], ""11"": []}",0.0,0.0,0.0,,0.0,0.0,0.0,,0.0,0.0
sabah:2022-03-01__turizm-baskentinden-hasar-tespiti,sabah,2022-03-01,3,147,4028,4080,"""Yaralı Antalya'dan"" anlatacağımız daha çok şey var.",0,,0,0,,0,0,,0,10,0,0,1,0,0,0,0,0,0,"{""6"": [], ""7"": [], ""11"": []}",1.0,1.0,1.0,,0.0,0.0,0.0,,1.0,0.0
sabah:2022-03-01__turizm-baskentinden-hasar-tespiti,sabah,2022-03-01,3,148,4081,4156,Sabah.com.tr Uygulamamızı İndirin Uygulamalara Özel Ayrıcalıkları Keşfedin!,0,,0,0,,0,0,,0,8,0,0,0,0,0,0,0,0,0,"{""6"": [], ""7"": [], ""11"": []}",0.0,0.0,0.0,,0.0,0.0,0.0,,0.0,0.0
sabah:2022-10-24__bir-bahce-olarak-avrupa,sabah,2022-10-24,3,0,0,40,HİLAL KAPLAN - Bir “bahçe” olarak Avrupa,0,,0,0,,0,0,,0,7,0,0,0,0,0,0,0,0,0,"{""6"": [], ""7"": [], ""11"": []}",0.0,0.0,0.0,,0.0,0.0,0.0,,0.0,0.0
sabah:2022-10-24__bir-bahce-olarak-avrupa,sabah,2022-10-24,3,1,42,221,Avrupa Birliği Dış İlişkiler ve Güvenlik Politikası Yüksek Temsilcisi Joseph Borrell'in Avrupa'nın dünyadaki yeri ve rolünü tasvir ettiği konuşmasındaki şu inceliğe bakar mısınız:,0,,0,0,,0,0,,0,26,1,1,0,0,0,0,0,1,0,"{""6"": [], ""7"": [""Call""], ""11"": []}",1.0,1.0,0.0,1.0,1.0,1.0,1.0,,1.0,1.0
sabah:2022-10-24__bir-bahce-olarak-avrupa,sabah,2022-10-24,3,2,223,244,"""Avrupa bir bahçedir.",0,,0,0,,0,0,,0,6,0,0,0,0,0,0,0,0,0,"{""6"": [], ""7"": [], ""11"": []}",0.0,0.0,0.0,,0.0,0.0,0.0,,0.0,0.0
sabah:2022-10-24__bir-bahce-olarak-avrupa,sabah,2022-10-24,3,3,245,266,Biz bir bahçe kurduk.,0,,0,0,,0,0,,0,5,0,0,0,0,0,0,0,0,0,"{""6"": [], ""7"": [], ""11"": []}",0.0,0.0,0.0,,0.0,0.0,0.0,,0.0,0.0
sabah:2022-10-24__bir-bahce-olarak-avrupa,sabah,2022-10-24,3,4,267,283,Her şey işliyor.,0,,0,0,,0,0,,0,4,0,0,0,0,0,0,0,0,0,"{""6"": [], ""7"": [], ""11"": []}",0.0,0.0,0.0,,0.0,0.0,0.0,,0.0,0.0
sabah:2022-10-24__bir-bahce-olarak-avrupa,sabah,2022-10-24,3,5,284,381,"İnsanlığın inşa edebileceği siyasi özgürlük, ekonomik refah ve sosyal uyumun en iyi birleşimidir.",0,,0,0,,0,0,,0,16,0,0,0,0,0,0,0,0,0,"{""6"": [], ""7"": [], ""11"": []}",0.0,0.0,0.0,,0.0,0.0,0.0,,0.0,0.0
sabah:2022-10-24__bir-bahce-olarak-avrupa,sabah,2022-10-24,3,6,382,434,Dünyanın geri kalanı ise tam olarak bir bahçe değil.,0,,0,0,,0,0,,0,10,0,0,0,0,0,0,0,0,0,"{""6"": [], ""7"": [], ""11"": []}",0.0,0.0,0.0,,0.0,0.0,0.0,,0.0,0.0
sabah:2022-10-24__bir-bahce-olarak-avrupa,sabah,2022-10-24,3,7,435,516,Dünyanın geri kalanının çoğu vahşi bir ormandır ve orman bahçeyi istila edebilir.,0,,0,0,,0,0,,0,14,0,0,0,0,0,0,0,0,0,"{""6"": [], ""7"": [], ""11"": []}",0.0,0.0,0.0,,0.0,0.0,0.0,,0.0,0.0
sabah:2022-10-24__bir-bahce-olarak-avrupa,sabah,2022-10-24,3,8,517,591,Bahçıvanlar onunla ilgilenmeli ancak duvarlar örerek bahçeyi koruyamazlar.,0,,0,0,,0,0,,0,9,0,0,0,0,0,0,0,0,0,"{""6"": [], ""7"": [], ""11"": []}",0.0,0.0,0.0,,0.0,0.0,0.0,,0.0,0.0
sabah:2022-10-24__bir-bahce-olarak-avrupa,sabah,2022-10-24,3,9,592,702,"Güzel, küçük bir bahçenin duvarlarla çevrilmesi, ormanın içeri doğru yayılmasını önlemek için çözüm olmayacak.",1,çevrilmesi | yayılmasını,2,0,,0,0,,1,17,0,0,0,0,0,0,0,0,0,"{""6"": [], ""7"": [], ""11"": []}",0.0,0.0,0.0,,0.0,0.0,0.0,,0.0,0.0
sabah:2022-10-24__bir-bahce-olarak-avrupa,sabah,2022-10-24,3,10,703,817,Çünkü ormanın güçlü bir büyüme kapasitesi vardır ve duvar asla bahçeyi korumak için yeterince yüksek olmayacaktır.,0,,0,0,,0,0,,0,18,0,0,0,0,0,0,0,0,0,"{""6"": [], ""7"": [], ""11"": []}",0.0,0.0,0.0,,0.0,0.0,0.0,,0.0,0.0
sabah:2022-10-24__bir-bahce-olarak-avrupa,sabah,2022-10-24,3,11,819,853,Bahçıvanlar ormana gitmek zorunda.,0,,0,0,,0,0,,0,5,0,0,0,0,0,0,1,0,0,"{""6"": [], ""7"": [""Simplification""], ""11"": []}",0.0,0.0,0.0,,1.0,1.0,1.0,,0.0,1.0
sabah:2022-10-24__bir-bahce-olarak-avrupa,sabah,2022-10-24,3,12,854,934,Yani Avrupalılar dünyanın geri kalanıyla çok daha fazla meşgul olmak zorundalar.,0,,0,0,,0,0,,0,13,0,0,0,0,0,0,1,0,0,"{""6"": [], ""7"": [""Simplification""], ""11"": []}",0.0,0.0,0.0,,1.0,1.0,1.0,,0.0,1.0
sabah:2022-10-24__bir-bahce-olarak-avrupa,sabah,2022-10-24,3,13,935,1014,"Aksi takdirde, dünyanın geri kalanı bizi farklı yol ve araçlarla istila edecek.",0,,0,0,,0,0,,0,14,0,0,0,0,0,0,1,0,0,"{""6"": [], ""7"": [""Simplification""], ""11"": []}",0.0,0.0,0.0,,1.0,1.0,1.0,,0.0,1.0
sabah:2022-10-24__bir-bahce-olarak-avrupa,sabah,2022-10-24,3,14,1015,1105,"Evet, bu benim en önemli mesajım: Dünyanın geri kalanıyla çok daha fazla meşgul olmalıyız.",0,,0,0,,0,0,,0,18,0,0,0,0,0,0,1,0,0,"{""6"": [], ""7"": [""Simplification""], ""11"": []}",0.0,0.0,0.0,,1.0,1.0,1.0,,0.0,1.0
sabah:2022-10-24__bir-bahce-olarak-avrupa,sabah,2022-10-24,3,15,1105,1106,"""",0,,0,0,,0,0,,0,1,0,0,0,0,0,0,0,0,0,"{""6"": [], ""7"": [], ""11"": []}",0.0,0.0,0.0,,0.0,0.0,0.0,,0.0,0.0
sabah:2022-10-24__bir-bahce-olarak-avrupa,sabah,2022-10-24,3,16,1108,1267,"Gördüğünüz gibi beyaz adamın dünya hakimiyeti kurduğu, kolonyalizmin hüküm sürdüğü zamanlar coğrafi olarak bitmiş olsa da zihinlerdeki hükmünü devam ettiriyor.",0,,0,1,bitmiş,1,0,,0,23,0,0,0,1,0,1,0,0,0,"{""6"": [""Attack on Reputation""], ""7"": [""Manipulative Wording""], ""11"": []}",0.0,0.0,0.0,,1.0,1.0,1.0,1.0,0.0,1.0
sabah:2022-10-24__bir-bahce-olarak-avrupa,sabah,2022-10-24,3,17,1269,1338,"Öyle ya, Batı tam bir bahçe, beyaz adam ise çok zarif bir bahçıvandı!",0,,0,0,,0,0,,0,16,0,0,0,1,0,0,0,0,0,"{""6"": [""Attack on Reputation""], ""7"": [], ""11"": []}",0.0,0.0,0.0,,1.0,1.0,1.0,,0.0,1.0
sabah:2022-10-24__bir-bahce-olarak-avrupa,sabah,2022-10-24,3,18,1340,1433,"Misal Amerika, ""bahçıvan""lar tarafından ilk keşfedildiğinde kıtada 60 milyon insan yaşıyordu.",1,keşfedildiğinde,1,0,,0,1,,0,14,1,0,0,0,0,0,0,0,0,"{""6"": [], ""7"": [], ""11"": []}",1.0,1.0,1.0,,0.0,0.0,0.0,,1.0,0.0
sabah:2022-10-24__bir-bahce-olarak-avrupa,sabah,2022-10-24,3,19,1434,1483,Bahçıvanların işi bittiğinde 56 milyon ölü vardı.,0,,0,0,,0,0,,0,9,0,0,0,0,0,0,0,0,0,"{""6"": [], ""7"": [], ""11"": []}",0.0,0.0,0.0,,0.0,0.0,0.0,,0.0,0.0
sabah:2022-10-24__bir-bahce-olarak-avrupa,sabah,2022-10-24,3,20,1484,1542,"""Medeni bahçıvanlar, yabani otları"" itinayla temizlemişti.",0,,0,0,,0,0,,0,9,0,0,0,0,0,0,0,0,0,"{""6"": [], ""7"": [], ""11"": []}",0.0,0.0,0.0,,0.0,0.0,0.0,,0.0,0.0
sabah:2022-10-24__bir-bahce-olarak-avrupa,sabah,2022-10-24,3,21,1544,1584,"Kongo'nun ""bahçıvanı"", Belçika Kralı II.",0,,0,0,,0,0,,0,8,1,0,0,0,0,0,0,0,0,"{""6"": [], ""7"": [], ""11"": []}",1.0,1.0,1.0,,0.0,0.0,0.0,,1.0,0.0
sabah:2022-10-24__bir-bahce-olarak-avrupa,sabah,2022-10-24,3,22,1585,1630,"Leopold, ""bahçe bakım teknikleriyle"" ünlüydü.",0,,0,0,,0,0,,0,9,1,0,0,0,0,0,0,0,0,"{""6"": [], ""7"": [], ""11"": []}",1.0,1.0,1.0,,0.0,0.0,0.0,,1.0,0.0
sabah:2022-10-24__bir-bahce-olarak-avrupa,sabah,2022-10-24,3,23,1631,1687,Ülkesinin 74 katı büyüklüğündeki bir coğrafyayı sömürdü.,0,,0,0,,0,0,,0,9,0,0,0,0,0,0,0,0,0,"{""6"": [], ""7"": [], ""11"": []}",0.0,0.0,0.0,,0.0,0.0,0.0,,0.0,0.0
sabah:2022-10-24__bir-bahce-olarak-avrupa,sabah,2022-10-24,3,24,1688,1757,"İstenilen verimlilikte çalışmayan ""yabani otların"" ellerini kestirdi.",1,İstenilen,1,0,,0,0,,1,8,0,0,0,0,0,0,0,0,0,"{""6"": [], ""7"": [], ""11"": []}",0.0,0.0,0.0,,0.0,0.0,0.0,,0.0,0.0
sabah:2022-10-24__bir-bahce-olarak-avrupa,sabah,2022-10-24,3,25,1758,1812,"Toplamda on milyondan fazla ""yabani ot"" ise öldürüldü.",1,öldürüldü,1,0,,0,0,,1,9,0,0,0,0,0,0,0,0,0,"{""6"": [], ""7"": [], ""11"": []}",0.0,0.0,0.0,,0.0,0.0,0.0,,0.0,0.0
sabah:2022-10-24__bir-bahce-olarak-avrupa,sabah,2022-10-24,3,26,1814,1962,"Malumunuz ""bahçıvanlık"" faaliyetleri ile ünlü Almanya da Namibya'da topraklarının işgal edilmesini istemediler diye yüz bin ""yabani otu"" öldürmüştü.",1,edilmesini,1,0,,0,0,,1,20,1,0,0,1,0,0,0,0,0,"{""6"": [], ""7"": [""Attack on Reputation""], ""11"": []}",1.0,1.0,1.0,,1.0,1.0,1.0,,1.0,1.0
sabah:2022-10-24__bir-bahce-olarak-avrupa,sabah,2022-10-24,3,27,1964,2088,"Fransa ise ""bahçıvanlığa"" soyunduğu ülkelerden sadece birisi olan Cezayir'de beş milyon ""yabani ot""un ölümüne sebep olmuştu.",0,,0,0,,0,0,,0,17,1,0,0,1,0,0,0,0,0,"{""6"": [], ""7"": [""Attack on Reputation""], ""11"": []}",1.0,1.0,1.0,,1.0,1.0,1.0,,1.0,1.0
sabah:2022-10-24__bir-bahce-olarak-avrupa,sabah,2022-10-24,3,28,2090,2158,"Ancak tüm ""bahçıvanlar"" içinde İngiltere'nin eline kimse su dökemez.",0,,0,0,,0,0,,0,10,0,0,0,0,0,0,0,0,0,"{""6"": [], ""7"": [], ""11"": []}",0.0,0.0,0.0,,0.0,0.0,0.0,,0.0,0.0
sabah:2022-10-24__bir-bahce-olarak-avrupa,sabah,2022-10-24,3,29,2159,2227,"Hindistan'da en az 35 milyon ""yabani ot"" onların hükmü altında öldü.",0,,0,0,,0,0,,0,12,0,0,0,0,0,0,0,0,0,"{""6"": [], ""7"": [], ""11"": []}",0.0,0.0,0.0,,0.0,0.0,0.0,,0.0,0.0
sabah:2022-10-24__bir-bahce-olarak-avrupa,sabah,2022-10-24,3,30,2228,2356,"""Vahşi orman"" gördükleri sömürgelerinde bebekler açlıktan ölürken o ülkelerin buğdayını çalıp kendi halkına ve ordusuna yedirdi.",0,,0,0,,0,0,,0,18,0,0,0,0,0,0,0,0,0,"{""6"": [], ""7"": [], ""11"": []}",0.0,0.0,0.0,,0.0,0.0,0.0,,0.0,0.0
sabah:2022-10-24__bir-bahce-olarak-avrupa,sabah,2022-10-24,3,31,2357,2485,"Meşhur ""bahçıvanlardan"" biri olan Winston Churchill'e Bengal'i açlığa mahkûm bırakmaları sorulduğunda ""Onlardan nefret ediyorum.",1,sorulduğunda,1,0,,0,0,,1,17,1,0,1,0,0,1,0,0,0,"{""6"": [], ""7"": [], ""11"": [""Manipulative Wording""]}",1.0,1.0,1.0,1.0,1.0,1.0,1.0,,1.0,1.0
sabah:2022-10-24__bir-bahce-olarak-avrupa,sabah,2022-10-24,3,32,2486,2538,"Tavşan gibi üremeselerdi kıtlık da olmazdı"" demişti.",0,,0,1,"olmazdı""",1,0,,0,8,0,0,0,0,0,0,0,0,0,"{""6"": [], ""7"": [], ""11"": []}",0.0,0.0,0.0,,0.0,0.0,0.0,,0.0,0.0
sabah:2022-10-24__bir-bahce-olarak-avrupa,sabah,2022-10-24,3,33,2540,2558,Geçmiş mi dediniz?,0,,0,0,,0,0,,0,4,0,0,0,0,0,0,0,0,0,"{""6"": [], ""7"": [], ""11"": []}",0.0,0.0,0.0,,0.0,0.0,0.0,,0.0,0.0
sabah:2022-10-24__bir-bahce-olarak-avrupa,sabah,2022-10-24,3,34,2559,2676,"Ebu Gureyb'te mahkûmların üzerine işeyip kutsal kitapları yakanlar, Guantanamo'da işkence edenler de ""bahçıvan""lardı.",0,,0,1,yakanlar | edenler,2,0,,0,16,0,0,1,0,0,0,0,0,0,"{""6"": [], ""7"": [], ""11"": []}",1.0,1.0,1.0,,0.0,0.0,0.0,,1.0,0.0
sabah:2022-10-24__bir-bahce-olarak-avrupa,sabah,2022-10-24,3,35,2678,2807,"Yunanistan ""bahçe""sini korumak için ellerini arkadan kelepçeledikleri onlarca mülteciyi Akdeniz sularına atanlar da ""bahçıvan""dı.",0,,0,0,,0,0,,0,18,1,0,1,0,0,0,0,0,0,"{""6"": [], ""7"": [], ""11"": []}",1.0,1.0,0.0,1.0,0.0,0.0,0.0,,1.0,0.0
sabah:2022-10-24__bir-bahce-olarak-avrupa,sabah,2022-10-24,3,36,2809,2926,"Ukrayna'dan sarı saçlı-mavi gözlü mültecileri alıp esmer veya kara tenli olanlara kapı duvar olanlar da ""bahçıvan""dı.",0,,0,0,,0,0,,0,21,0,0,0,0,0,0,0,0,0,"{""6"": [], ""7"": [], ""11"": []}",0.0,0.0,0.0,,0.0,0.0,0.0,,0.0,0.0
sabah:2022-10-24__bir-bahce-olarak-avrupa,sabah,2022-10-24,3,37,2928,3059,"Norveç'te 78 kişinin canına giren Breivik de medeni dünyanın bağrından çıkmış sarı saçlı, beyaz tenli, mavi gözlü bir ""bahçıvan""dı.",0,,0,1,çıkmış,1,0,,0,23,0,0,0,0,0,0,0,0,0,"{""6"": [], ""7"": [], ""11"": []}",0.0,0.0,0.0,,0.0,0.0,0.0,,0.0,0.0
sabah:2022-10-24__bir-bahce-olarak-avrupa,sabah,2022-10-24,3,38,3061,3143,"Arka bahçesinde binlerce ceset yatan, yağma ve zulüm dolu bir ""bahçe""dir Avrupa...",0,,0,0,,0,0,,0,16,1,0,0,1,0,0,0,0,0,"{""6"": [""Attack on Reputation""], ""7"": [""Attack on Reputation""], ""11"": []}",1.0,1.0,1.0,,1.0,1.0,1.0,0.0,1.0,1.0
sabah:2023-01-27__cahil-cahil-soyleniyorum-iste,sabah,2023-01-27,2,0,0,48,HAŞMET BABAOĞLU - Cahil cahil söyleniyorum işte!,0,,0,0,,0,0,,0,8,0,1,0,0,0,0,0,0,0,"{""6"": [], ""11"": []}",1.0,1.0,1.0,,0.0,0.0,0.0,,1.0,0.0
sabah:2023-01-27__cahil-cahil-soyleniyorum-iste,sabah,2023-01-27,2,1,50,59,Saydım...,0,,0,0,,0,0,,0,2,0,0,0,0,0,0,0,0,0,"{""6"": [], ""11"": []}",0.0,0.0,0.0,,0.0,0.0,0.0,,0.0,0.0
sabah:2023-01-27__cahil-cahil-soyleniyorum-iste,sabah,2023-01-27,2,2,61,127,Tam elli yıl boyunca petrolün bitmesini bekleyen kuşaktanım ben...,0,,0,0,,0,0,,0,10,0,0,0,0,1,0,0,0,0,"{""6"": [""Justification""], ""11"": []}",0.0,0.0,0.0,,1.0,1.0,1.0,,0.0,1.0
sabah:2023-01-27__cahil-cahil-soyleniyorum-iste,sabah,2023-01-27,2,3,129,148,Öyle dediler çünkü.,0,,0,0,,0,0,,0,4,0,0,0,0,0,0,0,0,0,"{""6"": [], ""11"": []}",0.0,0.0,0.0,,0.0,0.0,0.0,,0.0,0.0
sabah:2023-01-27__cahil-cahil-soyleniyorum-iste,sabah,2023-01-27,2,4,150,272,"Dediler ki, bu nüfusa ve kalkınma hızına mevcut rezervler asla yetmez; iki kere iki dört eder kadar açık bir gerçektir bu.",0,,0,0,,0,0,,0,25,0,0,0,0,0,0,0,0,0,"{""6"": [], ""11"": []}",0.0,0.0,0.0,,0.0,0.0,0.0,,0.0,0.0
sabah:2023-01-27__cahil-cahil-soyleniyorum-iste,sabah,2023-01-27,2,5,274,293,Zaten bilimseldi...,0,,0,0,,0,0,,0,3,0,0,0,0,0,0,0,0,0,"{""6"": [], ""11"": []}",0.0,0.0,0.0,,0.0,0.0,0.0,,0.0,0.0
sabah:2023-01-27__cahil-cahil-soyleniyorum-iste,sabah,2023-01-27,2,6,295,351,"Yani ""okumuş""ların asla inkâr edemeyeceği bir olguydu...",0,,0,0,,0,0,,0,9,1,0,0,0,0,0,0,0,0,"{""6"": [], ""11"": []}",1.0,1.0,1.0,,0.0,0.0,0.0,,1.0,0.0
sabah:2023-01-27__cahil-cahil-soyleniyorum-iste,sabah,2023-01-27,2,7,353,385,Şimdi bunlardan bahseden var mı?,0,,0,0,,0,0,,0,6,0,0,0,0,1,0,0,0,0,"{""6"": [""Justification""], ""11"": []}",0.0,0.0,0.0,,1.0,1.0,1.0,,0.0,1.0
sabah:2023-01-27__cahil-cahil-soyleniyorum-iste,sabah,2023-01-27,2,8,386,415,Yok! Çünkü paradigma değişti.,0,,0,0,,0,0,,0,6,0,0,0,0,1,0,0,0,0,"{""6"": [""Justification""], ""11"": []}",0.0,0.0,0.0,,1.0,1.0,1.0,,0.0,1.0
sabah:2023-01-27__cahil-cahil-soyleniyorum-iste,sabah,2023-01-27,2,9,417,450,"Daha doğru deyimle, değiştirildi.",0,,0,0,,0,0,,0,6,0,0,0,0,0,0,0,0,0,"{""6"": [], ""11"": []}",0.0,0.0,0.0,,0.0,0.0,0.0,,0.0,0.0
sabah:2023-01-27__cahil-cahil-soyleniyorum-iste,sabah,2023-01-27,2,10,452,462,Yeni endiş,0,,0,0,,0,0,,0,2,0,0,0,0,0,0,0,0,0,"{""6"": [], ""11"": []}",0.0,0.0,0.0,,0.0,0.0,0.0,,0.0,0.0
sabah:2023-01-27__cahil-cahil-soyleniyorum-iste,sabah,2023-01-27,2,11,462,463,e,0,,0,0,,0,0,,0,1,0,0,0,0,0,0,0,0,0,"{""6"": [], ""11"": []}",0.0,0.0,0.0,,0.0,0.0,0.0,,0.0,0.0
sabah:2023-01-27__cahil-cahil-soyleniyorum-iste,sabah,2023-01-27,2,12,465,491,"""iklim değişikliği"" artık.",0,,0,0,,0,0,,0,4,0,0,0,0,0,0,0,0,0,"{""6"": [], ""11"": []}",0.0,0.0,0.0,,0.0,0.0,0.0,,0.0,0.0
sabah:2023-01-27__cahil-cahil-soyleniyorum-iste,sabah,2023-01-27,2,13,493,573,"Petrolün biteceği yok, yeni rezervler bulunuyor, çıkarma maliyetleri de düşüyor.",1,bulunuyor,1,0,,0,0,,1,13,0,0,0,0,0,0,0,0,0,"{""6"": [], ""11"": []}",0.0,0.0,0.0,,0.0,0.0,0.0,,0.0,0.0
sabah:2023-01-27__cahil-cahil-soyleniyorum-iste,sabah,2023-01-27,2,14,575,592,Ama deniyor ki...,1,deniyor,1,0,,0,0,,1,4,0,0,0,0,0,0,0,0,0,"{""6"": [], ""11"": []}",0.0,0.0,0.0,,0.0,0.0,0.0,,0.0,0.0
sabah:2023-01-27__cahil-cahil-soyleniyorum-iste,sabah,2023-01-27,2,15,594,675,"""Boğazınıza kadar petrole batsanız bile onunla bir geleceğiniz olamaz, olmayacak!",0,,0,0,,0,0,,0,13,0,0,0,0,0,0,0,0,0,"{""6"": [], ""11"": []}",0.0,0.0,0.0,,0.0,0.0,0.0,,0.0,0.0
sabah:2023-01-27__cahil-cahil-soyleniyorum-iste,sabah,2023-01-27,2,16,676,717,"Fosil yakıtlar gezegenimizin düşmanıdır!""",0,,0,0,,0,0,,0,7,0,0,1,0,0,0,0,0,0,"{""6"": [], ""11"": []}",1.0,1.0,1.0,,0.0,0.0,0.0,,1.0,0.0
sabah:2023-01-27__cahil-cahil-soyleniyorum-iste,sabah,2023-01-27,2,17,719,805,"Çok akıllısınız, çok okumuşsunuz, çok hassassınız, çok özgürsünüz, (ne demekse artık!)",0,,0,0,,0,0,,0,18,0,0,0,1,0,0,0,0,0,"{""6"": [""Attack on Reputation""], ""11"": []}",0.0,0.0,0.0,,1.0,1.0,1.0,,0.0,1.0
sabah:2023-01-27__cahil-cahil-soyleniyorum-iste,sabah,2023-01-27,2,18,807,845,"şahane bir bireysiniz , falan filan...",0,,0,0,,0,0,,0,7,0,0,0,0,0,0,0,0,0,"{""6"": [], ""11"": []}",0.0,0.0,0.0,,0.0,0.0,0.0,,0.0,0.0
sabah:2023-01-27__cahil-cahil-soyleniyorum-iste,sabah,2023-01-27,2,19,847,903,Her gün başınızdan aşağı tonlarla malumat yağdırıyorlar.,0,,0,0,,0,0,,0,8,0,0,0,0,0,1,0,0,0,"{""6"": [""Manipulative Wording""], ""11"": []}",0.0,0.0,0.0,,1.0,1.0,1.0,,0.0,1.0
sabah:2023-01-27__cahil-cahil-soyleniyorum-iste,sabah,2023-01-27,2,20,905,921,Yine de bir halt,0,,0,0,,0,0,,0,4,0,0,0,1,0,0,0,0,0,"{""6"": [""Attack on Reputation""], ""11"": []}",0.0,0.0,0.0,,1.0,1.0,1.0,,0.0,1.0
sabah:2023-01-27__cahil-cahil-soyleniyorum-iste,sabah,2023-01-27,2,21,923,940,"""bildiğiniz"" yok!",0,,0,0,,0,0,,0,5,0,0,0,1,0,0,0,0,0,"{""6"": [""Attack on Reputation""], ""11"": []}",0.0,0.0,0.0,,1.0,1.0,1.0,,0.0,1.0
sabah:2023-01-27__cahil-cahil-soyleniyorum-iste,sabah,2023-01-27,2,22,942,974,"Size bildirilir, bildiriliyor...",1,bildirilir | bildiriliyor,2,0,,0,0,,1,5,0,0,0,0,0,0,0,0,0,"{""6"": [], ""11"": []}",0.0,0.0,0.0,,0.0,0.0,0.0,,0.0,0.0
sabah:2023-01-27__cahil-cahil-soyleniyorum-iste,sabah,2023-01-27,2,23,975,1042,"Dün öyle, bugün böyle olduğuna inanmanız ve ikna olmanız isteniyor.",1,isteniyor,1,0,,0,0,,1,12,0,0,0,0,0,0,1,0,0,"{""6"": [""Simplification""], ""11"": []}",0.0,0.0,0.0,,1.0,1.0,1.0,,0.0,1.0
sabah:2023-01-27__cahil-cahil-soyleniyorum-iste,sabah,2023-01-27,2,24,1044,1062,Yarın da başka bir,0,,0,0,,0,0,,0,4,0,0,0,0,0,0,0,0,0,"{""6"": [], ""11"": []}",0.0,0.0,0.0,,0.0,0.0,0.0,,0.0,0.0
sabah:2023-01-27__cahil-cahil-soyleniyorum-iste,sabah,2023-01-27,2,25,1064,1103,"""bilimsel doğru"" ya ikna edileceksiniz.",0,,0,0,,0,0,,0,7,0,0,0,0,0,0,0,0,0,"{""6"": [], ""11"": []}",0.0,0.0,0.0,,0.0,0.0,0.0,,0.0,0.0
sabah:2023-01-27__cahil-cahil-soyleniyorum-iste,sabah,2023-01-27,2,26,1105,1140,"""Uygarlık"" dedikleri bundan ibaret.",0,,0,0,,0,0,,0,7,0,0,0,0,0,0,1,0,0,"{""6"": [""Simplification""], ""11"": []}",0.0,0.0,0.0,,1.0,1.0,1.0,,0.0,1.0
sabah:2023-01-27__cahil-cahil-soyleniyorum-iste,sabah,2023-01-27,2,27,1142,1163,Geçen akşam baktım...,0,,0,0,,0,0,,0,4,0,0,0,0,0,0,0,0,0,"{""6"": [], ""11"": []}",0.0,0.0,0.0,,0.0,0.0,0.0,,0.0,0.0
sabah:2023-01-27__cahil-cahil-soyleniyorum-iste,sabah,2023-01-27,2,28,1165,1207,Bir TV kanalında dört akademisyen toplanmı,0,,0,0,,0,0,,0,6,1,0,0,0,1,0,0,0,0,"{""6"": [""Justification""], ""11"": []}",1.0,1.0,1.0,,1.0,1.0,1.0,,1.0,1.0
sabah:2023-01-27__cahil-cahil-soyleniyorum-iste,sabah,2023-01-27,2,29,1207,1208,ş,0,,0,0,,0,0,,0,1,0,0,0,0,1,0,0,0,0,"{""6"": [""Justification""], ""11"": []}",0.0,0.0,0.0,,1.0,1.0,1.0,,0.0,1.0
sabah:2023-01-27__cahil-cahil-soyleniyorum-iste,sabah,2023-01-27,2,30,1210,1275,"""nadir elementler"" in kazandığı önemi ballandırarak anlatıyorlar.",0,,0,0,,0,0,,0,10,0,0,0,0,1,0,0,0,0,"{""6"": [""Justification""], ""11"": []}",0.0,0.0,0.0,,1.0,1.0,1.0,,0.0,1.0
sabah:2023-01-27__cahil-cahil-soyleniyorum-iste,sabah,2023-01-27,2,31,1277,1325,"""Temiz enerji üretimi"" yle ve ileri teknolojiyle",0,,0,0,,0,0,,0,8,0,0,0,0,0,0,0,0,0,"{""6"": [], ""11"": []}",0.0,0.0,0.0,,0.0,0.0,0.0,,0.0,0.0
sabah:2023-01-27__cahil-cahil-soyleniyorum-iste,sabah,2023-01-27,2,32,1327,1377,"""nadir elementler"" arasında doğrudan bağ varmış...",0,,0,1,varmış,1,0,,0,9,0,0,0,0,0,0,0,0,0,"{""6"": [], ""11"": []}",0.0,0.0,0.0,,0.0,0.0,0.0,,0.0,0.0
sabah:2023-01-27__cahil-cahil-soyleniyorum-iste,sabah,2023-01-27,2,33,1379,1400,Yani anlayacağınız...,0,,0,0,,0,0,,0,3,0,0,0,0,0,0,0,0,0,"{""6"": [], ""11"": []}",0.0,0.0,0.0,,0.0,0.0,0.0,,0.0,0.0
sabah:2023-01-27__cahil-cahil-soyleniyorum-iste,sabah,2023-01-27,2,34,1402,1459,Şimdi de bunları acımasızca har vurup harman savuracağız.,0,,0,0,,0,0,,0,9,0,0,0,0,0,1,0,0,0,"{""6"": [""Manipulative Wording""], ""11"": []}",0.0,0.0,0.0,,1.0,1.0,1.0,,0.0,1.0
sabah:2023-01-27__cahil-cahil-soyleniyorum-iste,sabah,2023-01-27,2,35,1460,1489,Peki bu yolla üretilen enerji,0,,0,0,,0,0,,0,5,0,0,0,0,0,0,0,0,0,"{""6"": [], ""11"": []}",0.0,0.0,0.0,,0.0,0.0,0.0,,0.0,0.0
sabah:2023-01-27__cahil-cahil-soyleniyorum-iste,sabah,2023-01-27,2,36,1491,1532,"""temiz"" sayılır mı, diye soran olacak mı?",1,sayılır,1,0,,0,0,,1,10,0,0,0,0,0,0,0,0,0,"{""6"": [], ""11"": []}",0.0,0.0,0.0,,0.0,0.0,0.0,,0.0,0.0
sabah:2023-01-27__cahil-cahil-soyleniyorum-iste,sabah,2023-01-27,2,37,1534,1554,Belki üç beş kişi...,0,,0,0,,0,0,,0,5,0,0,0,0,0,0,0,0,0,"{""6"": [], ""11"": []}",0.0,0.0,0.0,,0.0,0.0,0.0,,0.0,0.0
sabah:2023-01-27__cahil-cahil-soyleniyorum-iste,sabah,2023-01-27,2,38,1556,1610,"Üstelik adı üzerinde, toprakta nadir bulunan şeyler...",1,bulunan,1,0,,0,0,,1,9,0,0,0,0,0,0,0,0,0,"{""6"": [], ""11"": []}",0.0,0.0,0.0,,0.0,0.0,0.0,,0.0,0.0
sabah:2023-01-27__cahil-cahil-soyleniyorum-iste,sabah,2023-01-27,2,39,1612,1634,Bunları tüketime açmak,0,,0,0,,0,0,,0,3,0,0,0,0,1,0,0,0,0,"{""6"": [""Justification""], ""11"": []}",0.0,0.0,0.0,,1.0,1.0,1.0,,0.0,1.0
sabah:2023-01-27__cahil-cahil-soyleniyorum-iste,sabah,2023-01-27,2,40,1636,1687,"çevreci, akılcı, hakkaniyetli tutum sayılabilir mi?",1,sayılabilir,1,0,,0,0,,1,9,0,0,0,0,1,0,0,0,0,"{""6"": [""Justification""], ""11"": []}",0.0,0.0,0.0,,1.0,1.0,1.0,,0.0,1.0
sabah:2023-01-27__cahil-cahil-soyleniyorum-iste,sabah,2023-01-27,2,41,1689,1704,Sonuç olarak...,0,,0,0,,0,0,,0,3,0,0,0,0,0,0,0,0,0,"{""6"": [], ""11"": []}",0.0,0.0,0.0,,0.0,0.0,0.0,,0.0,0.0
sabah:2023-01-27__cahil-cahil-soyleniyorum-iste,sabah,2023-01-27,2,42,1706,1776,"""Sade insan"" öyle sadeleştirildi ki, artık yok kıvamında bir varlık...",0,,0,0,,0,0,,0,13,0,0,1,0,0,1,0,0,0,"{""6"": [""Manipulative Wording""], ""11"": []}",1.0,1.0,1.0,,1.0,1.0,1.0,,1.0,1.0
sabah:2023-01-27__cahil-cahil-soyleniyorum-iste,sabah,2023-01-27,2,43,1778,1826,Akışa kapılmış gidiyor ama havası bin beş yüz...,1,kapılmış,1,1,kapılmış,1,0,,1,9,0,0,0,0,0,0,0,0,0,"{""6"": [], ""11"": []}",0.0,0.0,0.0,,0.0,0.0,0.0,,0.0,0.0
sabah:2023-01-27__cahil-cahil-soyleniyorum-iste,sabah,2023-01-27,2,44,1828,1857,Bazıları şöyle diyormuş ya...,0,,0,1,diyormuş,1,0,,0,5,0,0,0,0,0,0,0,0,0,"{""6"": [], ""11"": []}",0.0,0.0,0.0,,0.0,0.0,0.0,,0.0,0.0
sabah:2023-01-27__cahil-cahil-soyleniyorum-iste,sabah,2023-01-27,2,45,1859,1904,"Bana da işte ""cahil cahil söylenmek"" kalıyor.",1,"söylenmek""",1,0,,0,0,,1,9,0,0,0,0,0,0,0,0,0,"{""6"": [], ""11"": []}",0.0,0.0,0.0,,0.0,0.0,0.0,,0.0,0.0
sabah:2023-01-27__cahil-cahil-soyleniyorum-iste,sabah,2023-01-27,2,46,1906,1917,NOT DEFTERİ,0,,0,0,,0,0,,0,2,0,0,0,0,0,0,0,0,0,"{""6"": [], ""11"": []}",0.0,0.0,0.0,,0.0,0.0,0.0,,0.0,0.0
sabah:2023-01-27__cahil-cahil-soyleniyorum-iste,sabah,2023-01-27,2,47,1919,1957,Dahlimizin en az olduğu sanat rüyadır.,0,,0,0,,0,0,,0,8,0,0,0,0,0,0,0,0,0,"{""6"": [], ""11"": []}",0.0,0.0,0.0,,0.0,0.0,0.0,,0.0,0.0
sabah:2023-01-27__cahil-cahil-soyleniyorum-iste,sabah,2023-01-27,2,48,1958,1996,"Asıl mesele, insanda sinema var mıydı?",0,,0,0,,0,0,,0,8,0,0,0,0,0,0,0,0,0,"{""6"": [], ""11"": []}",0.0,0.0,0.0,,0.0,0.0,0.0,,0.0,0.0
sabah:2023-01-27__cahil-cahil-soyleniyorum-iste,sabah,2023-01-27,2,49,1997,2003,Vardı.,0,,0,0,,0,0,,0,2,0,0,0,0,0,0,0,0,0,"{""6"": [], ""11"": []}",0.0,0.0,0.0,,0.0,0.0,0.0,,0.0,0.0
sabah:2023-01-27__cahil-cahil-soyleniyorum-iste,sabah,2023-01-27,2,50,2004,2082,Heyecanlı anlarda hayallerin bizi sık sık yoklayışı ve hatırlayışlarımız gibi.,0,,0,0,,0,0,,0,11,0,0,0,0,0,0,0,0,0,"{""6"": [], ""11"": []}",0.0,0.0,0.0,,0.0,0.0,0.0,,0.0,0.0
sabah:2023-01-27__cahil-cahil-soyleniyorum-iste,sabah,2023-01-27,2,51,2083,2086,(A.,0,,0,0,,0,0,,0,3,0,0,0,0,0,0,0,0,0,"{""6"": [], ""11"": []}",0.0,0.0,0.0,,0.0,0.0,0.0,,0.0,0.0
sabah:2023-01-27__cahil-cahil-soyleniyorum-iste,sabah,2023-01-27,2,52,2087,2089,H.,0,,0,0,,0,0,,0,2,0,0,0,0,0,0,0,0,0,"{""6"": [], ""11"": []}",0.0,0.0,0.0,,0.0,0.0,0.0,,0.0,0.0
sabah:2023-01-27__cahil-cahil-soyleniyorum-iste,sabah,2023-01-27,2,53,2090,2119,TANPINAR / Edebiyat Dersleri),0,,0,0,,0,0,,0,5,0,0,0,0,0,0,0,0,0,"{""6"": [], ""11"": []}",0.0,0.0,0.0,,0.0,0.0,0.0,,0.0,0.0
sabah:2023-03-24__ahmet-turk-neden-ak-partiye-ofkeli,sabah,2023-03-24,3,0,0,51,"MAHMUT ÖVÜR - Ahmet Türk, neden AK Parti’ye öfkeli?",0,,0,0,,0,0,,0,12,0,0,0,0,0,0,0,0,0,"{""6"": [], ""7"": [], ""11"": []}",0.0,0.0,0.0,,0.0,0.0,0.0,,0.0,0.0
sabah:2023-03-24__ahmet-turk-neden-ak-partiye-ofkeli,sabah,2023-03-24,3,1,53,204,"Türkiye'de Kürt meselesinde ""Ben de Kürt'üm"" veya ""Kürt realitesini tanıyoruz"" gibi birkaç söz söylense de hiçbirinin devlet nezdinde bir anlamı yoktu.",1,söylense,1,0,,0,0,,1,26,0,0,0,0,1,0,0,0,0,"{""6"": [""Justification""], ""7"": [""Justification""], ""11"": []}",0.0,0.0,0.0,,1.0,1.0,1.0,0.0,0.0,1.0
sabah:2023-03-24__ahmet-turk-neden-ak-partiye-ofkeli,sabah,2023-03-24,3,2,205,303,"İlk anlamlı adımı, 2005 yılında ezber bozan çıkışıyla dönemin Başbakanı Recep Tayyip Erdoğan attı:",0,,0,0,,0,0,,0,17,0,1,0,0,1,0,0,0,0,"{""6"": [""Justification""], ""7"": [], ""11"": []}",0.0,1.0,0.0,0.0,1.0,1.0,1.0,,1.0,1.0
sabah:2023-03-24__ahmet-turk-neden-ak-partiye-ofkeli,sabah,2023-03-24,3,3,305,335,"""Kürt sorunu benim sorunumdur.",0,,0,0,,0,0,,0,7,0,0,0,0,1,0,0,1,0,"{""6"": [""Justification""], ""7"": [""Call""], ""11"": []}",0.0,0.0,0.0,,1.0,1.0,1.0,1.0,0.0,1.0
sabah:2023-03-24__ahmet-turk-neden-ak-partiye-ofkeli,sabah,2023-03-24,3,4,335,336,"""",0,,0,0,,0,0,,0,1,0,0,0,0,1,0,0,0,0,"{""6"": [""Justification""], ""7"": [], ""11"": []}",0.0,0.0,0.0,,1.0,1.0,1.0,,0.0,1.0
sabah:2023-03-24__ahmet-turk-neden-ak-partiye-ofkeli,sabah,2023-03-24,3,5,338,451,Sonra bu alandaki yasaklar ve Kürt siyasi aktörlerin atılamaz dediği demokratik adımlar tek tek hayata geçirildi.,1,atılamaz | geçirildi,2,0,,0,0,,1,18,0,0,0,0,0,0,0,0,0,"{""6"": [], ""7"": [], ""11"": []}",0.0,0.0,0.0,,0.0,0.0,0.0,,0.0,0.0
sabah:2023-03-24__ahmet-turk-neden-ak-partiye-ofkeli,sabah,2023-03-24,3,6,453,571,"Sıra silahların devreden çıkartılmasına gelince iyi niyetle önce Habur, sonra Oslo ve çözüm süreçleri devreye sokuldu.",1,çıkartılmasına | sokuldu,2,0,,0,0,,1,18,0,0,0,0,0,1,0,0,0,"{""6"": [], ""7"": [""Manipulative Wording""], ""11"": []}",0.0,0.0,0.0,,1.0,1.0,1.0,,0.0,1.0
sabah:2023-03-24__ahmet-turk-neden-ak-partiye-ofkeli,sabah,2023-03-24,3,7,572,638,"Meğer ""silahların bırakılmasını istemeyen"" ne çok düşman varmış...",1,bırakılmasını,1,1,varmış,1,0,,1,9,0,0,0,0,0,1,0,0,0,"{""6"": [], ""7"": [""Manipulative Wording""], ""11"": []}",0.0,0.0,0.0,,1.0,1.0,1.0,,0.0,1.0
sabah:2023-03-24__ahmet-turk-neden-ak-partiye-ofkeli,sabah,2023-03-24,3,8,639,750,"ABD'den İsrail'e, AB'den İran'a süreci sabote etmek için harekete geçmeyen, ellerinden geleni yapmayan kalmadı.",0,,0,0,,0,0,,0,17,1,0,1,0,0,0,0,0,0,"{""6"": [], ""7"": [], ""11"": []}",1.0,1.0,1.0,1.0,0.0,0.0,0.0,,1.0,0.0
sabah:2023-03-24__ahmet-turk-neden-ak-partiye-ofkeli,sabah,2023-03-24,3,9,752,799,İç siyasette direnenlerin sayısı da az değildi.,0,,0,0,,0,0,,0,8,0,0,0,0,0,0,0,0,0,"{""6"": [], ""7"": [], ""11"": []}",0.0,0.0,0.0,,0.0,0.0,0.0,,0.0,0.0
sabah:2023-03-24__ahmet-turk-neden-ak-partiye-ofkeli,sabah,2023-03-24,3,10,800,948,"Mesela sorunu yaratan CHP, sadece silahları devreden çıkarmaya değil, Kürt kimliği üzerindeki yasakları kaldıran demokratik adımlara da karşı çıktı.",0,,0,0,,0,0,,0,23,1,0,0,1,0,0,0,0,0,"{""6"": [], ""7"": [""Attack on Reputation""], ""11"": []}",1.0,1.0,1.0,,1.0,1.0,1.0,,1.0,1.0
sabah:2023-03-24__ahmet-turk-neden-ak-partiye-ofkeli,sabah,2023-03-24,3,11,949,1038,"Bu da CHP'nin ret, inkâr ve asimilasyoncu politikalarıyla örtüşüyor ve şaşırtıcı değildi.",0,,0,0,,0,0,,0,14,1,0,0,1,0,0,0,0,0,"{""6"": [], ""7"": [""Attack on Reputation""], ""11"": []}",1.0,1.0,1.0,,1.0,1.0,1.0,,1.0,1.0
sabah:2023-03-24__ahmet-turk-neden-ak-partiye-ofkeli,sabah,2023-03-24,3,12,1040,1122,Ama asıl şaşırtıcı olan Kürtler adına siyaset yaptığı sanılan partilerin tavrıydı.,1,sanılan,1,0,,0,0,,1,13,0,0,0,0,0,0,0,0,0,"{""6"": [], ""7"": [], ""11"": []}",0.0,0.0,0.0,,0.0,0.0,0.0,,0.0,0.0
sabah:2023-03-24__ahmet-turk-neden-ak-partiye-ofkeli,sabah,2023-03-24,3,13,1124,1238,"Partiler dediğime bakmayın, diğer Kürt partilerini etkisiz kıldığı için bir tek PKK'nın kurdurduğu partiler vardı.",0,,0,0,,0,0,,0,18,0,0,0,0,0,1,0,0,0,"{""6"": [], ""7"": [""Manipulative Wording""], ""11"": []}",0.0,0.0,0.0,,1.0,1.0,1.0,,0.0,1.0
sabah:2023-03-24__ahmet-turk-neden-ak-partiye-ofkeli,sabah,2023-03-24,3,14,1239,1344,DEP'ten HDP'ye uzanan o partiler dünden bugüne AK Parti'nin attığı bütün demokratik adımlara karşı çıktı.,1,uzanan,1,0,,0,0,,1,16,1,0,0,0,0,0,0,0,0,"{""6"": [], ""7"": [], ""11"": []}",1.0,1.0,1.0,,0.0,0.0,0.0,,1.0,0.0
sabah:2023-03-24__ahmet-turk-neden-ak-partiye-ofkeli,sabah,2023-03-24,3,15,1345,1413,Hatta çözüm süreçlerinin sabote edilmesinde Kandil kadar günahkârdı.,1,edilmesinde,1,0,,0,0,,1,9,1,0,0,0,0,0,0,0,0,"{""6"": [], ""7"": [], ""11"": []}",1.0,1.0,1.0,,0.0,0.0,0.0,,1.0,0.0
sabah:2023-03-24__ahmet-turk-neden-ak-partiye-ofkeli,sabah,2023-03-24,3,16,1414,1504,"Çünkü silahların devreden çıkmasını o partileri yöneten hiçbir ""sivil siyasetçi"" istemedi.",0,,0,0,,0,0,,0,13,0,0,0,0,0,0,0,0,0,"{""6"": [], ""7"": [], ""11"": []}",0.0,0.0,0.0,,0.0,0.0,0.0,,0.0,0.0
sabah:2023-03-24__ahmet-turk-neden-ak-partiye-ofkeli,sabah,2023-03-24,3,17,1506,1542,İşte Ahmet Türk de onlardan biriydi.,0,,0,0,,0,0,,0,8,1,0,0,0,0,0,0,0,0,"{""6"": [], ""7"": [], ""11"": []}",1.0,1.0,1.0,,0.0,0.0,0.0,,1.0,0.0
sabah:2023-03-24__ahmet-turk-neden-ak-partiye-ofkeli,sabah,2023-03-24,3,18,1544,1622,"Nasıl başardıysa kamuoyunda ""makul, barışsever"" hatta ""akil adam"" imajı vardı.",0,,0,0,,0,0,,0,15,0,0,0,0,0,0,0,0,0,"{""6"": [], ""7"": [], ""11"": []}",0.0,0.0,0.0,,0.0,0.0,0.0,,0.0,0.0
sabah:2023-03-24__ahmet-turk-neden-ak-partiye-ofkeli,sabah,2023-03-24,3,19,1623,1672,"Daha önce de yazdım, Türk göründüğü gibi değildi.",0,,0,0,,0,0,,0,10,0,0,0,0,0,0,0,0,0,"{""6"": [], ""7"": [], ""11"": []}",0.0,0.0,0.0,,0.0,0.0,0.0,,0.0,0.0
sabah:2023-03-24__ahmet-turk-neden-ak-partiye-ofkeli,sabah,2023-03-24,3,20,1673,1713,Bunu ilk kez Habur sürecinde fark ettim.,0,,0,0,,0,0,,0,8,0,0,0,0,0,0,0,0,0,"{""6"": [], ""7"": [], ""11"": []}",0.0,0.0,0.0,,0.0,0.0,0.0,,0.0,0.0
sabah:2023-03-24__ahmet-turk-neden-ak-partiye-ofkeli,sabah,2023-03-24,3,21,1714,1837,"O süreci PKK'lılar şova dönüştürmeye başladığında yanına gitmiş, ""Ahmet Abi bu şovu durdurun"" dediğimde şu cevabı vermişti:",0,,0,1,gitmiş,1,0,,0,21,0,0,0,0,0,0,0,0,0,"{""6"": [], ""7"": [], ""11"": []}",0.0,0.0,0.0,,0.0,0.0,0.0,,0.0,0.0
sabah:2023-03-24__ahmet-turk-neden-ak-partiye-ofkeli,sabah,2023-03-24,3,22,1839,1859,"""Beni dinlemezler...",0,,0,0,,0,0,,0,4,0,0,0,0,0,0,0,0,0,"{""6"": [], ""7"": [], ""11"": []}",0.0,0.0,0.0,,0.0,0.0,0.0,,0.0,0.0
sabah:2023-03-24__ahmet-turk-neden-ak-partiye-ofkeli,sabah,2023-03-24,3,23,1860,1945,"Ama (devletin de) işi 'teslim oldular, bittiler' noktasına getirmemelerini diliyorum.",0,,0,0,,0,0,,0,14,0,0,0,0,0,0,0,0,0,"{""6"": [], ""7"": [], ""11"": []}",0.0,0.0,0.0,,0.0,0.0,0.0,,0.0,0.0
sabah:2023-03-24__ahmet-turk-neden-ak-partiye-ofkeli,sabah,2023-03-24,3,24,1945,1946,"""",0,,0,0,,0,0,,0,1,0,0,0,0,0,0,0,0,0,"{""6"": [], ""7"": [], ""11"": []}",0.0,0.0,0.0,,0.0,0.0,0.0,,0.0,0.0
sabah:2023-03-24__ahmet-turk-neden-ak-partiye-ofkeli,sabah,2023-03-24,3,25,1948,1980,Niye müdahale etmediği belliydi.,0,,0,0,,0,0,,0,6,0,0,0,0,0,0,0,0,0,"{""6"": [], ""7"": [], ""11"": []}",0.0,0.0,0.0,,0.0,0.0,0.0,,0.0,0.0
sabah:2023-03-24__ahmet-turk-neden-ak-partiye-ofkeli,sabah,2023-03-24,3,26,1981,2029,PKK'lıların teslim olması onu rahatsız ediyordu.,0,,0,0,,0,0,,0,7,0,0,0,0,0,0,0,0,0,"{""6"": [], ""7"": [], ""11"": []}",0.0,0.0,0.0,,0.0,0.0,0.0,,0.0,0.0
sabah:2023-03-24__ahmet-turk-neden-ak-partiye-ofkeli,sabah,2023-03-24,3,27,2030,2108,"O günden sonra Türk ne zaman ""barış ve demokrasiden"" söz etse şüpheyle baktım.",0,,0,0,,0,0,,0,16,0,0,0,0,0,0,0,0,0,"{""6"": [], ""7"": [], ""11"": []}",0.0,0.0,0.0,,0.0,0.0,0.0,,0.0,0.0
sabah:2023-03-24__ahmet-turk-neden-ak-partiye-ofkeli,sabah,2023-03-24,3,28,2109,2159,"Silaha, şiddete tapan birinin barışla işi olmazdı.",0,,0,0,,0,0,,0,9,0,0,0,1,0,0,0,0,0,"{""6"": [], ""7"": [""Attack on Reputation""], ""11"": []}",0.0,0.0,0.0,,1.0,1.0,1.0,,0.0,1.0
sabah:2023-03-24__ahmet-turk-neden-ak-partiye-ofkeli,sabah,2023-03-24,3,29,2160,2235,Şimdi yine barıştan söz ediyor ve AK Parti'ye oy veren Kürtlere saldırıyor:,0,,0,0,,0,0,,0,13,0,0,0,0,0,0,0,0,0,"{""6"": [], ""7"": [], ""11"": []}",0.0,0.0,0.0,,0.0,0.0,0.0,,0.0,0.0
sabah:2023-03-24__ahmet-turk-neden-ak-partiye-ofkeli,sabah,2023-03-24,3,30,2237,2268,"""Bu büyük bir ahlaksızlık olur.",0,,0,0,,0,0,,0,6,0,0,0,0,0,0,0,1,0,"{""6"": [], ""7"": [""Call""], ""11"": []}",0.0,0.0,0.0,,1.0,1.0,1.0,,0.0,1.0
sabah:2023-03-24__ahmet-turk-neden-ak-partiye-ofkeli,sabah,2023-03-24,3,31,2269,2339,"Hiçbir Kürt'ün bu iktidara oy verme, destekleme gibi bir hakkı yoktur.",0,,0,0,,0,0,,0,14,0,0,0,1,0,0,0,1,0,"{""6"": [""Attack on Reputation""], ""7"": [""Call""], ""11"": []}",0.0,0.0,0.0,,1.0,1.0,1.0,1.0,0.0,1.0
sabah:2023-03-24__ahmet-turk-neden-ak-partiye-ofkeli,sabah,2023-03-24,3,32,2339,2340,"""",0,,0,0,,0,0,,0,1,0,0,0,1,0,0,0,0,0,"{""6"": [""Attack on Reputation""], ""7"": [], ""11"": []}",0.0,0.0,0.0,,1.0,1.0,1.0,,0.0,1.0
sabah:2023-03-24__ahmet-turk-neden-ak-partiye-ofkeli,sabah,2023-03-24,3,33,2342,2435,"Arkasında kanlı ve kirli bir tarih bulunan PKK'ya tek ses etmeyen Türk, halka küfredebiliyor.",1,bulunan,1,0,,0,0,,1,16,0,0,0,1,0,0,0,0,0,"{""6"": [""Attack on Reputation""], ""7"": [], ""11"": []}",0.0,0.0,0.0,,1.0,1.0,1.0,,0.0,1.0
sabah:2023-03-24__ahmet-turk-neden-ak-partiye-ofkeli,sabah,2023-03-24,3,34,2436,2499,Alışmış tabii bölgede PKK'nın tehditleriyle herkesi susturmaya.,0,,0,1,Alışmış,1,0,,0,8,1,0,0,0,0,0,0,0,0,"{""6"": [], ""7"": [], ""11"": []}",1.0,1.0,1.0,,0.0,0.0,0.0,,1.0,0.0
sabah:2023-03-24__ahmet-turk-neden-ak-partiye-ofkeli,sabah,2023-03-24,3,35,2500,2532,Ama artık o günler geride kaldı.,0,,0,0,,0,0,,0,7,0,0,0,0,0,0,0,0,0,"{""6"": [], ""7"": [], ""11"": []}",0.0,0.0,0.0,,0.0,0.0,0.0,,0.0,0.0
sabah:2023-03-24__ahmet-turk-neden-ak-partiye-ofkeli,sabah,2023-03-24,3,36,2533,2603,AK Parti buna izin vermediği ve bölgeyi değiştirdiği için öfkeleniyor.,1,öfkeleniyor,1,0,,0,0,,1,11,0,0,0,0,0,0,0,0,0,"{""6"": [], ""7"": [], ""11"": []}",0.0,0.0,0.0,,0.0,0.0,0.0,,0.0,0.0
sabah:2023-03-24__ahmet-turk-neden-ak-partiye-ofkeli,sabah,2023-03-24,3,37,2604,2687,"Belki de asıl öfkelendiği şey, AK Parti'nin Kürtlere yönelik attığı tarihi adımlar.",0,,0,0,,0,0,,0,14,0,0,0,0,0,0,0,0,0,"{""6"": [], ""7"": [], ""11"": []}",0.0,0.0,0.0,,0.0,0.0,0.0,,0.0,0.0
sabah:2023-03-24__ahmet-turk-neden-ak-partiye-ofkeli,sabah,2023-03-24,3,38,2688,2757,Buna çok kızdığı için PKK baronları gibi Ahmet Türk de meczuplaşıyor.,0,,0,0,,0,0,,0,12,1,0,0,0,0,0,0,0,0,"{""6"": [], ""7"": [], ""11"": []}",1.0,1.0,1.0,,0.0,0.0,0.0,,1.0,0.0
sabah:2023-03-24__ahmet-turk-neden-ak-partiye-ofkeli,sabah,2023-03-24,3,39,2758,2884,"Gazeteci Mehmet Çek, birkaç kez Başkan Erdoğan döneminde Kürtlere yönelik atılan adımları sıralamaya kalktı, sayfalar yetmedi.",1,atılan,1,0,,0,0,,1,19,0,1,0,0,0,0,0,0,0,"{""6"": [], ""7"": [], ""11"": []}",1.0,1.0,1.0,,0.0,0.0,0.0,,1.0,0.0
sabah:2023-03-24__ahmet-turk-neden-ak-partiye-ofkeli,sabah,2023-03-24,3,40,2885,2934,O kadar çok ki birkaçını hatırlatmakla yetinelim:,0,,0,0,,0,0,,0,8,0,0,0,0,0,0,0,0,0,"{""6"": [], ""7"": [], ""11"": []}",0.0,0.0,0.0,,0.0,0.0,0.0,,0.0,0.0
sabah:2023-03-24__ahmet-turk-neden-ak-partiye-ofkeli,sabah,2023-03-24,3,41,2936,3059,"Çek, ""O Kürtlerden biri olarak soruyorum Ahmet Bey, Kürtlerin niçin AK Parti'ye oy verme hakkı yok?"" diyor ve devam ediyor:",0,,0,0,,0,0,,0,26,0,0,0,0,0,0,0,0,0,"{""6"": [], ""7"": [], ""11"": []}",0.0,0.0,0.0,,0.0,0.0,0.0,,0.0,0.0
sabah:2023-03-24__ahmet-turk-neden-ak-partiye-ofkeli,sabah,2023-03-24,3,42,3061,3139,"""Yüzyıl sonra bu ülkede inkâr ve asimilasyon politikalarını sonladığı için mi?",0,,0,0,,0,0,,0,13,0,0,0,0,0,0,0,0,0,"{""6"": [], ""7"": [], ""11"": []}",0.0,0.0,0.0,,0.0,0.0,0.0,,0.0,0.0
sabah:2023-03-24__ahmet-turk-neden-ak-partiye-ofkeli,sabah,2023-03-24,3,43,3141,3193,Anadillerinin önündeki engelleri kaldırdığı için mi?,0,,0,0,,0,0,,0,8,0,0,0,0,0,0,0,0,0,"{""6"": [], ""7"": [], ""11"": []}",0.0,0.0,0.0,,0.0,0.0,0.0,,0.0,0.0
sabah:2023-03-24__ahmet-turk-neden-ak-partiye-ofkeli,sabah,2023-03-24,3,44,3195,3241,Anadilde propaganda hakkını getirdiği için mi?,0,,0,0,,0,0,,0,7,0,0,0,0,0,0,0,0,0,"{""6"": [], ""7"": [], ""11"": []}",0.0,0.0,0.0,,0.0,0.0,0.0,,0.0,0.0
sabah:2023-03-24__ahmet-turk-neden-ak-partiye-ofkeli,sabah,2023-03-24,3,45,3243,3330,İlk defa Milli Eğitim müfredatında Kürtçe seçmeli ders uygulamasını başlattığı için mi?,0,,0,0,,0,0,,0,13,0,0,0,0,0,0,0,0,0,"{""6"": [], ""7"": [], ""11"": []}",0.0,0.0,0.0,,0.0,0.0,0.0,,0.0,0.0
sabah:2023-03-24__ahmet-turk-neden-ak-partiye-ofkeli,sabah,2023-03-24,3,46,3332,3384,Devlet televizyonundan 24 saat Kürtçe yayın için mi?,0,,0,0,,0,0,,0,9,0,0,0,0,0,0,0,0,0,"{""6"": [], ""7"": [], ""11"": []}",0.0,0.0,0.0,,0.0,0.0,0.0,,0.0,0.0
sabah:2023-03-24__ahmet-turk-neden-ak-partiye-ofkeli,sabah,2023-03-24,3,47,3386,3490,Kürtçe edebiyatın önde gelen eserlerinin Kültür ve Turizm Bakanlığı'nca yayınlanmaya başlanması için mi?,1,yayınlanmaya | başlanması,2,0,,0,0,,1,14,0,0,0,0,0,0,0,0,0,"{""6"": [], ""7"": [], ""11"": []}",0.0,0.0,0.0,,0.0,0.0,0.0,,0.0,0.0
sabah:2023-03-24__ahmet-turk-neden-ak-partiye-ofkeli,sabah,2023-03-24,3,48,3492,3595,"Devlet Tiyatroları Genel Müdürlüğü tarafından Kürtçe tiyatro oyunları sahnelenmeye başlandığı için mi?""",1,sahnelenmeye | başlandığı,2,0,,0,1,,0,14,0,0,0,0,0,0,0,0,0,"{""6"": [], ""7"": [], ""11"": []}",0.0,0.0,0.0,,0.0,0.0,0.0,,0.0,0.0
sabah:2023-03-24__ahmet-turk-neden-ak-partiye-ofkeli,sabah,2023-03-24,3,49,3597,3679,"Bunlara benzer onlarca demokratik adım, müthiş bir altyapı ve sanayi yatırımı var.",0,,0,0,,0,0,,0,14,0,0,0,0,0,1,0,0,0,"{""6"": [], ""7"": [""Manipulative Wording""], ""11"": []}",0.0,0.0,0.0,,1.0,1.0,1.0,,0.0,1.0
sabah:2023-03-31__petrol-sirketleri-de-kurtler-de-zorda,sabah,2023-03-31,3,0,0,53,DİLEK GÜNGÖR - Petrol şirketleri de Kürtler de zorda!,0,,0,0,,0,0,,0,10,0,0,0,0,0,0,0,0,0,"{""6"": [], ""7"": [], ""11"": []}",0.0,0.0,0.0,,0.0,0.0,0.0,,0.0,0.0
sabah:2023-03-31__petrol-sirketleri-de-kurtler-de-zorda,sabah,2023-03-31,3,1,55,183,Irak ile Türkiye'nin Kürt Bölgesel Yönetimi petrolünün taşınmasıyla ilgili karşılıklı tahkim davalarından geçen gün sonuç çıktı.,1,taşınmasıyla,1,0,,0,0,,1,17,0,1,1,0,0,0,0,0,0,"{""6"": [], ""7"": [], ""11"": []}",1.0,1.0,1.0,,0.0,0.0,0.0,,1.0,0.0
sabah:2023-03-31__petrol-sirketleri-de-kurtler-de-zorda,sabah,2023-03-31,3,2,184,308,Paris merkezli Uluslararası Ticaret Odası (ICC) bünyesindeki tahkim mahkemesinin kararlarını çarşamba günü uzun uzun yazdım.,0,,0,0,,0,0,,0,19,0,0,0,0,0,0,0,0,0,"{""6"": [], ""7"": [], ""11"": []}",0.0,0.0,0.0,,0.0,0.0,0.0,,0.0,0.0
sabah:2023-03-31__petrol-sirketleri-de-kurtler-de-zorda,sabah,2023-03-31,3,3,309,367,"Kim ne istedi, ne aldı, sonuç kimin lehine kimin aleyhine…",0,,0,0,,0,0,,0,13,0,0,0,0,0,0,0,0,0,"{""6"": [], ""7"": [], ""11"": []}",0.0,0.0,0.0,,0.0,0.0,0.0,,0.0,0.0
sabah:2023-03-31__petrol-sirketleri-de-kurtler-de-zorda,sabah,2023-03-31,3,4,368,389,Merak eden bakabilir…,0,,0,0,,0,0,,0,4,0,0,0,0,0,0,0,0,0,"{""6"": [], ""7"": [], ""11"": []}",0.0,0.0,0.0,,0.0,0.0,0.0,,0.0,0.0
sabah:2023-03-31__petrol-sirketleri-de-kurtler-de-zorda,sabah,2023-03-31,3,5,391,590,Birileri bu meselede Berat Albayrak'ın adını kullanıp geçmişte FETÖ'nün organize ettiği yalan ve iftira odaklı haberlerle algı operasyonu yürütmeye çalışsa da gerçeğin ne olduğunu anlatmaya çalıştım.,0,,0,0,,0,0,,0,28,1,1,0,1,0,0,0,0,0,"{""6"": [""Attack on Reputation""], ""7"": [], ""11"": []}",1.0,1.0,1.0,1.0,1.0,1.0,1.0,,1.0,1.0
sabah:2023-03-31__petrol-sirketleri-de-kurtler-de-zorda,sabah,2023-03-31,3,6,592,630,Şimdi gelelim madalyonun diğer yüzüne…,0,,0,0,,0,0,,0,6,0,0,0,0,0,0,0,0,0,"{""6"": [], ""7"": [], ""11"": []}",0.0,0.0,0.0,,0.0,0.0,0.0,,0.0,0.0
sabah:2023-03-31__petrol-sirketleri-de-kurtler-de-zorda,sabah,2023-03-31,3,7,632,638,"Malum,",0,,0,0,,0,0,,0,2,0,0,0,0,0,0,0,0,0,"{""6"": [], ""7"": [], ""11"": []}",0.0,0.0,0.0,,0.0,0.0,0.0,,0.0,0.0
sabah:2023-03-31__petrol-sirketleri-de-kurtler-de-zorda,sabah,2023-03-31,3,8,640,778,Kuzey Irak'ta petrolü çıkaran da ihraç eden de Batılı şirketler … Depo yetersizliğinden birer birer operasyonlarını durdurmaya başladılar.,0,,0,0,,0,0,,0,19,0,0,0,0,0,0,0,0,0,"{""6"": [], ""7"": [], ""11"": []}",0.0,0.0,0.0,,0.0,0.0,0.0,,0.0,0.0
sabah:2023-03-31__petrol-sirketleri-de-kurtler-de-zorda,sabah,2023-03-31,3,9,779,810,Norveçli petrol ve gaz operatör,0,,0,0,,0,0,,0,5,0,0,1,0,0,0,0,0,0,"{""6"": [], ""7"": [], ""11"": []}",1.0,1.0,1.0,,0.0,0.0,0.0,,1.0,0.0
sabah:2023-03-31__petrol-sirketleri-de-kurtler-de-zorda,sabah,2023-03-31,3,10,810,811,ü,0,,0,0,,0,0,,0,1,0,0,1,0,0,0,0,0,0,"{""6"": [], ""7"": [], ""11"": []}",1.0,1.0,1.0,,0.0,0.0,0.0,,1.0,0.0
sabah:2023-03-31__petrol-sirketleri-de-kurtler-de-zorda,sabah,2023-03-31,3,11,813,933,DNO'nun Tawke ve Peshkabir'deki petrol sahalarını kapatmasının ardından Kanadalı Forza Petroleum da üretimi askıya aldı.,0,,0,0,,0,0,,0,18,0,0,1,0,0,0,0,0,0,"{""6"": [], ""7"": [], ""11"": []}",1.0,1.0,1.0,,0.0,0.0,0.0,,1.0,0.0
sabah:2023-03-31__petrol-sirketleri-de-kurtler-de-zorda,sabah,2023-03-31,3,12,934,1057,ABD'li HKN Energy de İngiltere merkezli Genel Energy de … Küresel üretimin yaklaşık yüzde 0.5'inin durdurulduğu söyleniyor.,1,durdurulduğu | söyleniyor,2,0,,0,0,,1,19,0,0,1,0,0,0,0,0,0,"{""6"": [], ""7"": [], ""11"": []}",1.0,1.0,1.0,,0.0,0.0,0.0,,1.0,0.0
sabah:2023-03-31__petrol-sirketleri-de-kurtler-de-zorda,sabah,2023-03-31,3,13,1058,1098,Bu elbette fiyatları etkilemeye başladı.,0,,0,0,,0,0,,0,6,0,0,0,0,0,0,0,0,0,"{""6"": [], ""7"": [], ""11"": []}",0.0,0.0,0.0,,0.0,0.0,0.0,,0.0,0.0
sabah:2023-03-31__petrol-sirketleri-de-kurtler-de-zorda,sabah,2023-03-31,3,14,1100,1134,Şu anda büyük bir belirsizlik var.,0,,0,0,,0,0,,0,7,0,0,0,0,0,0,0,0,0,"{""6"": [], ""7"": [], ""11"": []}",0.0,0.0,0.0,,0.0,0.0,0.0,,0.0,0.0
sabah:2023-03-31__petrol-sirketleri-de-kurtler-de-zorda,sabah,2023-03-31,3,15,1135,1227,Hatta dev şirketlerin çıkardıkları petrolü tankerle taşıma yolunu aradıklarını da duyuyorum.,0,,0,0,,0,0,,0,12,0,0,0,0,0,0,0,0,0,"{""6"": [], ""7"": [], ""11"": []}",0.0,0.0,0.0,,0.0,0.0,0.0,,0.0,0.0
sabah:2023-03-31__petrol-sirketleri-de-kurtler-de-zorda,sabah,2023-03-31,3,16,1228,1247,Fakat günde 400 bin,0,,0,0,,0,0,,0,4,0,0,0,0,0,0,0,0,0,"{""6"": [], ""7"": [], ""11"": []}",0.0,0.0,0.0,,0.0,0.0,0.0,,0.0,0.0
sabah:2023-03-31__petrol-sirketleri-de-kurtler-de-zorda,sabah,2023-03-31,3,17,1249,1288,varillik üretimin böyle bir operasyonla,0,,0,0,,0,0,,0,5,0,0,0,0,0,0,0,0,0,"{""6"": [], ""7"": [], ""11"": []}",0.0,0.0,0.0,,0.0,0.0,0.0,,0.0,0.0
sabah:2023-03-31__petrol-sirketleri-de-kurtler-de-zorda,sabah,2023-03-31,3,18,1290,1304,taşınması zor…,1,taşınması,1,0,,0,0,,1,3,0,0,0,0,0,0,0,0,0,"{""6"": [], ""7"": [], ""11"": []}",0.0,0.0,0.0,,0.0,0.0,0.0,,0.0,0.0
sabah:2023-03-31__petrol-sirketleri-de-kurtler-de-zorda,sabah,2023-03-31,3,19,1306,1324,"Dedim ya, o yüzden",0,,0,0,,0,0,,0,5,0,0,0,0,0,0,0,0,0,"{""6"": [], ""7"": [], ""11"": []}",0.0,0.0,0.0,,0.0,0.0,0.0,,0.0,0.0
sabah:2023-03-31__petrol-sirketleri-de-kurtler-de-zorda,sabah,2023-03-31,3,20,1326,1337,ABD 'nin de,0,,0,0,,0,0,,0,3,0,0,0,0,0,0,0,0,0,"{""6"": [], ""7"": [], ""11"": []}",0.0,0.0,0.0,,0.0,0.0,0.0,,0.0,0.0
sabah:2023-03-31__petrol-sirketleri-de-kurtler-de-zorda,sabah,2023-03-31,3,21,1339,1371,Batı ülkelerinin de gözü burada…,0,,0,0,,0,0,,0,6,0,0,0,0,0,0,0,0,0,"{""6"": [], ""7"": [], ""11"": []}",0.0,0.0,0.0,,0.0,0.0,0.0,,0.0,0.0
sabah:2023-03-31__petrol-sirketleri-de-kurtler-de-zorda,sabah,2023-03-31,3,22,1373,1404,Irak ile Kürt Bölgesel Yönetimi,0,,0,0,,0,0,,0,5,0,0,0,0,0,0,0,0,0,"{""6"": [], ""7"": [], ""11"": []}",0.0,0.0,0.0,,0.0,0.0,0.0,,0.0,0.0
sabah:2023-03-31__petrol-sirketleri-de-kurtler-de-zorda,sabah,2023-03-31,3,23,1406,1440,arasındaki görüşmelerden henüz bir,0,,0,0,,0,0,,0,5,0,0,0,0,0,0,0,0,0,"{""6"": [], ""7"": [], ""11"": []}",0.0,0.0,0.0,,0.0,0.0,0.0,,0.0,0.0
sabah:2023-03-31__petrol-sirketleri-de-kurtler-de-zorda,sabah,2023-03-31,3,24,1442,1475,şey çıkmadı ama herkes anlaşmanın,0,,0,0,,0,0,,0,5,0,0,0,0,0,0,0,0,0,"{""6"": [], ""7"": [], ""11"": []}",0.0,0.0,0.0,,0.0,0.0,0.0,,0.0,0.0
sabah:2023-03-31__petrol-sirketleri-de-kurtler-de-zorda,sabah,2023-03-31,3,25,1477,1503,yapılması için bastırıyor.,1,yapılması,1,0,,0,0,,1,4,0,0,0,0,0,0,0,0,0,"{""6"": [], ""7"": [], ""11"": []}",0.0,0.0,0.0,,0.0,0.0,0.0,,0.0,0.0
sabah:2023-03-31__petrol-sirketleri-de-kurtler-de-zorda,sabah,2023-03-31,3,26,1505,1509,Peki,0,,0,0,,0,0,,0,1,0,0,0,0,0,0,0,0,0,"{""6"": [], ""7"": [], ""11"": []}",0.0,0.0,0.0,,0.0,0.0,0.0,,0.0,0.0
sabah:2023-03-31__petrol-sirketleri-de-kurtler-de-zorda,sabah,2023-03-31,3,27,1511,1556,ihracatın durdurulması en çok kimi etkiliyor?,0,,0,0,,0,0,,0,7,0,0,0,0,0,0,0,0,0,"{""6"": [], ""7"": [], ""11"": []}",0.0,0.0,0.0,,0.0,0.0,0.0,,0.0,0.0
sabah:2023-03-31__petrol-sirketleri-de-kurtler-de-zorda,sabah,2023-03-31,3,28,1557,1591,Elbette Kürt Bölgesel Yönetimi'ni…,0,,0,0,,0,0,,0,5,0,0,0,0,0,0,0,0,0,"{""6"": [], ""7"": [], ""11"": []}",0.0,0.0,0.0,,0.0,0.0,0.0,,0.0,0.0
sabah:2023-03-31__petrol-sirketleri-de-kurtler-de-zorda,sabah,2023-03-31,3,29,1592,1602,"Birincisi,",0,,0,0,,0,0,,0,2,0,0,0,0,0,0,1,0,0,"{""6"": [], ""7"": [""Simplification""], ""11"": []}",0.0,0.0,0.0,,1.0,1.0,1.0,,0.0,1.0
sabah:2023-03-31__petrol-sirketleri-de-kurtler-de-zorda,sabah,2023-03-31,3,30,1604,1660,bu durum bölgenin ekonomisinin çöküşünü tetikleyebilir .,0,,0,0,,0,0,,0,7,0,0,0,0,0,0,1,0,0,"{""6"": [], ""7"": [""Simplification""], ""11"": []}",0.0,0.0,0.0,,1.0,1.0,1.0,,0.0,1.0
sabah:2023-03-31__petrol-sirketleri-de-kurtler-de-zorda,sabah,2023-03-31,3,31,1661,1673,"İkincisi de,",0,,0,0,,0,0,,0,3,0,0,0,0,0,0,0,0,0,"{""6"": [], ""7"": [], ""11"": []}",0.0,0.0,0.0,,0.0,0.0,0.0,,0.0,0.0
sabah:2023-03-31__petrol-sirketleri-de-kurtler-de-zorda,sabah,2023-03-31,3,32,1675,1766,Kürt Bölgesel Yönetimi'nin petrol gelirleri üzerinde Bağdat tam bir yetkiye sahip olabilir.,0,,0,0,,0,0,,0,13,0,0,0,0,0,0,0,0,0,"{""6"": [], ""7"": [], ""11"": []}",0.0,0.0,0.0,,0.0,0.0,0.0,,0.0,0.0
sabah:2023-03-31__petrol-sirketleri-de-kurtler-de-zorda,sabah,2023-03-31,3,33,1767,1789,Sadece gelir de değil…,0,,0,0,,0,0,,0,5,0,0,0,0,0,0,0,0,0,"{""6"": [], ""7"": [], ""11"": []}",0.0,0.0,0.0,,0.0,0.0,0.0,,0.0,0.0
sabah:2023-03-31__petrol-sirketleri-de-kurtler-de-zorda,sabah,2023-03-31,3,34,1790,1882,"İhracatı kimin yapacağını dahi belirleyip, Kürt Bölgesel Yönetimi'ni devre dışı bırakabilir.",0,,0,0,,0,0,,0,13,0,0,0,0,0,0,0,0,0,"{""6"": [], ""7"": [], ""11"": []}",0.0,0.0,0.0,,0.0,0.0,0.0,,0.0,0.0
sabah:2023-03-31__petrol-sirketleri-de-kurtler-de-zorda,sabah,2023-03-31,3,35,1883,1966,Ayrıca iki tarafın 15 yıldır süren anlaşmazlığı sona erdirmesi o kadar kolay değil…,0,,0,0,,0,0,,0,16,0,0,0,0,0,0,0,0,0,"{""6"": [], ""7"": [], ""11"": []}",0.0,0.0,0.0,,0.0,0.0,0.0,,0.0,0.0
sabah:2023-03-31__petrol-sirketleri-de-kurtler-de-zorda,sabah,2023-03-31,3,36,1968,1980,Tabii bir de,0,,0,0,,0,0,,0,3,0,0,0,0,1,0,0,0,0,"{""6"": [""Justification""], ""7"": [], ""11"": []}",0.0,0.0,0.0,,1.0,1.0,1.0,,0.0,1.0
sabah:2023-03-31__petrol-sirketleri-de-kurtler-de-zorda,sabah,2023-03-31,3,37,1982,2040,"masada 'büyük abiler' (!) olunca, işler daha da karışıyor.",0,,0,0,,0,0,,0,13,0,0,0,0,1,0,0,0,0,"{""6"": [""Justification""], ""7"": [], ""11"": []}",0.0,0.0,0.0,,1.0,1.0,1.0,,0.0,1.0
sabah:2023-03-31__petrol-sirketleri-de-kurtler-de-zorda,sabah,2023-03-31,3,38,2041,2089,"Biliyorsunuz, Irak'ta 2003'teki işgalden bu yana",0,,0,0,,0,0,,0,8,0,0,0,0,1,0,0,0,0,"{""6"": [""Justification""], ""7"": [], ""11"": []}",0.0,0.0,0.0,,1.0,1.0,1.0,,0.0,1.0
sabah:2023-03-31__petrol-sirketleri-de-kurtler-de-zorda,sabah,2023-03-31,3,39,2091,2098,ABD ile,0,,0,0,,0,0,,0,2,1,0,0,0,1,0,0,0,0,"{""6"": [""Justification""], ""7"": [], ""11"": []}",1.0,1.0,1.0,,1.0,1.0,1.0,,1.0,1.0
sabah:2023-03-31__petrol-sirketleri-de-kurtler-de-zorda,sabah,2023-03-31,3,40,2100,2135,İran arasında bir bilek güreşi var.,0,,0,0,,0,0,,0,7,1,0,0,0,1,0,0,0,0,"{""6"": [""Justification""], ""7"": [], ""11"": []}",1.0,1.0,1.0,,1.0,1.0,1.0,,1.0,1.0
sabah:2023-03-31__petrol-sirketleri-de-kurtler-de-zorda,sabah,2023-03-31,3,41,2136,2172,Her süreçte bu iki devlet baş aktör…,0,,0,0,,0,0,,0,8,0,0,0,0,1,0,0,0,0,"{""6"": [""Justification""], ""7"": [], ""11"": []}",0.0,0.0,0.0,,1.0,1.0,1.0,,0.0,1.0
sabah:2023-03-31__petrol-sirketleri-de-kurtler-de-zorda,sabah,2023-03-31,3,42,2173,2219,"İran, Bağdat'ın ABD uydusu olmasını istemiyor.",0,,0,0,,0,0,,0,8,0,0,0,0,1,0,0,0,0,"{""6"": [""Justification""], ""7"": [], ""11"": []}",0.0,0.0,0.0,,1.0,1.0,1.0,,0.0,1.0
sabah:2023-03-31__petrol-sirketleri-de-kurtler-de-zorda,sabah,2023-03-31,3,43,2220,2308,ABD ise Irak'ın İsrail'in güvenliğini tehlikeye atacak 'Şii Hilali'nin parçası olmasını…,0,,0,0,,0,0,,0,12,0,0,0,0,1,0,0,0,0,"{""6"": [""Justification""], ""7"": [], ""11"": []}",0.0,0.0,0.0,,1.0,1.0,1.0,,0.0,1.0
sabah:2023-03-31__petrol-sirketleri-de-kurtler-de-zorda,sabah,2023-03-31,3,44,2310,2405,Petrol gelirleri anlaşmazlığı Irak'ın bütününü kapsayan ekonomik krizi doğrudan ilgilendiriyor.,0,,0,0,,0,0,,0,11,0,0,0,0,0,0,0,0,0,"{""6"": [], ""7"": [], ""11"": []}",0.0,0.0,0.0,,0.0,0.0,0.0,,0.0,0.0
sabah:2023-03-31__petrol-sirketleri-de-kurtler-de-zorda,sabah,2023-03-31,3,45,2407,2414,Irak'ta,0,,0,0,,0,0,,0,1,0,0,0,0,0,0,0,0,0,"{""6"": [], ""7"": [], ""11"": []}",0.0,0.0,0.0,,0.0,0.0,0.0,,0.0,0.0
sabah:2023-03-31__petrol-sirketleri-de-kurtler-de-zorda,sabah,2023-03-31,3,46,2416,2477,su kıtlığı had safhada … 7 milyon kişi temiz suya ulaşamıyor.,0,,0,0,,0,0,,0,12,0,0,0,0,0,0,0,0,0,"{""6"": [], ""7"": [], ""11"": []}",0.0,0.0,0.0,,0.0,0.0,0.0,,0.0,0.0
sabah:2023-03-31__petrol-sirketleri-de-kurtler-de-zorda,sabah,2023-03-31,3,47,2479,2534,Elektrik çoğu vilayette en fazla 20 saat verilebiliyor.,1,verilebiliyor,1,0,,0,0,,1,9,0,0,0,0,0,0,0,0,0,"{""6"": [], ""7"": [], ""11"": []}",0.0,0.0,0.0,,0.0,0.0,0.0,,0.0,0.0
sabah:2023-03-31__petrol-sirketleri-de-kurtler-de-zorda,sabah,2023-03-31,3,48,2535,2594,Hatta 10 saatin altında günde elektrik alamayan yerler var.,0,,0,0,,0,0,,0,10,0,0,0,0,0,0,0,0,0,"{""6"": [], ""7"": [], ""11"": []}",0.0,0.0,0.0,,0.0,0.0,0.0,,0.0,0.0
sabah:2023-03-31__petrol-sirketleri-de-kurtler-de-zorda,sabah,2023-03-31,3,49,2596,2676,Sabit kura rağmen ABD'nin kısıtlamaları nedeniyle dinar dolar karşısında eriyor.,0,,0,0,,0,0,,0,11,0,0,0,0,0,0,0,0,0,"{""6"": [], ""7"": [], ""11"": []}",0.0,0.0,0.0,,0.0,0.0,0.0,,0.0,0.0
sabah:2023-03-31__petrol-sirketleri-de-kurtler-de-zorda,sabah,2023-03-31,3,50,2677,2707,Genç nüfusun yüzde 40'ı işsiz…,0,,0,0,,0,0,,0,6,0,0,0,0,0,0,0,0,0,"{""6"": [], ""7"": [], ""11"": []}",0.0,0.0,0.0,,0.0,0.0,0.0,,0.0,0.0
sabah:2023-03-31__petrol-sirketleri-de-kurtler-de-zorda,sabah,2023-03-31,3,51,2708,2762,Kürt Bölgesel Yönetimi'nin durumu da pek farklı değil…,0,,0,0,,0,0,,0,9,0,0,0,0,0,0,0,0,0,"{""6"": [], ""7"": [], ""11"": []}",0.0,0.0,0.0,,0.0,0.0,0.0,,0.0,0.0
sabah:2023-03-31__petrol-sirketleri-de-kurtler-de-zorda,sabah,2023-03-31,3,52,2764,2799,"Enflasyon, su, elektrik, işsizlik …",0,,0,0,,0,0,,0,8,0,0,0,0,0,0,0,0,0,"{""6"": [], ""7"": [], ""11"": []}",0.0,0.0,0.0,,0.0,0.0,0.0,,0.0,0.0
sabah:2023-03-31__petrol-sirketleri-de-kurtler-de-zorda,sabah,2023-03-31,3,53,2800,2830,Aynı sorunlar orada da mevcut…,0,,0,0,,0,0,,0,6,0,0,0,0,0,0,0,0,0,"{""6"": [], ""7"": [], ""11"": []}",0.0,0.0,0.0,,0.0,0.0,0.0,,0.0,0.0
sabah:2023-03-31__petrol-sirketleri-de-kurtler-de-zorda,sabah,2023-03-31,3,54,2832,2844,Tablo böyle…,0,,0,0,,0,0,,0,3,0,0,0,0,0,0,0,0,0,"{""6"": [], ""7"": [], ""11"": []}",0.0,0.0,0.0,,0.0,0.0,0.0,,0.0,0.0
sabah:2023-03-31__petrol-sirketleri-de-kurtler-de-zorda,sabah,2023-03-31,3,55,2846,2875,Bakalım yolu nasıl açacaklar?,0,,0,0,,0,0,,0,5,0,0,0,0,0,0,0,0,0,"{""6"": [], ""7"": [], ""11"": []}",0.0,0.0,0.0,,0.0,0.0,0.0,,0.0,0.0
sabah:2023-08-04__muhalefetteki-kanamayi-durdurmak-mumkun-mu,sabah,2023-08-04,3,0,0,63,BURHANETTİN DURAN - Muhalefetteki kanamayı durdurmak mümkün mü?,0,,0,0,,0,0,,0,10,0,0,0,0,0,1,0,0,0,"{""6"": [""Manipulative Wording""], ""7"": [], ""11"": []}",0.0,0.0,0.0,,1.0,1.0,1.0,,0.0,1.0
sabah:2023-08-04__muhalefetteki-kanamayi-durdurmak-mumkun-mu,sabah,2023-08-04,3,1,65,140,"İktidar muhalefetle ilgilenmiyor, yerel seçim hazırlıklarını hızlandırıyor.",0,,0,0,,0,0,,0,9,1,0,0,0,0,0,0,0,0,"{""6"": [], ""7"": [], ""11"": []}",1.0,1.0,1.0,,0.0,0.0,0.0,,1.0,0.0
sabah:2023-08-04__muhalefetteki-kanamayi-durdurmak-mumkun-mu,sabah,2023-08-04,3,2,141,234,Bunun oluşturduğu siyasi boşluğu muhalefetin ittifak ve partiler içi hesaplaşması dolduruyor.,0,,0,0,,0,0,,0,12,0,0,0,0,0,0,0,0,0,"{""6"": [], ""7"": [], ""11"": []}",0.0,0.0,0.0,,0.0,0.0,0.0,,0.0,0.0
sabah:2023-08-04__muhalefetteki-kanamayi-durdurmak-mumkun-mu,sabah,2023-08-04,3,3,235,319,Yeni pazarlık ve hayal kırıklığı açıklamaları ile muhalefet içi kanama devam ediyor.,0,,0,0,,0,0,,0,13,0,0,0,0,0,0,0,0,0,"{""6"": [], ""7"": [], ""11"": []}",0.0,0.0,0.0,,0.0,0.0,0.0,,0.0,0.0
sabah:2023-08-04__muhalefetteki-kanamayi-durdurmak-mumkun-mu,sabah,2023-08-04,3,4,320,415,Muhalefetteki hiçbir parti seçim yenilgisi ile ilgili sahici bir özeleştiri yapmaya yanaşmıyor.,0,,0,0,,0,0,,0,14,1,0,0,0,0,0,0,0,0,"{""6"": [], ""7"": [], ""11"": []}",1.0,1.0,1.0,,0.0,0.0,0.0,,1.0,0.0
sabah:2023-08-04__muhalefetteki-kanamayi-durdurmak-mumkun-mu,sabah,2023-08-04,3,5,416,534,Zira bu hem partideki rakiplere hem de diğer ortakların medyasına yenilginin suçlusu olarak etiketlenme fırsatı verir.,0,,0,0,,0,0,,0,18,0,0,0,0,0,0,0,0,0,"{""6"": [], ""7"": [], ""11"": []}",0.0,0.0,0.0,,0.0,0.0,0.0,,0.0,0.0
sabah:2023-08-04__muhalefetteki-kanamayi-durdurmak-mumkun-mu,sabah,2023-08-04,3,6,535,646,Mart 2024 yerel seçimlerinin çok yakın olması ve olası işbirliği ihtiyacı da kapsamlı analizin önünü kapatıyor.,0,,0,0,,0,0,,0,18,0,0,0,0,0,0,0,0,0,"{""6"": [], ""7"": [], ""11"": []}",0.0,0.0,0.0,,0.0,0.0,0.0,,0.0,0.0
sabah:2023-08-04__muhalefetteki-kanamayi-durdurmak-mumkun-mu,sabah,2023-08-04,3,7,647,753,"Nitekim CHP Genel Başkanı Kılıçdaroğlu, masa ve sofra ortaklarını hiçbir şekilde eleştiri konusu yapmıyor.",0,,0,0,,0,0,,0,16,1,0,0,0,0,0,0,0,0,"{""6"": [], ""7"": [], ""11"": []}",0.0,1.0,0.0,0.0,0.0,0.0,0.0,,1.0,0.0
sabah:2023-08-04__muhalefetteki-kanamayi-durdurmak-mumkun-mu,sabah,2023-08-04,3,8,754,1018,"Sebebi 6'lı masaya kendisini ortak cumhurbaşkanı adayı olarak dayatması, diğer genel başkanlardan habersiz yaptığı gizli protokolün deşifre olması, parti içi genel başkanlık krizi ile uğraşması ve yerel seçimlerde yeniden gerekirse ""16'lı masa"" oluşturma istemesi.",0,,0,0,,0,0,,0,39,0,1,0,1,0,0,0,0,0,"{""6"": [""Attack on Reputation""], ""7"": [], ""11"": []}",1.0,1.0,1.0,,1.0,1.0,1.0,,1.0,1.0
sabah:2023-08-04__muhalefetteki-kanamayi-durdurmak-mumkun-mu,sabah,2023-08-04,3,9,1019,1182,"Ancak CHP medyası bir yandan siyasi klik çekişmeleriyle sarsılıyor, diğer yandan ittifak yapılan sağ partilerin genel başkanlarını eleştiren yorumlara yer veriyor.",1,yapılan,1,0,,0,0,,1,23,0,0,0,0,0,0,0,0,0,"{""6"": [], ""7"": [], ""11"": []}",0.0,0.0,0.0,,0.0,0.0,0.0,,0.0,0.0
sabah:2023-08-04__muhalefetteki-kanamayi-durdurmak-mumkun-mu,sabah,2023-08-04,3,10,1183,1299,Bu da bir şekilde söz konusu partileri seçim öncesi pazarlıklar ve yenilginin sorumluluğu hakkında konuşmaya itiyor.,0,,0,0,,0,0,,0,17,0,0,0,0,0,0,0,0,0,"{""6"": [], ""7"": [], ""11"": []}",0.0,0.0,0.0,,0.0,0.0,0.0,,0.0,0.0
sabah:2023-08-04__muhalefetteki-kanamayi-durdurmak-mumkun-mu,sabah,2023-08-04,3,11,1301,1399,Özdağ'ın Kılıçdaroğlu ile yaptığı gizli üç bakanlık ve MİT pazarlığını açıklaması ile Davutoğlu'nu,0,,0,0,,0,0,,0,13,1,0,0,0,1,0,0,0,0,"{""6"": [""Justification""], ""7"": [], ""11"": []}",1.0,1.0,1.0,0.0,1.0,1.0,1.0,,1.0,1.0
sabah:2023-08-04__muhalefetteki-kanamayi-durdurmak-mumkun-mu,sabah,2023-08-04,3,12,1399,1400,n,0,,0,0,,0,0,,0,1,0,0,0,0,1,0,0,0,0,"{""6"": [""Justification""], ""7"": [], ""11"": []}",0.0,0.0,0.0,,1.0,1.0,1.0,,0.0,1.0
sabah:2023-08-04__muhalefetteki-kanamayi-durdurmak-mumkun-mu,sabah,2023-08-04,3,13,1402,1453,"""En son tercihim seçime CHP listelerinden girmekti.",0,,0,0,,0,0,,0,8,0,0,0,0,1,0,0,0,0,"{""6"": [""Justification""], ""7"": [], ""11"": []}",0.0,0.0,0.0,,1.0,1.0,1.0,,0.0,1.0
sabah:2023-08-04__muhalefetteki-kanamayi-durdurmak-mumkun-mu,sabah,2023-08-04,3,14,1454,1530,"Ondan önce her şeyi denedim"" beyanı muhalefetin psikolojisini iyice dağıttı.",0,,0,0,,0,0,,0,12,0,0,0,0,1,0,0,0,0,"{""6"": [""Justification""], ""7"": [], ""11"": []}",0.0,0.0,0.0,,1.0,1.0,1.0,,0.0,1.0
sabah:2023-08-04__muhalefetteki-kanamayi-durdurmak-mumkun-mu,sabah,2023-08-04,3,15,1531,1652,Küçük sağ partilerin CHP listesinden 38 milletvekili almasını çok gören CHP çevreleri yeni bir eleştiri yağmuru başlattı.,0,,0,0,,0,0,,0,18,0,0,0,0,0,0,0,0,0,"{""6"": [], ""7"": [], ""11"": []}",0.0,0.0,0.0,,0.0,0.0,0.0,,0.0,0.0
sabah:2023-08-04__muhalefetteki-kanamayi-durdurmak-mumkun-mu,sabah,2023-08-04,3,16,1653,1828,Babacan ve Karamollaoğlu'nun önceki beyanları da CHP listesinden giren sağ partilerin de aslında memnun olmadıkları ve tabanlarına izahat yapmakta zorlandıklarını göstermişti.,0,,0,0,,0,0,,0,23,0,0,0,0,0,0,0,0,0,"{""6"": [], ""7"": [], ""11"": []}",0.0,0.0,0.0,,0.0,0.0,0.0,,0.0,0.0
sabah:2023-08-04__muhalefetteki-kanamayi-durdurmak-mumkun-mu,sabah,2023-08-04,3,17,1829,1950,"Üçüncü yol olmayı başaramayan bu sağ partilerin CHP listesinden 10 veya 15 milletvekili alması, iddialarını terk etmekti.",0,,0,0,,0,0,,0,19,0,0,0,0,0,0,0,0,0,"{""6"": [], ""7"": [], ""11"": []}",0.0,0.0,0.0,,0.0,0.0,0.0,,0.0,0.0
sabah:2023-08-04__muhalefetteki-kanamayi-durdurmak-mumkun-mu,sabah,2023-08-04,3,18,1951,1993,"Bu açıdan CHP medyasının SP, DEVA ve GP'ye",0,,0,0,,0,0,,0,9,1,0,1,1,0,0,0,0,0,"{""6"": [""Attack on Reputation""], ""7"": [], ""11"": [""Attack on Reputation""]}",1.0,1.0,1.0,,1.0,1.0,1.0,0.0,1.0,1.0
sabah:2023-08-04__muhalefetteki-kanamayi-durdurmak-mumkun-mu,sabah,2023-08-04,3,19,1995,2114,"""tabela partisi"" nitelemesi yapması, eski Millet İttifakı partilerinin seçmenlerini birbirinden daha da uzaklaştırıyor.",0,,0,0,,0,0,,0,16,0,0,1,1,0,0,0,0,0,"{""6"": [""Attack on Reputation""], ""7"": [], ""11"": [""Attack on Reputation""]}",1.0,1.0,1.0,,1.0,1.0,1.0,0.0,1.0,1.0
sabah:2023-08-04__muhalefetteki-kanamayi-durdurmak-mumkun-mu,sabah,2023-08-04,3,20,2116,2186,Muhalefetin özeleştiri ve karşılıklı eleştiriden kaçması mümkün değil.,0,,0,0,,0,0,,0,9,0,0,0,0,0,0,0,0,0,"{""6"": [], ""7"": [], ""11"": []}",0.0,0.0,0.0,,0.0,0.0,0.0,,0.0,0.0
sabah:2023-08-04__muhalefetteki-kanamayi-durdurmak-mumkun-mu,sabah,2023-08-04,3,21,2187,2307,Zira seçim yenilgisine tepki duyan tabanlarına sorumluluğun diğer muhalefet partilerinde olduğunu anlatmak durumundalar.,0,,0,0,,0,0,,0,15,0,0,0,0,0,0,0,0,0,"{""6"": [], ""7"": [], ""11"": []}",0.0,0.0,0.0,,0.0,0.0,0.0,,0.0,0.0
sabah:2023-08-04__muhalefetteki-kanamayi-durdurmak-mumkun-mu,sabah,2023-08-04,3,22,2309,2500,"Seçim öncesi pazarlıkların bugünlerde kamuoyuna açıklanması bir yandan ilgili parti genel başkanının haklılık iddiasına güç veriyor, diğer yandan ittifak yapılan partilerde tepki oluşturuyor.",1,açıklanması | yapılan,2,0,,0,0,,1,25,0,0,0,0,0,0,0,0,0,"{""6"": [], ""7"": [], ""11"": []}",0.0,0.0,0.0,,0.0,0.0,0.0,,0.0,0.0
sabah:2023-08-04__muhalefetteki-kanamayi-durdurmak-mumkun-mu,sabah,2023-08-04,3,23,2501,2657,Muhalefetin karşılıklı eleştiriyi yavaşlatılmış ve nispeten dikkatli bir tonda yapmaları tabanları ve seçmen nezdinde kan kaybetmedikleri anlamına gelmiyor.,1,yavaşlatılmış,1,1,yavaşlatılmış,1,0,,1,19,0,0,0,0,0,0,0,0,0,"{""6"": [], ""7"": [], ""11"": []}",0.0,0.0,0.0,,0.0,0.0,0.0,,0.0,0.0
sabah:2023-08-04__muhalefetteki-kanamayi-durdurmak-mumkun-mu,sabah,2023-08-04,3,24,2658,2732,Hatta bu hesaplaşma sürecini uzatmaları yaraları kangren haline getiriyor.,0,,0,0,,0,0,,0,10,0,0,0,0,0,0,0,0,0,"{""6"": [], ""7"": [], ""11"": []}",0.0,0.0,0.0,,0.0,0.0,0.0,,0.0,0.0
sabah:2023-08-04__muhalefetteki-kanamayi-durdurmak-mumkun-mu,sabah,2023-08-04,3,25,2733,2840,"CHP'deki kurultay ve genel başkanlık krizi, muhalefetin işbirliği müzakerelerini de kasım ayına sarkıtıyor.",0,,0,0,,0,0,,0,16,0,0,0,0,0,0,0,0,0,"{""6"": [], ""7"": [], ""11"": []}",0.0,0.0,0.0,,0.0,0.0,0.0,,0.0,0.0
sabah:2023-08-04__muhalefetteki-kanamayi-durdurmak-mumkun-mu,sabah,2023-08-04,3,26,2841,2914,Bu da partilerin karşılıklı eleştirilerini artıran bir zemin oluşturuyor.,0,,0,0,,0,0,,0,10,0,0,0,0,0,0,0,0,0,"{""6"": [], ""7"": [], ""11"": []}",0.0,0.0,0.0,,0.0,0.0,0.0,,0.0,0.0
sabah:2023-08-04__muhalefetteki-kanamayi-durdurmak-mumkun-mu,sabah,2023-08-04,3,27,2916,2993,Millet İttifakı'nın en büyük sağ partisi olan İyi Parti Genel Başkanı Akşener,0,,0,0,,0,0,,0,12,1,1,0,0,0,0,0,0,0,"{""6"": [], ""7"": [], ""11"": []}",1.0,1.0,1.0,1.0,0.0,0.0,0.0,,1.0,0.0
sabah:2023-08-04__muhalefetteki-kanamayi-durdurmak-mumkun-mu,sabah,2023-08-04,3,28,2995,3118,"""15 milletvekilli isteme ve kuyruk siyasetine mal olma"" pişmanlığından bahsetse de henüz nitelikli özeleştiri yapmış değil.",0,,0,1,yapmış,1,0,,0,18,0,0,0,0,0,1,0,0,0,"{""6"": [""Manipulative Wording""], ""7"": [], ""11"": []}",0.0,0.0,0.0,,1.0,1.0,1.0,,0.0,1.0
sabah:2023-08-04__muhalefetteki-kanamayi-durdurmak-mumkun-mu,sabah,2023-08-04,3,29,3119,3160,"Ancak İyi Parti Sözcüsü Zorlu, Akşener'in",0,,0,0,,0,0,,0,7,0,0,0,0,0,0,0,0,0,"{""6"": [], ""7"": [], ""11"": []}",0.0,0.0,0.0,,0.0,0.0,0.0,,0.0,0.0
sabah:2023-08-04__muhalefetteki-kanamayi-durdurmak-mumkun-mu,sabah,2023-08-04,3,30,3162,3263,"""uyarı ve kaygıları dikkate alınsaydı bugün cumhurbaşkanlığı seçimini ve hatta ilk turda kazanmıştık.",0,,0,0,,0,0,,0,15,0,0,0,0,0,0,0,0,0,"{""6"": [], ""7"": [], ""11"": []}",0.0,0.0,0.0,,0.0,0.0,0.0,,0.0,0.0
sabah:2023-08-04__muhalefetteki-kanamayi-durdurmak-mumkun-mu,sabah,2023-08-04,3,31,3264,3401,"Meclis'te de çoğunluğu elde etmiştik"" beyanıyla seçim yenilgisini Kılıçdaroğlu ve diğer genel başkanlara fatura eden söylemin önünü açtı.",0,,0,0,,0,0,,0,20,0,0,0,0,0,1,0,0,0,"{""6"": [""Manipulative Wording""], ""7"": [], ""11"": []}",0.0,0.0,0.0,,1.0,1.0,1.0,,0.0,1.0
sabah:2023-08-04__muhalefetteki-kanamayi-durdurmak-mumkun-mu,sabah,2023-08-04,3,32,3402,3431,İyi Parti Teşkilat Başkanı da,0,,0,0,,0,0,,0,5,0,0,0,0,0,0,0,0,0,"{""6"": [], ""7"": [], ""11"": []}",0.0,0.0,0.0,,0.0,0.0,0.0,,0.0,0.0
sabah:2023-08-04__muhalefetteki-kanamayi-durdurmak-mumkun-mu,sabah,2023-08-04,3,33,3433,3593,"""Parti tabanı bedeli ne olursa olsun hür ve bağımsız yol yürüyelim diyor"" açıklamasıyla İyi Parti'nin CHP ile pazarlığının çok çetin geçeceği işaretini veriyor.",0,,0,0,,0,0,,0,27,0,0,0,0,0,0,0,1,0,"{""6"": [], ""7"": [], ""11"": [""Call""]}",0.0,0.0,0.0,,1.0,1.0,1.0,,0.0,1.0
sabah:2023-08-04__muhalefetteki-kanamayi-durdurmak-mumkun-mu,sabah,2023-08-04,3,34,3594,3707,Yerel seçimlerde olası işbirliği için HDP-YSP ise resmi pazarlık ve ittifak masasında oturma şartı ileri sürüyor.,0,,0,0,,0,0,,0,19,0,0,0,0,0,0,0,0,0,"{""6"": [], ""7"": [], ""11"": []}",0.0,0.0,0.0,,0.0,0.0,0.0,,0.0,0.0
sabah:2023-08-04__muhalefetteki-kanamayi-durdurmak-mumkun-mu,sabah,2023-08-04,3,35,3708,3767,Muhalefette büyüyen dağınıklık parti taban ve seçmenlerinde,0,,0,0,,0,0,,0,7,0,0,0,0,0,0,0,0,0,"{""6"": [], ""7"": [], ""11"": []}",0.0,0.0,0.0,,0.0,0.0,0.0,,0.0,0.0
sabah:2023-08-04__muhalefetteki-kanamayi-durdurmak-mumkun-mu,sabah,2023-08-04,3,36,3769,3860,"""Her ne pahasına olursa olsun keşke tek başına seçime girseydik"" hissiyatını güçlendiriyor.",0,,0,0,,0,0,,0,13,0,0,0,0,0,0,0,0,0,"{""6"": [], ""7"": [], ""11"": []}",0.0,0.0,0.0,,0.0,0.0,0.0,,0.0,0.0
sabah:2023-08-04__muhalefetteki-kanamayi-durdurmak-mumkun-mu,sabah,2023-08-04,3,37,3861,3925,Bu hissiyatı aşabilecek bir işbirliği oluşturmak çok zor olacak.,0,,0,0,,0,0,,0,10,0,0,0,0,0,0,0,0,0,"{""6"": [], ""7"": [], ""11"": []}",0.0,0.0,0.0,,0.0,0.0,0.0,,0.0,0.0
sabah:2023-08-04__muhalefetteki-kanamayi-durdurmak-mumkun-mu,sabah,2023-08-04,3,38,3926,3938,6'lı masanın,0,,0,0,,0,0,,0,2,0,0,0,0,0,0,1,0,0,"{""6"": [""Simplification""], ""7"": [], ""11"": []}",0.0,0.0,0.0,,1.0,1.0,1.0,,0.0,1.0
sabah:2023-08-04__muhalefetteki-kanamayi-durdurmak-mumkun-mu,sabah,2023-08-04,3,39,3940,4031,"""ilkeler ve politikalar etrafındaki"" ittifakı 28 Mayıs 2. tur seçimlerinde darmadağın oldu.",0,,0,0,,0,0,,0,13,0,0,0,1,0,0,1,0,0,"{""6"": [""Simplification""], ""7"": [""Attack on Reputation""], ""11"": []}",0.0,0.0,0.0,,1.0,1.0,1.0,1.0,0.0,1.0
sabah:2023-08-04__muhalefetteki-kanamayi-durdurmak-mumkun-mu,sabah,2023-08-04,3,40,4032,4089,Geriye taktik il ve ilçe belediyeleri pazarlıkları kaldı.,0,,0,0,,0,0,,0,9,0,0,0,1,0,0,1,0,0,"{""6"": [""Simplification""], ""7"": [""Attack on Reputation""], ""11"": []}",0.0,0.0,0.0,,1.0,1.0,1.0,1.0,0.0,1.0
sabah:2023-09-28__fetocu-garsonun-sirri,sabah,2023-09-28,2,0,0,37,MAHMUT ÖVÜR - FETÖ’cü Garson’un sırrı,0,,0,0,,0,0,,0,6,0,0,0,0,0,0,1,0,0,"{""6"": [""Simplification""], ""7"": []}",0.0,0.0,0.0,,1.0,1.0,1.0,,0.0,1.0
sabah:2023-09-28__fetocu-garsonun-sirri,sabah,2023-09-28,2,1,39,217,"MİT'in 2017'de yakalayıp Emniyet'e teslim ettiği FETÖ'cü Garson kod adlı gizli tanık ilk kez bu köşede 22 Nisan 2018'de ""FETÖ'nün gizli arşivi ve seçim"" başlıklı yazıda yer aldı.",0,,0,0,,0,0,,0,32,1,1,0,0,0,0,0,0,0,"{""6"": [], ""7"": []}",1.0,1.0,1.0,,0.0,0.0,0.0,,1.0,0.0
sabah:2023-09-28__fetocu-garsonun-sirri,sabah,2023-09-28,2,2,218,292,"Sonra ikinci yazı, ""FETÖ'nün partilere sızma yöntemi; renklendirme"" geldi.",0,,0,0,,0,0,,0,13,0,0,0,0,0,0,0,0,0,"{""6"": [], ""7"": []}",0.0,0.0,0.0,,0.0,0.0,0.0,,0.0,0.0
sabah:2023-09-28__fetocu-garsonun-sirri,sabah,2023-09-28,2,3,293,519,"Bu iki haberde yer alan bilgiler, onca operasyona rağmen FETÖ'nün 15 Temmuz darbe girişiminden sonra boş durmadığını, ""renklendirme"" yöntemiyle siyasi partilerden tarikatlara kadar bütün kurumlara sızmaya çalıştığını gösterdi.",0,,0,0,,0,0,,0,31,0,0,0,0,0,0,0,0,0,"{""6"": [], ""7"": []}",0.0,0.0,0.0,,0.0,0.0,0.0,,0.0,0.0
sabah:2023-09-28__fetocu-garsonun-sirri,sabah,2023-09-28,2,4,520,571,Gizli tanık Garson'dan sadece bu bilgiler alınmadı.,1,alınmadı,1,0,,0,0,,1,8,0,0,0,0,0,0,0,0,0,"{""6"": [], ""7"": []}",0.0,0.0,0.0,,0.0,0.0,0.0,,0.0,0.0
sabah:2023-09-28__fetocu-garsonun-sirri,sabah,2023-09-28,2,5,572,662,Devlet içinde hâlâ görev yapan binlerce kripto FETÖ'cü ve mahrem imamın listesi de alındı.,1,alındı,1,0,,0,0,,1,15,0,0,0,0,0,1,0,0,0,"{""6"": [""Manipulative Wording""], ""7"": []}",0.0,0.0,0.0,,1.0,1.0,1.0,,0.0,1.0
sabah:2023-09-28__fetocu-garsonun-sirri,sabah,2023-09-28,2,6,663,800,Son dönemde yapılan önemli operasyonlar büyük oranda Garson'un itiraflarından ve elindeki şifrelenmiş hard diskin çözümünden elde edildi.,1,yapılan | şifrelenmiş | edildi,3,1,şifrelenmiş,1,0,,1,20,0,0,0,0,0,0,0,0,0,"{""6"": [], ""7"": []}",0.0,0.0,0.0,,0.0,0.0,0.0,,0.0,0.0
sabah:2023-09-28__fetocu-garsonun-sirri,sabah,2023-09-28,2,7,801,994,"Birkaç gün önce sevgili Abdurrahman Şimşek, Sabah Gazetesi'nde şu çarpıcı verileri yazdı: ""MİT'in 6 yıl sonra kırmayı başardığı şifreli dokümanlardan 4 bin 121 mahrem sorumlu daha ortaya çıktı.",0,,0,0,,0,0,,0,32,0,0,0,0,1,0,0,0,0,"{""6"": [""Justification""], ""7"": []}",0.0,0.0,0.0,,1.0,1.0,1.0,,0.0,1.0
sabah:2023-09-28__fetocu-garsonun-sirri,sabah,2023-09-28,2,8,995,1142,"Bunlardan 3 bin 400'ünün örgütün emniyetteki kadın emniyet müdürleri, amirleri ve polis memurlarından sorumlu mahrem abla oldukları tespit edildi.""",1,edildi,1,0,,0,0,,1,22,0,0,0,0,1,1,0,0,0,"{""6"": [""Justification"", ""Manipulative Wording""], ""7"": []}",0.0,0.0,0.0,,1.0,1.0,1.0,,0.0,1.0
sabah:2023-09-28__fetocu-garsonun-sirri,sabah,2023-09-28,2,9,1143,1187,Gördüğünüz gibi FETÖ tehlikesi bitmiş değil.,0,,0,1,bitmiş,1,0,,0,7,0,0,0,0,0,0,0,0,0,"{""6"": [], ""7"": []}",0.0,0.0,0.0,,0.0,0.0,0.0,,0.0,0.0
sabah:2023-09-28__fetocu-garsonun-sirri,sabah,2023-09-28,2,10,1188,1251,Bu meseleyi ilk yazdığımda yüzlerce trolün saldırısına uğradım.,0,,0,0,,0,0,,0,9,1,0,0,0,0,1,0,0,0,"{""6"": [""Manipulative Wording""], ""7"": []}",1.0,1.0,1.0,,1.0,1.0,1.0,,1.0,1.0
sabah:2023-09-28__fetocu-garsonun-sirri,sabah,2023-09-28,2,11,1252,1289,"Sabah akşam ""yalan"" diye saldırdılar.",0,,0,0,,0,0,,0,8,0,0,0,0,0,0,0,0,0,"{""6"": [], ""7"": []}",0.0,0.0,0.0,,0.0,0.0,0.0,,0.0,0.0
sabah:2023-09-28__fetocu-garsonun-sirri,sabah,2023-09-28,2,12,1290,1403,Oysa çok geçmeden bu bilgiler hem hukuk nezdinde ispatlandı hem de bizzat FETÖ içindeki tartışmalarla doğrulandı.,1,ispatlandı | doğrulandı,2,0,,0,0,,1,18,1,0,0,0,0,0,0,0,0,"{""6"": [], ""7"": []}",1.0,1.0,1.0,,0.0,0.0,0.0,,1.0,0.0
sabah:2023-09-28__fetocu-garsonun-sirri,sabah,2023-09-28,2,13,1404,1538,"FETÖ'cüler son 7 yıldır kendi içlerinde yolsuzluklar ve siyasi ayrılıklara paralel, iki muamma ismi de tartıştı: Adil Öksüz ve Garson.",0,,0,0,,0,0,,0,24,1,0,0,0,0,0,0,0,0,"{""6"": [], ""7"": []}",1.0,1.0,1.0,,0.0,0.0,0.0,,1.0,0.0
sabah:2023-09-28__fetocu-garsonun-sirri,sabah,2023-09-28,2,14,1539,1608,Öksüz'ün 15 Temmuz kanlı darbe ve işgal girişimindeki rolü biliniyor.,1,biliniyor,1,0,,0,0,,1,12,0,0,0,0,0,1,0,0,0,"{""6"": [""Manipulative Wording""], ""7"": []}",0.0,0.0,0.0,,1.0,1.0,1.0,,0.0,1.0
sabah:2023-09-28__fetocu-garsonun-sirri,sabah,2023-09-28,2,15,1610,1633,'BEŞ BEŞLİK BİR ŞAKİRT!,0,,0,0,,0,0,,0,5,0,0,0,0,0,0,0,0,0,"{""6"": [], ""7"": []}",0.0,0.0,0.0,,0.0,0.0,0.0,,0.0,0.0
sabah:2023-09-28__fetocu-garsonun-sirri,sabah,2023-09-28,2,16,1633,1677,' Peki gizli tanık olan Garson neden önemli?,0,,0,0,,0,0,,0,10,0,0,0,0,0,0,0,0,0,"{""6"": [], ""7"": []}",0.0,0.0,0.0,,0.0,0.0,0.0,,0.0,0.0
sabah:2023-09-28__fetocu-garsonun-sirri,sabah,2023-09-28,2,17,1678,1781,Ya da şöyle soralım: Yakalanan birçok üst düzey FETÖ'cü varken neden FETÖ'nün önemli bilgileri ondaydı?,1,Yakalanan,1,0,,0,0,,1,19,0,0,0,0,0,0,0,0,0,"{""6"": [], ""7"": []}",0.0,0.0,0.0,,0.0,0.0,0.0,,0.0,0.0
sabah:2023-09-28__fetocu-garsonun-sirri,sabah,2023-09-28,2,18,1782,1853,Yurtdışına kaçan FETÖ'cüler uzun zamandır bu soruların cevabını arıyor.,0,,0,0,,0,0,,0,11,0,0,0,0,0,0,0,0,0,"{""6"": [], ""7"": []}",0.0,0.0,0.0,,0.0,0.0,0.0,,0.0,0.0
sabah:2023-09-28__fetocu-garsonun-sirri,sabah,2023-09-28,2,19,1854,1955,O isimlerden biri de son dönemde eleştirileriyle dikkat çeken FETÖ'nün gazetecilerinden Ahmet Dönmez.,0,,0,0,,0,0,,0,14,1,0,0,0,0,0,0,0,0,"{""6"": [], ""7"": []}",1.0,1.0,1.0,,0.0,0.0,0.0,,1.0,0.0
sabah:2023-09-28__fetocu-garsonun-sirri,sabah,2023-09-28,2,20,1956,2086,"Dönmez, gizli tanık Garson'un geçmişinden yakalanmasına, hatta FETÖ tarafından kaçırılma girişimlerine kadar birçok şey anlatıyor.",1,yakalanmasına | kaçırılma,2,0,,0,1,,0,18,0,0,0,0,1,0,0,0,0,"{""6"": [""Justification""], ""7"": []}",0.0,0.0,0.0,,1.0,1.0,1.0,,0.0,1.0
sabah:2023-09-28__fetocu-garsonun-sirri,sabah,2023-09-28,2,21,2087,2143,"Kişiliğine ilişkin şu notuyla başlayalım: ""Tarih mezunu.",0,,0,0,,0,0,,0,10,0,0,0,0,1,0,0,0,0,"{""6"": [""Justification""], ""7"": []}",0.0,0.0,0.0,,1.0,1.0,1.0,,0.0,1.0
sabah:2023-09-28__fetocu-garsonun-sirri,sabah,2023-09-28,2,22,2144,2176,Kavga etmeyen tam bir beyefendi.,0,,0,0,,0,0,,0,6,0,0,0,0,1,0,0,0,0,"{""6"": [""Justification""], ""7"": []}",0.0,0.0,0.0,,1.0,1.0,1.0,,0.0,1.0
sabah:2023-09-28__fetocu-garsonun-sirri,sabah,2023-09-28,2,23,2177,2213,Aynı zamanda da tam bir itaat adamı.,0,,0,0,,0,0,,0,8,0,0,0,0,1,0,0,0,0,"{""6"": [""Justification""], ""7"": []}",0.0,0.0,0.0,,1.0,1.0,1.0,,0.0,1.0
sabah:2023-09-28__fetocu-garsonun-sirri,sabah,2023-09-28,2,24,2214,2238,Beş beşlik bir şakirt...,0,,0,0,,0,0,,0,5,0,0,0,0,1,0,0,0,0,"{""6"": [""Justification""], ""7"": []}",0.0,0.0,0.0,,1.0,1.0,1.0,,0.0,1.0
sabah:2023-09-28__fetocu-garsonun-sirri,sabah,2023-09-28,2,25,2238,2239,"""",0,,0,0,,0,0,,0,1,0,0,0,0,1,0,0,0,0,"{""6"": [""Justification""], ""7"": []}",0.0,0.0,0.0,,1.0,1.0,1.0,,0.0,1.0
sabah:2023-09-28__fetocu-garsonun-sirri,sabah,2023-09-28,2,26,2241,2352,"FETÖ'NÜN SIR KATI Dikkat çeken bir not da tıpkı CHP'deki 14'üncü kat gibi FETÖ'nün de bir ""sır katı""nın olması.",0,,0,0,,0,0,,0,21,0,0,0,0,0,0,0,0,1,"{""6"": [], ""7"": [""Distraction""]}",0.0,0.0,0.0,,1.0,1.0,1.0,,0.0,1.0
sabah:2023-09-28__fetocu-garsonun-sirri,sabah,2023-09-28,2,27,2353,2404,O katın müdavimlerinden biri de gizli tanık Garson.,0,,0,0,,0,0,,0,9,0,0,0,0,0,0,0,0,0,"{""6"": [], ""7"": []}",0.0,0.0,0.0,,0.0,0.0,0.0,,0.0,0.0
sabah:2023-09-28__fetocu-garsonun-sirri,sabah,2023-09-28,2,28,2405,2536,Çünkü Garson iyi yemek yapan biri ve FETÖ elebaşı Ankara'daki Samanyolu Koleji'nin 5'inci katına geldiğinde yemekleri o yapıyormuş.,0,,0,1,yapıyormuş,1,0,,0,20,0,0,0,0,0,0,0,0,0,"{""6"": [], ""7"": []}",0.0,0.0,0.0,,0.0,0.0,0.0,,0.0,0.0
sabah:2023-09-28__fetocu-garsonun-sirri,sabah,2023-09-28,2,29,2537,2566,Kod adı tesadüfen verilmemiş.,1,verilmemiş,1,1,verilmemiş,1,0,,1,5,0,0,0,0,0,0,0,0,0,"{""6"": [], ""7"": []}",0.0,0.0,0.0,,0.0,0.0,0.0,,0.0,0.0
sabah:2023-09-28__fetocu-garsonun-sirri,sabah,2023-09-28,2,30,2567,2686,"Ama asıl vurucu tespit, Garson'un diğer FETÖ'cülerden farklı olarak sürekli not tutması ve her konuşulanı kayda alması.",0,,0,0,,0,0,,0,19,0,0,0,0,0,0,0,0,0,"{""6"": [], ""7"": []}",0.0,0.0,0.0,,0.0,0.0,0.0,,0.0,0.0
sabah:2023-09-28__fetocu-garsonun-sirri,sabah,2023-09-28,2,31,2687,2744,"Garson'un FETÖ'cüler içinde böyle ""özel"" bir yeri varmış.",0,,0,1,varmış,1,0,,0,9,0,0,0,0,0,0,0,0,0,"{""6"": [], ""7"": []}",0.0,0.0,0.0,,0.0,0.0,0.0,,0.0,0.0
sabah:2023-09-28__fetocu-garsonun-sirri,sabah,2023-09-28,2,32,2745,2880,"Öyle notlar tutmuş ki, FETÖ'cüler bile, ""Eğer bu doğruysa Garson'un Türkiye'de tutulması hata değil ihanettir"" değerlendirmesi yapıyor.",1,tutulması,1,1,tutmuş,1,0,,1,22,0,0,0,0,0,0,0,0,0,"{""6"": [], ""7"": []}",0.0,0.0,0.0,,0.0,0.0,0.0,,0.0,0.0
sabah:2023-09-28__fetocu-garsonun-sirri,sabah,2023-09-28,2,33,2881,2962,Sorumlu olarak da 15 Temmuz sonrası emniyet imamı olan Temel Alsancak suçlanıyor.,1,suçlanıyor,1,0,,0,0,,1,14,0,0,0,0,0,0,0,0,0,"{""6"": [], ""7"": []}",0.0,0.0,0.0,,0.0,0.0,0.0,,0.0,0.0
sabah:2023-09-28__fetocu-garsonun-sirri,sabah,2023-09-28,2,34,2963,2989,Tuttuğu notlara gelince...,0,,0,0,,0,0,,0,4,0,0,0,0,0,0,0,0,0,"{""6"": [], ""7"": []}",0.0,0.0,0.0,,0.0,0.0,0.0,,0.0,0.0
sabah:2023-09-28__fetocu-garsonun-sirri,sabah,2023-09-28,2,35,2990,3009,İçinde her şey var.,0,,0,0,,0,0,,0,5,0,0,0,0,0,0,0,0,0,"{""6"": [], ""7"": []}",0.0,0.0,0.0,,0.0,0.0,0.0,,0.0,0.0
sabah:2023-09-28__fetocu-garsonun-sirri,sabah,2023-09-28,2,36,3010,3074,FETÖ'cüler dâhil Emniyet'te görev yapan 320 bin insan fişlenmiş.,0,,0,1,fişlenmiş,1,0,,0,10,0,0,0,0,0,0,0,0,0,"{""6"": [], ""7"": []}",0.0,0.0,0.0,,0.0,0.0,0.0,,0.0,0.0
sabah:2023-09-28__fetocu-garsonun-sirri,sabah,2023-09-28,2,37,3075,3122,Bunların yarısının FETÖ'cü olduğu varsayılıyor.,1,varsayılıyor,1,0,,0,0,,1,6,0,0,0,0,0,0,0,0,0,"{""6"": [], ""7"": []}",0.0,0.0,0.0,,0.0,0.0,0.0,,0.0,0.0
sabah:2023-09-28__fetocu-garsonun-sirri,sabah,2023-09-28,2,38,3123,3166,"Bir kişinin sadece işi, görevi yer almıyor.",0,,0,0,,0,0,,0,9,0,0,0,0,0,0,0,0,0,"{""6"": [], ""7"": []}",0.0,0.0,0.0,,0.0,0.0,0.0,,0.0,0.0
sabah:2023-09-28__fetocu-garsonun-sirri,sabah,2023-09-28,2,39,3167,3323,"Eşi, çocukları, nerelere takıldıkları, zaafları, zayıflıkları, hangi partiye, hangi tarikata yakın oldukları, hatta ihanet edip etmeyecekleri bile yazılmış.",1,yazılmış,1,1,yazılmış,1,0,,1,26,0,0,0,0,0,0,0,0,0,"{""6"": [], ""7"": []}",0.0,0.0,0.0,,0.0,0.0,0.0,,0.0,0.0
sabah:2023-09-28__fetocu-garsonun-sirri,sabah,2023-09-28,2,40,3324,3370,"Kaynağı da büyük ihtimalle ""özel"" sohbetler...",0,,0,0,,0,0,,0,7,0,0,0,0,0,0,0,0,0,"{""6"": [], ""7"": []}",0.0,0.0,0.0,,0.0,0.0,0.0,,0.0,0.0
sabah:2023-09-28__fetocu-garsonun-sirri,sabah,2023-09-28,2,41,3371,3458,"Öyle ki, FETÖ elebaşı Gülen'in talimatları bile düzeltilmeden konuşma diliyle yazılmış.",1,düzeltilmeden | yazılmış,2,1,yazılmış,1,0,,1,13,0,0,0,0,0,0,0,0,0,"{""6"": [], ""7"": []}",0.0,0.0,0.0,,0.0,0.0,0.0,,0.0,0.0
sabah:2023-09-28__fetocu-garsonun-sirri,sabah,2023-09-28,2,42,3459,3583,"KHK'lılara sahip çıkarak FETÖ'cüleri kurtarmayı siyaset sanan muhalefet partileri acaba ""Garson"" gerçeğini ne zaman görecek?",0,,0,0,,0,0,,0,17,0,0,0,1,0,0,0,0,0,"{""6"": [""Attack on Reputation""], ""7"": []}",0.0,0.0,0.0,,1.0,1.0,1.0,,0.0,1.0
sabah:2023-09-28__fetocu-garsonun-sirri,sabah,2023-09-28,2,43,3585,3778,Bu köşe yazısını aşağıdaki linke tıklayarak sesli bir şekilde dinleyebilirsiniz Mahmut Övür | FETÖ'cünün Garson sırrı Sabah.com.tr Uygulamamızı İndirin Uygulamalara Özel Ayrıcalıkları Keşfedin!,0,,0,0,,0,0,,0,25,0,0,0,0,0,0,0,0,0,"{""6"": [], ""7"": []}",0.0,0.0,0.0,,0.0,0.0,0.0,,0.0,0.0
sabah:2023-10-26__ofke-baraji,sabah,2023-10-26,2,0,0,26,YAVUZ DONAT - ‘Öfke barajı,0,,0,0,,0,0,,0,6,0,0,0,0,0,0,0,0,0,"{""6"": [], ""11"": []}",0.0,0.0,0.0,,0.0,0.0,0.0,,0.0,0.0
sabah:2023-10-26__ofke-baraji,sabah,2023-10-26,2,1,26,27,’,0,,0,0,,0,0,,0,1,0,0,0,0,0,0,0,0,0,"{""6"": [], ""11"": []}",0.0,0.0,0.0,,0.0,0.0,0.0,,0.0,0.0
sabah:2023-10-26__ofke-baraji,sabah,2023-10-26,2,2,29,75,BATMAN Ortadoğu'daki yangın 7 Ekim'de başladı.,0,,0,0,,0,0,,0,8,0,0,0,0,0,0,0,0,0,"{""6"": [], ""11"": []}",0.0,0.0,0.0,,0.0,0.0,0.0,,0.0,0.0
sabah:2023-10-26__ofke-baraji,sabah,2023-10-26,2,3,76,107,O günden bu yana Batman ayakta.,0,,0,0,,0,0,,0,7,0,0,0,0,0,0,0,0,0,"{""6"": [], ""11"": []}",0.0,0.0,0.0,,0.0,0.0,0.0,,0.0,0.0
sabah:2023-10-26__ofke-baraji,sabah,2023-10-26,2,4,108,119,Günlerce...,0,,0,0,,0,0,,0,2,0,0,0,0,0,0,0,0,0,"{""6"": [], ""11"": []}",0.0,0.0,0.0,,0.0,0.0,0.0,,0.0,0.0
sabah:2023-10-26__ofke-baraji,sabah,2023-10-26,2,5,120,151,Protesto gösterileri yapıldı...,1,yapıldı,1,0,,0,0,,1,4,0,0,0,0,0,0,0,0,0,"{""6"": [], ""11"": []}",0.0,0.0,0.0,,0.0,0.0,0.0,,0.0,0.0
sabah:2023-10-26__ofke-baraji,sabah,2023-10-26,2,6,152,173,Basın açıklamaları...,0,,0,0,,0,0,,0,3,0,0,0,0,0,0,0,0,0,"{""6"": [], ""11"": []}",0.0,0.0,0.0,,0.0,0.0,0.0,,0.0,0.0
sabah:2023-10-26__ofke-baraji,sabah,2023-10-26,2,7,174,187,Yürüyüşler...,0,,0,0,,0,0,,0,2,0,0,0,0,0,0,0,0,0,"{""6"": [], ""11"": []}",0.0,0.0,0.0,,0.0,0.0,0.0,,0.0,0.0
sabah:2023-10-26__ofke-baraji,sabah,2023-10-26,2,8,188,203,Gündüz ve gece.,0,,0,0,,0,0,,0,4,0,0,0,0,0,0,0,0,0,"{""6"": [], ""11"": []}",0.0,0.0,0.0,,0.0,0.0,0.0,,0.0,0.0
sabah:2023-10-26__ofke-baraji,sabah,2023-10-26,2,9,205,213,Şimdi...,0,,0,0,,0,0,,0,2,0,0,0,0,0,0,0,0,0,"{""6"": [], ""11"": []}",0.0,0.0,0.0,,0.0,0.0,0.0,,0.0,0.0
sabah:2023-10-26__ofke-baraji,sabah,2023-10-26,2,10,214,241,İnsani yardım kampanyası...,0,,0,0,,0,0,,0,4,0,0,0,0,0,0,0,0,0,"{""6"": [], ""11"": []}",0.0,0.0,0.0,,0.0,0.0,0.0,,0.0,0.0
sabah:2023-10-26__ofke-baraji,sabah,2023-10-26,2,11,242,257,İlaç yardımı...,0,,0,0,,0,0,,0,3,0,0,0,0,0,0,0,0,0,"{""6"": [], ""11"": []}",0.0,0.0,0.0,,0.0,0.0,0.0,,0.0,0.0
sabah:2023-10-26__ofke-baraji,sabah,2023-10-26,2,12,258,273,Gıda yardımı...,0,,0,0,,0,0,,0,3,0,0,0,0,0,0,0,0,0,"{""6"": [], ""11"": []}",0.0,0.0,0.0,,0.0,0.0,0.0,,0.0,0.0
sabah:2023-10-26__ofke-baraji,sabah,2023-10-26,2,13,274,301,Temizlik malzemesi yardımı.,0,,0,0,,0,0,,0,4,0,0,0,0,0,0,0,0,0,"{""6"": [], ""11"": []}",0.0,0.0,0.0,,0.0,0.0,0.0,,0.0,0.0
sabah:2023-10-26__ofke-baraji,sabah,2023-10-26,2,14,302,334,Batman Kitap Fuarı devam ediyor.,0,,0,0,,0,0,,0,6,0,0,0,0,0,0,0,0,0,"{""6"": [], ""11"": []}",0.0,0.0,0.0,,0.0,0.0,0.0,,0.0,0.0
sabah:2023-10-26__ofke-baraji,sabah,2023-10-26,2,15,336,349,Yazarların...,0,,0,0,,0,0,,0,2,0,0,0,0,0,0,0,0,0,"{""6"": [], ""11"": []}",0.0,0.0,0.0,,0.0,0.0,0.0,,0.0,0.0
sabah:2023-10-26__ofke-baraji,sabah,2023-10-26,2,16,350,420,"Yayınevlerinin bir kısmının gelirleri, Filistin'e yardım kampanyasına.",0,,0,0,,0,0,,0,9,0,0,1,0,0,0,0,0,0,"{""6"": [], ""11"": []}",1.0,1.0,1.0,,0.0,0.0,0.0,,1.0,0.0
sabah:2023-10-26__ofke-baraji,sabah,2023-10-26,2,17,421,477,"Sadece Batman değil, bütün bölge İsrail'e, Amerika'ya...",0,,0,0,,0,0,,0,10,1,0,0,0,0,1,0,0,0,"{""6"": [""Manipulative Wording""], ""11"": []}",0.0,0.0,0.0,0.0,1.0,1.0,1.0,,1.0,1.0
sabah:2023-10-26__ofke-baraji,sabah,2023-10-26,2,18,478,502,Batı'ya ateş püskürüyor.,0,,0,0,,0,0,,0,4,1,0,0,0,0,1,0,0,0,"{""6"": [""Manipulative Wording""], ""11"": []}",0.0,0.0,0.0,0.0,1.0,1.0,1.0,,1.0,1.0
sabah:2023-10-26__ofke-baraji,sabah,2023-10-26,2,19,503,522,*** Kadın istihdamı,0,,0,0,,0,0,,0,4,0,0,0,0,0,0,0,0,0,"{""6"": [], ""11"": []}",0.0,0.0,0.0,,0.0,0.0,0.0,,0.0,0.0
sabah:2023-10-26__ofke-baraji,sabah,2023-10-26,2,20,524,539,Bismil Ovası...,0,,0,0,,0,0,,0,3,0,0,0,0,0,0,0,0,0,"{""6"": [], ""11"": []}",0.0,0.0,0.0,,0.0,0.0,0.0,,0.0,0.0
sabah:2023-10-26__ofke-baraji,sabah,2023-10-26,2,21,540,557,Uçsuz bucaksız...,0,,0,0,,0,0,,0,3,0,0,0,0,0,0,0,0,0,"{""6"": [], ""11"": []}",0.0,0.0,0.0,,0.0,0.0,0.0,,0.0,0.0
sabah:2023-10-26__ofke-baraji,sabah,2023-10-26,2,22,558,578,"Pamuk, pamuk, pamuk.",0,,0,0,,0,0,,0,6,0,0,0,0,0,0,0,0,0,"{""6"": [], ""11"": []}",0.0,0.0,0.0,,0.0,0.0,0.0,,0.0,0.0
sabah:2023-10-26__ofke-baraji,sabah,2023-10-26,2,23,579,605,Vali Ekrem Canalp dedi ki:,0,,0,0,,0,0,,0,6,0,1,0,0,0,0,0,0,0,"{""6"": [], ""11"": []}",1.0,1.0,1.0,,0.0,0.0,0.0,,1.0,0.0
sabah:2023-10-26__ofke-baraji,sabah,2023-10-26,2,24,607,631,"""Tekstilkent kuracağız.""",0,,0,0,,0,0,,0,3,0,0,0,0,0,0,0,0,0,"{""6"": [], ""11"": []}",0.0,0.0,0.0,,0.0,0.0,0.0,,0.0,0.0
sabah:2023-10-26__ofke-baraji,sabah,2023-10-26,2,25,632,652,Tekstilkent demek...,0,,0,0,,0,0,,0,3,0,0,0,0,0,0,0,0,0,"{""6"": [], ""11"": []}",0.0,0.0,0.0,,0.0,0.0,0.0,,0.0,0.0
sabah:2023-10-26__ofke-baraji,sabah,2023-10-26,2,26,653,668,İstihdam demek.,0,,0,0,,0,0,,0,3,0,0,0,0,0,0,0,0,0,"{""6"": [], ""11"": []}",0.0,0.0,0.0,,0.0,0.0,0.0,,0.0,0.0
sabah:2023-10-26__ofke-baraji,sabah,2023-10-26,2,27,669,755,"Batman Valisi, ziyaret ettiği köylerdeki kadınlara, ""Ne istiyorsunuz?"" diye sorunca...",0,,0,0,,0,0,,0,17,0,0,0,0,0,0,0,0,0,"{""6"": [], ""11"": []}",0.0,0.0,0.0,,0.0,0.0,0.0,,0.0,0.0
sabah:2023-10-26__ofke-baraji,sabah,2023-10-26,2,28,756,771,Aldığı yanıt...,0,,0,0,,0,0,,0,3,0,0,0,0,0,0,0,0,0,"{""6"": [], ""11"": []}",0.0,0.0,0.0,,0.0,0.0,0.0,,0.0,0.0
sabah:2023-10-26__ofke-baraji,sabah,2023-10-26,2,29,772,793,"""Çalışmak istiyoruz.""",0,,0,0,,0,0,,0,4,0,0,0,0,0,0,0,0,0,"{""6"": [], ""11"": []}",0.0,0.0,0.0,,0.0,0.0,0.0,,0.0,0.0
sabah:2023-10-26__ofke-baraji,sabah,2023-10-26,2,30,794,808,Tekstilkent...,0,,0,0,,0,0,,0,2,0,0,0,0,0,0,0,0,0,"{""6"": [], ""11"": []}",0.0,0.0,0.0,,0.0,0.0,0.0,,0.0,0.0
sabah:2023-10-26__ofke-baraji,sabah,2023-10-26,2,31,809,842,Binlerce kadının çalışması demek.,0,,0,0,,0,0,,0,5,0,0,0,0,0,0,0,0,0,"{""6"": [], ""11"": []}",0.0,0.0,0.0,,0.0,0.0,0.0,,0.0,0.0
sabah:2023-10-26__ofke-baraji,sabah,2023-10-26,2,32,843,866,*** Durucak'ta bir vali,0,,0,0,,0,0,,0,4,0,0,0,0,0,0,0,0,0,"{""6"": [], ""11"": []}",0.0,0.0,0.0,,0.0,0.0,0.0,,0.0,0.0
sabah:2023-10-26__ofke-baraji,sabah,2023-10-26,2,33,868,877,Batman...,0,,0,0,,0,0,,0,2,0,0,0,0,0,0,0,0,0,"{""6"": [], ""11"": []}",0.0,0.0,0.0,,0.0,0.0,0.0,,0.0,0.0
sabah:2023-10-26__ofke-baraji,sabah,2023-10-26,2,34,878,895,Beşirli İlçesi...,0,,0,0,,0,0,,0,3,0,0,0,0,0,0,0,0,0,"{""6"": [], ""11"": []}",0.0,0.0,0.0,,0.0,0.0,0.0,,0.0,0.0
sabah:2023-10-26__ofke-baraji,sabah,2023-10-26,2,35,896,911,Durucak Köyü...,0,,0,0,,0,0,,0,3,0,0,0,0,0,0,0,0,0,"{""6"": [], ""11"": []}",0.0,0.0,0.0,,0.0,0.0,0.0,,0.0,0.0
sabah:2023-10-26__ofke-baraji,sabah,2023-10-26,2,36,912,932,Uzaklarda bir köy...,0,,0,0,,0,0,,0,4,0,0,0,0,0,0,0,0,0,"{""6"": [], ""11"": []}",0.0,0.0,0.0,,0.0,0.0,0.0,,0.0,0.0
sabah:2023-10-26__ofke-baraji,sabah,2023-10-26,2,37,933,971,"""Kuş uçmaz, kervan geçmez"" denir ya...",1,denir,1,0,,0,0,,1,10,0,0,0,0,0,1,0,0,0,"{""6"": [""Manipulative Wording""], ""11"": []}",0.0,0.0,0.0,,1.0,1.0,1.0,,0.0,1.0
sabah:2023-10-26__ofke-baraji,sabah,2023-10-26,2,38,972,977,Öyle.,0,,0,0,,0,0,,0,2,0,0,0,0,0,1,0,0,0,"{""6"": [""Manipulative Wording""], ""11"": []}",0.0,0.0,0.0,,1.0,1.0,1.0,,0.0,1.0
sabah:2023-10-26__ofke-baraji,sabah,2023-10-26,2,39,978,984,Ama...,0,,0,0,,0,0,,0,2,0,0,0,0,0,0,0,0,0,"{""6"": [], ""11"": []}",0.0,0.0,0.0,,0.0,0.0,0.0,,0.0,0.0
sabah:2023-10-26__ofke-baraji,sabah,2023-10-26,2,40,985,1009,Şairin söylediği gibi...,0,,0,0,,0,0,,0,4,0,0,0,0,0,0,0,0,0,"{""6"": [], ""11"": []}",0.0,0.0,0.0,,0.0,0.0,0.0,,0.0,0.0
sabah:2023-10-26__ofke-baraji,sabah,2023-10-26,2,41,1010,1030,O köy bizim köyümüz.,0,,0,0,,0,0,,0,5,0,0,0,0,0,0,0,0,0,"{""6"": [], ""11"": []}",0.0,0.0,0.0,,0.0,0.0,0.0,,0.0,0.0
sabah:2023-10-26__ofke-baraji,sabah,2023-10-26,2,42,1031,1044,Durucak'ta...,0,,0,0,,0,0,,0,2,0,0,0,0,0,0,0,0,0,"{""6"": [], ""11"": []}",0.0,0.0,0.0,,0.0,0.0,0.0,,0.0,0.0
sabah:2023-10-26__ofke-baraji,sabah,2023-10-26,2,43,1045,1126,Yaşlı bir köylü dedi ki: - Atilla Koç'tan bu yana bizim köye hiç vali gelmemişti.,0,,0,0,,0,0,,0,17,0,0,0,0,0,0,0,0,0,"{""6"": [], ""11"": []}",0.0,0.0,0.0,,0.0,0.0,0.0,,0.0,0.0
sabah:2023-10-26__ofke-baraji,sabah,2023-10-26,2,44,1127,1138,Atilla Koç.,0,,0,0,,0,0,,0,3,0,0,0,0,0,0,0,0,0,"{""6"": [], ""11"": []}",0.0,0.0,0.0,,0.0,0.0,0.0,,0.0,0.0
sabah:2023-10-26__ofke-baraji,sabah,2023-10-26,2,45,1139,1159,Eski milletvekili...,0,,0,0,,0,0,,0,3,0,0,0,0,0,0,0,0,0,"{""6"": [], ""11"": []}",0.0,0.0,0.0,,0.0,0.0,0.0,,0.0,0.0
sabah:2023-10-26__ofke-baraji,sabah,2023-10-26,2,46,1160,1173,Eski Bakan...,0,,0,0,,0,0,,0,3,0,0,0,0,0,0,0,0,0,"{""6"": [], ""11"": []}",0.0,0.0,0.0,,0.0,0.0,0.0,,0.0,0.0
sabah:2023-10-26__ofke-baraji,sabah,2023-10-26,2,47,1174,1191,Kültür ve Turizm.,0,,0,0,,0,0,,0,4,0,0,0,0,0,0,0,0,0,"{""6"": [], ""11"": []}",0.0,0.0,0.0,,0.0,0.0,0.0,,0.0,0.0
sabah:2023-10-26__ofke-baraji,sabah,2023-10-26,2,48,1192,1207,Bir zamanlar...,0,,0,0,,0,0,,0,3,0,0,0,0,0,0,0,0,0,"{""6"": [], ""11"": []}",0.0,0.0,0.0,,0.0,0.0,0.0,,0.0,0.0
sabah:2023-10-26__ofke-baraji,sabah,2023-10-26,2,49,1208,1237,Batman... Siirt'in ilçesiydi.,0,,0,0,,0,0,,0,6,0,0,0,0,0,0,0,0,0,"{""6"": [], ""11"": []}",0.0,0.0,0.0,,0.0,0.0,0.0,,0.0,0.0
sabah:2023-10-26__ofke-baraji,sabah,2023-10-26,2,50,1238,1259,"Koç da, Siirt Valisi.",0,,0,0,,0,0,,0,6,0,0,0,0,0,0,0,0,0,"{""6"": [], ""11"": []}",0.0,0.0,0.0,,0.0,0.0,0.0,,0.0,0.0
sabah:2023-10-26__ofke-baraji,sabah,2023-10-26,2,51,1260,1297,Atilla Koç'u o zamanlar tanımıştık...,0,,0,0,,0,0,,0,6,0,1,0,0,0,0,0,0,0,"{""6"": [], ""11"": []}",1.0,1.0,1.0,,0.0,0.0,0.0,,1.0,0.0
sabah:2023-10-26__ofke-baraji,sabah,2023-10-26,2,52,1298,1364,İçişleri Bakanı Mustafa Kalemli ile birlikte Siirt'e geldiğimizde.,0,,0,0,,0,0,,0,10,0,0,0,0,0,0,0,0,0,"{""6"": [], ""11"": []}",0.0,0.0,0.0,,0.0,0.0,0.0,,0.0,0.0
sabah:2023-10-26__ofke-baraji,sabah,2023-10-26,2,53,1365,1385,Atilla Koç gençti...,0,,0,0,,0,0,,0,4,0,0,0,0,0,0,0,0,0,"{""6"": [], ""11"": []}",0.0,0.0,0.0,,0.0,0.0,0.0,,0.0,0.0
sabah:2023-10-26__ofke-baraji,sabah,2023-10-26,2,54,1386,1409,Atom karınca gibiydi...,0,,0,0,,0,0,,0,5,0,0,0,0,0,0,0,0,0,"{""6"": [], ""11"": []}",0.0,0.0,0.0,,0.0,0.0,0.0,,0.0,0.0
sabah:2023-10-26__ofke-baraji,sabah,2023-10-26,2,55,1410,1448,"Dağ, tepe, köy, mezra, ilçe dolaşırdı.",0,,0,0,,0,0,,0,11,0,0,0,0,0,0,0,0,0,"{""6"": [], ""11"": []}",0.0,0.0,0.0,,0.0,0.0,0.0,,0.0,0.0
sabah:2023-10-26__ofke-baraji,sabah,2023-10-26,2,56,1449,1494,Bugünkü Batman Valisi Ekrem Canalp de öyle...,0,,0,0,,0,0,,0,9,0,1,0,0,0,0,0,0,0,"{""6"": [], ""11"": []}",1.0,1.0,1.0,,0.0,0.0,0.0,,1.0,0.0
sabah:2023-10-26__ofke-baraji,sabah,2023-10-26,2,57,1495,1518,241 köyü ziyaret etmiş.,0,,0,1,etmiş,1,0,,0,5,0,0,0,0,0,0,0,0,0,"{""6"": [], ""11"": []}",0.0,0.0,0.0,,0.0,0.0,0.0,,0.0,0.0
sabah:2023-10-26__ofke-baraji,sabah,2023-10-26,2,58,1519,1539,Telefonu çevirdik...,0,,0,0,,0,0,,0,3,0,0,0,0,0,0,0,0,0,"{""6"": [], ""11"": []}",0.0,0.0,0.0,,0.0,0.0,0.0,,0.0,0.0
sabah:2023-10-26__ofke-baraji,sabah,2023-10-26,2,59,1540,1585,Karşımızda Atilla Koç... Ankara'da yaşıyor...,0,,0,0,,0,0,,0,7,0,0,0,0,0,0,0,0,0,"{""6"": [], ""11"": []}",0.0,0.0,0.0,,0.0,0.0,0.0,,0.0,0.0
sabah:2023-10-26__ofke-baraji,sabah,2023-10-26,2,60,1586,1612,"Dedik ki: ""Batman'dayız...",0,,0,0,,0,0,,0,7,0,0,0,0,0,0,0,0,0,"{""6"": [], ""11"": []}",0.0,0.0,0.0,,0.0,0.0,0.0,,0.0,0.0
sabah:2023-10-26__ofke-baraji,sabah,2023-10-26,2,61,1613,1656,Seneler önce ilk kez vali gören köydeyiz...,0,,0,0,,0,0,,0,8,0,0,0,0,0,0,0,0,0,"{""6"": [], ""11"": []}",0.0,0.0,0.0,,0.0,0.0,0.0,,0.0,0.0
sabah:2023-10-26__ofke-baraji,sabah,2023-10-26,2,62,1657,1677,"Köylü sizi soruyor.""",0,,0,0,,0,0,,0,4,0,0,0,0,0,0,0,0,0,"{""6"": [], ""11"": []}",0.0,0.0,0.0,,0.0,0.0,0.0,,0.0,0.0
sabah:2023-10-26__ofke-baraji,sabah,2023-10-26,2,63,1678,1702,Attila Koç duygulandı...,0,,0,0,,0,0,,0,4,0,0,0,0,0,0,0,0,0,"{""6"": [], ""11"": []}",0.0,0.0,0.0,,0.0,0.0,0.0,,0.0,0.0
sabah:2023-10-26__ofke-baraji,sabah,2023-10-26,2,64,1703,1714,Konuşamadı.,0,,0,0,,0,0,,0,2,0,0,0,0,0,0,0,0,0,"{""6"": [], ""11"": []}",0.0,0.0,0.0,,0.0,0.0,0.0,,0.0,0.0
sabah:2023-10-26__ofke-baraji,sabah,2023-10-26,2,65,1715,1731,*** Acil ihtiyaç,0,,0,0,,0,0,,0,3,0,0,0,0,0,0,0,0,0,"{""6"": [], ""11"": []}",0.0,0.0,0.0,,0.0,0.0,0.0,,0.0,0.0
sabah:2023-10-26__ofke-baraji,sabah,2023-10-26,2,66,1733,1741,Kovan...,0,,0,0,,0,0,,0,2,0,0,0,0,0,0,0,0,0,"{""6"": [], ""11"": []}",0.0,0.0,0.0,,0.0,0.0,0.0,,0.0,0.0
sabah:2023-10-26__ofke-baraji,sabah,2023-10-26,2,67,1742,1766,Arının bal yapması için.,0,,0,0,,0,0,,0,5,0,0,0,0,0,0,0,0,0,"{""6"": [], ""11"": []}",0.0,0.0,0.0,,0.0,0.0,0.0,,0.0,0.0
sabah:2023-10-26__ofke-baraji,sabah,2023-10-26,2,68,1767,1791,Kovanın bu kadar acil...,0,,0,0,,0,0,,0,5,0,0,0,0,0,0,0,0,0,"{""6"": [], ""11"": []}",0.0,0.0,0.0,,0.0,0.0,0.0,,0.0,0.0
sabah:2023-10-26__ofke-baraji,sabah,2023-10-26,2,69,1792,1827,Büyük ihtiyaç olduğunu bilmiyorduk.,0,,0,0,,0,0,,0,5,0,0,0,0,0,0,0,0,0,"{""6"": [], ""11"": []}",0.0,0.0,0.0,,0.0,0.0,0.0,,0.0,0.0
sabah:2023-10-26__ofke-baraji,sabah,2023-10-26,2,70,1828,1837,Batman...,0,,0,0,,0,0,,0,2,0,0,0,0,0,0,0,0,0,"{""6"": [], ""11"": []}",0.0,0.0,0.0,,0.0,0.0,0.0,,0.0,0.0
sabah:2023-10-26__ofke-baraji,sabah,2023-10-26,2,71,1838,1855,"Dağ, tepe, ova...",0,,0,0,,0,0,,0,6,0,0,0,0,0,0,0,0,0,"{""6"": [], ""11"": []}",0.0,0.0,0.0,,0.0,0.0,0.0,,0.0,0.0
sabah:2023-10-26__ofke-baraji,sabah,2023-10-26,2,72,1856,1866,Dereler...,0,,0,0,,0,0,,0,2,0,0,0,0,0,0,0,0,0,"{""6"": [], ""11"": []}",0.0,0.0,0.0,,0.0,0.0,0.0,,0.0,0.0
sabah:2023-10-26__ofke-baraji,sabah,2023-10-26,2,73,1867,1890,Yüzlerce çeşit çiçek...,0,,0,0,,0,0,,0,4,0,0,0,0,0,0,0,0,0,"{""6"": [], ""11"": []}",0.0,0.0,0.0,,0.0,0.0,0.0,,0.0,0.0
sabah:2023-10-26__ofke-baraji,sabah,2023-10-26,2,74,1891,1908,Endemik bitkiler.,0,,0,0,,0,0,,0,3,0,0,0,0,0,0,0,0,0,"{""6"": [], ""11"": []}",0.0,0.0,0.0,,0.0,0.0,0.0,,0.0,0.0
sabah:2023-10-26__ofke-baraji,sabah,2023-10-26,2,75,1909,1951,Tam da arının arayıp da bulamadığı yerler.,0,,0,0,,0,0,,0,8,0,0,0,0,0,0,0,0,0,"{""6"": [], ""11"": []}",0.0,0.0,0.0,,0.0,0.0,0.0,,0.0,0.0
sabah:2023-10-26__ofke-baraji,sabah,2023-10-26,2,76,1953,1959,Ama...,0,,0,0,,0,0,,0,2,0,0,0,0,0,0,0,0,0,"{""6"": [], ""11"": []}",0.0,0.0,0.0,,0.0,0.0,0.0,,0.0,0.0
sabah:2023-10-26__ofke-baraji,sabah,2023-10-26,2,77,1960,1977,Köylüm gariban...,0,,0,0,,0,0,,0,3,0,0,0,0,0,0,0,0,0,"{""6"": [], ""11"": []}",0.0,0.0,0.0,,0.0,0.0,0.0,,0.0,0.0
sabah:2023-10-26__ofke-baraji,sabah,2023-10-26,2,78,1978,2002,Kovan alacak parası yok.,0,,0,0,,0,0,,0,5,0,0,0,0,0,0,0,0,0,"{""6"": [], ""11"": []}",0.0,0.0,0.0,,0.0,0.0,0.0,,0.0,0.0
sabah:2023-10-26__ofke-baraji,sabah,2023-10-26,2,79,2003,2082,Vali Ekrem Canalp'in kararı: - Köylüye yılda en az 2 bin 500 kovan dağıtılacak.,1,dağıtılacak,1,0,,0,0,,1,16,0,0,0,0,0,0,0,0,0,"{""6"": [], ""11"": []}",0.0,0.0,0.0,,0.0,0.0,0.0,,0.0,0.0
sabah:2023-10-26__ofke-baraji,sabah,2023-10-26,2,80,2083,2104,Dağıtım devam ediyor.,0,,0,0,,0,0,,0,4,0,0,0,0,0,0,0,0,0,"{""6"": [], ""11"": []}",0.0,0.0,0.0,,0.0,0.0,0.0,,0.0,0.0
sabah:2023-10-26__ofke-baraji,sabah,2023-10-26,2,81,2105,2117,Unutmadan...,0,,0,0,,0,0,,0,2,0,0,0,0,0,0,0,0,0,"{""6"": [], ""11"": []}",0.0,0.0,0.0,,0.0,0.0,0.0,,0.0,0.0
sabah:2023-10-26__ofke-baraji,sabah,2023-10-26,2,82,2118,2172,"Vali Ekrem Canalp, yazmamızı istemedi ama yazacağız...",0,,0,0,,0,0,,0,9,0,0,0,0,0,0,0,0,0,"{""6"": [], ""11"": []}",0.0,0.0,0.0,,0.0,0.0,0.0,,0.0,0.0
sabah:2023-10-26__ofke-baraji,sabah,2023-10-26,2,83,2173,2202,Herkesin bilmesini istiyoruz.,0,,0,0,,0,0,,0,4,0,0,0,0,0,0,0,0,0,"{""6"": [], ""11"": []}",0.0,0.0,0.0,,0.0,0.0,0.0,,0.0,0.0
sabah:2023-10-26__ofke-baraji,sabah,2023-10-26,2,84,2203,2254,"Köylümüze, 10 kovan da Batman Valisi'nin maaşından.",0,,0,0,,0,0,,0,9,0,1,0,0,0,0,0,0,0,"{""6"": [], ""11"": []}",1.0,1.0,1.0,,0.0,0.0,0.0,,1.0,0.0
sabah:2023-10-26__ofke-baraji,sabah,2023-10-26,2,85,2255,2278,*** Habip Başkan'a vefa,0,,0,0,,0,0,,0,4,0,1,0,0,0,0,0,0,0,"{""6"": [], ""11"": []}",0.0,1.0,0.0,0.0,0.0,0.0,0.0,,1.0,0.0
sabah:2023-10-26__ofke-baraji,sabah,2023-10-26,2,86,2280,2295,Beşir Altunç...,0,,0,0,,0,0,,0,3,0,0,0,0,0,0,0,0,0,"{""6"": [], ""11"": []}",0.0,0.0,0.0,,0.0,0.0,0.0,,0.0,0.0
sabah:2023-10-26__ofke-baraji,sabah,2023-10-26,2,87,2296,2327,Ticaret Borsası Meclis Başkanı.,0,,0,0,,0,0,,0,5,0,0,0,0,0,0,0,0,0,"{""6"": [], ""11"": []}",0.0,0.0,0.0,,0.0,0.0,0.0,,0.0,0.0
sabah:2023-10-26__ofke-baraji,sabah,2023-10-26,2,88,2328,2374,"""Bir sürprizim var, sevineceksiniz"" dedi ve...",0,,0,0,,0,0,,0,10,0,0,0,0,0,0,0,0,0,"{""6"": [], ""11"": []}",0.0,0.0,0.0,,0.0,0.0,0.0,,0.0,0.0
sabah:2023-10-26__ofke-baraji,sabah,2023-10-26,2,89,2375,2400,Bizi bir parka götürdü...,0,,0,0,,0,0,,0,5,0,0,0,0,0,0,0,0,0,"{""6"": [], ""11"": []}",0.0,0.0,0.0,,0.0,0.0,0.0,,0.0,0.0
sabah:2023-10-26__ofke-baraji,sabah,2023-10-26,2,90,2401,2423,Habip Başkan Parkı'na.,0,,0,0,,0,0,,0,4,0,0,0,0,0,0,0,0,0,"{""6"": [], ""11"": []}",0.0,0.0,0.0,,0.0,0.0,0.0,,0.0,0.0
sabah:2023-10-26__ofke-baraji,sabah,2023-10-26,2,91,2424,2438,Habip Hasar...,0,,0,0,,0,0,,0,3,0,0,0,0,0,0,0,0,0,"{""6"": [], ""11"": []}",0.0,0.0,0.0,,0.0,0.0,0.0,,0.0,0.0
sabah:2023-10-26__ofke-baraji,sabah,2023-10-26,2,92,2439,2459,Down sendromluydu...,0,,0,0,,0,0,,0,4,0,0,0,0,0,0,0,0,0,"{""6"": [], ""11"": []}",0.0,0.0,0.0,,0.0,0.0,0.0,,0.0,0.0
sabah:2023-10-26__ofke-baraji,sabah,2023-10-26,2,93,2460,2473,1974 doğumlu.,0,,0,0,,0,0,,0,4,0,0,0,0,0,0,0,0,0,"{""6"": [], ""11"": []}",0.0,0.0,0.0,,0.0,0.0,0.0,,0.0,0.0
sabah:2023-10-26__ofke-baraji,sabah,2023-10-26,2,94,2475,2496,Her seçimde adaydı...,0,,0,0,,0,0,,0,5,0,0,0,0,0,0,0,0,0,"{""6"": [], ""11"": []}",0.0,0.0,0.0,,0.0,0.0,0.0,,0.0,0.0
sabah:2023-10-26__ofke-baraji,sabah,2023-10-26,2,95,2497,2518,Milletvekili adayı...,0,,0,0,,0,0,,0,3,0,0,0,0,0,0,0,0,0,"{""6"": [], ""11"": []}",0.0,0.0,0.0,,0.0,0.0,0.0,,0.0,0.0
sabah:2023-10-26__ofke-baraji,sabah,2023-10-26,2,96,2519,2544,Belediye başkanı adayı...,0,,0,0,,0,0,,0,4,0,0,0,0,0,0,0,0,0,"{""6"": [], ""11"": []}",0.0,0.0,0.0,,0.0,0.0,0.0,,0.0,0.0
sabah:2023-10-26__ofke-baraji,sabah,2023-10-26,2,97,2545,2570,Fakat resmi olmayan aday.,0,,0,0,,0,0,,0,5,0,0,0,0,0,0,0,0,0,"{""6"": [], ""11"": []}",0.0,0.0,0.0,,0.0,0.0,0.0,,0.0,0.0
sabah:2023-10-26__ofke-baraji,sabah,2023-10-26,2,98,2571,2601,Seçim kampanyası düzenlerdi...,0,,0,0,,0,0,,0,4,0,0,0,0,0,0,0,0,0,"{""6"": [], ""11"": []}",0.0,0.0,0.0,,0.0,0.0,0.0,,0.0,0.0
sabah:2023-10-26__ofke-baraji,sabah,2023-10-26,2,99,2602,2634,Liderlerin taklitlerini yapardı.,0,,0,0,,0,0,,0,4,0,0,0,0,0,0,0,0,0,"{""6"": [], ""11"": []}",0.0,0.0,0.0,,0.0,0.0,0.0,,0.0,0.0
sabah:2023-10-26__ofke-baraji,sabah,2023-10-26,2,100,2635,2658,Kimseye zararı yoktu...,0,,0,0,,0,0,,0,5,0,0,0,0,0,0,0,0,0,"{""6"": [], ""11"": []}",0.0,0.0,0.0,,0.0,0.0,0.0,,0.0,0.0
sabah:2023-10-26__ofke-baraji,sabah,2023-10-26,2,101,2659,2676,Herkes severdi...,0,,0,0,,0,0,,0,3,0,0,0,0,0,0,0,0,0,"{""6"": [], ""11"": []}",0.0,0.0,0.0,,0.0,0.0,0.0,,0.0,0.0
sabah:2023-10-26__ofke-baraji,sabah,2023-10-26,2,102,2677,2712,"Batmanlı ona, ""Habip Başkan"" derdi.",0,,0,0,,0,0,,0,9,0,0,0,0,0,0,0,0,0,"{""6"": [], ""11"": []}",0.0,0.0,0.0,,0.0,0.0,0.0,,0.0,0.0
sabah:2023-10-26__ofke-baraji,sabah,2023-10-26,2,103,2713,2730,9 Ağustos 2023...,0,,0,0,,0,0,,0,4,0,0,0,0,0,0,0,0,0,"{""6"": [], ""11"": []}",0.0,0.0,0.0,,0.0,0.0,0.0,,0.0,0.0
sabah:2023-10-26__ofke-baraji,sabah,2023-10-26,2,104,2731,2764,"Habip, ""bir başka âleme"" uçmuş...",0,,0,1,uçmuş,1,0,,0,7,0,0,0,0,0,0,0,0,0,"{""6"": [], ""11"": []}",0.0,0.0,0.0,,0.0,0.0,0.0,,0.0,0.0
sabah:2023-10-26__ofke-baraji,sabah,2023-10-26,2,105,2765,2786,Allah rahmet eylesin.,0,,0,0,,0,0,,0,4,0,0,0,0,0,0,0,0,0,"{""6"": [], ""11"": []}",0.0,0.0,0.0,,0.0,0.0,0.0,,0.0,0.0
sabah:2023-10-26__ofke-baraji,sabah,2023-10-26,2,106,2787,2854,"Habip'in doğduğu, yaşadığı mahalleye çok güzel bir park yapılmış...",1,yapılmış,1,1,yapılmış,1,0,,1,11,0,0,0,0,0,0,0,0,0,"{""6"": [], ""11"": []}",0.0,0.0,0.0,,0.0,0.0,0.0,,0.0,0.0
sabah:2023-10-26__ofke-baraji,sabah,2023-10-26,2,107,2855,2874,Habip Başkan Parkı.,0,,0,0,,0,0,,0,4,0,0,0,0,0,0,0,0,0,"{""6"": [], ""11"": []}",0.0,0.0,0.0,,0.0,0.0,0.0,,0.0,0.0
sabah:2023-10-26__ofke-baraji,sabah,2023-10-26,2,108,2875,2896,İşte Batman vefası...,0,,0,0,,0,0,,0,4,0,0,0,0,0,0,0,0,0,"{""6"": [], ""11"": []}",0.0,0.0,0.0,,0.0,0.0,0.0,,0.0,0.0
sabah:2023-10-26__ofke-baraji,sabah,2023-10-26,2,109,2897,2924,Teşekkürler Beşir Altunç...,0,,0,0,,0,0,,0,4,0,0,0,0,0,0,0,0,0,"{""6"": [], ""11"": []}",0.0,0.0,0.0,,0.0,0.0,0.0,,0.0,0.0
sabah:2023-10-26__ofke-baraji,sabah,2023-10-26,2,110,2925,2955,Bizi bu parka getirdiğin için.,0,,0,0,,0,0,,0,6,0,0,0,0,0,0,0,0,0,"{""6"": [], ""11"": []}",0.0,0.0,0.0,,0.0,0.0,0.0,,0.0,0.0
sabah:2023-10-26__ofke-baraji,sabah,2023-10-26,2,111,2956,2978,*** Batman'da para var,0,,0,0,,0,0,,0,4,0,0,0,0,0,0,1,0,0,"{""6"": [""Simplification""], ""11"": []}",0.0,0.0,0.0,,1.0,1.0,1.0,,0.0,1.0
sabah:2023-10-26__ofke-baraji,sabah,2023-10-26,2,112,2980,2996,Gerçekten var...,0,,0,0,,0,0,,0,3,0,0,0,0,0,0,0,0,0,"{""6"": [], ""11"": []}",0.0,0.0,0.0,,0.0,0.0,0.0,,0.0,0.0
sabah:2023-10-26__ofke-baraji,sabah,2023-10-26,2,113,2997,3044,İnanmayan gelsin Batman'da birkaç gün geçirsin.,0,,0,0,,0,0,,0,7,0,0,0,0,0,0,0,0,0,"{""6"": [], ""11"": []}",0.0,0.0,0.0,,0.0,0.0,0.0,,0.0,0.0
sabah:2023-10-26__ofke-baraji,sabah,2023-10-26,2,114,3045,3076,"Lokantaya (Çömçe) gittik, dolu.",0,,0,0,,0,0,,0,8,0,0,0,0,0,0,0,0,0,"{""6"": [], ""11"": []}",0.0,0.0,0.0,,0.0,0.0,0.0,,0.0,0.0
sabah:2023-10-26__ofke-baraji,sabah,2023-10-26,2,115,3077,3099,"Gezerken sağa, sola...",0,,0,0,,0,0,,0,5,0,0,0,0,0,0,0,0,0,"{""6"": [], ""11"": []}",0.0,0.0,0.0,,0.0,0.0,0.0,,0.0,0.0
sabah:2023-10-26__ofke-baraji,sabah,2023-10-26,2,116,3100,3141,"Kebapçıya, çorbacıya, dönerciye baktık...",0,,0,0,,0,0,,0,7,0,0,0,0,0,0,0,0,0,"{""6"": [], ""11"": []}",0.0,0.0,0.0,,0.0,0.0,0.0,,0.0,0.0
sabah:2023-10-26__ofke-baraji,sabah,2023-10-26,2,117,3142,3147,Dolu.,0,,0,0,,0,0,,0,2,0,0,0,0,0,0,0,0,0,"{""6"": [], ""11"": []}",0.0,0.0,0.0,,0.0,0.0,0.0,,0.0,0.0
sabah:2023-10-26__ofke-baraji,sabah,2023-10-26,2,118,3148,3161,Caddelerde...,0,,0,0,,0,0,,0,2,0,0,0,0,0,0,0,0,0,"{""6"": [], ""11"": []}",0.0,0.0,0.0,,0.0,0.0,0.0,,0.0,0.0
sabah:2023-10-26__ofke-baraji,sabah,2023-10-26,2,119,3162,3180,Son model araçlar.,0,,0,0,,0,0,,0,4,0,0,0,0,0,0,0,0,0,"{""6"": [], ""11"": []}",0.0,0.0,0.0,,0.0,0.0,0.0,,0.0,0.0
sabah:2023-10-26__ofke-baraji,sabah,2023-10-26,2,120,3181,3226,Çok kişinin elinde 70-80 bin liralık telefon.,0,,0,0,,0,0,,0,8,0,0,0,0,0,0,0,0,0,"{""6"": [], ""11"": []}",0.0,0.0,0.0,,0.0,0.0,0.0,,0.0,0.0
sabah:2023-10-26__ofke-baraji,sabah,2023-10-26,2,121,3227,3234,Evet...,0,,0,0,,0,0,,0,2,0,0,0,0,0,0,0,0,0,"{""6"": [], ""11"": []}",0.0,0.0,0.0,,0.0,0.0,0.0,,0.0,0.0
sabah:2023-10-26__ofke-baraji,sabah,2023-10-26,2,122,3235,3256,Batman'da para var...,0,,0,0,,0,0,,0,4,0,0,0,0,0,0,0,0,0,"{""6"": [], ""11"": []}",0.0,0.0,0.0,,0.0,0.0,0.0,,0.0,0.0
sabah:2023-10-26__ofke-baraji,sabah,2023-10-26,2,123,3257,3295,Banka mevduatları da bunun göstergesi.,0,,0,0,,0,0,,0,6,0,0,0,0,0,0,0,0,0,"{""6"": [], ""11"": []}",0.0,0.0,0.0,,0.0,0.0,0.0,,0.0,0.0
sabah:2023-10-26__ofke-baraji,sabah,2023-10-26,2,124,3296,3302,Ama...,0,,0,0,,0,0,,0,2,0,0,0,0,0,0,0,0,0,"{""6"": [], ""11"": []}",0.0,0.0,0.0,,0.0,0.0,0.0,,0.0,0.0
sabah:2023-10-26__ofke-baraji,sabah,2023-10-26,2,125,3303,3336,Sıkıntı çeken bir kesim de var...,0,,0,0,,0,0,,0,7,0,0,0,0,0,0,0,0,0,"{""6"": [], ""11"": []}",0.0,0.0,0.0,,0.0,0.0,0.0,,0.0,0.0
sabah:2023-10-26__ofke-baraji,sabah,2023-10-26,2,126,3337,3353,Gariban köylü...,0,,0,0,,0,0,,0,3,0,0,1,0,0,0,0,0,0,"{""6"": [], ""11"": []}",0.0,0.0,0.0,0.0,0.0,0.0,0.0,,1.0,0.0
sabah:2023-10-26__ofke-baraji,sabah,2023-10-26,2,127,3354,3368,Bir de emekli.,0,,0,0,,0,0,,0,4,0,0,1,0,0,0,0,0,0,"{""6"": [], ""11"": []}",1.0,1.0,1.0,,0.0,0.0,0.0,,1.0,0.0
sabah:2023-10-26__ofke-baraji,sabah,2023-10-26,2,128,3369,3386,*** Berber Ceylan,0,,0,0,,0,0,,0,3,0,0,0,0,0,0,0,0,0,"{""6"": [], ""11"": []}",0.0,0.0,0.0,,0.0,0.0,0.0,,0.0,0.0
sabah:2023-10-26__ofke-baraji,sabah,2023-10-26,2,129,3388,3426,"Saç tıraşı 80, sakal tıraşı 70 lira...",0,,0,0,,0,0,,0,9,0,0,0,0,0,0,0,0,0,"{""6"": [], ""11"": []}",0.0,0.0,0.0,,0.0,0.0,0.0,,0.0,0.0
sabah:2023-10-26__ofke-baraji,sabah,2023-10-26,2,130,3427,3456,"Hacamat da yapıyor, 250 lira.",0,,0,0,,0,0,,0,7,0,0,0,0,0,0,0,0,0,"{""6"": [], ""11"": []}",0.0,0.0,0.0,,0.0,0.0,0.0,,0.0,0.0
sabah:2023-10-26__ofke-baraji,sabah,2023-10-26,2,131,3457,3473,Ceylan Çiftçi...,0,,0,0,,0,0,,0,3,0,0,0,0,0,0,0,0,0,"{""6"": [], ""11"": []}",0.0,0.0,0.0,,0.0,0.0,0.0,,0.0,0.0
sabah:2023-10-26__ofke-baraji,sabah,2023-10-26,2,132,3474,3502,Batman'ın popüler berberi...,0,,0,0,,0,0,,0,4,0,0,0,0,0,0,0,0,0,"{""6"": [], ""11"": []}",0.0,0.0,0.0,,0.0,0.0,0.0,,0.0,0.0
sabah:2023-10-26__ofke-baraji,sabah,2023-10-26,2,133,3503,3527,Ziya Gökalp Caddesi'nde.,0,,0,0,,0,0,,0,4,0,0,0,0,0,0,0,0,0,"{""6"": [], ""11"": []}",0.0,0.0,0.0,,0.0,0.0,0.0,,0.0,0.0
sabah:2023-10-26__ofke-baraji,sabah,2023-10-26,2,134,3528,3559,Batman'a her gelişte uğrarız...,0,,0,0,,0,0,,0,5,0,0,0,0,0,0,0,0,0,"{""6"": [], ""11"": []}",0.0,0.0,0.0,,0.0,0.0,0.0,,0.0,0.0
sabah:2023-10-26__ofke-baraji,sabah,2023-10-26,2,135,3560,3589,Konakladığımız otele yakın...,0,,0,0,,0,0,,0,4,0,0,0,0,0,0,0,0,0,"{""6"": [], ""11"": []}",0.0,0.0,0.0,,0.0,0.0,0.0,,0.0,0.0
sabah:2023-10-26__ofke-baraji,sabah,2023-10-26,2,136,3590,3603,Tıraş oluruz.,0,,0,0,,0,0,,0,3,0,0,0,0,0,0,0,0,0,"{""6"": [], ""11"": []}",0.0,0.0,0.0,,0.0,0.0,0.0,,0.0,0.0
sabah:2023-10-26__ofke-baraji,sabah,2023-10-26,2,137,3604,3620,- Ceylan Usta...,0,,0,0,,0,0,,0,4,0,1,0,0,0,0,0,0,0,"{""6"": [], ""11"": []}",1.0,1.0,1.0,,0.0,0.0,0.0,,1.0,0.0
sabah:2023-10-26__ofke-baraji,sabah,2023-10-26,2,138,3621,3637,Anlat bakalım...,0,,0,0,,0,0,,0,3,0,0,0,0,0,0,0,0,0,"{""6"": [], ""11"": []}",0.0,0.0,0.0,,0.0,0.0,0.0,,0.0,0.0
sabah:2023-10-26__ofke-baraji,sabah,2023-10-26,2,139,3638,3661,Müşteriler ne diyorlar?,0,,0,0,,0,0,,0,4,0,0,0,0,0,0,0,0,0,"{""6"": [], ""11"": []}",0.0,0.0,0.0,,0.0,0.0,0.0,,0.0,0.0
sabah:2023-10-26__ofke-baraji,sabah,2023-10-26,2,140,3662,3687,Batmanlının hâli nicedir?,0,,0,0,,0,0,,0,5,0,0,0,0,0,0,0,0,0,"{""6"": [], ""11"": []}",0.0,0.0,0.0,,0.0,0.0,0.0,,0.0,0.0
sabah:2023-10-26__ofke-baraji,sabah,2023-10-26,2,141,3688,3704,Ceylan Çiftçi...,0,,0,0,,0,0,,0,3,0,0,0,0,0,0,0,0,0,"{""6"": [], ""11"": []}",0.0,0.0,0.0,,0.0,0.0,0.0,,0.0,0.0
sabah:2023-10-26__ofke-baraji,sabah,2023-10-26,2,142,3705,3726,Susturana aşkolsun...,0,,0,0,,0,0,,0,3,0,0,0,0,0,0,0,0,0,"{""6"": [], ""11"": []}",0.0,0.0,0.0,,0.0,0.0,0.0,,0.0,0.0
sabah:2023-10-26__ofke-baraji,sabah,2023-10-26,2,143,3727,3765,Başladı makineli tüfek gibi konuşmaya.,0,,0,0,,0,0,,0,6,0,0,0,0,0,0,0,0,0,"{""6"": [], ""11"": []}",0.0,0.0,0.0,,0.0,0.0,0.0,,0.0,0.0
sabah:2023-10-26__ofke-baraji,sabah,2023-10-26,2,144,3767,3820,Mehmet Abimiz (Mehmet Şimşek) kasanın başına geçti...,0,,0,0,,0,0,,0,10,0,1,0,0,1,0,0,0,0,"{""6"": [""Justification""], ""11"": []}",1.0,1.0,1.0,,1.0,1.0,1.0,,1.0,1.0
sabah:2023-10-26__ofke-baraji,sabah,2023-10-26,2,145,3821,3846,"Seviyoruz, güveniyoruz...",0,,0,0,,0,0,,0,4,0,0,0,0,1,0,0,0,0,"{""6"": [""Justification""], ""11"": []}",0.0,0.0,0.0,,1.0,1.0,1.0,,0.0,1.0
sabah:2023-10-26__ofke-baraji,sabah,2023-10-26,2,146,3847,3869,Ekonomi iyiye gidecek.,0,,0,0,,0,0,,0,4,0,0,0,0,1,0,0,0,0,"{""6"": [""Justification""], ""11"": []}",0.0,0.0,0.0,,1.0,1.0,1.0,,0.0,1.0
sabah:2023-10-26__ofke-baraji,sabah,2023-10-26,2,147,3870,3921,Sayın Başkan'ımızdan (Erdoğan) bir talebimiz var...,0,,0,0,,0,0,,0,9,0,0,0,0,0,0,0,0,0,"{""6"": [], ""11"": []}",0.0,0.0,0.0,,0.0,0.0,0.0,,0.0,0.0
sabah:2023-10-26__ofke-baraji,sabah,2023-10-26,2,148,3922,3937,Emekliye zam...,0,,0,0,,0,0,,0,3,0,0,0,0,0,0,0,0,0,"{""6"": [], ""11"": []}",0.0,0.0,0.0,,0.0,0.0,0.0,,0.0,0.0
sabah:2023-10-26__ofke-baraji,sabah,2023-10-26,2,149,3938,3986,Bir de benzin ile mazotun fiyatını aşağı çeksin.,0,,0,0,,0,0,,0,9,0,0,0,0,0,0,0,0,0,"{""6"": [], ""11"": []}",0.0,0.0,0.0,,0.0,0.0,0.0,,0.0,0.0
sabah:2023-10-26__ofke-baraji,sabah,2023-10-26,2,150,3987,4009,Valimizden memnunuz...,0,,0,0,,0,0,,0,3,0,0,0,0,1,0,0,0,0,"{""6"": [""Justification""], ""11"": []}",0.0,0.0,0.0,,1.0,1.0,1.0,,0.0,1.0
sabah:2023-10-26__ofke-baraji,sabah,2023-10-26,2,151,4010,4030,Makamda oturmuyor...,0,,0,0,,0,0,,0,3,0,0,0,0,1,0,0,0,0,"{""6"": [""Justification""], ""11"": []}",0.0,0.0,0.0,,1.0,1.0,1.0,,0.0,1.0
sabah:2023-10-26__ofke-baraji,sabah,2023-10-26,2,152,4031,4041,Dolaşıyor.,0,,0,0,,0,0,,0,2,0,0,0,0,0,0,0,0,0,"{""6"": [], ""11"": []}",0.0,0.0,0.0,,0.0,0.0,0.0,,0.0,0.0
sabah:2023-10-26__ofke-baraji,sabah,2023-10-26,2,153,4042,4068,Yerel seçimi bekliyoruz...,0,,0,0,,0,0,,0,4,0,0,0,0,0,0,0,0,0,"{""6"": [], ""11"": []}",0.0,0.0,0.0,,0.0,0.0,0.0,,0.0,0.0
sabah:2023-10-26__ofke-baraji,sabah,2023-10-26,2,154,4069,4107,"Burada, Altılı Masa'dan hiçbiri yok...",0,,0,0,,0,0,,0,7,0,0,0,1,0,0,0,0,0,"{""6"": [""Attack on Reputation""], ""11"": []}",0.0,0.0,0.0,,1.0,1.0,1.0,,0.0,1.0
sabah:2023-10-26__ofke-baraji,sabah,2023-10-26,2,155,4108,4122,Konuşulmaz da.,1,Konuşulmaz,1,0,,0,0,,1,3,0,0,0,1,0,0,0,0,0,"{""6"": [""Attack on Reputation""], ""11"": []}",0.0,0.0,0.0,,1.0,1.0,1.0,,0.0,1.0
sabah:2023-10-26__ofke-baraji,sabah,2023-10-26,2,156,4123,4166,Dükkânda en çok konuşulan konuya gelince...,1,konuşulan,1,0,,0,0,,1,7,0,0,0,0,0,0,0,0,0,"{""6"": [], ""11"": []}",0.0,0.0,0.0,,0.0,0.0,0.0,,0.0,0.0
sabah:2023-10-26__ofke-baraji,sabah,2023-10-26,2,157,4167,4201,"Kiracı, ev sahibinden şikâyetçi...",0,,0,0,,0,0,,0,7,0,0,0,0,0,0,0,0,0,"{""6"": [], ""11"": []}",0.0,0.0,0.0,,0.0,0.0,0.0,,0.0,0.0
sabah:2023-10-26__ofke-baraji,sabah,2023-10-26,2,158,4202,4226,"Ev sahibi de, kiracıdan.",0,,0,0,,0,0,,0,6,0,0,0,0,0,0,0,0,0,"{""6"": [], ""11"": []}",0.0,0.0,0.0,,0.0,0.0,0.0,,0.0,0.0
sabah:2023-10-26__ofke-baraji,sabah,2023-10-26,2,159,4227,4236,Sorduk...,0,,0,0,,0,0,,0,2,0,0,0,0,0,0,0,0,0,"{""6"": [], ""11"": []}",0.0,0.0,0.0,,0.0,0.0,0.0,,0.0,0.0
sabah:2023-10-26__ofke-baraji,sabah,2023-10-26,2,160,4237,4259,"""Ya sen Ceylan Usta...",0,,0,0,,0,0,,0,6,0,0,0,0,0,0,0,0,0,"{""6"": [], ""11"": []}",0.0,0.0,0.0,,0.0,0.0,0.0,,0.0,0.0
sabah:2023-10-26__ofke-baraji,sabah,2023-10-26,2,161,4260,4301,"Senin şikâyetin yok mu?"" - Olmaz olur mu?",0,,0,0,,0,0,,0,11,0,0,0,0,0,0,0,0,0,"{""6"": [], ""11"": []}",0.0,0.0,0.0,,0.0,0.0,0.0,,0.0,0.0
sabah:2023-10-26__ofke-baraji,sabah,2023-10-26,2,162,4302,4321,Ben de kiracıyım...,0,,0,0,,0,0,,0,5,0,0,0,0,0,0,0,0,0,"{""6"": [], ""11"": []}",0.0,0.0,0.0,,0.0,0.0,0.0,,0.0,0.0
sabah:2023-10-26__ofke-baraji,sabah,2023-10-26,2,163,4322,4354,Mülk sahibi bire dört istiyor...,0,,0,0,,0,0,,0,6,1,0,0,0,0,0,0,0,0,"{""6"": [], ""11"": []}",1.0,1.0,1.0,,0.0,0.0,0.0,,1.0,0.0
sabah:2023-10-26__ofke-baraji,sabah,2023-10-26,2,164,4355,4370,Dört kat zam...,0,,0,0,,0,0,,0,4,0,0,0,0,0,0,0,0,0,"{""6"": [], ""11"": []}",0.0,0.0,0.0,,0.0,0.0,0.0,,0.0,0.0
sabah:2023-10-26__ofke-baraji,sabah,2023-10-26,2,165,4371,4384,Şikâyetçiyim.,0,,0,0,,0,0,,0,3,0,0,0,0,0,0,0,0,0,"{""6"": [], ""11"": []}",0.0,0.0,0.0,,0.0,0.0,0.0,,0.0,0.0
sabah:2023-10-26__ofke-baraji,sabah,2023-10-26,2,166,4385,4400,*** Tarım rapor,0,,0,0,,0,0,,0,3,0,0,0,0,0,0,0,0,0,"{""6"": [], ""11"": []}",0.0,0.0,0.0,,0.0,0.0,0.0,,0.0,0.0
sabah:2023-10-26__ofke-baraji,sabah,2023-10-26,2,167,4400,4401,u,0,,0,0,,0,0,,0,1,0,0,0,0,0,0,0,0,0,"{""6"": [], ""11"": []}",0.0,0.0,0.0,,0.0,0.0,0.0,,0.0,0.0
sabah:2023-10-26__ofke-baraji,sabah,2023-10-26,2,168,4403,4457,Hifzullah Akdaş... Fıstık Üreticileri Birliği Başkanı.,0,,0,0,,0,0,,0,8,0,0,0,0,0,0,0,0,0,"{""6"": [], ""11"": []}",0.0,0.0,0.0,,0.0,0.0,0.0,,0.0,0.0
sabah:2023-10-26__ofke-baraji,sabah,2023-10-26,2,169,4458,4467,Fıstık...,0,,0,0,,0,0,,0,2,0,0,0,0,0,0,0,0,0,"{""6"": [], ""11"": []}",0.0,0.0,0.0,,0.0,0.0,0.0,,0.0,0.0
sabah:2023-10-26__ofke-baraji,sabah,2023-10-26,2,170,4468,4501,Batman'da önemli gelir kaynağı...,0,,0,0,,0,0,,0,6,0,0,0,0,0,0,0,0,0,"{""6"": [], ""11"": []}",0.0,0.0,0.0,,0.0,0.0,0.0,,0.0,0.0
sabah:2023-10-26__ofke-baraji,sabah,2023-10-26,2,171,4502,4526,Yılda 15 bin ton üretim.,0,,0,0,,0,0,,0,6,0,0,0,0,0,0,0,0,0,"{""6"": [], ""11"": []}",0.0,0.0,0.0,,0.0,0.0,0.0,,0.0,0.0
sabah:2023-10-26__ofke-baraji,sabah,2023-10-26,2,172,4527,4533,Ama...,0,,0,0,,0,0,,0,2,0,0,0,0,0,0,0,0,0,"{""6"": [], ""11"": []}",0.0,0.0,0.0,,0.0,0.0,0.0,,0.0,0.0
sabah:2023-10-26__ofke-baraji,sabah,2023-10-26,2,173,4534,4540,Yaz...,0,,0,0,,0,0,,0,2,0,0,0,0,0,0,0,0,0,"{""6"": [], ""11"": []}",0.0,0.0,0.0,,0.0,0.0,0.0,,0.0,0.0
sabah:2023-10-26__ofke-baraji,sabah,2023-10-26,2,174,4541,4555,Aşırı sıcak...,0,,0,0,,0,0,,0,3,0,0,0,0,0,0,0,0,0,"{""6"": [], ""11"": []}",0.0,0.0,0.0,,0.0,0.0,0.0,,0.0,0.0
sabah:2023-10-26__ofke-baraji,sabah,2023-10-26,2,175,4556,4578,Ürünün içi boşalmış...,1,boşalmış,1,1,boşalmış,1,0,,1,4,0,0,0,0,0,0,0,0,0,"{""6"": [], ""11"": []}",0.0,0.0,0.0,,0.0,0.0,0.0,,0.0,0.0
sabah:2023-10-26__ofke-baraji,sabah,2023-10-26,2,176,4579,4594,Verim düşmüş...,0,,0,1,düşmüş,1,0,,0,3,0,0,0,0,0,0,0,0,0,"{""6"": [], ""11"": []}",0.0,0.0,0.0,,0.0,0.0,0.0,,0.0,0.0
sabah:2023-10-26__ofke-baraji,sabah,2023-10-26,2,177,4595,4621,Rekolte bu yıl 11 bin ton.,0,,0,0,,0,0,,0,7,0,0,0,0,0,0,0,0,0,"{""6"": [], ""11"": []}",0.0,0.0,0.0,,0.0,0.0,0.0,,0.0,0.0
sabah:2023-10-26__ofke-baraji,sabah,2023-10-26,2,178,4622,4665,Hifzullah Akdaş dedi ki: - Hasat yapıldı...,1,yapıldı,1,0,,0,0,,1,9,0,0,0,0,0,0,0,0,0,"{""6"": [], ""11"": []}",0.0,0.0,0.0,,0.0,0.0,0.0,,0.0,0.0
sabah:2023-10-26__ofke-baraji,sabah,2023-10-26,2,179,4666,4705,Üretici 260- 300 lira arasında sattı...,0,,0,0,,0,0,,0,9,0,0,0,0,0,0,0,0,0,"{""6"": [], ""11"": []}",0.0,0.0,0.0,,0.0,0.0,0.0,,0.0,0.0
sabah:2023-10-26__ofke-baraji,sabah,2023-10-26,2,180,4706,4717,İyi para...,0,,0,0,,0,0,,0,3,0,0,0,0,0,0,0,0,0,"{""6"": [], ""11"": []}",0.0,0.0,0.0,,0.0,0.0,0.0,,0.0,0.0
sabah:2023-10-26__ofke-baraji,sabah,2023-10-26,2,181,4718,4773,"Ama siz marketten 450- 650 liraya alıyorsunuz, o başka.",0,,0,0,,0,0,,0,12,0,0,0,0,0,0,0,0,0,"{""6"": [], ""11"": []}",0.0,0.0,0.0,,0.0,0.0,0.0,,0.0,0.0
sabah:2023-10-26__ofke-baraji,sabah,2023-10-26,2,182,4774,4807,Diğer ürünlere gelince; Buğday...,0,,0,0,,0,0,,0,6,0,0,0,0,0,0,0,0,0,"{""6"": [], ""11"": []}",0.0,0.0,0.0,,0.0,0.0,0.0,,0.0,0.0
sabah:2023-10-26__ofke-baraji,sabah,2023-10-26,2,183,4808,4819,Mercimek...,0,,0,0,,0,0,,0,2,0,0,0,0,0,0,0,0,0,"{""6"": [], ""11"": []}",0.0,0.0,0.0,,0.0,0.0,0.0,,0.0,0.0
sabah:2023-10-26__ofke-baraji,sabah,2023-10-26,2,184,4820,4847,"Ürün, beklenenin üstünde...",0,,0,0,,0,0,,0,5,0,0,0,0,0,0,0,0,0,"{""6"": [], ""11"": []}",0.0,0.0,0.0,,0.0,0.0,0.0,,0.0,0.0
sabah:2023-10-26__ofke-baraji,sabah,2023-10-26,2,185,4848,4881,Toprak Mahsulleri Ofisi alıyor...,0,,0,0,,0,0,,0,5,0,0,0,0,0,0,0,0,0,"{""6"": [], ""11"": []}",0.0,0.0,0.0,,0.0,0.0,0.0,,0.0,0.0
sabah:2023-10-26__ofke-baraji,sabah,2023-10-26,2,186,4882,4892,Fiyat iyi.,0,,0,0,,0,0,,0,3,0,0,0,0,0,0,0,0,0,"{""6"": [], ""11"": []}",0.0,0.0,0.0,,0.0,0.0,0.0,,0.0,0.0
sabah:2023-10-26__ofke-baraji,sabah,2023-10-26,2,187,4893,4913,*** Köydeki villalar,0,,0,0,,0,0,,0,4,0,0,0,0,0,0,0,0,0,"{""6"": [], ""11"": []}",0.0,0.0,0.0,,0.0,0.0,0.0,,0.0,0.0
sabah:2023-10-26__ofke-baraji,sabah,2023-10-26,2,188,4915,4926,Gezerken...,0,,0,0,,0,0,,0,2,0,0,0,0,0,0,0,0,0,"{""6"": [], ""11"": []}",0.0,0.0,0.0,,0.0,0.0,0.0,,0.0,0.0
sabah:2023-10-26__ofke-baraji,sabah,2023-10-26,2,189,4927,4981,Beşiri ilçesinin köylerinde villa tipi evler gördük...,0,,0,0,,0,0,,0,8,0,0,0,0,0,0,0,0,0,"{""6"": [], ""11"": []}",0.0,0.0,0.0,,0.0,0.0,0.0,,0.0,0.0
sabah:2023-10-26__ofke-baraji,sabah,2023-10-26,2,190,4982,5008,Örneğin Uğurca Köyü'nde...,0,,0,0,,0,0,,0,4,0,0,0,0,0,0,0,0,0,"{""6"": [], ""11"": []}",0.0,0.0,0.0,,0.0,0.0,0.0,,0.0,0.0
sabah:2023-10-26__ofke-baraji,sabah,2023-10-26,2,191,5009,5023,Merak ettik...,0,,0,0,,0,0,,0,3,0,0,0,0,0,0,0,0,0,"{""6"": [], ""11"": []}",0.0,0.0,0.0,,0.0,0.0,0.0,,0.0,0.0
sabah:2023-10-26__ofke-baraji,sabah,2023-10-26,2,192,5024,5040,Sorduk: - Köy...,0,,0,0,,0,0,,0,5,0,0,0,0,0,0,0,0,0,"{""6"": [], ""11"": []}",0.0,0.0,0.0,,0.0,0.0,0.0,,0.0,0.0
sabah:2023-10-26__ofke-baraji,sabah,2023-10-26,2,193,5041,5064,Ve muhteşem villalar...,0,,0,0,,0,0,,0,4,0,0,0,0,0,0,0,0,0,"{""6"": [], ""11"": []}",0.0,0.0,0.0,,0.0,0.0,0.0,,0.0,0.0
sabah:2023-10-26__ofke-baraji,sabah,2023-10-26,2,194,5065,5074,Kimlerin?,0,,0,0,,0,0,,0,2,0,0,0,0,0,0,0,0,0,"{""6"": [], ""11"": []}",0.0,0.0,0.0,,0.0,0.0,0.0,,0.0,0.0
sabah:2023-10-26__ofke-baraji,sabah,2023-10-26,2,195,5076,5151,Gazeteci dostumuz Arif Arslan anlattı: - Avrupa'da Batmanlı Ezidiler var...,0,,0,0,,0,0,,0,12,0,0,0,0,0,0,0,0,0,"{""6"": [], ""11"": []}",0.0,0.0,0.0,,0.0,0.0,0.0,,0.0,0.0
sabah:2023-10-26__ofke-baraji,sabah,2023-10-26,2,196,5152,5167,15 bin kadar...,0,,0,0,,0,0,,0,4,0,0,0,0,0,0,0,0,0,"{""6"": [], ""11"": []}",0.0,0.0,0.0,,0.0,0.0,0.0,,0.0,0.0
sabah:2023-10-26__ofke-baraji,sabah,2023-10-26,2,197,5168,5190,Onlar yaptırıyorlar...,0,,0,0,,0,0,,0,3,0,0,0,0,0,0,0,0,0,"{""6"": [], ""11"": []}",0.0,0.0,0.0,,0.0,0.0,0.0,,0.0,0.0
sabah:2023-10-26__ofke-baraji,sabah,2023-10-26,2,198,5191,5209,Memleket özlemi...,0,,0,0,,0,0,,0,3,0,0,0,0,0,0,0,0,0,"{""6"": [], ""11"": []}",0.0,0.0,0.0,,0.0,0.0,0.0,,0.0,0.0
sabah:2023-10-26__ofke-baraji,sabah,2023-10-26,2,199,5210,5229,Yazları geliyorlar.,0,,0,0,,0,0,,0,3,0,0,0,0,0,0,0,0,0,"{""6"": [], ""11"": []}",0.0,0.0,0.0,,0.0,0.0,0.0,,0.0,0.0
sabah:2023-10-26__ofke-baraji,sabah,2023-10-26,2,200,5230,5248,*** İstiklal Parkı,0,,0,0,,0,0,,0,3,0,0,0,0,0,0,0,0,0,"{""6"": [], ""11"": []}",0.0,0.0,0.0,,0.0,0.0,0.0,,0.0,0.0
sabah:2023-10-26__ofke-baraji,sabah,2023-10-26,2,201,5250,5297,Muzaffer Özkan... Belediye Başkan Yardımcısı...,0,,0,0,,0,0,,0,7,0,0,0,0,0,0,0,0,0,"{""6"": [], ""11"": []}",0.0,0.0,0.0,,0.0,0.0,0.0,,0.0,0.0
sabah:2023-10-26__ofke-baraji,sabah,2023-10-26,2,202,5298,5311,Israr etti...,0,,0,0,,0,0,,0,3,0,0,0,0,0,0,0,0,0,"{""6"": [], ""11"": []}",0.0,0.0,0.0,,0.0,0.0,0.0,,0.0,0.0
sabah:2023-10-26__ofke-baraji,sabah,2023-10-26,2,203,5312,5347,İstiklal Parkı'nı görmemizi istedi.,0,,0,0,,0,0,,0,5,0,0,0,0,0,0,0,0,0,"{""6"": [], ""11"": []}",0.0,0.0,0.0,,0.0,0.0,0.0,,0.0,0.0
sabah:2023-10-26__ofke-baraji,sabah,2023-10-26,2,204,5349,5373,Batman Çayı kenarında...,0,,0,0,,0,0,,0,4,0,0,0,0,0,0,0,0,0,"{""6"": [], ""11"": []}",0.0,0.0,0.0,,0.0,0.0,0.0,,0.0,0.0
sabah:2023-10-26__ofke-baraji,sabah,2023-10-26,2,205,5374,5394,183 bin metrekare...,0,,0,0,,0,0,,0,4,0,0,0,0,0,0,0,0,0,"{""6"": [], ""11"": []}",0.0,0.0,0.0,,0.0,0.0,0.0,,0.0,0.0
sabah:2023-10-26__ofke-baraji,sabah,2023-10-26,2,206,5395,5417,Çocuk oyun grupları...,0,,0,0,,0,0,,0,4,0,0,0,0,0,0,0,0,0,"{""6"": [], ""11"": []}",0.0,0.0,0.0,,0.0,0.0,0.0,,0.0,0.0
sabah:2023-10-26__ofke-baraji,sabah,2023-10-26,2,207,5418,5436,Piknik alanları...,0,,0,0,,0,0,,0,3,0,0,0,0,0,0,0,0,0,"{""6"": [], ""11"": []}",0.0,0.0,0.0,,0.0,0.0,0.0,,0.0,0.0
sabah:2023-10-26__ofke-baraji,sabah,2023-10-26,2,208,5437,5471,Yerel ürünlerin satıldığı büfeler.,1,satıldığı,1,0,,0,0,,1,5,0,0,0,0,0,0,0,0,0,"{""6"": [], ""11"": []}",0.0,0.0,0.0,,0.0,0.0,0.0,,0.0,0.0
sabah:2023-10-26__ofke-baraji,sabah,2023-10-26,2,209,5472,5481,Gezdik...,0,,0,0,,0,0,,0,2,0,0,0,0,0,0,0,0,0,"{""6"": [], ""11"": []}",0.0,0.0,0.0,,0.0,0.0,0.0,,0.0,0.0
sabah:2023-10-26__ofke-baraji,sabah,2023-10-26,2,210,5482,5493,Beğendik...,0,,0,0,,0,0,,0,2,0,0,0,0,0,0,0,0,0,"{""6"": [], ""11"": []}",0.0,0.0,0.0,,0.0,0.0,0.0,,0.0,0.0
sabah:2023-10-26__ofke-baraji,sabah,2023-10-26,2,211,5494,5512,Batman'a yakışmış.,0,,0,1,yakışmış,1,0,,0,3,0,0,0,0,0,0,0,0,0,"{""6"": [], ""11"": []}",0.0,0.0,0.0,,0.0,0.0,0.0,,0.0,0.0
sabah:2023-10-26__ofke-baraji,sabah,2023-10-26,2,212,5513,5588,Sabah.com.tr Uygulamamızı İndirin Uygulamalara Özel Ayrıcalıkları Keşfedin!,0,,0,0,,0,0,,0,8,0,0,0,0,0,0,0,0,0,"{""6"": [], ""11"": []}",0.0,0.0,0.0,,0.0,0.0,0.0,,0.0,0.0
sabah:2023-11-04__chpde-tasfiye-taburlari,sabah,2023-11-04,3,0,0,39,MAHMUT ÖVÜR - CHP’de ‘Tasfiye Taburları,0,,0,0,,0,0,,0,7,0,0,0,0,0,0,0,0,0,"{""6"": [], ""7"": [], ""11"": []}",0.0,0.0,0.0,,0.0,0.0,0.0,,0.0,0.0
sabah:2023-11-04__chpde-tasfiye-taburlari,sabah,2023-11-04,3,1,39,40,’,0,,0,0,,0,0,,0,1,0,0,0,0,0,0,0,0,0,"{""6"": [], ""7"": [], ""11"": []}",0.0,0.0,0.0,,0.0,0.0,0.0,,0.0,0.0
sabah:2023-11-04__chpde-tasfiye-taburlari,sabah,2023-11-04,3,2,42,164,"Prusyalı General ve entelektüel Carl von Clausewitz, ""Savaş siyasetin başka araçlarla (şiddet araçlarıyla) devamıdır"" der.",0,,0,0,,0,0,,0,22,0,0,0,0,0,0,0,0,0,"{""6"": [], ""7"": [], ""11"": []}",0.0,0.0,0.0,,0.0,0.0,0.0,,0.0,0.0
sabah:2023-11-04__chpde-tasfiye-taburlari,sabah,2023-11-04,3,3,165,203,Aslında siyaset de bir çeşit savaştır.,0,,0,0,,0,0,,0,8,0,0,0,0,0,0,0,0,0,"{""6"": [], ""7"": [], ""11"": []}",0.0,0.0,0.0,,0.0,0.0,0.0,,0.0,0.0
sabah:2023-11-04__chpde-tasfiye-taburlari,sabah,2023-11-04,3,4,204,410,"Siyaset alanında sert ideolojik mücadelelerin yaşandığı, strateji ve taktiklerin havada uçuştuğu, bazen zorun devreye sokulduğu, her yolun mübah sayılarak rakiplerin ortadan kaldırıldığı bilinen bir gerçek.",1,yaşandığı | uçuştuğu | sokulduğu | sayılarak | kaldırıldığı | bilinen,6,0,,0,0,,1,29,0,0,0,0,1,0,0,0,0,"{""6"": [], ""7"": [""Justification""], ""11"": []}",0.0,0.0,0.0,,1.0,1.0,1.0,,0.0,1.0
sabah:2023-11-04__chpde-tasfiye-taburlari,sabah,2023-11-04,3,5,412,521,Bu siyasi savaşlar da farklı partiler ve ideolojiler arasında olduğu gibi aynı parti içinde de yaşanabiliyor.,1,yaşanabiliyor,1,0,,0,0,,1,17,0,0,0,0,0,0,0,0,0,"{""6"": [], ""7"": [], ""11"": []}",0.0,0.0,0.0,,0.0,0.0,0.0,,0.0,0.0
sabah:2023-11-04__chpde-tasfiye-taburlari,sabah,2023-11-04,3,6,522,554,CHP tarihi bu açıdan çok zengin.,0,,0,0,,0,0,,0,7,0,0,0,0,0,0,0,0,0,"{""6"": [], ""7"": [], ""11"": []}",0.0,0.0,0.0,,0.0,0.0,0.0,,0.0,0.0
sabah:2023-11-04__chpde-tasfiye-taburlari,sabah,2023-11-04,3,7,555,683,"Çoğu kez fikir yarışlarının yapıldığı kongrelerin, kurultayların zaman zaman ""savaş alanı""na döndüğü gerçeği de herkesin malumu.",1,yapıldığı,1,0,,0,0,,1,18,0,0,0,0,0,0,0,0,0,"{""6"": [], ""7"": [], ""11"": []}",0.0,0.0,0.0,,0.0,0.0,0.0,,0.0,0.0
sabah:2023-11-04__chpde-tasfiye-taburlari,sabah,2023-11-04,3,8,685,762,"Bugün işte onlardan biri, CHP'nin 38'inci Olağanüstü Kurultayı gerçekleşiyor.",0,,0,0,,0,0,,0,11,0,0,0,0,0,0,0,0,0,"{""6"": [], ""7"": [], ""11"": []}",0.0,0.0,0.0,,0.0,0.0,0.0,,0.0,0.0
sabah:2023-11-04__chpde-tasfiye-taburlari,sabah,2023-11-04,3,9,763,891,Gerilim yaşanacağına ilişkin düşük düzeyde bir kaygı olsa da kurultay öncesi Ankara kulislerindeki hava çok pozitif görünüyor...,1,yaşanacağına,1,0,,0,0,,1,19,0,0,0,0,0,0,0,0,0,"{""6"": [], ""7"": [], ""11"": []}",0.0,0.0,0.0,,0.0,0.0,0.0,,0.0,0.0
sabah:2023-11-04__chpde-tasfiye-taburlari,sabah,2023-11-04,3,10,892,959,Bunun nedeni de herhalde her iki tarafın da kazanma hesabı yapması.,0,,0,0,,0,0,,0,12,0,0,0,0,0,0,0,0,0,"{""6"": [], ""7"": [], ""11"": []}",0.0,0.0,0.0,,0.0,0.0,0.0,,0.0,0.0
sabah:2023-11-04__chpde-tasfiye-taburlari,sabah,2023-11-04,3,11,961,1057,Kalacağım otelin önünde karşılaştığı bir grup Kılıçdaroğlu taraftarına beklentilerini soruyorum.,0,,0,0,,0,0,,0,11,0,0,0,0,0,0,0,0,0,"{""6"": [], ""7"": [], ""11"": []}",0.0,0.0,0.0,,0.0,0.0,0.0,,0.0,0.0
sabah:2023-11-04__chpde-tasfiye-taburlari,sabah,2023-11-04,3,12,1059,1104,"""Başa baş görünüyor ama biz bir adım öndeyiz.",0,,0,0,,0,0,,0,11,0,0,0,0,0,0,0,0,0,"{""6"": [], ""7"": [], ""11"": []}",0.0,0.0,0.0,,0.0,0.0,0.0,,0.0,0.0
sabah:2023-11-04__chpde-tasfiye-taburlari,sabah,2023-11-04,3,13,1104,1105,"""",0,,0,0,,0,0,,0,1,0,0,0,0,0,0,0,0,0,"{""6"": [], ""7"": [], ""11"": []}",0.0,0.0,0.0,,0.0,0.0,0.0,,0.0,0.0
sabah:2023-11-04__chpde-tasfiye-taburlari,sabah,2023-11-04,3,14,1107,1198,"Araya girip, ""Başa baş görünüyorsanız işiniz zor"" deyince tecrübeli bir CHP'li şöyle diyor:",0,,0,0,,0,0,,0,17,0,0,0,0,0,0,0,0,0,"{""6"": [], ""7"": [], ""11"": []}",0.0,0.0,0.0,,0.0,0.0,0.0,,0.0,0.0
sabah:2023-11-04__chpde-tasfiye-taburlari,sabah,2023-11-04,3,15,1200,1244,"""Siyasi açıdan öyle olması çok daha değerli.",0,,0,0,,0,0,,0,8,0,0,0,0,0,0,0,0,0,"{""6"": [], ""7"": [], ""11"": []}",0.0,0.0,0.0,,0.0,0.0,0.0,,0.0,0.0
sabah:2023-11-04__chpde-tasfiye-taburlari,sabah,2023-11-04,3,16,1244,1245,"""",0,,0,0,,0,0,,0,1,0,0,0,0,0,0,0,0,0,"{""6"": [], ""7"": [], ""11"": []}",0.0,0.0,0.0,,0.0,0.0,0.0,,0.0,0.0
sabah:2023-11-04__chpde-tasfiye-taburlari,sabah,2023-11-04,3,17,1247,1339,Kılıçdaroğlu'nu destekleyenler bu ruh hâlinde ve az farkla da olsa kazanacakları iddiasında.,0,,0,0,,0,0,,0,13,0,0,0,0,0,0,0,0,0,"{""6"": [], ""7"": [], ""11"": []}",0.0,0.0,0.0,,0.0,0.0,0.0,,0.0,0.0
sabah:2023-11-04__chpde-tasfiye-taburlari,sabah,2023-11-04,3,18,1340,1376,Ancak ortada bir belirsizlik de var.,0,,0,0,,0,0,,0,7,0,0,0,0,0,0,0,0,0,"{""6"": [], ""7"": [], ""11"": []}",0.0,0.0,0.0,,0.0,0.0,0.0,,0.0,0.0
sabah:2023-11-04__chpde-tasfiye-taburlari,sabah,2023-11-04,3,19,1377,1441,"Bu yüzden iki taraf da ""delege avı""na bütün güçleriyle asılıyor.",1,asılıyor,1,0,,0,0,,1,12,0,0,0,0,0,0,0,0,0,"{""6"": [], ""7"": [], ""11"": []}",0.0,0.0,0.0,,0.0,0.0,0.0,,0.0,0.0
sabah:2023-11-04__chpde-tasfiye-taburlari,sabah,2023-11-04,3,20,1442,1530,"Hangi delegenin kime imza verdiği, imza verse bile sözünde durup durmayacağı bilinmiyor.",1,bilinmiyor,1,0,,0,0,,1,14,0,0,0,0,0,0,0,0,0,"{""6"": [], ""7"": [], ""11"": []}",0.0,0.0,0.0,,0.0,0.0,0.0,,0.0,0.0
sabah:2023-11-04__chpde-tasfiye-taburlari,sabah,2023-11-04,3,21,1531,1561,Bu da belirsizliğe yol açıyor.,0,,0,0,,0,0,,0,6,0,0,0,0,0,0,0,0,0,"{""6"": [], ""7"": [], ""11"": []}",0.0,0.0,0.0,,0.0,0.0,0.0,,0.0,0.0
sabah:2023-11-04__chpde-tasfiye-taburlari,sabah,2023-11-04,3,22,1563,1707,"Uzun yıllardır CHP kurultaylarını izleyen biri olarak ilk kez bu kadar paranın, mevkinin, pozisyonun pazarlık konusu yapıldığına tanık oluyorum.",1,yapıldığına,1,0,,0,0,,1,23,0,0,0,1,0,0,0,0,0,"{""6"": [""Attack on Reputation""], ""7"": [], ""11"": []}",0.0,0.0,0.0,,1.0,1.0,1.0,,0.0,1.0
sabah:2023-11-04__chpde-tasfiye-taburlari,sabah,2023-11-04,3,23,1708,1831,"İstanbul Büyükşehir Belediyesi olanakları da, bir bankanın yönetim kurulu üyeliği de delege avının araçları olarak devrede.",0,,0,0,,0,0,,0,18,0,0,0,0,0,0,0,0,0,"{""6"": [], ""7"": [], ""11"": []}",0.0,0.0,0.0,,0.0,0.0,0.0,,0.0,0.0
sabah:2023-11-04__chpde-tasfiye-taburlari,sabah,2023-11-04,3,24,1832,1879,Kimin kaç delegesi olduğu bu yüzden bilinmiyor.,1,bilinmiyor,1,0,,0,0,,1,8,0,0,0,0,0,0,0,0,0,"{""6"": [], ""7"": [], ""11"": []}",0.0,0.0,0.0,,0.0,0.0,0.0,,0.0,0.0
sabah:2023-11-04__chpde-tasfiye-taburlari,sabah,2023-11-04,3,25,1881,1931,Bu tabloda muhalefet cephesinin şansı daha yüksek.,0,,0,0,,0,0,,0,8,0,0,0,0,0,0,0,0,0,"{""6"": [], ""7"": [], ""11"": []}",0.0,0.0,0.0,,0.0,0.0,0.0,,0.0,0.0
sabah:2023-11-04__chpde-tasfiye-taburlari,sabah,2023-11-04,3,26,1932,1993,Hem maddi olanakları güçlü hem de siyasi zemin onlardan yana.,0,,0,0,,0,0,,0,11,0,0,0,0,0,0,0,0,0,"{""6"": [], ""7"": [], ""11"": []}",0.0,0.0,0.0,,0.0,0.0,0.0,,0.0,0.0
sabah:2023-11-04__chpde-tasfiye-taburlari,sabah,2023-11-04,3,27,1994,2150,"İçi doldurulmasa da Özgür Özel gibi geçmişin bütün günahlarına ortak biri aday da olsa toplumda bir ""değişim"" arzusu var ve bu gerçek delegeyi de etkiliyor.",1,doldurulmasa,1,0,,0,0,,1,27,0,0,0,1,0,0,0,0,0,"{""6"": [""Attack on Reputation""], ""7"": [], ""11"": []}",0.0,0.0,0.0,,1.0,1.0,1.0,,0.0,1.0
sabah:2023-11-04__chpde-tasfiye-taburlari,sabah,2023-11-04,3,28,2152,2223,"Değişimci bir delege şöyle diyor: ""Artık yeter, ben Doğu'dan geliyorum.",0,,0,0,,0,0,,0,14,0,0,0,0,0,0,0,0,0,"{""6"": [], ""7"": [], ""11"": []}",0.0,0.0,0.0,,0.0,0.0,0.0,,0.0,0.0
sabah:2023-11-04__chpde-tasfiye-taburlari,sabah,2023-11-04,3,29,2224,2250,Bütün iller değişim diyor.,0,,0,0,,0,0,,0,5,0,0,0,0,0,0,0,0,0,"{""6"": [], ""7"": [], ""11"": []}",0.0,0.0,0.0,,0.0,0.0,0.0,,0.0,0.0
sabah:2023-11-04__chpde-tasfiye-taburlari,sabah,2023-11-04,3,30,2251,2298,Zaten yönetim değişmese CHP yüzde 15'lere iner.,0,,0,0,,0,0,,0,8,0,0,0,0,0,0,0,0,0,"{""6"": [], ""7"": [], ""11"": []}",0.0,0.0,0.0,,0.0,0.0,0.0,,0.0,0.0
sabah:2023-11-04__chpde-tasfiye-taburlari,sabah,2023-11-04,3,31,2298,2299,"""",0,,0,0,,0,0,,0,1,0,0,0,0,0,0,0,0,0,"{""6"": [], ""7"": [], ""11"": []}",0.0,0.0,0.0,,0.0,0.0,0.0,,0.0,0.0
sabah:2023-11-04__chpde-tasfiye-taburlari,sabah,2023-11-04,3,32,2301,2475,"Optimar Araştırma'nın son anketinde, ""Sizce Kemal Kılıçdaroğlu devam mı etmeli yoksa yerine başka bir kişi mi gelmeli?"" sorusuna verilen cevaplar da bu tespitleri doğruluyor.",1,verilen,1,0,,0,0,,1,30,1,0,0,0,1,0,0,0,0,"{""6"": [""Justification""], ""7"": [], ""11"": []}",1.0,1.0,1.0,,1.0,1.0,1.0,,1.0,1.0
sabah:2023-11-04__chpde-tasfiye-taburlari,sabah,2023-11-04,3,33,2477,2601,"""Devam etmeli"" diyenlerin oranı yüzde 24, ""Devam etmemeli, yerine başka bir kişi gelmeli"" diyenlerin oranı ise yüzde 65.7...",0,,0,0,,0,0,,0,23,0,0,0,0,1,0,0,0,0,"{""6"": [""Justification""], ""7"": [], ""11"": []}",0.0,0.0,0.0,,1.0,1.0,1.0,,0.0,1.0
sabah:2023-11-04__chpde-tasfiye-taburlari,sabah,2023-11-04,3,34,2602,2643,Fikri olmayanların oranı da yüzde 10.3...,0,,0,0,,0,0,,0,7,0,0,0,0,1,0,0,0,0,"{""6"": [""Justification""], ""7"": [], ""11"": []}",0.0,0.0,0.0,,1.0,1.0,1.0,,0.0,1.0
sabah:2023-11-04__chpde-tasfiye-taburlari,sabah,2023-11-04,3,35,2645,2759,Özgür Özel ve arkasındaki Ekrem İmamoğlu siyaseten yeni bir şey söylemeseler de bu rüzgâr şimdilik onlara yetiyor.,0,,0,0,,0,0,,0,19,1,1,0,0,0,0,0,0,0,"{""6"": [], ""7"": [], ""11"": []}",1.0,1.0,1.0,1.0,0.0,0.0,0.0,,1.0,0.0
sabah:2023-11-04__chpde-tasfiye-taburlari,sabah,2023-11-04,3,36,2760,2821,Ama daha çarpıcı bir tespiti tecrübeli bir siyasetçi yapıyor:,0,,0,0,,0,0,,0,11,0,0,0,0,0,0,0,0,0,"{""6"": [], ""7"": [], ""11"": []}",0.0,0.0,0.0,,0.0,0.0,0.0,,0.0,0.0
sabah:2023-11-04__chpde-tasfiye-taburlari,sabah,2023-11-04,3,37,2823,2986,"""Muhalefet tutarsız da olsa, ortaya yeni bir siyaset koyamasa da yıpranmış bir parti yönetiminin olduğu süreçlerde delegeyi farklı yöntemlerle elde tutmak çok zor.",1,yıpranmış,1,1,yıpranmış,1,0,,1,26,0,0,0,0,0,0,0,0,0,"{""6"": [], ""7"": [], ""11"": []}",0.0,0.0,0.0,,0.0,0.0,0.0,,0.0,0.0
sabah:2023-11-04__chpde-tasfiye-taburlari,sabah,2023-11-04,3,38,2987,3004,O bildiğini okur.,0,,0,0,,0,0,,0,4,0,0,0,0,0,0,0,0,0,"{""6"": [], ""7"": [], ""11"": []}",0.0,0.0,0.0,,0.0,0.0,0.0,,0.0,0.0
sabah:2023-11-04__chpde-tasfiye-taburlari,sabah,2023-11-04,3,39,3005,3073,"Parti nereye gider, uçuruma mı sürüklenir bakmaz, değişmesini ister.",0,,0,0,,0,0,,0,12,0,0,0,0,0,0,0,0,0,"{""6"": [], ""7"": [], ""11"": []}",0.0,0.0,0.0,,0.0,0.0,0.0,,0.0,0.0
sabah:2023-11-04__chpde-tasfiye-taburlari,sabah,2023-11-04,3,40,3074,3137,Bu tür zamanların delegelerine biz 'Tasfiye Taburları' diyoruz.,0,,0,0,,0,0,,0,9,0,0,0,0,0,0,0,0,0,"{""6"": [], ""7"": [], ""11"": []}",0.0,0.0,0.0,,0.0,0.0,0.0,,0.0,0.0
sabah:2023-11-04__chpde-tasfiye-taburlari,sabah,2023-11-04,3,41,3138,3194,CHP'de böyle bir durum var ve bu durdurulamaz görünüyor.,1,durdurulamaz,1,0,,0,0,,1,10,1,0,0,0,0,0,0,0,0,"{""6"": [], ""7"": [], ""11"": []}",1.0,1.0,1.0,,0.0,0.0,0.0,,1.0,0.0
sabah:2023-11-04__chpde-tasfiye-taburlari,sabah,2023-11-04,3,42,3195,3221,Durdurulursa sürpriz olur.,0,,0,0,,0,0,,0,4,0,0,0,0,0,0,0,0,0,"{""6"": [], ""7"": [], ""11"": []}",0.0,0.0,0.0,,0.0,0.0,0.0,,0.0,0.0
sabah:2023-11-04__chpde-tasfiye-taburlari,sabah,2023-11-04,3,43,3221,3222,"""",0,,0,0,,0,0,,0,1,0,0,0,0,0,0,0,0,0,"{""6"": [], ""7"": [], ""11"": []}",0.0,0.0,0.0,,0.0,0.0,0.0,,0.0,0.0
sabah:2024-02-25__paralel-ibbden-paralel-chpye,sabah,2024-02-25,2,0,0,46,MAHMUT ÖVÜR - ‘Paralel İBB’den ‘Paralel CHP’ye,0,,0,0,,0,0,,0,9,1,0,0,0,0,0,1,0,0,"{""6"": [""Simplification""], ""11"": []}",1.0,1.0,1.0,,1.0,1.0,1.0,,1.0,1.0
sabah:2024-02-25__paralel-ibbden-paralel-chpye,sabah,2024-02-25,2,1,48,231,"CHP içinde bugün ortaya çıkan üç merkezli, daha doğrusu ""iki merkezli"" çatışmanın tohumları aslında Kılıçdaroğlu'nun siyaset mühendisliğiyle kazandırdığı İstanbul seçimleriyle atıldı.",1,atıldı,1,0,,0,0,,1,23,1,0,0,0,0,0,0,0,0,"{""6"": [], ""11"": []}",1.0,1.0,1.0,,0.0,0.0,0.0,,1.0,0.0
sabah:2024-02-25__paralel-ibbden-paralel-chpye,sabah,2024-02-25,2,2,233,372,"İlk işareti de başkanlık koltuğuna oturan Ekrem İmamoğlu'nun siyasi danışmanı Necati Özkan, meşhur ""O makamın sahibi var"" tweet'iyle verdi.",0,,0,0,,0,0,,0,22,1,0,0,0,0,0,0,0,0,"{""6"": [], ""11"": []}",1.0,1.0,1.0,,0.0,0.0,0.0,,1.0,0.0
sabah:2024-02-25__paralel-ibbden-paralel-chpye,sabah,2024-02-25,2,3,374,643,"Sonrası malum; İmamoğlu'nun önünü tasfiyelerle CHP'nin genetiğini bozan, itiraz edenleri elimine eden Kılıçdaroğlu açmış, ""Başbakan olacağım"" diye yeri göğü inleten Meral Akşener ""Fatih"" seviyesine yükseltmiş, ardından da küresel güçlerin büyükelçileri sıraya girmişti.",0,,0,1,açmış | yükseltmiş,2,0,,0,40,1,0,0,0,0,0,0,0,0,"{""6"": [], ""11"": []}",0.0,1.0,0.0,0.0,0.0,0.0,0.0,,1.0,0.0
sabah:2024-02-25__paralel-ibbden-paralel-chpye,sabah,2024-02-25,2,4,645,718,"Artık kaybedenler kulübü üyelerinin yeni umudu ""yeni nesil siyasetçi""ydi.",0,,0,0,,0,0,,0,12,0,0,0,0,0,0,0,0,0,"{""6"": [], ""11"": []}",0.0,0.0,0.0,,0.0,0.0,0.0,,0.0,0.0
sabah:2024-02-25__paralel-ibbden-paralel-chpye,sabah,2024-02-25,2,5,720,885,"Sürekli seçim kaybeden yorgun sosyal demokratlar, hiç değişmeyen Atatürkçü CHP'liler de doğal olarak işaret edilen yeni aktörün etrafında pozisyon alma yarışındaydı.",1,edilen,1,0,,0,0,,1,25,1,1,0,0,0,0,0,0,0,"{""6"": [], ""11"": []}",1.0,1.0,0.0,1.0,0.0,0.0,0.0,,1.0,0.0
sabah:2024-02-25__paralel-ibbden-paralel-chpye,sabah,2024-02-25,2,6,886,995,"Siyaset unutulmuş, kimi belediyede danışmanlık, kimi yönetim kurulu üyeliği kimi de ihale almanın peşindeydi.",1,unutulmuş,1,1,unutulmuş,1,0,,1,18,0,0,0,0,0,0,0,0,0,"{""6"": [], ""11"": []}",0.0,0.0,0.0,,0.0,0.0,0.0,,0.0,0.0
sabah:2024-02-25__paralel-ibbden-paralel-chpye,sabah,2024-02-25,2,7,997,1154,"Anlayacağınız Kılıçdaroğlu kendi eliyle siyasetsizleştirdiği CHP'yi, elinde devasa mali gücü olan İBB Başkanı İmamoğlu'nun önüne ""kolay lokma"" diye koymuştu.",0,,0,0,,0,0,,0,23,1,0,0,1,0,1,0,0,0,"{""6"": [""Manipulative Wording""], ""11"": [""Attack on Reputation""]}",1.0,1.0,1.0,,1.0,1.0,0.0,1.0,1.0,1.0
sabah:2024-02-25__paralel-ibbden-paralel-chpye,sabah,2024-02-25,2,8,1156,1237,O da bu fırsatı kaçırmadı ve CHP'yi yönetmek için o kadroları İBB'ye yerleştirdi.,0,,0,0,,0,0,,0,14,0,0,0,0,0,0,0,0,0,"{""6"": [], ""11"": []}",0.0,0.0,0.0,,0.0,0.0,0.0,,0.0,0.0
sabah:2024-02-25__paralel-ibbden-paralel-chpye,sabah,2024-02-25,2,9,1238,1259,Hepsine maaş bağladı.,0,,0,0,,0,0,,0,4,0,0,0,0,0,0,0,0,0,"{""6"": [], ""11"": []}",0.0,0.0,0.0,,0.0,0.0,0.0,,0.0,0.0
sabah:2024-02-25__paralel-ibbden-paralel-chpye,sabah,2024-02-25,2,10,1261,1338,Tam 4 yıl önce 28 Ağustos 2020'de bu gidişatın ne anlama geldiğini yazmıştım:,0,,0,0,,0,0,,0,14,0,0,0,0,1,0,0,0,0,"{""6"": [""Justification""], ""11"": []}",0.0,0.0,0.0,,1.0,1.0,1.0,,0.0,1.0
sabah:2024-02-25__paralel-ibbden-paralel-chpye,sabah,2024-02-25,2,11,1340,1375,"""İBB'de artık bir paralel yapı var.",0,,0,0,,0,0,,0,8,0,0,0,0,1,1,0,0,0,"{""6"": [""Justification"", ""Manipulative Wording""], ""11"": []}",0.0,0.0,0.0,,1.0,1.0,1.0,,0.0,1.0
sabah:2024-02-25__paralel-ibbden-paralel-chpye,sabah,2024-02-25,2,12,1376,1478,Bir anlamda (İmamoğlu) İBB'de kendisine bağlı yeni bir 'paralel' siyasi ve ekonomik kadro oluşturuyor.,0,,0,0,,0,0,,0,17,0,0,0,0,0,0,0,0,0,"{""6"": [], ""11"": []}",0.0,0.0,0.0,,0.0,0.0,0.0,,0.0,0.0
sabah:2024-02-25__paralel-ibbden-paralel-chpye,sabah,2024-02-25,2,13,1478,1479,"""",0,,0,0,,0,0,,0,1,0,0,0,0,0,0,0,0,0,"{""6"": [], ""11"": []}",0.0,0.0,0.0,,0.0,0.0,0.0,,0.0,0.0
sabah:2024-02-25__paralel-ibbden-paralel-chpye,sabah,2024-02-25,2,14,1481,1575,"Şu tespit de o günden: ""Koca İstanbul Büyükşehir Belediyesi danışmanlar ordusuyla yönetiliyor.",1,yönetiliyor,1,0,,0,0,,1,15,0,0,0,0,0,0,0,0,0,"{""6"": [], ""11"": []}",0.0,0.0,0.0,,0.0,0.0,0.0,,0.0,0.0
sabah:2024-02-25__paralel-ibbden-paralel-chpye,sabah,2024-02-25,2,15,1576,1696,"Her birim deyim yerindeyse 'paralel' bir 'danışmanlar birimi' tarafından izleniyor, denetleniyor, hatta yönlendiriliyor.",1,izleniyor | denetleniyor | yönlendiriliyor,3,0,,0,1,,0,17,0,0,0,0,0,0,0,0,0,"{""6"": [], ""11"": []}",0.0,0.0,0.0,,0.0,0.0,0.0,,0.0,0.0
sabah:2024-02-25__paralel-ibbden-paralel-chpye,sabah,2024-02-25,2,16,1696,1697,"""",0,,0,0,,0,0,,0,1,0,0,0,0,0,0,0,0,0,"{""6"": [], ""11"": []}",0.0,0.0,0.0,,0.0,0.0,0.0,,0.0,0.0
sabah:2024-02-25__paralel-ibbden-paralel-chpye,sabah,2024-02-25,2,17,1699,1794,Kılıçdaroğlu farkında mıydı bilmiyorum ama o gün CHP'liler bunun farkındaydı ki şöyle yazmışım:,0,,0,1,yazmışım,1,0,,0,16,0,0,0,0,0,0,0,0,0,"{""6"": [], ""11"": []}",0.0,0.0,0.0,,0.0,0.0,0.0,,0.0,0.0
sabah:2024-02-25__paralel-ibbden-paralel-chpye,sabah,2024-02-25,2,18,1796,2006,"""Klasik CHP'liler bu tabloyla İBB üzerinden yeni bir yapılanma oluşturulduğunun farkındalar ve kızıyorlar ama hiçbirinin ne bu gidişata dur diyecek gücü var ne de alternatif bir siyaset üretecek potansiyelleri.",1,oluşturulduğunun,1,0,,0,0,,1,32,0,0,0,0,0,0,0,0,0,"{""6"": [], ""11"": []}",0.0,0.0,0.0,,0.0,0.0,0.0,,0.0,0.0
sabah:2024-02-25__paralel-ibbden-paralel-chpye,sabah,2024-02-25,2,19,2006,2007,"""",0,,0,0,,0,0,,0,1,0,0,0,0,0,0,0,0,0,"{""6"": [], ""11"": []}",0.0,0.0,0.0,,0.0,0.0,0.0,,0.0,0.0
sabah:2024-02-25__paralel-ibbden-paralel-chpye,sabah,2024-02-25,2,20,2009,2231,"Dönün bakın, İmamoğlu'nun danışmanlarının veya İstanbul Planlama Ajansı'nda görev verdiklerinin (Bu arada DEM'in isteğiyle Esenyurt Belediye Başkanı adayı yapılan Ahmet Özer de o ekipten) hiçbiri CHP geleneğinden gelmiyor.",1,yapılan,1,0,,0,0,,1,32,0,0,1,0,1,0,0,0,0,"{""6"": [""Justification""], ""11"": []}",1.0,1.0,1.0,,1.0,1.0,1.0,,1.0,1.0
sabah:2024-02-25__paralel-ibbden-paralel-chpye,sabah,2024-02-25,2,21,2232,2265,Gelen CHP'lilerin çoğu da maaşlı.,0,,0,0,,0,0,,0,6,0,0,0,0,0,1,0,0,0,"{""6"": [""Manipulative Wording""], ""11"": []}",0.0,0.0,0.0,,1.0,1.0,1.0,,0.0,1.0
sabah:2024-02-25__paralel-ibbden-paralel-chpye,sabah,2024-02-25,2,22,2267,2323,Kurultaydan sonra CHP'yi işte bu paralel yapı yönetiyor.,0,,0,0,,0,0,,0,9,0,0,0,0,0,0,0,0,0,"{""6"": [], ""11"": []}",0.0,0.0,0.0,,0.0,0.0,0.0,,0.0,0.0
sabah:2024-02-25__paralel-ibbden-paralel-chpye,sabah,2024-02-25,2,23,2324,2402,"Bu yapının, CHP MYK'sında, Parti Meclisi'nde ne kadar etkili olduğu biliniyor.",1,biliniyor,1,0,,0,0,,1,14,0,0,0,0,0,0,0,0,0,"{""6"": [], ""11"": []}",0.0,0.0,0.0,,0.0,0.0,0.0,,0.0,0.0
sabah:2024-02-25__paralel-ibbden-paralel-chpye,sabah,2024-02-25,2,24,2403,2499,Şimdi aynı yöntem belediye başkan adaylarının ve meclis üyelerinin belirlenmesinde de izleniyor.,1,belirlenmesinde | izleniyor,2,0,,0,0,,1,13,0,0,0,0,0,0,0,0,0,"{""6"": [], ""11"": []}",0.0,0.0,0.0,,0.0,0.0,0.0,,0.0,0.0
sabah:2024-02-25__paralel-ibbden-paralel-chpye,sabah,2024-02-25,2,25,2500,2572,Sadece İstanbul'da 39 ilçe belediye başkan adayının 16'sı İBB bürokratı.,0,,0,0,,0,0,,0,11,0,0,0,0,1,0,0,0,0,"{""6"": [""Justification""], ""11"": []}",0.0,0.0,0.0,,1.0,1.0,1.0,,0.0,1.0
sabah:2024-02-25__paralel-ibbden-paralel-chpye,sabah,2024-02-25,2,26,2573,2607,Çoğu da kupon belediyelerden aday.,0,,0,0,,0,0,,0,6,0,0,0,0,0,0,0,0,0,"{""6"": [], ""11"": []}",0.0,0.0,0.0,,0.0,0.0,0.0,,0.0,0.0
sabah:2024-02-25__paralel-ibbden-paralel-chpye,sabah,2024-02-25,2,27,2608,2660,"Meclis üyeleri de ağırlıkla ""Ekremci"" veya DEM'ci...",0,,0,0,,0,0,,0,10,0,0,0,0,0,0,0,0,0,"{""6"": [], ""11"": []}",0.0,0.0,0.0,,0.0,0.0,0.0,,0.0,0.0
sabah:2024-02-25__paralel-ibbden-paralel-chpye,sabah,2024-02-25,2,28,2661,2754,"Kılıçdaroğlu'na destek verenler bırakın belediye başkanı olmayı, meclis üyesi bile yapılmadı.",1,yapılmadı,1,0,,0,0,,1,13,0,0,0,0,0,0,0,0,0,"{""6"": [], ""11"": []}",0.0,0.0,0.0,,0.0,0.0,0.0,,0.0,0.0
sabah:2024-02-25__paralel-ibbden-paralel-chpye,sabah,2024-02-25,2,29,2756,2796,Bütün bunlar da 1 Nisan'a hazırlık için.,0,,0,0,,0,0,,0,8,0,0,0,0,0,0,0,0,0,"{""6"": [], ""11"": []}",0.0,0.0,0.0,,0.0,0.0,0.0,,0.0,0.0
sabah:2024-02-25__paralel-ibbden-paralel-chpye,sabah,2024-02-25,2,30,2797,2858,Seçimi kazansa da kaybetse de olan CHP'ye ve siyasete olacak.,0,,0,0,,0,0,,0,11,0,0,0,0,0,0,0,0,0,"{""6"": [], ""11"": []}",0.0,0.0,0.0,,0.0,0.0,0.0,,0.0,0.0
sabah:2024-02-25__paralel-ibbden-paralel-chpye,sabah,2024-02-25,2,31,2859,2968,Böylece ilk kez nereye yönelecekleri belli olmayan post truth çağına uygun siyasetsiz siyasetçiler göreceğiz.,0,,0,0,,0,0,,0,15,0,0,0,0,0,1,0,0,0,"{""6"": [""Manipulative Wording""], ""11"": []}",0.0,0.0,0.0,,1.0,1.0,1.0,,0.0,1.0
sabah:2024-02-25__paralel-ibbden-paralel-chpye,sabah,2024-02-25,2,32,2970,3192,"Bir siyasi aktörün kendisini farklı kılan bir siyaset üretmeden CHP gibi bir partiyi ele geçirmesine, İyi Parti'ye operasyon çekmesine bakınca, Kılıçdaroğlu'un ""hançerlenmesine"" de Akşener'in ""satılmasına"" da şaşırmıyorum.",0,,0,0,,0,0,,0,31,0,0,1,1,0,1,0,0,0,"{""6"": [""Attack on Reputation"", ""Manipulative Wording""], ""11"": []}",1.0,1.0,1.0,,1.0,1.0,1.0,,1.0,1.0
sabah:2024-02-25__paralel-ibbden-paralel-chpye,sabah,2024-02-25,2,33,3194,3220,İkisi de ektiğini biçiyor.,0,,0,0,,0,0,,0,5,0,0,0,1,0,0,0,0,0,"{""6"": [""Attack on Reputation""], ""11"": []}",0.0,0.0,0.0,,1.0,1.0,1.0,,0.0,1.0
sabah:2024-05-19__gazze-var-baska-hicbir-sey,sabah,2024-05-19,2,0,0,48,"HAŞMET BABAOĞLU - Gazze var, başka hiçbir şey...",0,,0,0,,0,0,,0,10,0,0,0,0,0,0,0,0,0,"{""7"": [], ""11"": []}",0.0,0.0,0.0,,0.0,0.0,0.0,,0.0,0.0
sabah:2024-05-19__gazze-var-baska-hicbir-sey,sabah,2024-05-19,2,1,50,85,"""Yosun ve iyot karışımı bir koku...",0,,0,0,,0,0,,0,8,0,0,0,0,0,1,0,0,0,"{""7"": [""Manipulative Wording""], ""11"": []}",0.0,0.0,0.0,,1.0,1.0,1.0,,0.0,1.0
sabah:2024-05-19__gazze-var-baska-hicbir-sey,sabah,2024-05-19,2,2,87,201,"Küreklerin düzensiz şıpırtısı, bir an sonsuza kadar uzayacakmış gibi gelen sessizlik, sonra suyun uysal sesleri...",0,,0,1,uzayacakmış,1,0,,0,18,0,0,0,0,0,1,0,0,0,"{""7"": [""Manipulative Wording""], ""11"": []}",0.0,0.0,0.0,,1.0,1.0,1.0,,0.0,1.0
sabah:2024-05-19__gazze-var-baska-hicbir-sey,sabah,2024-05-19,2,3,203,289,Sandalın erimeye yüz tutmuş ahşap küpeştesine tutunup derine doğru bakıyorum bir an...,0,,0,1,tutmuş,1,0,,0,13,0,0,0,0,0,1,0,0,0,"{""7"": [""Manipulative Wording""], ""11"": []}",0.0,0.0,0.0,,1.0,1.0,1.0,,0.0,1.0
sabah:2024-05-19__gazze-var-baska-hicbir-sey,sabah,2024-05-19,2,4,291,354,Önce berraklık ve biraz daha aşağıda baş döndüren bulanıklık...,0,,0,0,,0,0,,0,10,0,0,0,0,0,1,0,0,0,"{""7"": [""Manipulative Wording""], ""11"": []}",0.0,0.0,0.0,,1.0,1.0,1.0,,0.0,1.0
sabah:2024-05-19__gazze-var-baska-hicbir-sey,sabah,2024-05-19,2,5,356,441,Bu koku dipte sayısı asla ölçülemeyecek kadar çok minik canlılar olduğunu söylüyor...,1,ölçülemeyecek,1,0,,0,0,,1,13,0,0,0,0,0,1,0,0,0,"{""7"": [""Manipulative Wording""], ""11"": []}",0.0,0.0,0.0,,1.0,1.0,1.0,,0.0,1.0
sabah:2024-05-19__gazze-var-baska-hicbir-sey,sabah,2024-05-19,2,6,443,475,Öylece suyun dibine bakıyorum...,0,,0,0,,0,0,,0,5,0,0,0,0,0,1,0,0,0,"{""7"": [""Manipulative Wording""], ""11"": []}",0.0,0.0,0.0,,1.0,1.0,1.0,,0.0,1.0
sabah:2024-05-19__gazze-var-baska-hicbir-sey,sabah,2024-05-19,2,7,477,503,Baktıkça seni özlüyorum...,0,,0,0,,0,0,,0,4,0,0,0,0,0,1,0,0,0,"{""7"": [""Manipulative Wording""], ""11"": []}",0.0,0.0,0.0,,1.0,1.0,1.0,,0.0,1.0
sabah:2024-05-19__gazze-var-baska-hicbir-sey,sabah,2024-05-19,2,8,505,551,Ne kadar uzun bir zaman geçti; uzun ve uzak...,0,,0,0,,0,0,,0,11,0,0,0,0,0,1,0,0,0,"{""7"": [""Manipulative Wording""], ""11"": []}",0.0,0.0,0.0,,1.0,1.0,1.0,,0.0,1.0
sabah:2024-05-19__gazze-var-baska-hicbir-sey,sabah,2024-05-19,2,9,551,552,"""",0,,0,0,,0,0,,0,1,0,0,0,0,0,1,0,0,0,"{""7"": [""Manipulative Wording""], ""11"": []}",0.0,0.0,0.0,,1.0,1.0,1.0,,0.0,1.0
sabah:2024-05-19__gazze-var-baska-hicbir-sey,sabah,2024-05-19,2,10,554,596,Dün gece çekmecelerimi karıştırdım yine...,0,,0,0,,0,0,,0,6,0,0,0,0,0,1,0,0,0,"{""7"": [""Manipulative Wording""], ""11"": []}",0.0,0.0,0.0,,1.0,1.0,1.0,,0.0,1.0
sabah:2024-05-19__gazze-var-baska-hicbir-sey,sabah,2024-05-19,2,11,598,614,Alıntılarla dolu,0,,0,0,,0,0,,0,2,0,0,0,0,0,1,0,0,0,"{""7"": [""Manipulative Wording""], ""11"": []}",0.0,0.0,0.0,,1.0,1.0,1.0,,0.0,1.0
sabah:2024-05-19__gazze-var-baska-hicbir-sey,sabah,2024-05-19,2,12,616,683,not defterlerimin arasından günlüğe benzer kâğıt parçaları çıkıyor.,0,,0,0,,0,0,,0,9,0,0,0,0,0,1,0,0,0,"{""7"": [""Manipulative Wording""], ""11"": []}",0.0,0.0,0.0,,1.0,1.0,1.0,,0.0,1.0
sabah:2024-05-19__gazze-var-baska-hicbir-sey,sabah,2024-05-19,2,13,685,707,Bu da onlardan biri...,0,,0,0,,0,0,,0,5,0,0,0,0,0,1,0,0,0,"{""7"": [""Manipulative Wording""], ""11"": []}",0.0,0.0,0.0,,1.0,1.0,1.0,,0.0,1.0
sabah:2024-05-19__gazze-var-baska-hicbir-sey,sabah,2024-05-19,2,14,709,728,Önce ürperiyorum...,0,,0,0,,0,0,,0,3,0,0,0,0,0,1,0,0,0,"{""7"": [""Manipulative Wording""], ""11"": []}",0.0,0.0,0.0,,1.0,1.0,1.0,,0.0,1.0
sabah:2024-05-19__gazze-var-baska-hicbir-sey,sabah,2024-05-19,2,15,730,759,Sonra TV'nin sesini açıyorum.,0,,0,0,,0,0,,0,5,0,0,0,0,0,1,0,0,0,"{""7"": [""Manipulative Wording""], ""11"": []}",0.0,0.0,0.0,,1.0,1.0,1.0,,0.0,1.0
sabah:2024-05-19__gazze-var-baska-hicbir-sey,sabah,2024-05-19,2,16,760,772,Gazze var...,0,,0,0,,0,0,,0,3,0,0,1,0,0,1,0,0,0,"{""7"": [""Manipulative Wording""], ""11"": []}",0.0,0.0,0.0,0.0,1.0,1.0,1.0,,1.0,1.0
sabah:2024-05-19__gazze-var-baska-hicbir-sey,sabah,2024-05-19,2,17,773,840,Ve benim için duygularımı odaklayacağım başka hiçbir şey yok artık!,0,,0,0,,0,0,,0,11,0,0,0,0,0,1,0,0,0,"{""7"": [""Manipulative Wording""], ""11"": []}",0.0,0.0,0.0,,1.0,1.0,1.0,,0.0,1.0
sabah:2024-05-19__gazze-var-baska-hicbir-sey,sabah,2024-05-19,2,18,841,861,Geçmiş ve gelecek...,0,,0,0,,0,0,,0,4,0,0,0,0,0,1,0,0,0,"{""7"": [""Manipulative Wording""], ""11"": []}",0.0,0.0,0.0,,1.0,1.0,1.0,,0.0,1.0
sabah:2024-05-19__gazze-var-baska-hicbir-sey,sabah,2024-05-19,2,19,863,868,Hepsi,0,,0,0,,0,0,,0,1,0,0,0,0,0,0,0,0,0,"{""7"": [], ""11"": []}",0.0,0.0,0.0,,0.0,0.0,0.0,,0.0,0.0
sabah:2024-05-19__gazze-var-baska-hicbir-sey,sabah,2024-05-19,2,20,870,879,Gazze ...,0,,0,0,,0,0,,0,2,0,0,0,0,0,0,0,0,0,"{""7"": [], ""11"": []}",0.0,0.0,0.0,,0.0,0.0,0.0,,0.0,0.0
sabah:2024-05-19__gazze-var-baska-hicbir-sey,sabah,2024-05-19,2,21,881,902,Gerisi yalan geliyor.,0,,0,0,,0,0,,0,4,0,0,0,0,0,0,0,0,0,"{""7"": [], ""11"": []}",0.0,0.0,0.0,,0.0,0.0,0.0,,0.0,0.0
sabah:2024-05-19__gazze-var-baska-hicbir-sey,sabah,2024-05-19,2,22,904,988,Geçen gün benim minik ballarımdan biriyle resim dersinden sonra döner yemeye gittik.,0,,0,0,,0,0,,0,13,0,0,0,0,0,0,0,0,0,"{""7"": [], ""11"": []}",0.0,0.0,0.0,,0.0,0.0,0.0,,0.0,0.0
sabah:2024-05-19__gazze-var-baska-hicbir-sey,sabah,2024-05-19,2,23,990,1024,"""Sana ben dürüm yapayım mı?"" dedi.",0,,0,0,,0,0,,0,9,0,0,0,0,0,0,0,0,0,"{""7"": [], ""11"": []}",0.0,0.0,0.0,,0.0,0.0,0.0,,0.0,0.0
sabah:2024-05-19__gazze-var-baska-hicbir-sey,sabah,2024-05-19,2,24,1026,1078,Benim dürümlerimin ezik bozuk olmasını beğenmemişti.,0,,0,0,,0,0,,0,7,0,0,0,0,0,0,0,0,0,"{""7"": [], ""11"": []}",0.0,0.0,0.0,,0.0,0.0,0.0,,0.0,0.0
sabah:2024-05-19__gazze-var-baska-hicbir-sey,sabah,2024-05-19,2,25,1080,1200,Küçücük parmaklarıyla masada ne varsa hepsini lavaşın içine olağanüstü bir düzenle yerleştirmesini dikkate izliyordum...,0,,0,0,,0,0,,0,15,0,0,0,0,0,0,0,0,0,"{""7"": [], ""11"": []}",0.0,0.0,0.0,,0.0,0.0,0.0,,0.0,0.0
sabah:2024-05-19__gazze-var-baska-hicbir-sey,sabah,2024-05-19,2,26,1202,1248,O an akranı Gazzeli kız çocuğu geldi aklıma...,0,,0,0,,0,0,,0,10,0,0,0,0,0,0,0,0,0,"{""7"": [], ""11"": []}",0.0,0.0,0.0,,0.0,0.0,0.0,,0.0,0.0
sabah:2024-05-19__gazze-var-baska-hicbir-sey,sabah,2024-05-19,2,27,1250,1275,Telegram 'da takip ettiği,0,,0,0,,0,0,,0,4,0,0,0,0,0,0,0,0,0,"{""7"": [], ""11"": []}",0.0,0.0,0.0,,0.0,0.0,0.0,,0.0,0.0
sabah:2024-05-19__gazze-var-baska-hicbir-sey,sabah,2024-05-19,2,28,1275,1276,m,0,,0,0,,0,0,,0,1,0,0,0,0,0,0,0,0,0,"{""7"": [], ""11"": []}",0.0,0.0,0.0,,0.0,0.0,0.0,,0.0,0.0
sabah:2024-05-19__gazze-var-baska-hicbir-sey,sabah,2024-05-19,2,29,1278,1327,Filistin haber kanallarından birinde görmüştüm...,0,,0,0,,0,0,,0,6,0,0,0,0,0,0,0,0,0,"{""7"": [], ""11"": []}",0.0,0.0,0.0,,0.0,0.0,0.0,,0.0,0.0
sabah:2024-05-19__gazze-var-baska-hicbir-sey,sabah,2024-05-19,2,30,1329,1392,"Elindeki tabağın içinde azıcık bir bulamaç vardı ve gazeteciye,",0,,0,0,,0,0,,0,11,0,0,0,0,0,0,0,0,0,"{""7"": [], ""11"": []}",0.0,0.0,0.0,,0.0,0.0,0.0,,0.0,0.0
sabah:2024-05-19__gazze-var-baska-hicbir-sey,sabah,2024-05-19,2,31,1394,1472,"""Bunu kardeşime götüreceğim, kaç gündür boğazından bir şey geçmedi"" diyordu...",0,,0,0,,0,0,,0,14,0,0,0,0,0,0,0,0,0,"{""7"": [], ""11"": []}",0.0,0.0,0.0,,0.0,0.0,0.0,,0.0,0.0
sabah:2024-05-19__gazze-var-baska-hicbir-sey,sabah,2024-05-19,2,32,1474,1496,Lokma boğazımı tıkadı.,0,,0,0,,0,0,,0,4,0,0,0,0,0,0,0,0,0,"{""7"": [], ""11"": []}",0.0,0.0,0.0,,0.0,0.0,0.0,,0.0,0.0
sabah:2024-05-19__gazze-var-baska-hicbir-sey,sabah,2024-05-19,2,33,1498,1550,Çocukların zihni bizimkinden çok başka ve telepatik!,0,,0,0,,0,0,,0,8,0,0,0,0,0,0,0,0,0,"{""7"": [], ""11"": []}",0.0,0.0,0.0,,0.0,0.0,0.0,,0.0,0.0
sabah:2024-05-19__gazze-var-baska-hicbir-sey,sabah,2024-05-19,2,34,1552,1565,Birden sordu:,0,,0,0,,0,0,,0,3,0,0,0,0,0,0,0,0,0,"{""7"": [], ""11"": []}",0.0,0.0,0.0,,0.0,0.0,0.0,,0.0,0.0
sabah:2024-05-19__gazze-var-baska-hicbir-sey,sabah,2024-05-19,2,35,1567,1628,"""Savaş sürecek mi?"" O sırada gözü Filistin bayrağı renklerini",0,,0,0,,0,0,,0,11,0,0,0,0,0,0,0,0,0,"{""7"": [], ""11"": []}",0.0,0.0,0.0,,0.0,0.0,0.0,,0.0,0.0
sabah:2024-05-19__gazze-var-baska-hicbir-sey,sabah,2024-05-19,2,36,1628,1629,n,0,,0,0,,0,0,,0,1,0,0,0,0,0,0,0,0,0,"{""7"": [], ""11"": []}",0.0,0.0,0.0,,0.0,0.0,0.0,,0.0,0.0
sabah:2024-05-19__gazze-var-baska-hicbir-sey,sabah,2024-05-19,2,37,1631,1659,bulunduğu bilekliğimdeydi...,0,,0,0,,0,0,,0,4,0,0,0,0,0,0,0,0,0,"{""7"": [], ""11"": []}",0.0,0.0,0.0,,0.0,0.0,0.0,,0.0,0.0
sabah:2024-05-19__gazze-var-baska-hicbir-sey,sabah,2024-05-19,2,38,1661,1670,Sustum...,0,,0,0,,0,0,,0,2,0,0,0,0,0,0,0,0,0,"{""7"": [], ""11"": []}",0.0,0.0,0.0,,0.0,0.0,0.0,,0.0,0.0
sabah:2024-05-19__gazze-var-baska-hicbir-sey,sabah,2024-05-19,2,39,1672,1688,Siz ne derdiniz?,0,,0,0,,0,0,,0,4,0,0,0,0,0,0,0,0,0,"{""7"": [], ""11"": []}",0.0,0.0,0.0,,0.0,0.0,0.0,,0.0,0.0
sabah:2024-05-19__gazze-var-baska-hicbir-sey,sabah,2024-05-19,2,40,1690,1703,"Hayır, hayır!",0,,0,0,,0,0,,0,4,0,0,0,0,0,0,0,0,0,"{""7"": [], ""11"": []}",0.0,0.0,0.0,,0.0,0.0,0.0,,0.0,0.0
sabah:2024-05-19__gazze-var-baska-hicbir-sey,sabah,2024-05-19,2,41,1704,1720,Duygusallık yok!,0,,0,0,,0,0,,0,3,0,0,0,0,0,0,0,0,0,"{""7"": [], ""11"": []}",0.0,0.0,0.0,,0.0,0.0,0.0,,0.0,0.0
sabah:2024-05-19__gazze-var-baska-hicbir-sey,sabah,2024-05-19,2,42,1721,1731,Gazze var.,0,,0,0,,0,0,,0,3,0,0,0,0,0,0,0,0,0,"{""7"": [], ""11"": []}",0.0,0.0,0.0,,0.0,0.0,0.0,,0.0,0.0
sabah:2024-05-19__gazze-var-baska-hicbir-sey,sabah,2024-05-19,2,43,1732,1767,Öfke ve odaklanmada kararlılık var!,0,,0,0,,0,0,,0,6,0,0,0,0,0,0,0,0,0,"{""7"": [], ""11"": []}",0.0,0.0,0.0,,0.0,0.0,0.0,,0.0,0.0
sabah:2024-05-19__gazze-var-baska-hicbir-sey,sabah,2024-05-19,2,44,1768,1811,"Gazze varken, başka hiçbir şey yok sanki...",0,,0,0,,0,0,,0,9,0,0,0,0,0,0,0,0,0,"{""7"": [], ""11"": []}",0.0,0.0,0.0,,0.0,0.0,0.0,,0.0,0.0
sabah:2024-05-19__gazze-var-baska-hicbir-sey,sabah,2024-05-19,2,45,1813,1850,Bunu her gün biraz daha hissediyorum.,0,,0,0,,0,0,,0,7,0,0,0,0,0,0,0,0,0,"{""7"": [], ""11"": []}",0.0,0.0,0.0,,0.0,0.0,0.0,,0.0,0.0
sabah:2024-05-19__gazze-var-baska-hicbir-sey,sabah,2024-05-19,2,46,1852,1887,"Okuduğum kitapta ""İlkbaharla geldi.",0,,0,0,,0,0,,0,6,0,0,0,0,0,0,0,0,0,"{""7"": [], ""11"": []}",0.0,0.0,0.0,,0.0,0.0,0.0,,0.0,0.0
sabah:2024-05-19__gazze-var-baska-hicbir-sey,sabah,2024-05-19,2,47,1888,1958,Yakında kayalıklarda cırcır böceklerinin müziği işitilmeye başlayacak.,1,işitilmeye,1,0,,0,0,,1,8,0,0,0,0,0,0,0,0,0,"{""7"": [], ""11"": []}",0.0,0.0,0.0,,0.0,0.0,0.0,,0.0,0.0
sabah:2024-05-19__gazze-var-baska-hicbir-sey,sabah,2024-05-19,2,48,1959,2017,Henüz ağır ağır tırmanan kaplumbağadan başka dostumuz yok.,0,,0,0,,0,0,,0,9,0,0,0,0,0,0,0,0,0,"{""7"": [], ""11"": []}",0.0,0.0,0.0,,0.0,0.0,0.0,,0.0,0.0
sabah:2024-05-19__gazze-var-baska-hicbir-sey,sabah,2024-05-19,2,49,2018,2063,"Günler gelecek sezgisiyle dolu"" diye yazıyor.",0,,0,0,,0,0,,0,7,0,0,0,0,0,0,0,0,0,"{""7"": [], ""11"": []}",0.0,0.0,0.0,,0.0,0.0,0.0,,0.0,0.0
sabah:2024-05-19__gazze-var-baska-hicbir-sey,sabah,2024-05-19,2,50,2065,2184,"Eskiden olsa, bunları okuyunca içim coşkuyla dolar, derhal yerimden kalkar, gaza bastığım gibi buralardan uzaklaşırdım.",0,,0,0,,0,0,,0,19,0,0,0,0,0,0,0,0,0,"{""7"": [], ""11"": []}",0.0,0.0,0.0,,0.0,0.0,0.0,,0.0,0.0
sabah:2024-05-19__gazze-var-baska-hicbir-sey,sabah,2024-05-19,2,51,2186,2205,Gelecek sezgisi mi?,0,,0,0,,0,0,,0,4,0,0,0,0,0,0,0,0,0,"{""7"": [], ""11"": []}",0.0,0.0,0.0,,0.0,0.0,0.0,,0.0,0.0
sabah:2024-05-19__gazze-var-baska-hicbir-sey,sabah,2024-05-19,2,52,2207,2216,Bahar mı?,0,,0,0,,0,0,,0,3,0,0,0,0,0,0,0,0,0,"{""7"": [], ""11"": []}",0.0,0.0,0.0,,0.0,0.0,0.0,,0.0,0.0
sabah:2024-05-19__gazze-var-baska-hicbir-sey,sabah,2024-05-19,2,53,2218,2242,Fakat şimdi Gazze var...,0,,0,0,,0,0,,0,5,0,0,0,0,0,0,0,0,0,"{""7"": [], ""11"": []}",0.0,0.0,0.0,,0.0,0.0,0.0,,0.0,0.0
sabah:2024-05-19__gazze-var-baska-hicbir-sey,sabah,2024-05-19,2,54,2244,2332,"Hep birlikte çürüdüğümüz, içinde sadece Gazzelilerin parıldadığı bir zaman dilimindeyiz.",0,,0,0,,0,0,,0,13,0,0,0,0,0,1,0,0,0,"{""7"": [""Manipulative Wording""], ""11"": []}",0.0,0.0,0.0,,1.0,1.0,1.0,,0.0,1.0
sabah:2024-08-04__abdnin-sinsi-projesi-suriye-lubnan-ve-filistine-turkiyesiz-osmanli-modeli,sabah,2024-08-04,3,0,0,93,"BERCAN TUTAR - ABD’nin sinsi projesi: Suriye, Lübnan ve Filistin’e Türkiye’siz Osmanlı modeli",0,,0,0,,0,0,,0,16,1,0,0,0,0,0,0,0,0,"{""6"": [], ""7"": [], ""11"": []}",1.0,1.0,1.0,,0.0,0.0,0.0,,1.0,0.0
sabah:2024-08-04__abdnin-sinsi-projesi-suriye-lubnan-ve-filistine-turkiyesiz-osmanli-modeli,sabah,2024-08-04,3,1,95,112,Ortadoğu tetikte.,0,,0,0,,0,0,,0,3,0,0,0,0,0,0,0,0,0,"{""6"": [], ""7"": [], ""11"": []}",0.0,0.0,0.0,,0.0,0.0,0.0,,0.0,0.0
sabah:2024-08-04__abdnin-sinsi-projesi-suriye-lubnan-ve-filistine-turkiyesiz-osmanli-modeli,sabah,2024-08-04,3,2,113,186,Dünya nefesini tutarak İran'ın İsrail'e yapacağı misillemeye kilitlenmiş.,0,,0,1,kilitlenmiş,1,0,,0,9,0,0,0,0,0,0,0,0,0,"{""6"": [], ""7"": [], ""11"": []}",0.0,0.0,0.0,,0.0,0.0,0.0,,0.0,0.0
sabah:2024-08-04__abdnin-sinsi-projesi-suriye-lubnan-ve-filistine-turkiyesiz-osmanli-modeli,sabah,2024-08-04,3,3,187,291,Hamas lideri İsmail Haniye ile Hizbullah komutanı Fuad Şükür suikastlarından sonra tansiyon had safhada.,0,,0,0,,0,0,,0,15,0,0,1,0,0,0,0,0,0,"{""6"": [], ""7"": [], ""11"": []}",1.0,1.0,1.0,,0.0,0.0,0.0,,1.0,0.0
sabah:2024-08-04__abdnin-sinsi-projesi-suriye-lubnan-ve-filistine-turkiyesiz-osmanli-modeli,sabah,2024-08-04,3,4,292,397,Herkesin gözü İsrail'in ABD'yi de içine çekmek istediği bölgesel savaş hamlesinin nasıl sonuçlanacağında.,0,,0,0,,0,0,,0,14,1,0,0,0,0,0,0,0,0,"{""6"": [], ""7"": [], ""11"": []}",1.0,1.0,1.0,0.0,0.0,0.0,0.0,,1.0,0.0
sabah:2024-08-04__abdnin-sinsi-projesi-suriye-lubnan-ve-filistine-turkiyesiz-osmanli-modeli,sabah,2024-08-04,3,5,399,460,Ancak bize gösterilen tablonun arkasında başka bir resim var.,1,gösterilen,1,0,,0,0,,1,10,0,0,0,0,0,0,0,0,0,"{""6"": [], ""7"": [], ""11"": []}",0.0,0.0,0.0,,0.0,0.0,0.0,,0.0,0.0
sabah:2024-08-04__abdnin-sinsi-projesi-suriye-lubnan-ve-filistine-turkiyesiz-osmanli-modeli,sabah,2024-08-04,3,6,461,518,Bu hamleler bir bakıma siyonist rejimin son çırpınışları.,0,,0,0,,0,0,,0,9,1,0,0,0,0,0,0,0,0,"{""6"": [], ""7"": [], ""11"": []}",1.0,1.0,1.0,,0.0,0.0,0.0,,1.0,0.0
sabah:2024-08-04__abdnin-sinsi-projesi-suriye-lubnan-ve-filistine-turkiyesiz-osmanli-modeli,sabah,2024-08-04,3,7,519,625,Gazze'deki barbar soykırımda hedeflerine ulaşamayan İsrail devletini şimdiden beka kaygısı sarmış durumda.,0,,0,1,sarmış,1,0,,0,14,1,0,1,0,1,0,0,0,0,"{""6"": [""Justification""], ""7"": [], ""11"": []}",1.0,1.0,1.0,1.0,1.0,1.0,1.0,,1.0,1.0
sabah:2024-08-04__abdnin-sinsi-projesi-suriye-lubnan-ve-filistine-turkiyesiz-osmanli-modeli,sabah,2024-08-04,3,8,626,741,Bakmayın siz siyonist mavalları aktarmak uğruna her hakikati çarpıtan küresel kartel medyasının manipülasyonlarına.,0,,0,0,,0,0,,0,14,1,1,0,1,0,1,0,0,0,"{""6"": [""Attack on Reputation"", ""Manipulative Wording""], ""7"": [], ""11"": []}",1.0,1.0,1.0,,1.0,1.0,1.0,,1.0,1.0
sabah:2024-08-04__abdnin-sinsi-projesi-suriye-lubnan-ve-filistine-turkiyesiz-osmanli-modeli,sabah,2024-08-04,3,9,743,804,İsrail rejimi 20 yıldır ABD'nin İran ile savaşmasını istiyor.,0,,0,0,,0,0,,0,11,1,0,1,0,0,0,0,0,0,"{""6"": [], ""7"": [], ""11"": []}",1.0,1.0,1.0,,0.0,0.0,0.0,,1.0,0.0
sabah:2024-08-04__abdnin-sinsi-projesi-suriye-lubnan-ve-filistine-turkiyesiz-osmanli-modeli,sabah,2024-08-04,3,10,805,837,Her tür provokasyona başvuruyor.,0,,0,0,,0,0,,0,5,0,0,0,0,0,0,0,0,0,"{""6"": [], ""7"": [], ""11"": []}",0.0,0.0,0.0,,0.0,0.0,0.0,,0.0,0.0
sabah:2024-08-04__abdnin-sinsi-projesi-suriye-lubnan-ve-filistine-turkiyesiz-osmanli-modeli,sabah,2024-08-04,3,11,838,895,Ne var ki siyonist lobinin gücüne rağmen bunu başaramadı.,0,,0,0,,0,0,,0,10,0,0,0,0,0,0,0,0,0,"{""6"": [], ""7"": [], ""11"": []}",0.0,0.0,0.0,,0.0,0.0,0.0,,0.0,0.0
sabah:2024-08-04__abdnin-sinsi-projesi-suriye-lubnan-ve-filistine-turkiyesiz-osmanli-modeli,sabah,2024-08-04,3,12,897,965,Hamas'ın 7 Ekim saldırısından sonra bu fırsatı yakaladığını düşündü.,0,,0,0,,0,0,,0,10,0,0,0,0,0,0,0,0,0,"{""6"": [], ""7"": [], ""11"": []}",0.0,0.0,0.0,,0.0,0.0,0.0,,0.0,0.0
sabah:2024-08-04__abdnin-sinsi-projesi-suriye-lubnan-ve-filistine-turkiyesiz-osmanli-modeli,sabah,2024-08-04,3,13,966,1027,Fakat geldiğimiz aşamada bütün planlarının çöktüğünü görüyor.,0,,0,0,,0,0,,0,8,0,0,0,0,0,0,0,0,0,"{""6"": [], ""7"": [], ""11"": []}",0.0,0.0,0.0,,0.0,0.0,0.0,,0.0,0.0
sabah:2024-08-04__abdnin-sinsi-projesi-suriye-lubnan-ve-filistine-turkiyesiz-osmanli-modeli,sabah,2024-08-04,3,14,1028,1033,Çünkü,0,,0,0,,0,0,,0,1,0,0,0,0,0,0,0,0,0,"{""6"": [], ""7"": [], ""11"": []}",0.0,0.0,0.0,,0.0,0.0,0.0,,0.0,0.0
sabah:2024-08-04__abdnin-sinsi-projesi-suriye-lubnan-ve-filistine-turkiyesiz-osmanli-modeli,sabah,2024-08-04,3,15,1035,1115,rasyonel Amerikalı siyasilerle sağduyulu birçok Yahudi aydın artık yoğun şekilde,0,,0,0,,0,0,,0,10,0,0,0,0,0,0,0,0,0,"{""6"": [], ""7"": [], ""11"": []}",0.0,0.0,0.0,,0.0,0.0,0.0,,0.0,0.0
sabah:2024-08-04__abdnin-sinsi-projesi-suriye-lubnan-ve-filistine-turkiyesiz-osmanli-modeli,sabah,2024-08-04,3,16,1117,1162,Ortadoğu'daki post-Siyonist dönemi konuşuyor.,0,,0,0,,0,0,,0,8,0,0,0,0,0,0,0,0,0,"{""6"": [], ""7"": [], ""11"": []}",0.0,0.0,0.0,,0.0,0.0,0.0,,0.0,0.0
sabah:2024-08-04__abdnin-sinsi-projesi-suriye-lubnan-ve-filistine-turkiyesiz-osmanli-modeli,sabah,2024-08-04,3,17,1163,1175,ABD'nin daha,0,,0,0,,0,0,,0,2,0,0,0,0,0,0,0,0,0,"{""6"": [], ""7"": [], ""11"": []}",0.0,0.0,0.0,,0.0,0.0,0.0,,0.0,0.0
sabah:2024-08-04__abdnin-sinsi-projesi-suriye-lubnan-ve-filistine-turkiyesiz-osmanli-modeli,sabah,2024-08-04,3,18,1177,1225,2015'lerde Barack Obama ve Joe Biden yönetiminde,0,,0,0,,0,0,,0,7,0,0,0,0,0,0,0,0,0,"{""6"": [], ""7"": [], ""11"": []}",0.0,0.0,0.0,,0.0,0.0,0.0,,0.0,0.0
sabah:2024-08-04__abdnin-sinsi-projesi-suriye-lubnan-ve-filistine-turkiyesiz-osmanli-modeli,sabah,2024-08-04,3,19,1227,1318,'İran Nükleer Anlaşması' ile ilk işaret fişeğini yaktığı yeni bölgesel projeleri tartışıyor,0,,0,0,,0,0,,0,12,0,0,0,0,0,0,0,0,0,"{""6"": [], ""7"": [], ""11"": []}",0.0,0.0,0.0,,0.0,0.0,0.0,,0.0,0.0
sabah:2024-08-04__abdnin-sinsi-projesi-suriye-lubnan-ve-filistine-turkiyesiz-osmanli-modeli,sabah,2024-08-04,3,20,1320,1331,Amerika'nın,0,,0,0,,0,0,,0,1,0,0,0,0,0,0,0,0,0,"{""6"": [], ""7"": [], ""11"": []}",0.0,0.0,0.0,,0.0,0.0,0.0,,0.0,0.0
sabah:2024-08-04__abdnin-sinsi-projesi-suriye-lubnan-ve-filistine-turkiyesiz-osmanli-modeli,sabah,2024-08-04,3,21,1333,1408,"en iyi Yahudi dergisi sayılan Tablet , Beyaz Saray'ın Filistin ve İsrail'in",1,sayılan,1,0,,0,0,,1,12,0,0,0,0,0,0,0,0,0,"{""6"": [], ""7"": [], ""11"": []}",0.0,0.0,0.0,,0.0,0.0,0.0,,0.0,0.0
sabah:2024-08-04__abdnin-sinsi-projesi-suriye-lubnan-ve-filistine-turkiyesiz-osmanli-modeli,sabah,2024-08-04,3,22,1410,1446,geleceğine dair hazırladığı projeler,0,,0,0,,0,0,,0,4,0,0,0,0,0,0,0,0,0,"{""6"": [], ""7"": [], ""11"": []}",0.0,0.0,0.0,,0.0,0.0,0.0,,0.0,0.0
sabah:2024-08-04__abdnin-sinsi-projesi-suriye-lubnan-ve-filistine-turkiyesiz-osmanli-modeli,sabah,2024-08-04,3,23,1446,1447,i,0,,0,0,,0,0,,0,1,0,0,0,0,0,0,0,0,0,"{""6"": [], ""7"": [], ""11"": []}",0.0,0.0,0.0,,0.0,0.0,0.0,,0.0,0.0
sabah:2024-08-04__abdnin-sinsi-projesi-suriye-lubnan-ve-filistine-turkiyesiz-osmanli-modeli,sabah,2024-08-04,3,24,1449,1570,"""The Ottoman American Empire/Osmanlı Amerikan İmparatorluğu"" ve After Gaza/ Gazze'de Sonra"" başlıklarıyla dosyalaştırmış.",0,,0,1,dosyalaştırmış,1,0,,0,16,0,0,0,0,0,0,0,0,0,"{""6"": [], ""7"": [], ""11"": []}",0.0,0.0,0.0,,0.0,0.0,0.0,,0.0,0.0
sabah:2024-08-04__abdnin-sinsi-projesi-suriye-lubnan-ve-filistine-turkiyesiz-osmanli-modeli,sabah,2024-08-04,3,25,1572,1886,"Elliott Abrams (Dış İlişkiler Konseyi üyesi), Jeremy Ben-Ami (J Street kurucusu), Amiad Cohen (Herut Center CEO'su ve Hashiloach yayıncısı), Michael Doran (Hudson Enstitüsü üyesi), Jon Greenwald (30 yıllık dipomat, Uluslararası Kriz Grubu eski başkanı) ve Lee Smith'in (yazar) katıldığı yuvarlak masa toplantısında",1,katıldığı,1,0,,0,0,,1,61,0,0,0,0,0,0,0,0,0,"{""6"": [], ""7"": [], ""11"": []}",0.0,0.0,0.0,,0.0,0.0,0.0,,0.0,0.0
sabah:2024-08-04__abdnin-sinsi-projesi-suriye-lubnan-ve-filistine-turkiyesiz-osmanli-modeli,sabah,2024-08-04,3,26,1888,1963,planı destekleyenlerle karşı çıkanların hararetli tartışmalarını görüyoruz.,0,,0,0,,0,0,,0,9,0,0,0,0,0,0,0,0,0,"{""6"": [], ""7"": [], ""11"": []}",0.0,0.0,0.0,,0.0,0.0,0.0,,0.0,0.0
sabah:2024-08-04__abdnin-sinsi-projesi-suriye-lubnan-ve-filistine-turkiyesiz-osmanli-modeli,sabah,2024-08-04,3,27,1965,1983,"Yazar Tony Badran,",0,,0,0,,0,0,,0,4,0,0,0,0,0,0,0,0,0,"{""6"": [], ""7"": [], ""11"": []}",0.0,0.0,0.0,,0.0,0.0,0.0,,0.0,0.0
sabah:2024-08-04__abdnin-sinsi-projesi-suriye-lubnan-ve-filistine-turkiyesiz-osmanli-modeli,sabah,2024-08-04,3,28,1985,2039,ABD'nin Ekim 2022'de hazırladığı planın dönemin İsrail,0,,0,0,,0,0,,0,7,0,0,0,0,0,0,0,0,0,"{""6"": [], ""7"": [], ""11"": []}",0.0,0.0,0.0,,0.0,0.0,0.0,,0.0,0.0
sabah:2024-08-04__abdnin-sinsi-projesi-suriye-lubnan-ve-filistine-turkiyesiz-osmanli-modeli,sabah,2024-08-04,3,29,2041,2050,Başbakanı,0,,0,0,,0,0,,0,1,0,0,0,0,0,0,0,0,0,"{""6"": [], ""7"": [], ""11"": []}",0.0,0.0,0.0,,0.0,0.0,0.0,,0.0,0.0
sabah:2024-08-04__abdnin-sinsi-projesi-suriye-lubnan-ve-filistine-turkiyesiz-osmanli-modeli,sabah,2024-08-04,3,30,2052,2073,Yair Lapid tarafından,0,,0,0,,0,1,,0,3,0,0,0,0,0,0,0,0,0,"{""6"": [], ""7"": [], ""11"": []}",0.0,0.0,0.0,,0.0,0.0,0.0,,0.0,0.0
sabah:2024-08-04__abdnin-sinsi-projesi-suriye-lubnan-ve-filistine-turkiyesiz-osmanli-modeli,sabah,2024-08-04,3,31,2075,2123,'İsrail- Lübnan Deniz Sınırı Anlaşması' şeklinde,0,,0,0,,0,0,,0,7,0,0,0,0,0,0,0,0,0,"{""6"": [], ""7"": [], ""11"": []}",0.0,0.0,0.0,,0.0,0.0,0.0,,0.0,0.0
sabah:2024-08-04__abdnin-sinsi-projesi-suriye-lubnan-ve-filistine-turkiyesiz-osmanli-modeli,sabah,2024-08-04,3,32,2125,2162,kamuoyuna açıklandığını iddia ediyor.,1,açıklandığını,1,0,,0,0,,1,5,0,0,0,0,0,0,0,0,0,"{""6"": [], ""7"": [], ""11"": []}",0.0,0.0,0.0,,0.0,0.0,0.0,,0.0,0.0
sabah:2024-08-04__abdnin-sinsi-projesi-suriye-lubnan-ve-filistine-turkiyesiz-osmanli-modeli,sabah,2024-08-04,3,33,2164,2194,Plana göre Biden da Obama gibi,0,,0,0,,0,0,,0,6,0,0,0,0,0,0,0,0,0,"{""6"": [], ""7"": [], ""11"": []}",0.0,0.0,0.0,,0.0,0.0,0.0,,0.0,0.0
sabah:2024-08-04__abdnin-sinsi-projesi-suriye-lubnan-ve-filistine-turkiyesiz-osmanli-modeli,sabah,2024-08-04,3,34,2196,2302,"Ortadoğu'da ABD, İsrail ve İran'ın birlikte bölgeyi yönettiği bir koordinasyon sistemi kurmayı hedefliyor.",0,,0,0,,0,0,,0,15,0,0,0,0,0,0,0,0,0,"{""6"": [], ""7"": [], ""11"": []}",0.0,0.0,0.0,,0.0,0.0,0.0,,0.0,0.0
sabah:2024-08-04__abdnin-sinsi-projesi-suriye-lubnan-ve-filistine-turkiyesiz-osmanli-modeli,sabah,2024-08-04,3,35,2303,2318,ABD'nin aslında,0,,0,0,,0,0,,0,2,0,0,0,0,0,0,0,0,0,"{""6"": [], ""7"": [], ""11"": []}",0.0,0.0,0.0,,0.0,0.0,0.0,,0.0,0.0
sabah:2024-08-04__abdnin-sinsi-projesi-suriye-lubnan-ve-filistine-turkiyesiz-osmanli-modeli,sabah,2024-08-04,3,36,2320,2400,Levant bölgesinin yönetimi (Doğu Akdeniz) için hazırladığı plana göre gelecektek,0,,0,0,,0,0,,0,12,0,0,0,0,0,0,0,0,0,"{""6"": [], ""7"": [], ""11"": []}",0.0,0.0,0.0,,0.0,0.0,0.0,,0.0,0.0
sabah:2024-08-04__abdnin-sinsi-projesi-suriye-lubnan-ve-filistine-turkiyesiz-osmanli-modeli,sabah,2024-08-04,3,37,2400,2401,i,0,,0,0,,0,0,,0,1,0,0,0,0,0,0,0,0,0,"{""6"": [], ""7"": [], ""11"": []}",0.0,0.0,0.0,,0.0,0.0,0.0,,0.0,0.0
sabah:2024-08-04__abdnin-sinsi-projesi-suriye-lubnan-ve-filistine-turkiyesiz-osmanli-modeli,sabah,2024-08-04,3,38,2403,2489,"Filistin devleti, Lübnan ve Suriye'nin tıpkı Osmanlı dönemindeki gibi özel yönetim ile",0,,0,0,,0,0,,0,14,0,0,0,0,0,0,0,0,0,"{""6"": [], ""7"": [], ""11"": []}",0.0,0.0,0.0,,0.0,0.0,0.0,,0.0,0.0
sabah:2024-08-04__abdnin-sinsi-projesi-suriye-lubnan-ve-filistine-turkiyesiz-osmanli-modeli,sabah,2024-08-04,3,39,2491,2573,"sancak, eyalet, vilayet ve mutasarrıflıklara ayrılarak idare edilmesi öngörülüyor.",1,edilmesi | öngörülüyor,2,0,,0,0,,1,12,0,0,0,0,0,0,0,0,0,"{""6"": [], ""7"": [], ""11"": []}",0.0,0.0,0.0,,0.0,0.0,0.0,,0.0,0.0
sabah:2024-08-04__abdnin-sinsi-projesi-suriye-lubnan-ve-filistine-turkiyesiz-osmanli-modeli,sabah,2024-08-04,3,40,2575,2615,Zaten makalenin görselindeki haritada da,0,,0,0,,0,0,,0,6,0,0,0,0,0,0,0,0,0,"{""6"": [], ""7"": [], ""11"": []}",0.0,0.0,0.0,,0.0,0.0,0.0,,0.0,0.0
sabah:2024-08-04__abdnin-sinsi-projesi-suriye-lubnan-ve-filistine-turkiyesiz-osmanli-modeli,sabah,2024-08-04,3,41,2617,2752,"'Özel Lübnan Eyaleti', 'Özel Filistin Yönetimi', 'İsrail Sancağı', 'Kudüs Mutasarrıflığı' gibi Osmanlı idari terminolojisi kullanılmış.",1,kullanılmış,1,1,kullanılmış,1,0,,1,19,0,0,0,0,0,0,0,0,0,"{""6"": [], ""7"": [], ""11"": []}",0.0,0.0,0.0,,0.0,0.0,0.0,,0.0,0.0
sabah:2024-08-04__abdnin-sinsi-projesi-suriye-lubnan-ve-filistine-turkiyesiz-osmanli-modeli,sabah,2024-08-04,3,42,2753,2814,Lübnan ve Suriye ise ülke isimleriyle değil Osmanlı'daki gibi,0,,0,0,,0,0,,0,10,0,0,0,0,0,0,0,0,0,"{""6"": [], ""7"": [], ""11"": []}",0.0,0.0,0.0,,0.0,0.0,0.0,,0.0,0.0
sabah:2024-08-04__abdnin-sinsi-projesi-suriye-lubnan-ve-filistine-turkiyesiz-osmanli-modeli,sabah,2024-08-04,3,43,2816,2873,"Şam, Beyrut ve Trablus gibi vilayet isimleriyle yazılmış.",1,yazılmış,1,1,yazılmış,1,0,,1,10,0,0,0,0,0,0,0,0,0,"{""6"": [], ""7"": [], ""11"": []}",0.0,0.0,0.0,,0.0,0.0,0.0,,0.0,0.0
sabah:2024-08-04__abdnin-sinsi-projesi-suriye-lubnan-ve-filistine-turkiyesiz-osmanli-modeli,sabah,2024-08-04,3,44,2875,2894,Planın tek iyi yanı,0,,0,0,,0,0,,0,4,0,0,0,0,0,0,0,0,0,"{""6"": [], ""7"": [], ""11"": []}",0.0,0.0,0.0,,0.0,0.0,0.0,,0.0,0.0
sabah:2024-08-04__abdnin-sinsi-projesi-suriye-lubnan-ve-filistine-turkiyesiz-osmanli-modeli,sabah,2024-08-04,3,45,2896,2932,İsrail'in hegemonyasına son vermesi.,0,,0,0,,0,0,,0,5,0,0,0,0,0,0,0,0,0,"{""6"": [], ""7"": [], ""11"": []}",0.0,0.0,0.0,,0.0,0.0,0.0,,0.0,0.0
sabah:2024-08-04__abdnin-sinsi-projesi-suriye-lubnan-ve-filistine-turkiyesiz-osmanli-modeli,sabah,2024-08-04,3,46,2933,2937,Doğu,0,,0,0,,0,0,,0,1,0,0,0,0,1,0,0,0,0,"{""6"": [""Justification""], ""7"": [], ""11"": []}",0.0,0.0,0.0,,1.0,1.0,1.0,,0.0,1.0
sabah:2024-08-04__abdnin-sinsi-projesi-suriye-lubnan-ve-filistine-turkiyesiz-osmanli-modeli,sabah,2024-08-04,3,47,2939,2979,Akdeniz'in geleceğine dair sinsi projede,0,,0,0,,0,0,,0,5,0,0,0,0,1,0,0,0,0,"{""6"": [""Justification""], ""7"": [], ""11"": []}",0.0,0.0,0.0,,1.0,1.0,1.0,,0.0,1.0
sabah:2024-08-04__abdnin-sinsi-projesi-suriye-lubnan-ve-filistine-turkiyesiz-osmanli-modeli,sabah,2024-08-04,3,48,2981,3024,"ABD, İsrail ve İran var ama görüldüğü üzere",1,görüldüğü,1,0,,0,0,,1,9,0,0,0,0,1,0,0,0,0,"{""6"": [""Justification""], ""7"": [], ""11"": []}",0.0,0.0,0.0,,1.0,1.0,1.0,,0.0,1.0
sabah:2024-08-04__abdnin-sinsi-projesi-suriye-lubnan-ve-filistine-turkiyesiz-osmanli-modeli,sabah,2024-08-04,3,49,3026,3056,Türkiye'den hiç bahsedilmiyor.,1,bahsedilmiyor,1,0,,0,0,,1,4,0,0,1,0,1,0,0,0,0,"{""6"": [""Justification""], ""7"": [], ""11"": []}",1.0,1.0,1.0,,1.0,1.0,1.0,,1.0,1.0
sabah:2024-08-04__abdnin-sinsi-projesi-suriye-lubnan-ve-filistine-turkiyesiz-osmanli-modeli,sabah,2024-08-04,3,50,3057,3098,Nedenlerine bir sonraki yazıda değinelim.,0,,0,0,,0,0,,0,7,0,0,0,0,0,0,0,0,0,"{""6"": [], ""7"": [], ""11"": []}",0.0,0.0,0.0,,0.0,0.0,0.0,,0.0,0.0
sabah:2024-09-08__siyonist-vahsete-turk-nesteri,sabah,2024-09-08,3,0,0,45,BERCAN TUTAR - Siyonist vahşete ‘Türk neşteri,0,,0,0,,0,0,,0,8,0,0,0,0,0,0,0,0,0,"{""6"": [], ""7"": [], ""11"": []}",0.0,0.0,0.0,,0.0,0.0,0.0,,0.0,0.0
sabah:2024-09-08__siyonist-vahsete-turk-nesteri,sabah,2024-09-08,3,1,45,46,’,0,,0,0,,0,0,,0,1,0,0,0,0,0,0,0,0,0,"{""6"": [], ""7"": [], ""11"": []}",0.0,0.0,0.0,,0.0,0.0,0.0,,0.0,0.0
sabah:2024-09-08__siyonist-vahsete-turk-nesteri,sabah,2024-09-08,3,2,48,253,"Gazze'deki bebek ve kadınlar başta olmak üzere masum sivilleri sistematik şekilde katleden soykırımcı İsrail insani, ahlaki ve hukuki hiçbir sınırı tanımayacağını dünyaya hemen her gün yeniden ilan ediyor.",0,,0,0,,0,0,,0,31,1,0,1,0,0,0,0,0,0,"{""6"": [], ""7"": [], ""11"": []}",1.0,1.0,0.0,1.0,0.0,0.0,0.0,,1.0,0.0
sabah:2024-09-08__siyonist-vahsete-turk-nesteri,sabah,2024-09-08,3,3,254,326,Siyonist rejimin barbar ve yayılmacı yüzünü bu kez Batı Şeria'da gördük.,0,,0,0,,0,0,,0,12,0,0,0,1,0,0,0,0,0,"{""6"": [], ""7"": [""Attack on Reputation""], ""11"": []}",0.0,0.0,0.0,,1.0,1.0,1.0,,0.0,1.0
sabah:2024-09-08__siyonist-vahsete-turk-nesteri,sabah,2024-09-08,3,4,327,497,"Nablus'ta bir gösteriye katılan Türk ve Amerikan vatandaşı aktivist Ayşenur Ezgi Eygi, keskin nişancı bir İsrail askeri tarafından başından vurularak hunharca katledildi.",1,katılan | vurularak | katledildi,3,0,,0,1,,0,24,0,0,1,0,0,0,0,0,0,"{""6"": [], ""7"": [], ""11"": []}",1.0,1.0,1.0,0.0,0.0,0.0,0.0,,1.0,0.0
sabah:2024-09-08__siyonist-vahsete-turk-nesteri,sabah,2024-09-08,3,5,498,644,Eygi'nin katledilmesi karşısında ABD ve soykırımcı Batılı suç ortakları başını kuma gömerken en sert ve tarihi tepki yine Sayın Erdoğan'dan geldi.,1,katledilmesi,1,0,,0,0,,1,22,1,1,0,0,0,0,0,0,0,"{""6"": [], ""7"": [], ""11"": []}",1.0,1.0,0.0,1.0,0.0,0.0,0.0,,1.0,0.0
sabah:2024-09-08__siyonist-vahsete-turk-nesteri,sabah,2024-09-08,3,6,646,857,"Dünkü konuşmasında Erdoğan, Gazze'deki soykırımın ve Batılı ülkelerin yüz yıl önce devreye soktuğu Siyonist projenin kirli hedeflerini bir kez daha hatırlattı: ""Daha önce de söyledim İsrail, Gazze'de durmayacak.",0,,0,0,,0,0,,0,35,0,1,1,0,0,0,0,0,0,"{""6"": [], ""7"": [], ""11"": []}",1.0,1.0,1.0,,0.0,0.0,0.0,,1.0,0.0
sabah:2024-09-08__siyonist-vahsete-turk-nesteri,sabah,2024-09-08,3,7,858,972,Gazze'de bir İsrail Filistin savaşı değil yayılmacı siyonizm ile vatanlarını koruyan Müslümanların mücadelesi var.,0,,0,0,,0,0,,0,15,0,0,0,0,0,0,0,0,0,"{""6"": [], ""7"": [], ""11"": []}",0.0,0.0,0.0,,0.0,0.0,0.0,,0.0,0.0
sabah:2024-09-08__siyonist-vahsete-turk-nesteri,sabah,2024-09-08,3,8,973,1073,İsrail eğer bu şekilde devam ederse Ramallah'ı da işgal ettikten sonra gözünü başka yerlere dikecek.,0,,0,0,,0,0,,0,16,0,0,0,0,0,0,0,0,0,"{""6"": [], ""7"": [], ""11"": []}",0.0,0.0,0.0,,0.0,0.0,0.0,,0.0,0.0
sabah:2024-09-08__siyonist-vahsete-turk-nesteri,sabah,2024-09-08,3,9,1074,1112,Sıra bölgedeki diğer ülkelere gelecek.,0,,0,0,,0,0,,0,7,0,0,0,0,0,0,0,0,0,"{""6"": [], ""7"": [], ""11"": []}",0.0,0.0,0.0,,0.0,0.0,0.0,,0.0,0.0
sabah:2024-09-08__siyonist-vahsete-turk-nesteri,sabah,2024-09-08,3,10,1113,1140,Lübnan'a Suriye'ye gelecek.,0,,0,0,,0,0,,0,4,0,0,0,0,0,0,0,0,0,"{""6"": [], ""7"": [], ""11"": []}",0.0,0.0,0.0,,0.0,0.0,0.0,,0.0,0.0
sabah:2024-09-08__siyonist-vahsete-turk-nesteri,sabah,2024-09-08,3,11,1141,1203,Dicle ve Fırat arasındaki vatan topraklarımıza göz koyacaklar.,0,,0,0,,0,0,,0,10,0,0,0,0,0,0,0,0,0,"{""6"": [], ""7"": [], ""11"": []}",0.0,0.0,0.0,,0.0,0.0,0.0,,0.0,0.0
sabah:2024-09-08__siyonist-vahsete-turk-nesteri,sabah,2024-09-08,3,12,1204,1267,Önünde poz verdikleri her haritayla bunu açık açık söylüyorlar.,0,,0,0,,0,0,,0,10,0,0,0,0,0,0,0,0,0,"{""6"": [], ""7"": [], ""11"": []}",0.0,0.0,0.0,,0.0,0.0,0.0,,0.0,0.0
sabah:2024-09-08__siyonist-vahsete-turk-nesteri,sabah,2024-09-08,3,13,1268,1335,Sadece Gazze'yi işgalle yetinmeyeceklerini şimdiden ilan ediyorlar.,0,,0,0,,0,0,,0,8,0,0,0,0,1,0,0,0,0,"{""6"": [""Justification""], ""7"": [], ""11"": []}",0.0,0.0,0.0,,1.0,1.0,1.0,,0.0,1.0
sabah:2024-09-08__siyonist-vahsete-turk-nesteri,sabah,2024-09-08,3,14,1336,1397,Biz işte onun için Hamas Müslümanlar adına direniyor diyoruz.,0,,0,0,,0,0,,0,10,0,1,0,0,1,0,0,0,0,"{""6"": [""Justification""], ""7"": [], ""11"": []}",1.0,1.0,1.0,,1.0,1.0,1.0,,1.0,1.0
sabah:2024-09-08__siyonist-vahsete-turk-nesteri,sabah,2024-09-08,3,15,1398,1494,"Biz işte onun için Hamas sadece Gazze'yi değil İslam topraklarını, Türkiye'yi savunuyor diyoruz.",0,,0,0,,0,0,,0,15,0,0,0,0,1,0,1,0,0,"{""6"": [""Justification""], ""7"": [""Simplification""], ""11"": []}",0.0,0.0,0.0,,1.0,1.0,1.0,1.0,0.0,1.0
sabah:2024-09-08__siyonist-vahsete-turk-nesteri,sabah,2024-09-08,3,16,1495,1572,İsrail'in devlet terörünün karşısında durmak bizim için İslami bir vazifedir.,0,,0,0,,0,0,,0,12,0,0,0,0,0,0,0,1,0,"{""6"": [], ""7"": [""Call""], ""11"": []}",0.0,0.0,0.0,,1.0,1.0,1.0,,0.0,1.0
sabah:2024-09-08__siyonist-vahsete-turk-nesteri,sabah,2024-09-08,3,17,1573,1593,İmani bir vazifedir.,0,,0,0,,0,0,,0,5,0,0,0,0,0,0,0,1,0,"{""6"": [], ""7"": [""Call""], ""11"": []}",0.0,0.0,0.0,,1.0,1.0,1.0,,0.0,1.0
sabah:2024-09-08__siyonist-vahsete-turk-nesteri,sabah,2024-09-08,3,18,1594,1615,Vatani bir meseledir.,0,,0,0,,0,0,,0,5,0,0,0,0,0,0,0,1,0,"{""6"": [], ""7"": [""Call""], ""11"": []}",0.0,0.0,0.0,,1.0,1.0,1.0,,0.0,1.0
sabah:2024-09-08__siyonist-vahsete-turk-nesteri,sabah,2024-09-08,3,19,1616,1646,Tabii ki milli bir meseledir..,0,,0,0,,0,0,,0,7,0,0,0,0,0,0,0,1,0,"{""6"": [], ""7"": [""Call""], ""11"": []}",0.0,0.0,0.0,,1.0,1.0,1.0,,0.0,1.0
sabah:2024-09-08__siyonist-vahsete-turk-nesteri,sabah,2024-09-08,3,20,1646,1647,.,0,,0,0,,0,0,,0,1,0,0,0,0,0,0,0,0,0,"{""6"": [], ""7"": [], ""11"": []}",0.0,0.0,0.0,,0.0,0.0,0.0,,0.0,0.0
sabah:2024-09-08__siyonist-vahsete-turk-nesteri,sabah,2024-09-08,3,21,1647,1648,"""",0,,0,0,,0,0,,0,1,0,0,0,0,0,0,0,0,0,"{""6"": [], ""7"": [], ""11"": []}",0.0,0.0,0.0,,0.0,0.0,0.0,,0.0,0.0
sabah:2024-09-08__siyonist-vahsete-turk-nesteri,sabah,2024-09-08,3,22,1650,1762,"İslam ülkelerini uyanmaya, tehlikenin farkına varmaya ve iş birliğini daha da artırmaya çağıran Sayın Erdoğan, """,0,,0,0,,0,0,,0,18,0,0,0,0,0,0,0,0,0,"{""6"": [], ""7"": [], ""11"": []}",0.0,0.0,0.0,,0.0,0.0,0.0,,0.0,0.0
sabah:2024-09-08__siyonist-vahsete-turk-nesteri,sabah,2024-09-08,3,23,1764,1887,Mısır ve Suriye ile attığımız yeni adımlar büyüyen yayılmacılık tehdidine karşı bir dayanışma hattı oluşturmaya yöneliktir.,0,,0,0,,0,0,,0,17,0,0,0,0,0,0,0,0,0,"{""6"": [], ""7"": [], ""11"": []}",0.0,0.0,0.0,,0.0,0.0,0.0,,0.0,0.0
sabah:2024-09-08__siyonist-vahsete-turk-nesteri,sabah,2024-09-08,3,24,1888,1984,Bütün İslam ülkeleri de nerede duracağı belirsiz İsrail işgaline karşı ortak tavır takınmalıdır.,0,,0,0,,0,0,,0,15,0,0,0,0,0,0,0,0,0,"{""6"": [], ""7"": [], ""11"": []}",0.0,0.0,0.0,,0.0,0.0,0.0,,0.0,0.0
sabah:2024-09-08__siyonist-vahsete-turk-nesteri,sabah,2024-09-08,3,25,1985,2031,Biz en başından itibaren bu çağrıyı yapıyoruz.,0,,0,0,,0,0,,0,8,0,0,0,1,0,0,0,0,0,"{""6"": [], ""7"": [""Attack on Reputation""], ""11"": []}",0.0,0.0,0.0,,1.0,1.0,1.0,,0.0,1.0
sabah:2024-09-08__siyonist-vahsete-turk-nesteri,sabah,2024-09-08,3,26,2032,2123,"İsrail şımarıklığını, İsrail haydutluğunu, İsrail'in devlet terörünü durduracak yegâne adım",0,,0,0,,0,0,,0,12,0,0,0,1,0,0,0,0,0,"{""6"": [], ""7"": [""Attack on Reputation""], ""11"": []}",0.0,0.0,0.0,,1.0,1.0,1.0,,0.0,1.0
sabah:2024-09-08__siyonist-vahsete-turk-nesteri,sabah,2024-09-08,3,27,2125,2260,"İslam ülkelerinin ittifakıdır diyoruz"" sözleriyle Müslümanların kanayan yarasına sadece Müslümanların çare olabileceğinin altını çizdi.",0,,0,0,,0,0,,0,16,0,0,0,0,0,0,0,0,0,"{""6"": [], ""7"": [], ""11"": []}",0.0,0.0,0.0,,0.0,0.0,0.0,,0.0,0.0
sabah:2024-09-08__siyonist-vahsete-turk-nesteri,sabah,2024-09-08,3,28,2262,2301,Sayın Erdoğan'ın son hitaplarında artık,0,,0,0,,0,0,,0,5,0,0,0,0,0,0,0,0,0,"{""6"": [], ""7"": [], ""11"": []}",0.0,0.0,0.0,,0.0,0.0,0.0,,0.0,0.0
sabah:2024-09-08__siyonist-vahsete-turk-nesteri,sabah,2024-09-08,3,29,2303,2394,"BM'ye, Avrupa ve ABD'ye seslenmeyi bırakması Ortadoğu 'nun kalbine bir hançer gibi saplanan",1,saplanan,1,0,,0,0,,1,14,0,0,0,0,0,0,0,0,0,"{""6"": [], ""7"": [], ""11"": []}",0.0,0.0,0.0,,0.0,0.0,0.0,,0.0,0.0
sabah:2024-09-08__siyonist-vahsete-turk-nesteri,sabah,2024-09-08,3,30,2396,2457,'İsrail sorunu' nun çözümünde yeni bir aşamaya işaret ediyor.,0,,0,0,,0,0,,0,10,0,0,0,0,0,0,0,0,0,"{""6"": [], ""7"": [], ""11"": []}",0.0,0.0,0.0,,0.0,0.0,0.0,,0.0,0.0
sabah:2024-09-08__siyonist-vahsete-turk-nesteri,sabah,2024-09-08,3,31,2459,2523,İslam dünyası Türkiye öncülüğünde tarihi bir kangrene dönüşen bu,0,,0,0,,0,0,,0,9,0,1,0,0,0,0,0,0,0,"{""6"": [], ""7"": [], ""11"": []}",1.0,1.0,1.0,,0.0,0.0,0.0,,1.0,0.0
sabah:2024-09-08__siyonist-vahsete-turk-nesteri,sabah,2024-09-08,3,32,2525,2586,siyonist mezalimi sona erdirecek adımlar atmaya hazırlanıyor.,0,,0,0,,0,0,,0,8,1,0,0,0,0,0,0,0,0,"{""6"": [], ""7"": [], ""11"": []}",1.0,1.0,1.0,,0.0,0.0,0.0,,1.0,0.0
sabah:2024-09-08__siyonist-vahsete-turk-nesteri,sabah,2024-09-08,3,33,2588,2681,"Karabağ'da dengeleri değiştiren Türk neşteri, Ortadoğu'da da benzer bir sonuca yol açacaktır.",0,,0,0,,0,0,,0,14,0,0,0,0,1,0,0,0,0,"{""6"": [""Justification""], ""7"": [], ""11"": []}",0.0,0.0,0.0,,1.0,1.0,1.0,,0.0,1.0
sabah:2024-09-08__siyonist-vahsete-turk-nesteri,sabah,2024-09-08,3,34,2683,2728,Sayın Erdoğan'ın konuşmalarından anlıyoruz ki,0,,0,0,,0,0,,0,5,0,0,0,0,0,0,0,0,0,"{""6"": [], ""7"": [], ""11"": []}",0.0,0.0,0.0,,0.0,0.0,0.0,,0.0,0.0
sabah:2024-09-08__siyonist-vahsete-turk-nesteri,sabah,2024-09-08,3,35,2730,2832,Türkiye liderliğindeki İslam ittifakının İsrail'e müdahalesi artık bir imkân değil bir zaman meselesi.,0,,0,0,,0,0,,0,15,0,0,0,0,0,0,0,0,0,"{""6"": [], ""7"": [], ""11"": []}",0.0,0.0,0.0,,0.0,0.0,0.0,,0.0,0.0
sabah:2024-09-08__siyonist-vahsete-turk-nesteri,sabah,2024-09-08,3,36,2833,2852,Burada ABD'nin dahi,0,,0,0,,0,0,,0,3,0,0,0,0,0,0,0,0,0,"{""6"": [], ""7"": [], ""11"": []}",0.0,0.0,0.0,,0.0,0.0,0.0,,0.0,0.0
sabah:2024-09-08__siyonist-vahsete-turk-nesteri,sabah,2024-09-08,3,37,2854,2893,Türkiye 'yi durdurmaya gücü yetmeyecek.,0,,0,0,,0,0,,0,6,0,0,0,0,0,0,0,0,0,"{""6"": [], ""7"": [], ""11"": []}",0.0,0.0,0.0,,0.0,0.0,0.0,,0.0,0.0
sabah:2024-09-08__siyonist-vahsete-turk-nesteri,sabah,2024-09-08,3,38,2894,2969,"ABD, İslam dünyası dışında Batı dışındaki diğer ülkelerin de desteğini alan",0,,0,0,,0,0,,0,13,0,0,0,0,0,0,0,0,0,"{""6"": [], ""7"": [], ""11"": []}",0.0,0.0,0.0,,0.0,0.0,0.0,,0.0,0.0
sabah:2024-09-08__siyonist-vahsete-turk-nesteri,sabah,2024-09-08,3,39,2971,3064,Türkiye liderliğindeki küresel ittifakı sırf siyonist İsrail'i korumak için karşısına alamaz.,0,,0,0,,0,0,,0,13,0,0,0,0,0,0,0,0,0,"{""6"": [], ""7"": [], ""11"": []}",0.0,0.0,0.0,,0.0,0.0,0.0,,0.0,0.0
sabah:2024-09-08__siyonist-vahsete-turk-nesteri,sabah,2024-09-08,3,40,3065,3074,Aldığında,0,,0,0,,0,0,,0,1,0,0,0,0,0,0,0,0,0,"{""6"": [], ""7"": [], ""11"": []}",0.0,0.0,0.0,,0.0,0.0,0.0,,0.0,0.0
sabah:2024-09-08__siyonist-vahsete-turk-nesteri,sabah,2024-09-08,3,41,3076,3162,NATO da Avrupa Birliği de Pax- Americana da siyonist projeyle birlikte tarihe gömülür.,1,gömülür,1,0,,0,0,,1,15,0,0,0,0,0,0,0,0,0,"{""6"": [], ""7"": [], ""11"": []}",0.0,0.0,0.0,,0.0,0.0,0.0,,0.0,0.0
sabah:2024-09-08__siyonist-vahsete-turk-nesteri,sabah,2024-09-08,3,42,3164,3195,Dolayısıyla soykırım destekçisi,0,,0,0,,0,0,,0,3,1,0,0,0,0,0,0,0,0,"{""6"": [], ""7"": [], ""11"": []}",1.0,1.0,1.0,,0.0,0.0,0.0,,1.0,0.0
sabah:2024-09-08__siyonist-vahsete-turk-nesteri,sabah,2024-09-08,3,43,3197,3275,"ABD, İsrail'i kendi başına bırakıp paçasını ve bekasını kurtarmaya bakacaktır.",0,,0,0,,0,0,,0,12,1,0,0,0,0,0,0,0,0,"{""6"": [], ""7"": [], ""11"": []}",1.0,1.0,1.0,,0.0,0.0,0.0,,1.0,0.0
sabah:2024-09-08__siyonist-vahsete-turk-nesteri,sabah,2024-09-08,3,44,3276,3407,Çünkü Türkiye ve dünya şunu artık çok iyi biliyor ki soykırımcı bir devleti ılımlılığa ve hukuka uymaya çağırarak ikna edemezsiniz.,0,,0,0,,0,0,,0,21,0,0,0,1,1,0,0,0,0,"{""6"": [], ""7"": [""Attack on Reputation"", ""Justification""], ""11"": []}",0.0,0.0,0.0,,1.0,1.0,1.0,,0.0,1.0
sabah:2024-09-08__siyonist-vahsete-turk-nesteri,sabah,2024-09-08,3,45,3408,3418,Bu nedenle,0,,0,0,,0,0,,0,2,0,0,0,0,0,0,0,0,0,"{""6"": [], ""7"": [], ""11"": []}",0.0,0.0,0.0,,0.0,0.0,0.0,,0.0,0.0
sabah:2024-09-08__siyonist-vahsete-turk-nesteri,sabah,2024-09-08,3,46,3420,3468,'Siyonist kangrene Türk neşteri' diye tanımlanan,1,tanımlanan,1,0,,0,0,,1,6,0,0,0,0,0,0,0,0,0,"{""6"": [], ""7"": [], ""11"": []}",0.0,0.0,0.0,,0.0,0.0,0.0,,0.0,0.0
sabah:2024-09-08__siyonist-vahsete-turk-nesteri,sabah,2024-09-08,3,47,3470,3502,B planı için geri sayım başladı.,0,,0,0,,0,0,,0,7,0,0,0,0,0,0,0,0,0,"{""6"": [], ""7"": [], ""11"": []}",0.0,0.0,0.0,,0.0,0.0,0.0,,0.0,0.0
sabah:2024-09-08__siyonist-vahsete-turk-nesteri,sabah,2024-09-08,3,48,3503,3527,Gidişat bunu gösteriyor.,0,,0,0,,0,0,,0,4,0,0,0,0,0,0,0,0,0,"{""6"": [], ""7"": [], ""11"": []}",0.0,0.0,0.0,,0.0,0.0,0.0,,0.0,0.0
sabah:2025-04-29__imamoglunun-kostebegi-kim,sabah,2025-04-29,2,0,0,43,MAHMUT ÖVÜR - İmamoğlu’nun ‘köstebeği’ kim?,0,,0,0,,0,0,,0,7,0,0,0,0,0,0,0,0,0,"{""6"": [], ""7"": []}",0.0,0.0,0.0,,0.0,0.0,0.0,,0.0,0.0
sabah:2025-04-29__imamoglunun-kostebegi-kim,sabah,2025-04-29,2,1,45,106,"Meşhur atasözümüzle başlayalım: ""Sakla samanı, gelir zamanı.""",0,,0,0,,0,0,,0,11,0,0,0,0,0,0,0,0,1,"{""6"": [], ""7"": [""Distraction""]}",0.0,0.0,0.0,,1.0,1.0,1.0,,0.0,1.0
sabah:2025-04-29__imamoglunun-kostebegi-kim,sabah,2025-04-29,2,2,107,206,Ekrem İmamoğlu da herhalde bu inançla sakladığı her şeyi jammer'ların arkasına gizlemeye çalışıyor.,0,,0,0,,0,0,,0,14,1,0,0,0,0,0,0,0,1,"{""6"": [], ""7"": [""Distraction""]}",0.0,0.0,0.0,0.0,1.0,1.0,1.0,,1.0,1.0
sabah:2025-04-29__imamoglunun-kostebegi-kim,sabah,2025-04-29,2,3,207,471,"Olay malum: Bir belediye başkanı düşünün; yanında ""kafa koparıcılar"", ""kasacılar"", ""kasiyerler"" dolanıyor ama mesele o değilmiş gibi, sinyal kesici jammer'larla toplantı yapıyor, kameraları kapattırıyor, sonra da ""Her şey çok güzel olacak"" diye afra tafra yapıyor.",0,,0,1,değilmiş,1,0,,0,45,0,0,0,1,0,0,0,0,0,"{""6"": [""Attack on Reputation""], ""7"": [""Attack on Reputation""]}",0.0,0.0,0.0,,0.0,1.0,0.0,0.0,0.0,1.0
sabah:2025-04-29__imamoglunun-kostebegi-kim,sabah,2025-04-29,2,4,472,505,Suçüstü yakalansa bile sorun yok!,0,,0,0,,0,0,,0,6,0,0,0,1,0,0,0,0,0,"{""6"": [""Attack on Reputation""], ""7"": []}",0.0,0.0,0.0,,1.0,1.0,1.0,,0.0,1.0
sabah:2025-04-29__imamoglunun-kostebegi-kim,sabah,2025-04-29,2,5,506,642,"Emanetçi siyasetçiler, maaşlı medya kahramanları ve her tahmini yalan çıkan ""aydın bozuntuları"" yine çığlık çığlığa onu savunmaya hazır.",0,,0,0,,0,0,,0,21,0,0,0,1,0,0,0,0,0,"{""6"": [""Attack on Reputation""], ""7"": []}",0.0,0.0,0.0,,1.0,1.0,1.0,,0.0,1.0
sabah:2025-04-29__imamoglunun-kostebegi-kim,sabah,2025-04-29,2,6,643,702,En başta da CHP Genel Başkanı Özgür Özel paralıyor kendini.,0,,0,0,,0,0,,0,11,1,0,0,0,0,0,0,0,0,"{""6"": [], ""7"": []}",0.0,0.0,0.0,0.0,0.0,0.0,0.0,,1.0,0.0
sabah:2025-04-29__imamoglunun-kostebegi-kim,sabah,2025-04-29,2,7,703,873,"Öyle bir sahip çıkıyor ki, sanki jammer'la değil de kahramanlık madalyasıyla dolaşıyor: ""Tayyip Bey'in peşinde de jammer vardı, Ekrem Bey'in peşinde de var!"" Pes doğrusu!",0,,0,0,,0,0,,0,32,0,0,0,0,0,0,0,0,0,"{""6"": [], ""7"": []}",0.0,0.0,0.0,,0.0,0.0,0.0,,0.0,0.0
sabah:2025-04-29__imamoglunun-kostebegi-kim,sabah,2025-04-29,2,8,874,953,İmamoğlu'nun Başkan Erdoğan'la kıyaslanmadığı tek konu kaldı: Devlet ciddiyeti!,0,,0,0,,0,0,,0,11,0,0,0,0,0,0,0,0,0,"{""6"": [], ""7"": []}",0.0,0.0,0.0,,0.0,0.0,0.0,,0.0,0.0
sabah:2025-04-29__imamoglunun-kostebegi-kim,sabah,2025-04-29,2,9,954,1136,"Belli ki kompleks o kadar ileri taşınmış ki, ""O İstanbul'u kazandıysa ben de kazandım, o şiir okudu hapis yattıysa ben de hırsızlık iddiasıyla anılsam da olur"" kafası devreye girmiş.",1,taşınmış,1,1,taşınmış | girmiş,2,0,,1,36,0,0,0,0,0,0,0,0,1,"{""6"": [""Distraction""], ""7"": []}",0.0,0.0,0.0,,1.0,1.0,1.0,,0.0,1.0
sabah:2025-04-29__imamoglunun-kostebegi-kim,sabah,2025-04-29,2,10,1137,1209,Şimdi soruyorum: Hadi jammer'ı Erdoğan'a benzeterek akladınız diyelim...,0,,0,0,,0,0,,0,10,0,0,0,0,0,0,0,0,0,"{""6"": [], ""7"": []}",0.0,0.0,0.0,,0.0,0.0,0.0,,0.0,0.0
sabah:2025-04-29__imamoglunun-kostebegi-kim,sabah,2025-04-29,2,11,1210,1286,"Peki kameraları kapatmayı hangi ""demokratik hak"" şemsiyesi altına sokacağız?",0,,0,0,,0,0,,0,10,0,0,0,0,0,0,0,0,0,"{""6"": [], ""7"": []}",0.0,0.0,0.0,,0.0,0.0,0.0,,0.0,0.0
sabah:2025-04-29__imamoglunun-kostebegi-kim,sabah,2025-04-29,2,12,1287,1363,"Otelde kameraları kapat, sinyalleri kes, sonra da ""şeffaflık"" naraları at...",0,,0,0,,0,0,,0,14,0,0,0,0,0,0,0,0,0,"{""6"": [], ""7"": []}",0.0,0.0,0.0,,0.0,0.0,0.0,,0.0,0.0
sabah:2025-04-29__imamoglunun-kostebegi-kim,sabah,2025-04-29,2,13,1364,1462,"İstanbul'dan cumhurbaşkanlığına yürüme hayali kurarken, anlaşılan otelden çıkaramadığı şeyler var!",1,anlaşılan,1,0,,0,0,,1,12,0,0,0,0,0,0,0,0,0,"{""6"": [], ""7"": []}",0.0,0.0,0.0,,0.0,0.0,0.0,,0.0,0.0
sabah:2025-04-29__imamoglunun-kostebegi-kim,sabah,2025-04-29,2,14,1463,1495,Peki neden bu kadar korkuyorsun?,0,,0,0,,0,0,,0,6,0,0,0,0,0,0,0,0,1,"{""6"": [], ""7"": [""Distraction""]}",0.0,0.0,0.0,,1.0,1.0,1.0,,0.0,1.0
sabah:2025-04-29__imamoglunun-kostebegi-kim,sabah,2025-04-29,2,15,1496,1513,Kimi saklıyorsun?,0,,0,0,,0,0,,0,3,0,0,0,0,0,0,0,0,1,"{""6"": [], ""7"": [""Distraction""]}",0.0,0.0,0.0,,1.0,1.0,1.0,,0.0,1.0
sabah:2025-04-29__imamoglunun-kostebegi-kim,sabah,2025-04-29,2,16,1514,1539,"Kimi, kimden saklıyorsun?",0,,0,0,,0,0,,0,5,0,0,0,0,0,0,0,0,1,"{""6"": [], ""7"": [""Distraction""]}",0.0,0.0,0.0,,1.0,1.0,1.0,,0.0,1.0
sabah:2025-04-29__imamoglunun-kostebegi-kim,sabah,2025-04-29,2,17,1540,1664,"Çünkü bu iş artık ""Çamur at izi kalsın"" taktiğinin ötesinde, ""Tencere yuvarlanmış, kapağını bulmuş"" evresine geçmiş durumda.",1,yuvarlanmış,1,1,yuvarlanmış | geçmiş,2,0,,1,22,0,0,0,0,0,0,0,0,1,"{""6"": [], ""7"": [""Distraction""]}",0.0,0.0,0.0,,1.0,1.0,1.0,,0.0,1.0
sabah:2025-04-29__imamoglunun-kostebegi-kim,sabah,2025-04-29,2,18,1665,1729,"Belli ki o otelde, milletin görmesini istemediği şeyler dönüyor.",0,,0,0,,0,0,,0,11,0,0,0,0,1,0,0,0,0,"{""6"": [], ""7"": [""Justification""]}",0.0,0.0,0.0,,1.0,1.0,1.0,,0.0,1.0
sabah:2025-04-29__imamoglunun-kostebegi-kim,sabah,2025-04-29,2,19,1730,1820,İmamoğlu'nun yanında jammer taşıması mı mesele yoksa yanında taşıdığı adamların sicili mi?,0,,0,0,,0,0,,0,14,0,0,0,0,0,0,0,0,0,"{""6"": [], ""7"": []}",0.0,0.0,0.0,,0.0,0.0,0.0,,0.0,0.0
sabah:2025-04-29__imamoglunun-kostebegi-kim,sabah,2025-04-29,2,20,1821,1920,"Fatih Keleş'ten Ertan Yıldız'a, Adem Soytekin'den Hüseyin Köksal'a kadar uzanan bir isim listesi...",1,uzanan,1,0,,0,0,,1,15,1,0,0,0,0,0,0,0,0,"{""6"": [], ""7"": []}",0.0,1.0,0.0,0.0,0.0,0.0,0.0,,1.0,0.0
sabah:2025-04-29__imamoglunun-kostebegi-kim,sabah,2025-04-29,2,21,1921,1999,"Kiminin kafasında iş var, kiminin gözü parada, kiminin çantasında skandal var!",0,,0,0,,0,0,,0,14,0,0,0,0,0,0,0,0,0,"{""6"": [], ""7"": []}",0.0,0.0,0.0,,0.0,0.0,0.0,,0.0,0.0
sabah:2025-04-29__imamoglunun-kostebegi-kim,sabah,2025-04-29,2,22,2000,2037,Ama CHP çevresinden tek ses çıkmıyor.,0,,0,0,,0,0,,0,7,1,0,0,0,0,0,0,0,0,"{""6"": [], ""7"": []}",1.0,1.0,1.0,,0.0,0.0,0.0,,1.0,0.0
sabah:2025-04-29__imamoglunun-kostebegi-kim,sabah,2025-04-29,2,23,2038,2091,Bildikleri hâlde yolsuzluk karşısında hepsi suspus...,0,,0,0,,0,0,,0,7,0,0,0,0,0,0,0,0,0,"{""6"": [], ""7"": []}",0.0,0.0,0.0,,0.0,0.0,0.0,,0.0,0.0
sabah:2025-04-29__imamoglunun-kostebegi-kim,sabah,2025-04-29,2,24,2092,2158,"Ne hikmetse bir tek İstanbul seçmeni rahatsız, genel merkez değil.",0,,0,0,,0,0,,0,12,0,0,0,0,0,0,0,0,0,"{""6"": [], ""7"": []}",0.0,0.0,0.0,,0.0,0.0,0.0,,0.0,0.0
sabah:2025-04-29__imamoglunun-kostebegi-kim,sabah,2025-04-29,2,25,2159,2287,"Sonra da kalkıp diyorlar ki: ""Efendim, bunlar normal işler!"" Hadi jammer'ı normalleştirdin, hadi kamerayı da görmezden geldin...",0,,0,0,,0,0,,0,24,0,0,0,0,0,0,0,0,0,"{""6"": [], ""7"": []}",0.0,0.0,0.0,,0.0,0.0,0.0,,0.0,0.0
sabah:2025-04-29__imamoglunun-kostebegi-kim,sabah,2025-04-29,2,26,2288,2336,O otelde dönen dolapları nasıl örtbas edeceksin?,0,,0,0,,0,0,,0,8,0,0,0,0,0,0,0,0,0,"{""6"": [], ""7"": []}",0.0,0.0,0.0,,0.0,0.0,0.0,,0.0,0.0
sabah:2025-04-29__imamoglunun-kostebegi-kim,sabah,2025-04-29,2,27,2337,2426,"Ve daha da vahimi: Bu jammer'lı kahramanlar, teknik takibe alındıklarını nereden biliyor?",0,,0,0,,0,0,,0,15,0,0,0,0,0,0,0,0,0,"{""6"": [], ""7"": []}",0.0,0.0,0.0,,0.0,0.0,0.0,,0.0,0.0
sabah:2025-04-29__imamoglunun-kostebegi-kim,sabah,2025-04-29,2,28,2427,2497,"Sadece jammer'la yetinmiyorlar, kameraları da devre dışı bırakıyorlar.",0,,0,0,,0,0,,0,10,0,0,0,0,0,0,0,0,0,"{""6"": [], ""7"": []}",0.0,0.0,0.0,,0.0,0.0,0.0,,0.0,0.0
sabah:2025-04-29__imamoglunun-kostebegi-kim,sabah,2025-04-29,2,29,2498,2586,Çünkü orada ileride başlarına bela olacak bir şeylerin yaşandığını kendileri de biliyor.,0,,0,0,,0,0,,0,13,0,0,0,0,0,0,0,0,0,"{""6"": [], ""7"": []}",0.0,0.0,0.0,,0.0,0.0,0.0,,0.0,0.0
sabah:2025-04-29__imamoglunun-kostebegi-kim,sabah,2025-04-29,2,30,2587,2726,"Ve bir soru daha: Devlet içinden biri, özellikle İstanbul Emniyeti'nden biri, İmamoğlu'na ""haber mi uçuruyor?"" Bir ""köstebek"" mi işbaşında?",0,,0,0,,0,0,,0,27,0,0,0,0,0,0,0,0,0,"{""6"": [], ""7"": []}",0.0,0.0,0.0,,0.0,0.0,0.0,,0.0,0.0
sabah:2025-04-29__imamoglunun-kostebegi-kim,sabah,2025-04-29,2,31,2727,2792,İstanbul Cumhuriyet Başsavcısı Akın Gürlek'in son sözü boşuna mı?,0,,0,0,,0,0,,0,10,0,1,0,0,0,0,0,0,0,"{""6"": [], ""7"": []}",0.0,1.0,0.0,0.0,0.0,0.0,0.0,,1.0,0.0
sabah:2025-04-29__imamoglunun-kostebegi-kim,sabah,2025-04-29,2,32,2793,2920,"""Kim devletin içinden dışarı bilgi taşıdıysa, hesabını mutlaka verecek!"" Varsa bir köstebek, umarım jammer bile onu kurtaramaz.",0,,0,0,,0,0,,0,24,0,0,0,0,0,0,0,0,0,"{""6"": [], ""7"": []}",0.0,0.0,0.0,,0.0,0.0,0.0,,0.0,0.0
sabah:2025-04-29__imamoglunun-kostebegi-kim,sabah,2025-04-29,2,33,2921,2962,Çünkü günün sonunda hakikat yine kazanır.,0,,0,0,,0,0,,0,7,0,0,0,0,0,1,0,0,0,"{""6"": [""Manipulative Wording""], ""7"": []}",0.0,0.0,0.0,,1.0,1.0,1.0,,0.0,1.0
sabah:2025-04-29__imamoglunun-kostebegi-kim,sabah,2025-04-29,2,34,2963,3070,İmamoğlu ve destekçilerinin o hakikat karışısında nasıl renk değiştireceğini yakında hep beraber göreceğiz.,0,,0,0,,0,0,,0,14,0,0,0,1,0,1,0,0,0,"{""6"": [""Manipulative Wording""], ""7"": [""Attack on Reputation""]}",0.0,0.0,0.0,,1.0,1.0,0.0,1.0,0.0,1.0
sabah:2025-04-29__imamoglunun-kostebegi-kim,sabah,2025-04-29,2,35,3072,3195,Bu köşe yazısını aşağıdaki linke tıklayarak sesli bir şekilde dinleyebilirsiniz Mahmut Övür | İmamoğlu'nun 'köstebeği' kim?,0,,0,0,,0,0,,0,18,0,0,0,0,0,0,0,0,0,"{""6"": [], ""7"": []}",0.0,0.0,0.0,,0.0,0.0,0.0,,0.0,0.0
sabah:2025-04-29__imamoglunun-kostebegi-kim,sabah,2025-04-29,2,36,3196,3271,Sabah.com.tr Uygulamamızı İndirin Uygulamalara Özel Ayrıcalıkları Keşfedin!,0,,0,0,,0,0,,0,8,0,0,0,0,0,0,0,0,0,"{""6"": [], ""7"": []}",0.0,0.0,0.0,,0.0,0.0,0.0,,0.0,0.0
sabah:2025-12-24__dominikli-kevin,sabah,2025-12-24,3,0,0,31,DİLEK GÜNGÖR - Dominikli Kevin!,0,,0,0,,0,0,,0,7,0,0,0,0,0,0,0,0,0,"{""6"": [], ""7"": [], ""11"": []}",0.0,0.0,0.0,,0.0,0.0,0.0,,0.0,0.0
sabah:2025-12-24__dominikli-kevin,sabah,2025-12-24,3,1,33,63,İşin magazin kısmı bir tarafa…,0,,0,0,,0,0,,0,6,0,0,0,0,0,0,0,0,0,"{""6"": [], ""7"": [], ""11"": []}",0.0,0.0,0.0,,0.0,0.0,0.0,,0.0,0.0
sabah:2025-12-24__dominikli-kevin,sabah,2025-12-24,3,2,64,141,Herkes uyuşturucu operasyonunda gözaltı kararı verilen isimleri merak ediyor.,1,verilen,1,0,,0,0,,1,10,0,0,0,0,0,0,0,0,0,"{""6"": [], ""7"": [], ""11"": []}",0.0,0.0,0.0,,0.0,0.0,0.0,,0.0,0.0
sabah:2025-12-24__dominikli-kevin,sabah,2025-12-24,3,3,142,231,Bunlardan birisi de villasında 15 günde bir 'sapkın' partiler düzenleyen Kasım Garipoğlu…,0,,0,0,,0,0,,0,13,1,0,0,0,0,0,0,0,0,"{""6"": [], ""7"": [], ""11"": []}",0.0,0.0,0.0,0.0,0.0,0.0,0.0,,1.0,0.0
sabah:2025-12-24__dominikli-kevin,sabah,2025-12-24,3,4,232,293,Geçen hafta perşembe günü hakkında yakalama kararı çıkarıldı.,1,çıkarıldı,1,0,,0,0,,1,9,0,0,0,0,0,0,0,0,0,"{""6"": [], ""7"": [], ""11"": []}",0.0,0.0,0.0,,0.0,0.0,0.0,,0.0,0.0
sabah:2025-12-24__dominikli-kevin,sabah,2025-12-24,3,5,294,369,"Fakat sanırım birileri önceden haber uçurduğu için firar etmiş, bulunamadı.",0,,0,1,etmiş,1,0,,0,12,0,0,0,0,0,0,0,0,0,"{""6"": [], ""7"": [], ""11"": []}",0.0,0.0,0.0,,0.0,0.0,0.0,,0.0,0.0
sabah:2025-12-24__dominikli-kevin,sabah,2025-12-24,3,6,371,399,Peki kim bu Kasım Garipoğlu?,0,,0,0,,0,0,,0,6,0,0,0,0,0,0,0,0,0,"{""6"": [], ""7"": [], ""11"": []}",0.0,0.0,0.0,,0.0,0.0,0.0,,0.0,0.0
sabah:2025-12-24__dominikli-kevin,sabah,2025-12-24,3,7,401,493,Hepiniz Garipoğlu Şirketler Topluluğu Yönetim Kurulu Başkanı Hayyam Garipoğlu'nu tanırsınız.,0,,0,0,,0,0,,0,11,1,0,0,0,0,0,0,0,0,"{""6"": [], ""7"": [], ""11"": []}",0.0,0.0,0.0,0.0,0.0,0.0,0.0,,1.0,0.0
sabah:2025-12-24__dominikli-kevin,sabah,2025-12-24,3,8,494,524,Batırılan Sümerbank'ın sahibi…,1,Batırılan,1,0,,0,0,,1,4,0,0,0,0,0,0,0,0,0,"{""6"": [], ""7"": [], ""11"": []}",0.0,0.0,0.0,,0.0,0.0,0.0,,0.0,0.0
sabah:2025-12-24__dominikli-kevin,sabah,2025-12-24,3,9,525,623,İsmi Malki cinayetinden POAŞ özelleştirmesine ve Türkbank skandalına kadar pek çok yerde geçmişti.,0,,0,0,,0,0,,0,14,0,0,1,1,0,0,0,0,0,"{""6"": [""Attack on Reputation""], ""7"": [], ""11"": [""Attack on Reputation""]}",1.0,1.0,1.0,,1.0,1.0,1.0,0.0,1.0,1.0
sabah:2025-12-24__dominikli-kevin,sabah,2025-12-24,3,10,624,713,"Haa, tabii en önemlisi de Münevver Karabulut cinayetinin sanığı Cem Garipoğlu'nun amcası…",0,,0,0,,0,0,,0,14,0,0,1,1,0,0,0,0,0,"{""6"": [""Attack on Reputation""], ""7"": [], ""11"": [""Attack on Reputation""]}",1.0,1.0,1.0,,1.0,1.0,1.0,0.0,1.0,1.0
sabah:2025-12-24__dominikli-kevin,sabah,2025-12-24,3,11,714,777,İşte Kasım Garipoğlu da Hayyam Garipoğlu'nun oğullarından biri…,0,,0,0,,0,0,,0,9,0,0,0,1,0,0,0,0,0,"{""6"": [], ""7"": [], ""11"": [""Attack on Reputation""]}",0.0,0.0,0.0,,1.0,1.0,1.0,,0.0,1.0
sabah:2025-12-24__dominikli-kevin,sabah,2025-12-24,3,12,779,802,Ne iş yapıyor derseniz…,0,,0,0,,0,0,,0,5,0,0,0,0,0,0,0,0,0,"{""6"": [], ""7"": [], ""11"": []}",0.0,0.0,0.0,,0.0,0.0,0.0,,0.0,0.0
sabah:2025-12-24__dominikli-kevin,sabah,2025-12-24,3,13,804,887,"İsmine gayrimenkul, eğlence ve finansal hizmetler sektörlerinde rastlayabilirsiniz.",0,,0,0,,0,0,,0,10,0,0,0,0,0,0,0,0,0,"{""6"": [], ""7"": [], ""11"": []}",0.0,0.0,0.0,,0.0,0.0,0.0,,0.0,0.0
sabah:2025-12-24__dominikli-kevin,sabah,2025-12-24,3,14,888,1049,"İngiltere merkezli Global Kapital Group (GKG), Divine Circus, Trive Financial Holding, Miami'deki GKG Holding LLC, GKFX Financial Services, Trive Investment B.V.",0,,0,0,,0,0,,0,31,0,0,0,0,0,0,0,0,0,"{""6"": [], ""7"": [], ""11"": []}",0.0,0.0,0.0,,0.0,0.0,0.0,,0.0,0.0
sabah:2025-12-24__dominikli-kevin,sabah,2025-12-24,3,15,1050,1091,Trive Credit B.V gibi birçok şirketi var.,0,,0,0,,0,0,,0,8,0,0,0,0,0,0,0,0,0,"{""6"": [], ""7"": [], ""11"": []}",0.0,0.0,0.0,,0.0,0.0,0.0,,0.0,0.0
sabah:2025-12-24__dominikli-kevin,sabah,2025-12-24,3,16,1092,1179,"Hatta Trive Bank adıyla Hollanda, Macaristan gibi ülkelerde dijital bankacılık yapıyor.",0,,0,0,,0,0,,0,13,0,0,0,0,0,0,0,0,0,"{""6"": [], ""7"": [], ""11"": []}",0.0,0.0,0.0,,0.0,0.0,0.0,,0.0,0.0
sabah:2025-12-24__dominikli-kevin,sabah,2025-12-24,3,17,1180,1244,Malta- Avrupa-ABD-Türkiye arasında bir para trafiğini yönetiyor.,0,,0,0,,0,0,,0,13,0,0,0,0,0,0,0,0,0,"{""6"": [], ""7"": [], ""11"": []}",0.0,0.0,0.0,,0.0,0.0,0.0,,0.0,0.0
sabah:2025-12-24__dominikli-kevin,sabah,2025-12-24,3,18,1245,1297,Türkiye'de de Trive Yatırım adıyla aracı kurumu var.,0,,0,0,,0,0,,0,9,0,0,0,0,0,0,0,0,0,"{""6"": [], ""7"": [], ""11"": []}",0.0,0.0,0.0,,0.0,0.0,0.0,,0.0,0.0
sabah:2025-12-24__dominikli-kevin,sabah,2025-12-24,3,19,1298,1450,Bu şirkete zamanında Sermaye Piyasası Kurulu tarafından sermayesinin üç katından fazla borçlanmasına ve fon çıkarıp satmasına izin verildiği söyleniyor.,1,verildiği | söyleniyor,2,0,,0,1,,0,20,0,0,0,0,0,0,0,0,0,"{""6"": [], ""7"": [], ""11"": []}",0.0,0.0,0.0,,0.0,0.0,0.0,,0.0,0.0
sabah:2025-12-24__dominikli-kevin,sabah,2025-12-24,3,20,1451,1494,Şu anda piyasada Trive'in 10 adet fonu var.,0,,0,0,,0,0,,0,9,0,0,1,0,0,0,0,0,0,"{""6"": [], ""7"": [], ""11"": []}",1.0,1.0,1.0,,0.0,0.0,0.0,,1.0,0.0
sabah:2025-12-24__dominikli-kevin,sabah,2025-12-24,3,21,1495,1560,Olaylardan sonra Takasbank olası riskler için tedbirlerini almış.,0,,0,1,almış,1,0,,0,9,0,0,0,0,0,0,0,0,0,"{""6"": [], ""7"": [], ""11"": []}",0.0,0.0,0.0,,0.0,0.0,0.0,,0.0,0.0
sabah:2025-12-24__dominikli-kevin,sabah,2025-12-24,3,22,1561,1656,"Malum, Garipoğlu'nun Türkiye'de savcılığın soruşturması kapsamında mal varlıklarına el konuldu.",1,konuldu,1,0,,0,0,,1,12,0,0,0,0,0,0,0,0,0,"{""6"": [], ""7"": [], ""11"": []}",0.0,0.0,0.0,,0.0,0.0,0.0,,0.0,0.0
sabah:2025-12-24__dominikli-kevin,sabah,2025-12-24,3,23,1657,1702,Buradaki mal varlığından ne çıkar bilmiyorum.,0,,0,0,,0,0,,0,8,0,0,0,0,0,0,0,0,0,"{""6"": [], ""7"": [], ""11"": []}",0.0,0.0,0.0,,0.0,0.0,0.0,,0.0,0.0
sabah:2025-12-24__dominikli-kevin,sabah,2025-12-24,3,24,1703,1780,Fakat görüldüğü gibi parayı zaten çoktan yurtdışındaki şirketlerine aktarmış…,1,görüldüğü,1,1,aktarmış,1,0,,1,11,0,0,0,0,1,0,0,0,0,"{""6"": [], ""7"": [""Justification""], ""11"": []}",0.0,0.0,0.0,,1.0,1.0,1.0,,0.0,1.0
sabah:2025-12-24__dominikli-kevin,sabah,2025-12-24,3,25,1781,1900,Yine de el koyma kararından geri dönülmesi için epey 'hatırlı dostları'nı araya soktuğu söyleniyor Garipoğlu ailesinin…,1,dönülmesi | söyleniyor,2,0,,0,0,,1,17,1,0,0,0,1,0,0,0,0,"{""6"": [], ""7"": [""Justification""], ""11"": []}",1.0,1.0,1.0,,1.0,1.0,1.0,,1.0,1.0
sabah:2025-12-24__dominikli-kevin,sabah,2025-12-24,3,26,1902,1911,Neden mi?,0,,0,0,,0,0,,0,3,0,0,0,0,0,0,0,0,0,"{""6"": [], ""7"": [], ""11"": []}",0.0,0.0,0.0,,0.0,0.0,0.0,,0.0,0.0
sabah:2025-12-24__dominikli-kevin,sabah,2025-12-24,3,27,1913,1987,"Çünkü, Kasım Garipoğlu soruşturmanın kilit isimlerinden biri haline geldi.",0,,0,0,,0,0,,0,11,0,0,0,0,0,0,0,0,0,"{""6"": [], ""7"": [], ""11"": []}",0.0,0.0,0.0,,0.0,0.0,0.0,,0.0,0.0
sabah:2025-12-24__dominikli-kevin,sabah,2025-12-24,3,28,1988,2124,Kendisini şikâyet edenlerden biri de bir dönem ismini batık banka operasyonlarından tanıyacağınız Korkmaz Yiğit'in kardeşi Gürbüz Yiğit.,0,,0,0,,0,0,,0,18,0,0,1,0,0,0,0,0,0,"{""6"": [], ""7"": [], ""11"": []}",1.0,1.0,1.0,,0.0,0.0,0.0,,1.0,0.0
sabah:2025-12-24__dominikli-kevin,sabah,2025-12-24,3,29,2125,2181,"Yiğit, Garipoğlu ailesi hakkında ilginç şeyler anlatmış!",0,,0,1,anlatmış,1,0,,0,9,0,0,0,0,0,0,0,0,0,"{""6"": [], ""7"": [], ""11"": []}",0.0,0.0,0.0,,0.0,0.0,0.0,,0.0,0.0
sabah:2025-12-24__dominikli-kevin,sabah,2025-12-24,3,30,2182,2397,"Garipoğlu ailesinden 7 milyon 850 bin dolar alacağı olduğunu söyleyip Hayyam, Kasım ve Ayfer Garipoğlu'nu şikâyet ettiği dilekçesinde ""Benim paramı vermek yerine baba-oğul parayı kumarda ve uyuşturucuda harcamışlar.",0,,0,0,,0,0,,0,33,1,0,0,0,0,0,0,0,0,"{""6"": [], ""7"": [], ""11"": []}",1.0,1.0,1.0,,0.0,0.0,0.0,,1.0,0.0
sabah:2025-12-24__dominikli-kevin,sabah,2025-12-24,3,31,2398,2479,Babası Hayyam Garipoğlu ile oğlu Kasım Garipoğlu'nun aralarında bir uzlaşı vardı.,0,,0,0,,0,0,,0,13,0,0,0,0,0,0,0,0,0,"{""6"": [], ""7"": [], ""11"": []}",0.0,0.0,0.0,,0.0,0.0,0.0,,0.0,0.0
sabah:2025-12-24__dominikli-kevin,sabah,2025-12-24,3,32,2480,2651,"Kasım babasının her hafta sonu yurtdışında kumarda harcadığı milyon dolarlara karışmıyor, Hayyam ise Kasım'ın uyuşturucu kullanımı ve trafiğini görmezden geliyordu"" diyor.",0,,0,0,,0,0,,0,23,0,0,0,0,0,0,0,0,0,"{""6"": [], ""7"": [], ""11"": []}",0.0,0.0,0.0,,0.0,0.0,0.0,,0.0,0.0
sabah:2025-12-24__dominikli-kevin,sabah,2025-12-24,3,33,2652,2841,"Kasım Garipoğlu'nun Türkiye'de birçok kişinin Survivor programının çekildiği yer olarak bildiği Dominik Cumhuriyeti vatandaşı olduğunu, pasaportta Kevin Graham ismini kullandığını söylüyor.",1,çekildiği,1,0,,0,0,,1,23,0,0,0,0,0,0,0,0,0,"{""6"": [], ""7"": [], ""11"": []}",0.0,0.0,0.0,,0.0,0.0,0.0,,0.0,0.0
sabah:2025-12-24__dominikli-kevin,sabah,2025-12-24,3,34,2843,2941,Yiğit'in birçok iddiası da aslında Kasım Garipoğlu'nun şoförü Ahmet Akçay'ın ifadesiyle örtüşüyor.,0,,0,0,,0,0,,0,13,0,0,0,0,0,0,0,0,0,"{""6"": [], ""7"": [], ""11"": []}",0.0,0.0,0.0,,0.0,0.0,0.0,,0.0,0.0
sabah:2025-12-24__dominikli-kevin,sabah,2025-12-24,3,35,2943,2949,Neyse…,0,,0,0,,0,0,,0,2,0,0,0,0,0,0,0,0,0,"{""6"": [], ""7"": [], ""11"": []}",0.0,0.0,0.0,,0.0,0.0,0.0,,0.0,0.0
sabah:2025-12-24__dominikli-kevin,sabah,2025-12-24,3,36,2951,3036,Gelelim Kasım Garipoğlu'yla ilgili İstanbul Cumhuriyet Başsavcılığı'nın tespitlerine…,0,,0,0,,0,0,,0,9,0,0,0,0,0,0,0,0,0,"{""6"": [], ""7"": [], ""11"": []}",0.0,0.0,0.0,,0.0,0.0,0.0,,0.0,0.0
sabah:2025-12-24__dominikli-kevin,sabah,2025-12-24,3,37,3037,3110,Kasım Garipoğlu 4 büyük torbacının ikisiyle iyi ilişkileri olan bir isim…,0,,0,0,,0,0,,0,12,0,0,0,0,0,0,0,0,0,"{""6"": [], ""7"": [], ""11"": []}",0.0,0.0,0.0,,0.0,0.0,0.0,,0.0,0.0
sabah:2025-12-24__dominikli-kevin,sabah,2025-12-24,3,38,3111,3180,Garipoğlu'ndan piramidin tepesine ulaşmak bir adım daha kolaylaşacak.,1,kolaylaşacak,1,0,,0,0,,1,9,0,0,0,0,0,0,0,0,0,"{""6"": [], ""7"": [], ""11"": []}",0.0,0.0,0.0,,0.0,0.0,0.0,,0.0,0.0
sabah:2025-12-24__dominikli-kevin,sabah,2025-12-24,3,39,3182,3222,Bakalım önümüzdeki günler ne gösterecek!,0,,0,0,,0,0,,0,7,0,0,0,0,0,0,0,0,0,"{""6"": [], ""7"": [], ""11"": []}",0.0,0.0,0.0,,0.0,0.0,0.0,,0.0,0.0
sabah:2026-06-22__siyaset-ve-medya,sabah,2026-06-22,3,0,0,30,YAVUZ DONAT - Siyaset ve medya,0,,0,0,,0,0,,0,6,0,0,0,0,0,0,0,0,0,"{""6"": [], ""7"": [], ""11"": []}",0.0,0.0,0.0,,0.0,0.0,0.0,,0.0,0.0
sabah:2026-06-22__siyaset-ve-medya,sabah,2026-06-22,3,1,32,56,Televizyon izliyordum...,0,,0,0,,0,0,,0,3,0,0,0,0,0,0,0,0,0,"{""6"": [], ""7"": [], ""11"": []}",0.0,0.0,0.0,,0.0,0.0,0.0,,0.0,0.0
sabah:2026-06-22__siyaset-ve-medya,sabah,2026-06-22,3,2,57,118,"Birkaç kanalda, haftalardır olduğu gibi, CHP konuşuluyordu...",1,konuşuluyordu,1,0,,0,0,,1,11,0,0,0,0,0,0,0,0,0,"{""6"": [], ""7"": [], ""11"": []}",0.0,0.0,0.0,,0.0,0.0,0.0,,0.0,0.0
sabah:2026-06-22__siyaset-ve-medya,sabah,2026-06-22,3,3,119,134,Tartışılıyordu.,0,,0,0,,0,0,,0,2,0,0,0,0,0,0,0,0,0,"{""6"": [], ""7"": [], ""11"": []}",0.0,0.0,0.0,,0.0,0.0,0.0,,0.0,0.0
sabah:2026-06-22__siyaset-ve-medya,sabah,2026-06-22,3,4,135,161,Konuşmacılardan birinin...,0,,0,0,,0,0,,0,3,0,0,0,0,0,0,0,0,0,"{""6"": [], ""7"": [], ""11"": []}",0.0,0.0,0.0,,0.0,0.0,0.0,,0.0,0.0
sabah:2026-06-22__siyaset-ve-medya,sabah,2026-06-22,3,5,162,195,CHP'nin eski Ankara İl Başkanı...,0,,0,0,,0,0,,0,6,0,1,0,0,0,0,0,0,0,"{""6"": [], ""7"": [], ""11"": []}",1.0,1.0,1.0,,0.0,0.0,0.0,,1.0,0.0
sabah:2026-06-22__siyaset-ve-medya,sabah,2026-06-22,3,6,196,216,Eski milletvekili...,0,,0,0,,0,0,,0,3,0,1,0,0,0,0,0,0,0,"{""6"": [], ""7"": [], ""11"": []}",1.0,1.0,1.0,,0.0,0.0,0.0,,1.0,0.0
sabah:2026-06-22__siyaset-ve-medya,sabah,2026-06-22,3,7,217,349,"TBMM eski Başkanvekili Yılmaz Ateş'in sözleri dikkatimi çekti: ""Allah, Cumhuriyet Halk Partisi'ni basındaki yandaşlarından korusun.""",0,,0,0,,0,0,,0,20,1,1,0,0,0,0,0,0,0,"{""6"": [], ""7"": [], ""11"": []}",1.0,1.0,1.0,,0.0,0.0,0.0,,1.0,0.0
sabah:2026-06-22__siyaset-ve-medya,sabah,2026-06-22,3,8,350,427,"Yazımızın sonunda söyleyeceğimizi, ilk başta söyleyelim: Siyaset ile medya...",0,,0,0,,0,0,,0,12,0,0,0,0,0,0,0,0,0,"{""6"": [], ""7"": [], ""11"": []}",0.0,0.0,0.0,,0.0,0.0,0.0,,0.0,0.0
sabah:2026-06-22__siyaset-ve-medya,sabah,2026-06-22,3,9,428,576,"Siyaset ile para ilişkileri, ülke gündeminin önemli konularından biri haline geliyorsa; Siyasetin de, medyanın da itibar ve güvenilirliği yara alır.",0,,0,0,,0,0,,0,25,0,0,0,0,0,0,0,0,0,"{""6"": [], ""7"": [], ""11"": []}",0.0,0.0,0.0,,0.0,0.0,0.0,,0.0,0.0
sabah:2026-06-22__siyaset-ve-medya,sabah,2026-06-22,3,10,577,620,"Türkiye'de yaşanan, maalesef, tam da budur.",1,yaşanan,1,0,,0,0,,1,10,0,0,0,0,0,0,0,0,0,"{""6"": [], ""7"": [], ""11"": []}",0.0,0.0,0.0,,0.0,0.0,0.0,,0.0,0.0
sabah:2026-06-22__siyaset-ve-medya,sabah,2026-06-22,3,11,621,739,"*** 'Partili gazeteciler' Gazetecinin de, herkes gibi, oyunu verdiği bir parti, beğendiği/ sevdiği bir lider vardır...",0,,0,0,,0,0,,0,22,1,0,0,0,0,0,0,0,0,"{""6"": [], ""7"": [], ""11"": []}",1.0,1.0,1.0,,0.0,0.0,0.0,,1.0,0.0
sabah:2026-06-22__siyaset-ve-medya,sabah,2026-06-22,3,12,740,749,Doğaldır.,0,,0,0,,0,0,,0,3,0,0,0,0,0,0,0,0,0,"{""6"": [], ""7"": [], ""11"": []}",0.0,0.0,0.0,,0.0,0.0,0.0,,0.0,0.0
sabah:2026-06-22__siyaset-ve-medya,sabah,2026-06-22,3,13,750,822,"Aynı şekilde, karşı olduğu ve beğenmediği bir parti/lider de olabilir...",0,,0,0,,0,0,,0,12,0,0,0,0,0,0,0,0,0,"{""6"": [], ""7"": [], ""11"": []}",0.0,0.0,0.0,,0.0,0.0,0.0,,0.0,0.0
sabah:2026-06-22__siyaset-ve-medya,sabah,2026-06-22,3,14,823,832,Doğaldır.,0,,0,0,,0,0,,0,3,0,0,0,0,0,0,0,0,0,"{""6"": [], ""7"": [], ""11"": []}",0.0,0.0,0.0,,0.0,0.0,0.0,,0.0,0.0
sabah:2026-06-22__siyaset-ve-medya,sabah,2026-06-22,3,15,833,839,Ama...,0,,0,0,,0,0,,0,2,0,0,0,0,0,0,0,0,0,"{""6"": [], ""7"": [], ""11"": []}",0.0,0.0,0.0,,0.0,0.0,0.0,,0.0,0.0
sabah:2026-06-22__siyaset-ve-medya,sabah,2026-06-22,3,16,840,848,Fakat...,0,,0,0,,0,0,,0,2,0,0,0,0,0,0,0,0,0,"{""6"": [], ""7"": [], ""11"": []}",0.0,0.0,0.0,,0.0,0.0,0.0,,0.0,0.0
sabah:2026-06-22__siyaset-ve-medya,sabah,2026-06-22,3,17,849,887,Lakin; Gazeteci şu veya bu partinin...,0,,0,0,,0,0,,0,8,0,0,0,0,1,0,0,0,0,"{""6"": [""Justification""], ""7"": [], ""11"": []}",0.0,0.0,0.0,,1.0,1.0,1.0,,0.0,1.0
sabah:2026-06-22__siyaset-ve-medya,sabah,2026-06-22,3,18,888,898,Amigosu...,0,,0,0,,0,0,,0,2,0,0,0,0,1,0,0,0,0,"{""6"": [""Justification""], ""7"": [], ""11"": []}",0.0,0.0,0.0,,1.0,1.0,1.0,,0.0,1.0
sabah:2026-06-22__siyaset-ve-medya,sabah,2026-06-22,3,19,899,910,Militanı...,0,,0,0,,0,0,,0,2,0,0,0,0,1,0,0,0,0,"{""6"": [""Justification""], ""7"": [], ""11"": []}",0.0,0.0,0.0,,1.0,1.0,1.0,,0.0,1.0
sabah:2026-06-22__siyaset-ve-medya,sabah,2026-06-22,3,20,911,928,Avukatı değildir.,0,,0,0,,0,0,,0,3,0,0,0,0,1,0,0,0,0,"{""6"": [""Justification""], ""7"": [], ""11"": []}",0.0,0.0,0.0,,1.0,1.0,1.0,,0.0,1.0
sabah:2026-06-22__siyaset-ve-medya,sabah,2026-06-22,3,21,929,961,"Sözümüz ona, buna, şuna değil...",0,,0,0,,0,0,,0,8,0,0,0,1,0,0,0,0,0,"{""6"": [""Attack on Reputation""], ""7"": [], ""11"": []}",0.0,0.0,0.0,,1.0,1.0,1.0,,0.0,1.0
sabah:2026-06-22__siyaset-ve-medya,sabah,2026-06-22,3,22,962,969,Ortaya.,0,,0,0,,0,0,,0,2,0,0,0,1,0,0,0,0,0,"{""6"": [""Attack on Reputation""], ""7"": [], ""11"": []}",0.0,0.0,0.0,,1.0,1.0,1.0,,0.0,1.0
sabah:2026-06-22__siyaset-ve-medya,sabah,2026-06-22,3,23,970,1015,Siyaset-medya ilişkilerinde ölçü önemlidir...,0,,0,0,,0,0,,0,8,0,0,0,1,0,0,0,0,0,"{""6"": [""Attack on Reputation""], ""7"": [], ""11"": []}",0.0,0.0,0.0,,1.0,1.0,1.0,,0.0,1.0
sabah:2026-06-22__siyaset-ve-medya,sabah,2026-06-22,3,24,1016,1116,"Orantısız övgü de, hakarete varan öfke de; Bazı çevrelerin hoşuna gidebilir, alkış da getirebilir...",0,,0,0,,0,0,,0,18,0,0,0,1,0,0,0,0,0,"{""6"": [""Attack on Reputation""], ""7"": [], ""11"": []}",0.0,0.0,0.0,,1.0,1.0,1.0,,0.0,1.0
sabah:2026-06-22__siyaset-ve-medya,sabah,2026-06-22,3,25,1117,1136,Ama doğru değildir.,0,,0,0,,0,0,,0,4,0,0,0,1,0,0,0,0,0,"{""6"": [""Attack on Reputation""], ""7"": [], ""11"": []}",0.0,0.0,0.0,,1.0,1.0,1.0,,0.0,1.0
sabah:2026-06-22__siyaset-ve-medya,sabah,2026-06-22,3,26,1137,1161,İtibar kaybına yol açar.,0,,0,0,,0,0,,0,5,0,0,0,1,0,0,0,0,0,"{""6"": [""Attack on Reputation""], ""7"": [], ""11"": []}",0.0,0.0,0.0,,1.0,1.0,1.0,,0.0,1.0
sabah:2026-06-22__siyaset-ve-medya,sabah,2026-06-22,3,27,1162,1299,*** Özeleştiri zamanı Cumhuriyet Halk Partisi'nin 1935 yılındaki kurultayında kabul edilen tüzüğünde partili gazeteciler maddesi vardı...,1,edilen,1,0,,0,0,,1,19,0,0,0,0,0,0,0,0,0,"{""6"": [], ""7"": [], ""11"": []}",0.0,0.0,0.0,,0.0,0.0,0.0,,0.0,0.0
sabah:2026-06-22__siyaset-ve-medya,sabah,2026-06-22,3,28,1300,1317,Biliyor muydunuz?,0,,0,0,,0,0,,0,3,0,0,0,0,0,0,0,0,0,"{""6"": [], ""7"": [], ""11"": []}",0.0,0.0,0.0,,0.0,0.0,0.0,,0.0,0.0
sabah:2026-06-22__siyaset-ve-medya,sabah,2026-06-22,3,29,1318,1326,Tüzük...,0,,0,0,,0,0,,0,2,0,0,0,0,0,0,0,0,0,"{""6"": [], ""7"": [], ""11"": []}",0.0,0.0,0.0,,0.0,0.0,0.0,,0.0,0.0
sabah:2026-06-22__siyaset-ve-medya,sabah,2026-06-22,3,30,1327,1345,Dokuzuncu kısım...,0,,0,0,,0,0,,0,3,0,0,0,0,0,0,0,0,0,"{""6"": [], ""7"": [], ""11"": []}",0.0,0.0,0.0,,0.0,0.0,0.0,,0.0,0.0
sabah:2026-06-22__siyaset-ve-medya,sabah,2026-06-22,3,31,1346,1511,"Madde 146: Sahibi CHP'li olan gazete ve dergilerin yazıları ile parti üyelerinin yazdıkları ve çıkardıkları eserler, parti prensipleri bakımından göz önünde tutulur.",1,tutulur,1,0,,0,0,,1,26,0,0,0,0,0,0,0,0,0,"{""6"": [], ""7"": [], ""11"": []}",0.0,0.0,0.0,,0.0,0.0,0.0,,0.0,0.0
sabah:2026-06-22__siyaset-ve-medya,sabah,2026-06-22,3,32,1512,1630,"İsteyen partili gazeteciler, dergiciler ve yazarlarla bu yolda görüş birliğine yarayacak heyet ve toplantılar yapılır.",1,yapılır,1,0,,0,0,,1,18,0,0,0,0,0,0,0,0,0,"{""6"": [], ""7"": [], ""11"": []}",0.0,0.0,0.0,,0.0,0.0,0.0,,0.0,0.0
sabah:2026-06-22__siyaset-ve-medya,sabah,2026-06-22,3,33,1631,1775,"Parti kapitali ile ilişkili ve yönetiminde etken bulundukları gazete, dergi ve basmalarda parti program ve tüzüğüne aykırı yazılar çıkartmazlar.",0,,0,0,,0,0,,0,22,0,0,0,0,0,0,0,0,0,"{""6"": [], ""7"": [], ""11"": []}",0.0,0.0,0.0,,0.0,0.0,0.0,,0.0,0.0
sabah:2026-06-22__siyaset-ve-medya,sabah,2026-06-22,3,34,1776,1862,CHP'nin 1938'de yapılan kurultayında ve kabul edilen tüzüğünde bu madde aynen korundu.,1,yapılan | edilen | korundu,3,0,,0,0,,1,13,0,0,0,0,0,0,0,0,0,"{""6"": [], ""7"": [], ""11"": []}",0.0,0.0,0.0,,0.0,0.0,0.0,,0.0,0.0
sabah:2026-06-22__siyaset-ve-medya,sabah,2026-06-22,3,35,1863,1869,Ama...,0,,0,0,,0,0,,0,2,0,0,0,0,0,0,0,0,0,"{""6"": [], ""7"": [], ""11"": []}",0.0,0.0,0.0,,0.0,0.0,0.0,,0.0,0.0
sabah:2026-06-22__siyaset-ve-medya,sabah,2026-06-22,3,36,1870,1895,Artık 1930'larda değiliz.,0,,0,0,,0,0,,0,4,0,0,0,0,0,0,0,0,0,"{""6"": [], ""7"": [], ""11"": []}",0.0,0.0,0.0,,0.0,0.0,0.0,,0.0,0.0
sabah:2026-06-22__siyaset-ve-medya,sabah,2026-06-22,3,37,1896,1998,2026 Türkiye'sinde siyaset-medyapara- sarı zarf içerikli konular gazetelerin manşetlerine çıkıyorsa...,0,,0,0,,0,0,,0,14,0,0,0,0,0,0,0,0,0,"{""6"": [], ""7"": [], ""11"": []}",0.0,0.0,0.0,,0.0,0.0,0.0,,0.0,0.0
sabah:2026-06-22__siyaset-ve-medya,sabah,2026-06-22,3,38,1999,2057,Televizyonların ana haberlerinden biri haline geliyorsa...,0,,0,0,,0,0,,0,7,0,0,0,0,0,0,0,0,0,"{""6"": [], ""7"": [], ""11"": []}",0.0,0.0,0.0,,0.0,0.0,0.0,,0.0,0.0
sabah:2026-06-22__siyaset-ve-medya,sabah,2026-06-22,3,39,2058,2100,"Herkesin, şapkayı önüne koyup düşünmesi...",0,,0,0,,0,0,,0,7,0,0,0,0,0,0,0,0,0,"{""6"": [], ""7"": [], ""11"": []}",0.0,0.0,0.0,,0.0,0.0,0.0,,0.0,0.0
sabah:2026-06-22__siyaset-ve-medya,sabah,2026-06-22,3,40,2101,2126,Özeleştiri yapması gerek.,0,,0,0,,0,0,,0,4,0,0,0,0,0,0,0,0,0,"{""6"": [], ""7"": [], ""11"": []}",0.0,0.0,0.0,,0.0,0.0,0.0,,0.0,0.0
sabah:2026-06-22__siyaset-ve-medya,sabah,2026-06-22,3,41,2127,2150,*** Zaman tünelinden...,0,,0,0,,0,0,,0,4,0,0,0,0,0,0,0,0,0,"{""6"": [], ""7"": [], ""11"": []}",0.0,0.0,0.0,,0.0,0.0,0.0,,0.0,0.0
sabah:2026-06-22__siyaset-ve-medya,sabah,2026-06-22,3,42,2151,2186,Darbe (12 Eylül 1980) sonrasıydı...,0,,0,0,,0,0,,0,9,0,0,0,0,0,0,0,0,0,"{""6"": [], ""7"": [], ""11"": []}",0.0,0.0,0.0,,0.0,0.0,0.0,,0.0,0.0
sabah:2026-06-22__siyaset-ve-medya,sabah,2026-06-22,3,43,2187,2210,Demokrasiye dönülmüştü.,0,,0,0,,0,0,,0,3,0,0,0,0,0,0,0,0,0,"{""6"": [], ""7"": [], ""11"": []}",0.0,0.0,0.0,,0.0,0.0,0.0,,0.0,0.0
sabah:2026-06-22__siyaset-ve-medya,sabah,2026-06-22,3,44,2211,2223,İktidarda...,0,,0,0,,0,0,,0,2,0,0,0,0,0,0,0,0,0,"{""6"": [], ""7"": [], ""11"": []}",0.0,0.0,0.0,,0.0,0.0,0.0,,0.0,0.0
sabah:2026-06-22__siyaset-ve-medya,sabah,2026-06-22,3,45,2224,2260,Anavatan Partisi- Turgut Özal vardı.,0,,0,0,,0,0,,0,8,0,0,0,0,0,0,0,0,0,"{""6"": [], ""7"": [], ""11"": []}",0.0,0.0,0.0,,0.0,0.0,0.0,,0.0,0.0
sabah:2026-06-22__siyaset-ve-medya,sabah,2026-06-22,3,46,2261,2275,Muhalefette...,0,,0,0,,0,0,,0,2,0,0,0,0,0,0,0,0,0,"{""6"": [], ""7"": [], ""11"": []}",0.0,0.0,0.0,,0.0,0.0,0.0,,0.0,0.0
sabah:2026-06-22__siyaset-ve-medya,sabah,2026-06-22,3,47,2276,2391,"Sabun gibi eriyiveren, askerlerin kurup/yönettiği MDP'yi (Milliyetçi Demokrasi Partisi) saymazsak; Sağ mahallede...",0,,0,0,,0,0,,0,18,0,0,0,0,0,0,0,0,0,"{""6"": [], ""7"": [], ""11"": []}",0.0,0.0,0.0,,0.0,0.0,0.0,,0.0,0.0
sabah:2026-06-22__siyaset-ve-medya,sabah,2026-06-22,3,48,2392,2456,Emanetçi genel başkanla Doğruyol Partisi yükselmeye çalışıyordu.,0,,0,0,,0,0,,0,9,0,0,0,0,0,0,0,0,0,"{""6"": [], ""7"": [], ""11"": []}",0.0,0.0,0.0,,0.0,0.0,0.0,,0.0,0.0
sabah:2026-06-22__siyaset-ve-medya,sabah,2026-06-22,3,49,2457,2477,Sol mahallede ise...,0,,0,0,,0,0,,0,4,0,0,0,0,0,0,0,0,0,"{""6"": [], ""7"": [], ""11"": []}",0.0,0.0,0.0,,0.0,0.0,0.0,,0.0,0.0
sabah:2026-06-22__siyaset-ve-medya,sabah,2026-06-22,3,50,2478,2494,Bölünme vardı...,0,,0,0,,0,0,,0,4,0,0,0,0,0,0,0,0,0,"{""6"": [], ""7"": [], ""11"": []}",0.0,0.0,0.0,,0.0,0.0,0.0,,0.0,0.0
sabah:2026-06-22__siyaset-ve-medya,sabah,2026-06-22,3,51,2495,2536,Başında Erdal İnönü'nün olduğu SHP ile...,0,,0,0,,0,0,,0,7,0,0,0,0,0,0,0,0,0,"{""6"": [], ""7"": [], ""11"": []}",0.0,0.0,0.0,,0.0,0.0,0.0,,0.0,0.0
sabah:2026-06-22__siyaset-ve-medya,sabah,2026-06-22,3,52,2537,2573,Rahşan Ecevit'in liderliğindeki DSP.,0,,0,0,,0,0,,0,6,0,0,0,0,0,0,0,0,0,"{""6"": [], ""7"": [], ""11"": []}",0.0,0.0,0.0,,0.0,0.0,0.0,,0.0,0.0
sabah:2026-06-22__siyaset-ve-medya,sabah,2026-06-22,3,53,2574,2579,Ve...,0,,0,0,,0,0,,0,2,0,0,0,0,0,0,0,0,0,"{""6"": [], ""7"": [], ""11"": []}",0.0,0.0,0.0,,0.0,0.0,0.0,,0.0,0.0
sabah:2026-06-22__siyaset-ve-medya,sabah,2026-06-22,3,54,2580,2609,Arkadan iten iki lokomotif...,0,,0,0,,0,0,,0,5,0,0,0,0,0,0,0,0,0,"{""6"": [], ""7"": [], ""11"": []}",0.0,0.0,0.0,,0.0,0.0,0.0,,0.0,0.0
sabah:2026-06-22__siyaset-ve-medya,sabah,2026-06-22,3,55,2610,2655,DYP'nin arkasında Yasaklı Süleyman Demirel...,0,,0,0,,0,0,,0,6,0,0,0,0,0,0,0,0,0,"{""6"": [], ""7"": [], ""11"": []}",0.0,0.0,0.0,,0.0,0.0,0.0,,0.0,0.0
sabah:2026-06-22__siyaset-ve-medya,sabah,2026-06-22,3,56,2656,2700,DSP'nin arkasında da yasaklı Bülennt Ecevit.,0,,0,0,,0,0,,0,7,0,0,0,0,0,0,0,0,0,"{""6"": [], ""7"": [], ""11"": []}",0.0,0.0,0.0,,0.0,0.0,0.0,,0.0,0.0
sabah:2026-06-22__siyaset-ve-medya,sabah,2026-06-22,3,57,2701,2744,Sol mahallenin güçlü/etkili yayın organı...,0,,0,0,,0,0,,0,6,0,0,0,0,0,0,0,0,0,"{""6"": [], ""7"": [], ""11"": []}",0.0,0.0,0.0,,0.0,0.0,0.0,,0.0,0.0
sabah:2026-06-22__siyaset-ve-medya,sabah,2026-06-22,3,58,2745,2767,Cumhuriyet Gazetesi...,0,,0,0,,0,0,,0,3,0,0,0,0,0,0,0,0,0,"{""6"": [], ""7"": [], ""11"": []}",0.0,0.0,0.0,,0.0,0.0,0.0,,0.0,0.0
sabah:2026-06-22__siyaset-ve-medya,sabah,2026-06-22,3,59,2768,2798,İki arada bir derede kalmıştı.,0,,0,0,,0,0,,0,6,0,0,0,0,0,0,0,0,0,"{""6"": [], ""7"": [], ""11"": []}",0.0,0.0,0.0,,0.0,0.0,0.0,,0.0,0.0
sabah:2026-06-22__siyaset-ve-medya,sabah,2026-06-22,3,60,2799,2809,Sonunda...,0,,0,0,,0,0,,0,2,0,0,0,0,0,0,0,0,0,"{""6"": [], ""7"": [], ""11"": []}",0.0,0.0,0.0,,0.0,0.0,0.0,,0.0,0.0
sabah:2026-06-22__siyaset-ve-medya,sabah,2026-06-22,3,61,2810,2861,Cumhuriyet mahalledeki güçlüden yana tavır koydu...,0,,0,0,,0,0,,0,9,0,0,0,0,0,0,0,0,0,"{""6"": [], ""7"": [], ""11"": []}",0.0,0.0,0.0,,0.0,0.0,0.0,,0.0,0.0
sabah:2026-06-22__siyaset-ve-medya,sabah,2026-06-22,3,62,2862,2911,"İnönü'den, Sosyal Demokrat Halkçı Parti'den yana.",0,,0,0,,0,0,,0,8,0,0,0,0,0,0,0,0,0,"{""6"": [], ""7"": [], ""11"": []}",0.0,0.0,0.0,,0.0,0.0,0.0,,0.0,0.0
sabah:2026-06-22__siyaset-ve-medya,sabah,2026-06-22,3,63,2912,2935,DSP... Rahşan Ecevit...,0,,0,0,,0,0,,0,5,0,0,0,0,0,0,0,0,0,"{""6"": [], ""7"": [], ""11"": []}",0.0,0.0,0.0,,0.0,0.0,0.0,,0.0,0.0
sabah:2026-06-22__siyaset-ve-medya,sabah,2026-06-22,3,64,2936,3127,"Bülent Ecevit'in yazdığı seçim şarkısı ile yurdu dolaşmaya başladı: ""Gözün aydın Türkiye, ak güvercin geliyor, Güçlendikçe DSP, halkın yüzü gülüyor, Demokratik soldayız, en güvenli yoldayız.""",0,,0,0,,0,0,,0,35,0,0,0,0,0,0,0,0,0,"{""6"": [], ""7"": [], ""11"": []}",0.0,0.0,0.0,,0.0,0.0,0.0,,0.0,0.0
sabah:2026-06-22__siyaset-ve-medya,sabah,2026-06-22,3,65,3128,3140,O dönemde...,0,,0,0,,0,0,,0,3,0,0,0,0,0,0,0,0,0,"{""6"": [], ""7"": [], ""11"": []}",0.0,0.0,0.0,,0.0,0.0,0.0,,0.0,0.0
sabah:2026-06-22__siyaset-ve-medya,sabah,2026-06-22,3,66,3141,3165,İnönü ile de dolaştım...,0,,0,0,,0,0,,0,5,0,0,0,0,0,0,0,0,0,"{""6"": [], ""7"": [], ""11"": []}",0.0,0.0,0.0,,0.0,0.0,0.0,,0.0,0.0
sabah:2026-06-22__siyaset-ve-medya,sabah,2026-06-22,3,67,3166,3187,Rahşan Ecevit ile de.,0,,0,0,,0,0,,0,5,0,0,0,0,0,0,0,0,0,"{""6"": [], ""7"": [], ""11"": []}",0.0,0.0,0.0,,0.0,0.0,0.0,,0.0,0.0
sabah:2026-06-22__siyaset-ve-medya,sabah,2026-06-22,3,68,3188,3222,SHP'nin seçim otobüsünde anonsu...,0,,0,0,,0,0,,0,5,0,0,0,0,0,0,0,0,0,"{""6"": [], ""7"": [], ""11"": []}",0.0,0.0,0.0,,0.0,0.0,0.0,,0.0,0.0
sabah:2026-06-22__siyaset-ve-medya,sabah,2026-06-22,3,69,3223,3310,"Lider takdimini Anadolu Ajansı'ndan emekli Hasan Şahan yapıyordu: - Geliyor, geliyor...",0,,0,0,,0,0,,0,14,0,0,0,0,0,0,0,0,0,"{""6"": [], ""7"": [], ""11"": []}",0.0,0.0,0.0,,0.0,0.0,0.0,,0.0,0.0
sabah:2026-06-22__siyaset-ve-medya,sabah,2026-06-22,3,70,3311,3349,"Kara karga değil, Erdal İnönü geliyor.",0,,0,0,,0,0,,0,8,0,0,0,0,0,0,0,0,0,"{""6"": [], ""7"": [], ""11"": []}",0.0,0.0,0.0,,0.0,0.0,0.0,,0.0,0.0
sabah:2026-06-22__siyaset-ve-medya,sabah,2026-06-22,3,71,3350,3377,Ecevit'in ak güvercinine...,0,,0,0,,0,0,,0,4,0,0,0,0,0,0,0,0,0,"{""6"": [], ""7"": [], ""11"": []}",0.0,0.0,0.0,,0.0,0.0,0.0,,0.0,0.0
sabah:2026-06-22__siyaset-ve-medya,sabah,2026-06-22,3,72,3378,3403,"SHP ""Kara karga"" diyordu.",0,,0,0,,0,0,,0,6,0,0,0,0,0,0,0,0,0,"{""6"": [], ""7"": [], ""11"": []}",0.0,0.0,0.0,,0.0,0.0,0.0,,0.0,0.0
sabah:2026-06-22__siyaset-ve-medya,sabah,2026-06-22,3,73,3404,3443,Rahşan Hanım'ın bazı toplantılarında...,0,,0,0,,0,0,,0,5,0,0,0,0,0,0,0,0,0,"{""6"": [], ""7"": [], ""11"": []}",0.0,0.0,0.0,,0.0,0.0,0.0,,0.0,0.0
sabah:2026-06-22__siyaset-ve-medya,sabah,2026-06-22,3,74,3444,3461,Acı ama gerçek...,0,,0,0,,0,0,,0,4,0,0,0,0,0,0,0,0,0,"{""6"": [], ""7"": [], ""11"": []}",0.0,0.0,0.0,,0.0,0.0,0.0,,0.0,0.0
sabah:2026-06-22__siyaset-ve-medya,sabah,2026-06-22,3,75,3462,3497,Cumhuriyet Gazetesi yırtılıyordu...,0,,0,0,,0,0,,0,4,0,0,0,0,0,0,0,0,0,"{""6"": [], ""7"": [], ""11"": []}",0.0,0.0,0.0,,0.0,0.0,0.0,,0.0,0.0
sabah:2026-06-22__siyaset-ve-medya,sabah,2026-06-22,3,76,3498,3510,Yakılıyordu.,0,,0,0,,0,0,,0,2,0,0,0,0,0,0,0,0,0,"{""6"": [], ""7"": [], ""11"": []}",0.0,0.0,0.0,,0.0,0.0,0.0,,0.0,0.0
sabah:2026-06-22__siyaset-ve-medya,sabah,2026-06-22,3,77,3511,3528,Elbette yazdım...,0,,0,0,,0,0,,0,3,0,0,0,0,0,0,0,0,0,"{""6"": [], ""7"": [], ""11"": []}",0.0,0.0,0.0,,0.0,0.0,0.0,,0.0,0.0
sabah:2026-06-22__siyaset-ve-medya,sabah,2026-06-22,3,78,3529,3548,Elbette eleştirdim.,0,,0,0,,0,0,,0,3,0,0,0,0,0,0,0,0,0,"{""6"": [], ""7"": [], ""11"": []}",0.0,0.0,0.0,,0.0,0.0,0.0,,0.0,0.0
sabah:2026-06-22__siyaset-ve-medya,sabah,2026-06-22,3,79,3549,3563,Alev Coşkun...,0,,0,0,,0,0,,0,3,0,0,0,0,0,0,0,0,0,"{""6"": [], ""7"": [], ""11"": []}",0.0,0.0,0.0,,0.0,0.0,0.0,,0.0,0.0
sabah:2026-06-22__siyaset-ve-medya,sabah,2026-06-22,3,80,3564,3605,Sol mahallenin hafızası/arşivi sayılır...,1,sayılır,1,0,,0,0,,1,5,0,0,0,0,0,0,0,0,0,"{""6"": [], ""7"": [], ""11"": []}",0.0,0.0,0.0,,0.0,0.0,0.0,,0.0,0.0
sabah:2026-06-22__siyaset-ve-medya,sabah,2026-06-22,3,81,3606,3632,O dönemin canlı tanığıdır.,0,,0,0,,0,0,,0,6,0,0,0,0,0,0,0,0,0,"{""6"": [], ""7"": [], ""11"": []}",0.0,0.0,0.0,,0.0,0.0,0.0,,0.0,0.0
sabah:2026-06-22__siyaset-ve-medya,sabah,2026-06-22,3,82,3633,3638,Ve...,0,,0,0,,0,0,,0,2,0,0,0,0,0,0,0,0,0,"{""6"": [], ""7"": [], ""11"": []}",0.0,0.0,0.0,,0.0,0.0,0.0,,0.0,0.0
sabah:2026-06-22__siyaset-ve-medya,sabah,2026-06-22,3,83,3639,3656,Geldik bugünlere.,0,,0,0,,0,0,,0,3,0,0,0,0,0,0,0,0,0,"{""6"": [], ""7"": [], ""11"": []}",0.0,0.0,0.0,,0.0,0.0,0.0,,0.0,0.0
sabah:2026-06-22__siyaset-ve-medya,sabah,2026-06-22,3,84,3657,3680,O partili bu partili...,0,,0,0,,0,0,,0,7,0,0,0,0,0,0,0,0,0,"{""6"": [], ""7"": [], ""11"": []}",0.0,0.0,0.0,,0.0,0.0,0.0,,0.0,0.0
sabah:2026-06-22__siyaset-ve-medya,sabah,2026-06-22,3,85,3681,3706,O gazeteci bu gazeteci...,0,,0,0,,0,0,,0,5,0,0,0,0,0,0,0,0,0,"{""6"": [], ""7"": [], ""11"": []}",0.0,0.0,0.0,,0.0,0.0,0.0,,0.0,0.0
sabah:2026-06-22__siyaset-ve-medya,sabah,2026-06-22,3,86,3707,3741,Neredeyse birbirlerini boğacaklar.,0,,0,0,,0,0,,0,5,0,0,0,0,0,0,0,0,0,"{""6"": [], ""7"": [], ""11"": []}",0.0,0.0,0.0,,0.0,0.0,0.0,,0.0,0.0
sabah:2026-06-22__siyaset-ve-medya,sabah,2026-06-22,3,87,3742,3778,"Siyaset de kan kaybediyor, medya da.",0,,0,0,,0,0,,0,8,0,0,0,0,0,0,0,0,0,"{""6"": [], ""7"": [], ""11"": []}",0.0,0.0,0.0,,0.0,0.0,0.0,,0.0,0.0
sabah:2026-06-22__siyaset-ve-medya,sabah,2026-06-22,3,88,3779,3807,*** Zemin etüdü Siyasette...,0,,0,0,,0,0,,0,5,0,0,0,0,0,0,0,0,0,"{""6"": [], ""7"": [], ""11"": []}",0.0,0.0,0.0,,0.0,0.0,0.0,,0.0,0.0
sabah:2026-06-22__siyaset-ve-medya,sabah,2026-06-22,3,89,3808,3832,Zemin etüdü önemlidir...,0,,0,0,,0,0,,0,5,0,0,0,0,0,0,0,0,0,"{""6"": [], ""7"": [], ""11"": []}",0.0,0.0,0.0,,0.0,0.0,0.0,,0.0,0.0
sabah:2026-06-22__siyaset-ve-medya,sabah,2026-06-22,3,90,3833,3844,Hem de çok.,0,,0,0,,0,0,,0,4,0,0,0,0,0,0,0,0,0,"{""6"": [], ""7"": [], ""11"": []}",0.0,0.0,0.0,,0.0,0.0,0.0,,0.0,0.0
sabah:2026-06-22__siyaset-ve-medya,sabah,2026-06-22,3,91,3845,3853,Zemin...,0,,0,0,,0,0,,0,2,0,0,0,0,0,0,0,0,0,"{""6"": [], ""7"": [], ""11"": []}",0.0,0.0,0.0,,0.0,0.0,0.0,,0.0,0.0
sabah:2026-06-22__siyaset-ve-medya,sabah,2026-06-22,3,92,3854,3865,Kamuoyudur.,0,,0,0,,0,0,,0,3,0,0,0,0,0,0,0,0,0,"{""6"": [], ""7"": [], ""11"": []}",0.0,0.0,0.0,,0.0,0.0,0.0,,0.0,0.0
sabah:2026-06-22__siyaset-ve-medya,sabah,2026-06-22,3,93,3866,3876,Kamuoyu...,0,,0,0,,0,0,,0,2,0,0,0,0,0,0,0,0,0,"{""6"": [], ""7"": [], ""11"": []}",0.0,0.0,0.0,,0.0,0.0,0.0,,0.0,0.0
sabah:2026-06-22__siyaset-ve-medya,sabah,2026-06-22,3,94,3877,3921,Bir avuç fanatik/militan partili değildir...,0,,0,0,,0,0,,0,6,0,0,0,0,0,0,0,0,0,"{""6"": [], ""7"": [], ""11"": []}",0.0,0.0,0.0,,0.0,0.0,0.0,,0.0,0.0
sabah:2026-06-22__siyaset-ve-medya,sabah,2026-06-22,3,95,3922,3961,İktidarları yapan ve değiştiren güçtür.,0,,0,0,,0,0,,0,7,0,0,0,0,0,0,0,0,0,"{""6"": [], ""7"": [], ""11"": []}",0.0,0.0,0.0,,0.0,0.0,0.0,,0.0,0.0
sabah:2026-06-22__siyaset-ve-medya,sabah,2026-06-22,3,96,3962,3970,Zemin...,0,,0,0,,0,0,,0,2,0,0,0,0,0,0,0,0,0,"{""6"": [], ""7"": [], ""11"": []}",0.0,0.0,0.0,,0.0,0.0,0.0,,0.0,0.0
sabah:2026-06-22__siyaset-ve-medya,sabah,2026-06-22,3,97,3971,3995,Bazı sözlerden rahatsız.,0,,0,0,,0,0,,0,5,0,0,0,0,0,0,0,0,0,"{""6"": [], ""7"": [], ""11"": []}",0.0,0.0,0.0,,0.0,0.0,0.0,,0.0,0.0
sabah:2026-06-22__siyaset-ve-medya,sabah,2026-06-22,3,98,3996,4005,"""Cunta...",0,,0,0,,0,0,,0,3,0,0,0,0,0,0,0,0,0,"{""6"": [], ""7"": [], ""11"": []}",0.0,0.0,0.0,,0.0,0.0,0.0,,0.0,0.0
sabah:2026-06-22__siyaset-ve-medya,sabah,2026-06-22,3,99,4006,4037,"Darbe"" gibi söylemlere tepkili.",0,,0,0,,0,0,,0,5,0,0,0,0,0,0,0,0,0,"{""6"": [], ""7"": [], ""11"": []}",0.0,0.0,0.0,,0.0,0.0,0.0,,0.0,0.0
sabah:2026-06-22__siyaset-ve-medya,sabah,2026-06-22,3,100,4038,4048,Türkiye...,0,,0,0,,0,0,,0,2,0,0,1,0,0,0,0,0,0,"{""6"": [], ""7"": [], ""11"": []}",1.0,1.0,1.0,,0.0,0.0,0.0,,1.0,0.0
sabah:2026-06-22__siyaset-ve-medya,sabah,2026-06-22,3,101,4049,4086,Cuntalardan ve darbelerden çok çekti.,0,,0,0,,0,0,,0,6,0,0,0,0,0,0,0,0,0,"{""6"": [], ""7"": [], ""11"": []}",0.0,0.0,0.0,,0.0,0.0,0.0,,0.0,0.0
sabah:2026-06-22__siyaset-ve-medya,sabah,2026-06-22,3,102,4087,4101,Olup bitene...,0,,0,0,,0,0,,0,3,0,0,0,0,0,0,0,0,0,"{""6"": [], ""7"": [], ""11"": []}",0.0,0.0,0.0,,0.0,0.0,0.0,,0.0,0.0
sabah:2026-06-22__siyaset-ve-medya,sabah,2026-06-22,3,103,4102,4195,"Her operasyona/ gelişmeye ""Demokrasiye, siyasete darbe"" derseniz, şunu iyi bilmelisiniz ki...",0,,0,0,,0,0,,0,15,0,0,0,0,1,0,0,0,0,"{""6"": [""Justification""], ""7"": [], ""11"": []}",0.0,0.0,0.0,,1.0,1.0,1.0,,0.0,1.0
sabah:2026-06-22__siyaset-ve-medya,sabah,2026-06-22,3,104,4196,4245,"Bu tür sözlerin, kamuoyunda hiçbir karşılığı yok.",0,,0,0,,0,0,,0,9,0,0,0,0,1,0,0,0,0,"{""6"": [""Justification""], ""7"": [], ""11"": []}",0.0,0.0,0.0,,1.0,1.0,1.0,,0.0,1.0
sabah:2026-06-22__siyaset-ve-medya,sabah,2026-06-22,3,105,4246,4263,*** Yumuşak karın,0,,0,0,,0,0,,0,3,0,0,0,0,0,0,0,0,0,"{""6"": [], ""7"": [], ""11"": []}",0.0,0.0,0.0,,0.0,0.0,0.0,,0.0,0.0
sabah:2026-06-22__siyaset-ve-medya,sabah,2026-06-22,3,106,4265,4309,Gumhuriyet Halk Partisi'nin yumuşak karnı...,0,,0,0,,0,0,,0,6,0,0,0,0,0,0,0,0,0,"{""6"": [], ""7"": [], ""11"": []}",0.0,0.0,0.0,,0.0,0.0,0.0,,0.0,0.0
sabah:2026-06-22__siyaset-ve-medya,sabah,2026-06-22,3,107,4310,4364,İki kere ikinin dört ettiği kadar kesin; Çok başlılık.,0,,0,0,,0,0,,0,11,0,0,0,0,0,0,0,0,0,"{""6"": [], ""7"": [], ""11"": []}",0.0,0.0,0.0,,0.0,0.0,0.0,,0.0,0.0
sabah:2026-06-22__siyaset-ve-medya,sabah,2026-06-22,3,108,4365,4414,"CHP, kimine göre iki başlı, kimine göre üç başlı.",0,,0,0,,0,0,,0,12,0,0,0,0,0,0,0,0,0,"{""6"": [], ""7"": [], ""11"": []}",0.0,0.0,0.0,,0.0,0.0,0.0,,0.0,0.0
sabah:2026-06-22__siyaset-ve-medya,sabah,2026-06-22,3,109,4415,4525,"Meşhur sözdür: ""İki kaptan gemiyi batırır."" *** Anketler Masamız, çeşitli kuruluşlardan gelen anketlerle dolu.",0,,0,0,,0,0,,0,20,0,0,0,0,0,0,0,0,0,"{""6"": [], ""7"": [], ""11"": []}",0.0,0.0,0.0,,0.0,0.0,0.0,,0.0,0.0
sabah:2026-06-22__siyaset-ve-medya,sabah,2026-06-22,3,110,4526,4562,"""Şu anda siyasi partilerin durumu...",0,,0,0,,0,0,,0,7,0,0,0,0,0,0,0,0,0,"{""6"": [], ""7"": [], ""11"": []}",0.0,0.0,0.0,,0.0,0.0,0.0,,0.0,0.0
sabah:2026-06-22__siyaset-ve-medya,sabah,2026-06-22,3,111,4563,4602,CHP'nin Cumhurbaşkanı adayı kim olmalı?,0,,0,0,,0,0,,0,6,0,0,0,0,0,0,0,0,0,"{""6"": [], ""7"": [], ""11"": []}",0.0,0.0,0.0,,0.0,0.0,0.0,,0.0,0.0
sabah:2026-06-22__siyaset-ve-medya,sabah,2026-06-22,3,112,4603,4670,"Bu pazar seçim olsa hangi parti, yüzde kaç oy alır?"" gibi anketler.",0,,0,0,,0,0,,0,15,0,0,0,0,0,0,0,0,0,"{""6"": [], ""7"": [], ""11"": []}",0.0,0.0,0.0,,0.0,0.0,0.0,,0.0,0.0
sabah:2026-06-22__siyaset-ve-medya,sabah,2026-06-22,3,113,4671,4719,"Gazetelerde bu anketler yer alıyor, okuyorsunuz.",0,,0,0,,0,0,,0,8,0,0,0,0,0,0,0,0,0,"{""6"": [], ""7"": [], ""11"": []}",0.0,0.0,0.0,,0.0,0.0,0.0,,0.0,0.0
sabah:2026-06-22__siyaset-ve-medya,sabah,2026-06-22,3,114,4720,4750,Televizyonlarda konuşuluyor...,1,konuşuluyor,1,0,,0,0,,1,3,0,0,0,0,0,0,0,0,0,"{""6"": [], ""7"": [], ""11"": []}",0.0,0.0,0.0,,0.0,0.0,0.0,,0.0,0.0
sabah:2026-06-22__siyaset-ve-medya,sabah,2026-06-22,3,115,4751,4766,Tartışılıyor...,1,Tartışılıyor,1,0,,0,0,,1,2,0,0,0,0,0,0,0,0,0,"{""6"": [], ""7"": [], ""11"": []}",0.0,0.0,0.0,,0.0,0.0,0.0,,0.0,0.0
sabah:2026-06-22__siyaset-ve-medya,sabah,2026-06-22,3,116,4767,4780,İzliyorsunuz.,0,,0,0,,0,0,,0,2,0,0,0,0,0,0,0,0,0,"{""6"": [], ""7"": [], ""11"": []}",0.0,0.0,0.0,,0.0,0.0,0.0,,0.0,0.0
sabah:2026-06-22__siyaset-ve-medya,sabah,2026-06-22,3,117,4781,4818,Köşemizde bu konuya hiç girmiyoruz...,0,,0,0,,0,0,,0,6,0,0,0,0,0,0,0,0,0,"{""6"": [], ""7"": [], ""11"": []}",0.0,0.0,0.0,,0.0,0.0,0.0,,0.0,0.0
sabah:2026-06-22__siyaset-ve-medya,sabah,2026-06-22,3,118,4819,4847,Zira; Son seçimde görüldü...,1,görüldü,1,0,,0,0,,1,6,0,0,0,0,1,0,0,0,0,"{""6"": [""Justification""], ""7"": [], ""11"": []}",0.0,0.0,0.0,,1.0,1.0,1.0,,0.0,1.0
sabah:2026-06-22__siyaset-ve-medya,sabah,2026-06-22,3,119,4848,4878,Anketlerin çoğu doğru çıkmadı.,0,,0,0,,0,0,,0,5,0,0,0,0,1,0,0,0,0,"{""6"": [""Justification""], ""7"": [], ""11"": []}",0.0,0.0,0.0,,1.0,1.0,1.0,,0.0,1.0
sabah:2026-06-22__siyaset-ve-medya,sabah,2026-06-22,3,120,4879,4918,Acı ama gerçek bu sektörün kamburu çok.,0,,0,0,,0,0,,0,8,0,0,0,0,1,0,0,0,0,"{""6"": [""Justification""], ""7"": [], ""11"": []}",0.0,0.0,0.0,,1.0,1.0,1.0,,0.0,1.0
sabah:2026-06-22__siyaset-ve-medya,sabah,2026-06-22,3,121,4919,4954,"Söyler misiniz, hangisine inanalım?",0,,0,0,,0,0,,0,6,0,0,0,0,0,0,0,0,0,"{""6"": [], ""7"": [], ""11"": []}",0.0,0.0,0.0,,0.0,0.0,0.0,,0.0,0.0
sabah:2026-06-22__siyaset-ve-medya,sabah,2026-06-22,3,122,4955,4974,Nasıl inanalım? ***,0,,0,0,,0,0,,0,5,0,0,0,0,0,0,0,0,0,"{""6"": [], ""7"": [], ""11"": []}",0.0,0.0,0.0,,0.0,0.0,0.0,,0.0,0.0
sabah:2026-06-22__siyaset-ve-medya,sabah,2026-06-22,3,123,4975,5009,Günün sözü Antik Yunan filozofu...,0,,0,0,,0,0,,0,6,0,0,0,0,0,0,0,0,0,"{""6"": [], ""7"": [], ""11"": []}",0.0,0.0,0.0,,0.0,0.0,0.0,,0.0,0.0
sabah:2026-06-22__siyaset-ve-medya,sabah,2026-06-22,3,124,5010,5034,Sokrates'in öğrencisi...,0,,0,0,,0,0,,0,3,0,0,0,0,0,0,0,0,0,"{""6"": [], ""7"": [], ""11"": []}",0.0,0.0,0.0,,0.0,0.0,0.0,,0.0,0.0
sabah:2026-06-22__siyaset-ve-medya,sabah,2026-06-22,3,125,5035,5058,Aristo'nun öğretmeni...,0,,0,0,,0,0,,0,3,0,0,0,0,0,0,0,0,0,"{""6"": [], ""7"": [], ""11"": []}",0.0,0.0,0.0,,0.0,0.0,0.0,,0.0,0.0
sabah:2026-06-22__siyaset-ve-medya,sabah,2026-06-22,3,126,5059,5129,"Eflatun diyor ki: ""En büyük zafer, insanın kendisine hâkim olmasıdır.""",0,,0,0,,0,0,,0,15,0,0,0,0,0,0,0,0,0,"{""6"": [], ""7"": [], ""11"": []}",0.0,0.0,0.0,,0.0,0.0,0.0,,0.0,0.0
sabah:2026-06-22__siyaset-ve-medya,sabah,2026-06-22,3,127,5130,5161,Fazla söze ve yoruma gerek yok.,0,,0,0,,0,0,,0,7,0,0,0,0,0,0,0,0,0,"{""6"": [], ""7"": [], ""11"": []}",0.0,0.0,0.0,,0.0,0.0,0.0,,0.0,0.0
sabah:2026-06-22__siyaset-ve-medya,sabah,2026-06-22,3,128,5162,5177,Görüyorsunuz...,0,,0,0,,0,0,,0,2,0,0,0,0,0,0,0,0,0,"{""6"": [], ""7"": [], ""11"": []}",0.0,0.0,0.0,,0.0,0.0,0.0,,0.0,0.0
sabah:2026-06-22__siyaset-ve-medya,sabah,2026-06-22,3,129,5178,5229,"Günümüzde eline, beline, diline hâkim olamayan çok.",0,,0,0,,0,0,,0,10,0,0,0,0,0,0,0,0,0,"{""6"": [], ""7"": [], ""11"": []}",0.0,0.0,0.0,,0.0,0.0,0.0,,0.0,0.0
sabah:2026-06-22__siyaset-ve-medya,sabah,2026-06-22,3,130,5230,5305,Sabah.com.tr Uygulamamızı İndirin Uygulamalara Özel Ayrıcalıkları Keşfedin!,0,,0,0,,0,0,,0,8,0,0,0,0,0,0,0,0,0,"{""6"": [], ""7"": [], ""11"": []}",0.0,0.0,0.0,,0.0,0.0,0.0,,0.0,0.0
yenicag:1008619,yenicag,2026-03-13,2,0,0,14,FAİZDE RİSKLER,0,,0,0,,0,0,,0,2,0,0,0,0,0,0,0,0,0,"{""7"": [], ""11"": []}",0.0,0.0,0.0,,0.0,0.0,0.0,,0.0,0.0
yenicag:1008619,yenicag,2026-03-13,2,1,16,169,TCMB Piyasa Katılımcıları Anketi (2026) ve benzeri piyasa anketleri ortalamasına göre 2026 yıl sonu MB gösterge faizi beklentisi yüzde 28-29 bandındadır.,0,,0,0,,0,0,,0,26,0,0,0,0,0,0,0,0,0,"{""7"": [], ""11"": []}",0.0,0.0,0.0,,0.0,0.0,0.0,,0.0,0.0
yenicag:1008619,yenicag,2026-03-13,2,2,170,213,Ancak faizler üstünde riskler de yüksektir.,0,,0,0,,0,0,,0,8,0,0,0,0,0,0,0,0,0,"{""7"": [], ""11"": []}",0.0,0.0,0.0,,0.0,0.0,0.0,,0.0,0.0
yenicag:1008619,yenicag,2026-03-13,2,3,214,225,Bu riskler;,0,,0,0,,0,0,,0,3,0,0,0,0,0,0,0,0,0,"{""7"": [], ""11"": []}",0.0,0.0,0.0,,0.0,0.0,0.0,,0.0,0.0
yenicag:1008619,yenicag,2026-03-13,2,4,227,249,1.  jeopolitik riskler,0,,0,0,,0,0,,0,3,0,0,0,0,0,0,0,0,0,"{""7"": [], ""11"": []}",0.0,0.0,0.0,,0.0,0.0,0.0,,0.0,0.0
yenicag:1008619,yenicag,2026-03-13,2,5,251,407,"- İran savaşı, Ukrayna savaşı, Ortadoğu sorunları, ekonomide belirsizliği artırır, Şirketler yatırım kararlarını erteler, tüketiciler harcamalarını azaltır.",0,,0,0,,0,0,,0,24,0,0,0,0,0,0,0,0,0,"{""7"": [], ""11"": []}",0.0,0.0,0.0,,0.0,0.0,0.0,,0.0,0.0
yenicag:1008619,yenicag,2026-03-13,2,6,408,433,Stok tutma eğilimi artar.,0,,0,0,,0,0,,0,5,0,0,0,0,0,0,0,0,0,"{""7"": [], ""11"": []}",0.0,0.0,0.0,,0.0,0.0,0.0,,0.0,0.0
yenicag:1008619,yenicag,2026-03-13,2,7,434,473,- Dış borçlanma risk primi (CDS) artar.,0,,0,0,,0,0,,0,10,0,0,0,0,0,0,0,0,0,"{""7"": [], ""11"": []}",0.0,0.0,0.0,,0.0,0.0,0.0,,0.0,0.0
yenicag:1008619,yenicag,2026-03-13,2,8,474,539,Mamafih 2025 sonunda 203 olan CDS oranı şimdi 253 puana yükseldi.,0,,0,0,,0,0,,0,12,0,0,0,0,0,0,0,0,0,"{""7"": [], ""11"": []}",0.0,0.0,0.0,,0.0,0.0,0.0,,0.0,0.0
yenicag:1008619,yenicag,2026-03-13,2,9,540,634,"- Güvenli liman arayışı, yabancı sermaye girişinin azalmasına ve çıkışın artmasına neden olur.",0,,0,0,,0,0,,0,16,0,0,0,0,0,0,0,0,0,"{""7"": [], ""11"": []}",0.0,0.0,0.0,,0.0,0.0,0.0,,0.0,0.0
yenicag:1008619,yenicag,2026-03-13,2,10,635,716,"Türkiye ye artık yabancı yatırım sermayesi gelmiyor, çıkan sermaye daha fazladır.",0,,0,0,,0,0,,0,14,0,0,0,0,0,0,0,0,0,"{""7"": [], ""11"": []}",0.0,0.0,0.0,,0.0,0.0,0.0,,0.0,0.0
yenicag:1008619,yenicag,2026-03-13,2,11,717,748,- Beklentileri olumsuz etkiler.,0,,0,0,,0,0,,0,5,0,0,0,0,0,0,0,0,0,"{""7"": [], ""11"": []}",0.0,0.0,0.0,,0.0,0.0,0.0,,0.0,0.0
yenicag:1008619,yenicag,2026-03-13,2,12,750,752,1.,0,,0,0,,0,0,,0,2,0,0,0,0,0,0,0,0,0,"{""7"": [], ""11"": []}",0.0,0.0,0.0,,0.0,0.0,0.0,,0.0,0.0
yenicag:1008619,yenicag,2026-03-13,2,13,754,769,Enflasyon riski,0,,0,0,,0,0,,0,2,0,0,0,0,0,0,0,0,0,"{""7"": [], ""11"": []}",0.0,0.0,0.0,,0.0,0.0,0.0,,0.0,0.0
yenicag:1008619,yenicag,2026-03-13,2,14,771,904,"Türkiye açısından, enflasyonda en büyük risk, siyasilerin ve gazetecilerin tutuklanması ve kamuoyunda oluşan taraflı yargı algısıdır.",1,tutuklanması,1,0,,0,0,,1,20,0,0,0,0,0,0,0,0,0,"{""7"": [], ""11"": []}",0.0,0.0,0.0,,0.0,0.0,0.0,,0.0,0.0
yenicag:1008619,yenicag,2026-03-13,2,15,905,1016,"Tüm uluslararası kurum ve kuruluşlar, Türkiye de demokrasi ve hukukun üstünlüğünde düşüş yaşandığını açıklıyor.",1,yaşandığını,1,0,,0,0,,1,16,0,0,0,0,0,0,0,0,0,"{""7"": [], ""11"": []}",0.0,0.0,0.0,,0.0,0.0,0.0,,0.0,0.0
yenicag:1008619,yenicag,2026-03-13,2,16,1017,1127,Bu nedenle oluşan güven sorunu tasarrufları negatif etkiler ve tasarrufların yurt dışına çıkmasına neden oldu.,0,,0,0,,0,0,,0,16,0,0,0,0,0,0,0,0,0,"{""7"": [], ""11"": []}",0.0,0.0,0.0,,0.0,0.0,0.0,,0.0,0.0
yenicag:1008619,yenicag,2026-03-13,2,17,1128,1149,Kırılganlığı artırdı.,0,,0,0,,0,0,,0,3,0,0,0,0,0,0,0,0,0,"{""7"": [], ""11"": []}",0.0,0.0,0.0,,0.0,0.0,0.0,,0.0,0.0
yenicag:1008619,yenicag,2026-03-13,2,18,1150,1188,Son iki aydır enflasyonda düşüş durdu.,0,,0,0,,0,0,,0,7,0,0,0,0,0,0,0,0,0,"{""7"": [], ""11"": []}",0.0,0.0,0.0,,0.0,0.0,0.0,,0.0,0.0
yenicag:1008619,yenicag,2026-03-13,2,19,1189,1203,Tersine arttı.,0,,0,0,,0,0,,0,3,0,0,0,0,0,0,0,0,0,"{""7"": [], ""11"": []}",0.0,0.0,0.0,,0.0,0.0,0.0,,0.0,0.0
yenicag:1008619,yenicag,2026-03-13,2,20,1205,1263,"Petrol fiyatlarının artması, üretim maliyetlerini artırdı.",0,,0,0,,0,0,,0,8,0,0,0,0,0,0,0,0,0,"{""7"": [], ""11"": []}",0.0,0.0,0.0,,0.0,0.0,0.0,,0.0,0.0
yenicag:1008619,yenicag,2026-03-13,2,21,1264,1350,Türkiye de oligopol piyasa yapısı nedeni ile bu maliyetler fiyatlara kolayca yansıyor.,0,,0,0,,0,0,,0,13,0,0,0,0,0,0,0,0,0,"{""7"": [], ""11"": []}",0.0,0.0,0.0,,0.0,0.0,0.0,,0.0,0.0
yenicag:1008619,yenicag,2026-03-13,2,22,1352,1354,1.,0,,0,0,,0,0,,0,2,0,0,0,0,0,0,0,0,0,"{""7"": [], ""11"": []}",0.0,0.0,0.0,,0.0,0.0,0.0,,0.0,0.0
yenicag:1008619,yenicag,2026-03-13,2,23,1356,1401,Büyüme oranı düşer mal ve hizmet arzı azalır.,0,,0,0,,0,0,,0,9,0,0,0,0,0,0,0,0,0,"{""7"": [], ""11"": []}",0.0,0.0,0.0,,0.0,0.0,0.0,,0.0,0.0
yenicag:1008619,yenicag,2026-03-13,2,24,1403,1545,"Jeopolitik riskler ve güven sorunu nedeni ile yatırımların ertelenmesi, büyümenin de düşmesine ve mal ve hizmet arzının azalmasına neden olur.",1,ertelenmesi,1,0,,0,0,,1,22,0,0,0,0,0,0,0,0,0,"{""7"": [], ""11"": []}",0.0,0.0,0.0,,0.0,0.0,0.0,,0.0,0.0
yenicag:1008619,yenicag,2026-03-13,2,25,1546,1622,Arz eksikliği nedeniyle Arz- talep dengesi bozulur ve hem de fiyatlar artar.,1,bozulur,1,0,,0,0,,1,14,0,0,0,0,0,0,0,0,0,"{""7"": [], ""11"": []}",0.0,0.0,0.0,,0.0,0.0,0.0,,0.0,0.0
yenicag:1008619,yenicag,2026-03-13,2,26,1624,1626,1.,0,,0,0,,0,0,,0,2,0,0,0,0,0,0,0,0,0,"{""7"": [], ""11"": []}",0.0,0.0,0.0,,0.0,0.0,0.0,,0.0,0.0
yenicag:1008619,yenicag,2026-03-13,2,27,1628,1649,Kur şoku riski arttı.,0,,0,0,,0,0,,0,5,0,0,0,0,0,0,0,0,0,"{""7"": [], ""11"": []}",0.0,0.0,0.0,,0.0,0.0,0.0,,0.0,0.0
yenicag:1008619,yenicag,2026-03-13,2,28,1651,1684,Kur şoku önce enflasyonu artırır.,0,,0,0,,0,0,,0,6,0,0,0,0,0,0,0,0,0,"{""7"": [], ""11"": []}",0.0,0.0,0.0,,0.0,0.0,0.0,,0.0,0.0
yenicag:1008619,yenicag,2026-03-13,2,29,1685,1703,Dış açıklar artar.,0,,0,0,,0,0,,0,4,0,0,0,0,0,0,0,0,0,"{""7"": [], ""11"": []}",0.0,0.0,0.0,,0.0,0.0,0.0,,0.0,0.0
yenicag:1008619,yenicag,2026-03-13,2,30,1705,1769,"Hükümet, MB ve Kamu Bankaları döviz satarak kurları düşük tuttu.",0,,0,0,,0,0,,0,12,0,0,0,0,0,0,0,0,0,"{""7"": [], ""11"": []}",0.0,0.0,0.0,,0.0,0.0,0.0,,0.0,0.0
yenicag:1008619,yenicag,2026-03-13,2,31,1770,1937,"2003 baz yılına göre, eğer TL enflasyonu (İTO geçinme endeksi) eksi dolar enflasyonu olarak hesap edersek, Şubat sonunda bir doların 56 lira 70 kuruş olması gerekirdi.",0,,0,0,,0,0,,0,31,0,0,0,0,0,0,0,0,0,"{""7"": [], ""11"": []}",0.0,0.0,0.0,,0.0,0.0,0.0,,0.0,0.0
yenicag:1008619,yenicag,2026-03-13,2,32,1938,1989,Bu nedenle piyasa kura artış yönünde baskı yapıyor.,0,,0,0,,0,0,,0,9,0,0,0,0,0,0,0,0,0,"{""7"": [], ""11"": []}",0.0,0.0,0.0,,0.0,0.0,0.0,,0.0,0.0
yenicag:1008619,yenicag,2026-03-13,2,33,1990,2111,"Jeopolitik riskler, cari açığın artması, siyasi sorunlar ve belirsizlikler nedeni ile artık kurları tutmak zor görünüyor.",0,,0,0,,0,0,,0,19,0,0,0,0,0,0,0,0,0,"{""7"": [], ""11"": []}",0.0,0.0,0.0,,0.0,0.0,0.0,,0.0,0.0
yenicag:1008619,yenicag,2026-03-13,2,34,2113,2195,Bu riskler nedeni ile MB gösterge faizini reel faiz seviyesinde tutmak zorundadır.,0,,0,0,,0,0,,0,14,0,0,0,0,0,0,0,0,0,"{""7"": [], ""11"": []}",0.0,0.0,0.0,,0.0,0.0,0.0,,0.0,0.0
yenicag:1008619,yenicag,2026-03-13,2,35,2197,2288,"Enflasyon beklenenin üstünde artarsa, bu risk tasarruf sahibi ve bankaların sırtında kalır.",0,,0,0,,0,0,,0,14,0,0,0,0,0,0,0,0,0,"{""7"": [], ""11"": []}",0.0,0.0,0.0,,0.0,0.0,0.0,,0.0,0.0
yenicag:1008619,yenicag,2026-03-13,2,36,2289,2378,"Mevduat ve Ticari kredi faizleri, vade soruna kadar bağlandığı faiz oranı ile devam eder.",1,bağlandığı,1,0,,0,0,,1,16,0,0,0,0,0,0,0,0,0,"{""7"": [], ""11"": []}",0.0,0.0,0.0,,0.0,0.0,0.0,,0.0,0.0
yenicag:1008619,yenicag,2026-03-13,2,37,2379,2546,"Çok yüksek enflasyon halinde BDDK ve Cumhurbaşkanlığının yeni bir kararı ile bu durum değişmezse, mevduat sahibi ve bankalar eksi reel faiz aldıkları için kaybederler.",0,,0,0,,0,0,,0,26,0,0,0,0,0,0,0,0,0,"{""7"": [], ""11"": []}",0.0,0.0,0.0,,0.0,0.0,0.0,,0.0,0.0
yenicag:1008619,yenicag,2026-03-13,2,38,2548,2614,"Tekrar edersek, MB eğer risk yüksekse reel faiz vermek zorundadır.",0,,0,0,,0,0,,0,13,0,0,0,0,0,0,0,0,0,"{""7"": [], ""11"": []}",0.0,0.0,0.0,,0.0,0.0,0.0,,0.0,0.0
yenicag:1008619,yenicag,2026-03-13,2,39,2616,2715,"MB piyasa katılımcıları anketine göre 2026 yılı sonu enflasyon beklentisi yüzde 24,11 dolayındadır.",0,,0,0,,0,0,,0,16,0,0,0,0,0,0,0,0,0,"{""7"": [], ""11"": []}",0.0,0.0,0.0,,0.0,0.0,0.0,,0.0,0.0
yenicag:1008619,yenicag,2026-03-13,2,40,2716,2822,İran savaşının devam etmesi ve petrol fiyatlarının artması 2026 enflasyonda beklentiyi yüzde 30’a çıkardı.,0,,0,0,,0,0,,0,15,0,0,0,0,0,0,0,0,0,"{""7"": [], ""11"": []}",0.0,0.0,0.0,,0.0,0.0,0.0,,0.0,0.0
yenicag:1008619,yenicag,2026-03-13,2,41,2823,2920,"Bu nedenle MB’nın faizleri beklenen enflasyon üstünde, yüzde 37 olarak tutması isabetli olmuştur.",1,beklenen,1,1,olmuştur,1,0,,1,16,0,0,0,0,0,0,0,0,0,"{""7"": [], ""11"": []}",0.0,0.0,0.0,,0.0,0.0,0.0,,0.0,0.0
yenicag:1008619,yenicag,2026-03-13,2,42,2921,3033,Bundan sonraki faiz kararlarında faizleri reel faiz seviyesinde yani beklenen enflasyon üstünde tutması gerekir.,1,beklenen,1,0,,0,0,,1,16,0,0,0,0,0,0,0,0,0,"{""7"": [], ""11"": []}",0.0,0.0,0.0,,0.0,0.0,0.0,,0.0,0.0
yenicag:1024105,yenicag,2026-04-29,2,0,0,35,Teşvikler adı gibi güçlü olacak mı?,0,,0,0,,0,0,,0,7,0,0,0,0,0,0,0,0,0,"{""7"": [], ""11"": []}",0.0,0.0,0.0,,0.0,0.0,0.0,,0.0,0.0
yenicag:1024105,yenicag,2026-04-29,2,1,36,40,(II),0,,0,0,,0,0,,0,3,0,0,0,0,0,0,0,0,0,"{""7"": [], ""11"": []}",0.0,0.0,0.0,,0.0,0.0,0.0,,0.0,0.0
yenicag:1024105,yenicag,2026-04-29,2,2,42,155,"Ekonomik gidişatta veya politikalarda, özellikle de finans sektöründe son yıllarda güçlü gibi vurgular yapılıyor.",1,yapılıyor,1,0,,0,0,,1,16,0,0,0,0,0,0,0,0,0,"{""7"": [], ""11"": []}",0.0,0.0,0.0,,0.0,0.0,0.0,,0.0,0.0
yenicag:1024105,yenicag,2026-04-29,2,3,156,201,Öyle yapılmasının iyi ve kötü yanları vardır.,1,yapılmasının,1,0,,0,0,,1,9,0,0,0,0,0,0,0,0,0,"{""7"": [], ""11"": []}",0.0,0.0,0.0,,0.0,0.0,0.0,,0.0,0.0
yenicag:1024105,yenicag,2026-04-29,2,4,202,246,"İyi yanı, pozitif beklentiler yaratabiliyor.",0,,0,0,,0,0,,0,7,0,0,0,0,0,0,0,0,0,"{""7"": [], ""11"": []}",0.0,0.0,0.0,,0.0,0.0,0.0,,0.0,0.0
yenicag:1024105,yenicag,2026-04-29,2,5,247,353,"Kötü yanı, iş yerine slogan, içeriğin zayıflığını örtmek için kullanılıyor, şeklinde bir algı oluşturuyor.",1,kullanılıyor,1,0,,0,0,,1,18,0,0,0,0,0,0,0,0,0,"{""7"": [], ""11"": []}",0.0,0.0,0.0,,0.0,0.0,0.0,,0.0,0.0
yenicag:1024105,yenicag,2026-04-29,2,6,355,400,Dün bu köşede açıklanan teşvikleri açıkladım.,1,açıklanan,1,0,,0,0,,1,7,0,0,0,0,0,0,0,0,0,"{""7"": [], ""11"": []}",0.0,0.0,0.0,,0.0,0.0,0.0,,0.0,0.0
yenicag:1024105,yenicag,2026-04-29,2,7,401,462,"Bunlardan, ihracatta vergi indirimi bir süre etkili olabilir.",0,,0,0,,0,0,,0,10,0,0,0,0,0,0,0,0,0,"{""7"": [], ""11"": []}",0.0,0.0,0.0,,0.0,0.0,0.0,,0.0,0.0
yenicag:1024105,yenicag,2026-04-29,2,8,463,486,Ama kısa bir süre için.,0,,0,0,,0,0,,0,6,0,0,0,0,0,0,0,0,0,"{""7"": [], ""11"": []}",0.0,0.0,0.0,,0.0,0.0,0.0,,0.0,0.0
yenicag:1024105,yenicag,2026-04-29,2,9,487,538,Temel çözüm denge kuru ve rekabet gücü yaratmaktır.,0,,0,0,,0,0,,0,10,0,0,0,0,0,0,0,0,0,"{""7"": [], ""11"": []}",0.0,0.0,0.0,,0.0,0.0,0.0,,0.0,0.0
yenicag:1024105,yenicag,2026-04-29,2,10,540,750,"Buna karşılık bu teşviklerle yabancıların veya yerleşiklerin dışarıdaki işini Türkiye’ye taşıması, doğrudan yabancı yatırım sermayesinin gelmesi, varlıkların yurda getirilmesi bu günkü koşullarda zor görünüyor.",1,getirilmesi,1,0,,0,0,,1,28,0,0,0,0,0,0,0,0,0,"{""7"": [], ""11"": []}",0.0,0.0,0.0,,0.0,0.0,0.0,,0.0,0.0
yenicag:1024105,yenicag,2026-04-29,2,11,752,831,Türkiye ye spekülatif sermaye geliyor ama tehlike görünce bir gecede çıkabilir.,0,,0,0,,0,0,,0,12,0,0,0,0,0,0,0,0,0,"{""7"": [], ""11"": []}",0.0,0.0,0.0,,0.0,0.0,0.0,,0.0,0.0
yenicag:1024105,yenicag,2026-04-29,2,12,832,991,"İhtiyacımız olan doğrudan yabancı yatırım sermayesi gibi uzun vadeli sermaye bir ülkeye girmeden önce, uluslararası kurumların verilerine ve yorumlarına bakar.",0,,0,0,,0,0,,0,23,0,0,0,0,0,0,0,0,0,"{""7"": [], ""11"": []}",0.0,0.0,0.0,,0.0,0.0,0.0,,0.0,0.0
yenicag:1024105,yenicag,2026-04-29,2,13,993,1096,Söz gelimi raiting kuruluşlarına üye olan sermaye ve işletmeler önce bu kuruluşların raporlarına bakar.,0,,0,0,,0,0,,0,15,0,0,0,0,0,0,0,0,0,"{""7"": [], ""11"": []}",0.0,0.0,0.0,,0.0,0.0,0.0,,0.0,0.0
yenicag:1024105,yenicag,2026-04-29,2,14,1097,1186,Üç büyük raiting kuruluşunun da Türkiye notu spekülatif -yatırım yapılmaz seviyesindedir.,1,yapılmaz,1,0,,0,0,,1,14,0,0,0,0,0,0,0,0,0,"{""7"": [], ""11"": []}",0.0,0.0,0.0,,0.0,0.0,0.0,,0.0,0.0
yenicag:1024105,yenicag,2026-04-29,2,15,1187,1263,Raiting kuruluşları yanlış yapamaz çünkü üyeler bu kuruluşlara aidat ödüyor.,0,,0,0,,0,0,,0,11,0,0,0,0,0,0,0,0,0,"{""7"": [], ""11"": []}",0.0,0.0,0.0,,0.0,0.0,0.0,,0.0,0.0
yenicag:1024105,yenicag,2026-04-29,2,16,1264,1300,Yanlış bilgi verirlerse kaybederler.,0,,0,0,,0,0,,0,5,0,0,0,0,0,0,0,0,0,"{""7"": [], ""11"": []}",0.0,0.0,0.0,,0.0,0.0,0.0,,0.0,0.0
yenicag:1024105,yenicag,2026-04-29,2,17,1302,1567,"Washington, DC, ABD merkezli bir düşünce kuruluşu olan - Uluslararası Mülkiyet Hakları Endeksi ( IPRI = International Property Rights Index ) 2025 raporu 126 ülkeyi; hukuki-siyasi ortam, fiziksel mülkiyet hakları ve fikri mülkiyet hakları açısından değerlendiriyor.",0,,0,0,,0,0,,0,44,0,0,0,0,0,0,0,0,0,"{""7"": [], ""11"": []}",0.0,0.0,0.0,,0.0,0.0,0.0,,0.0,0.0
yenicag:1024105,yenicag,2026-04-29,2,18,1568,1628,Not değeri 0 ile 10 arasındadır ve üç ana bileşenden oluşur:,0,,0,0,,0,0,,0,13,0,0,0,0,0,0,0,0,0,"{""7"": [], ""11"": []}",0.0,0.0,0.0,,0.0,0.0,0.0,,0.0,0.0
yenicag:1024105,yenicag,2026-04-29,2,19,1630,1632,1.,0,,0,0,,0,0,,0,2,0,0,0,0,0,0,0,0,0,"{""7"": [], ""11"": []}",0.0,0.0,0.0,,0.0,0.0,0.0,,0.0,0.0
yenicag:1024105,yenicag,2026-04-29,2,20,1633,1796,"Hukuki ve Siyasi Ortam (Legal and Political Environment) kapsamında, Yargı bağımsızlığı, hukukun üstünlüğü, siyasi istikrar, yolsuzluk kontrolü gibi faktörler var.",0,,0,0,,0,0,,0,27,0,0,0,0,0,0,0,0,0,"{""7"": [], ""11"": []}",0.0,0.0,0.0,,0.0,0.0,0.0,,0.0,0.0
yenicag:1024105,yenicag,2026-04-29,2,21,1797,1799,2.,0,,0,0,,0,0,,0,2,0,0,0,0,0,0,0,0,0,"{""7"": [], ""11"": []}",0.0,0.0,0.0,,0.0,0.0,0.0,,0.0,0.0
yenicag:1024105,yenicag,2026-04-29,2,22,1800,1936,"Fiziksel Mülkiyet Hakları (Physical Property Rights)
Tapu/mülkiyet güvenliği, mülk kayıt sistemi, finansmana erişim gibi konuları ölçer.",0,,0,0,,0,0,,0,21,0,0,0,0,0,0,0,0,0,"{""7"": [], ""11"": []}",0.0,0.0,0.0,,0.0,0.0,0.0,,0.0,0.0
yenicag:1024105,yenicag,2026-04-29,2,23,1937,1939,3.,0,,0,0,,0,0,,0,2,0,0,0,0,0,0,0,0,0,"{""7"": [], ""11"": []}",0.0,0.0,0.0,,0.0,0.0,0.0,,0.0,0.0
yenicag:1024105,yenicag,2026-04-29,2,24,1940,2090,"Fikri Mülkiyet Hakları (Intellectual Property Rights)
Patent, telif hakkı, marka, fikri hakların korunması ve uygulanması gibi alanları değerlendirir.",1,korunması | uygulanması,2,0,,0,0,,1,24,0,0,0,0,0,0,0,0,0,"{""7"": [], ""11"": []}",0.0,0.0,0.0,,0.0,0.0,0.0,,0.0,0.0
yenicag:1024105,yenicag,2026-04-29,2,25,2092,2154,"Türkiye’nin puanı 126 ülke içinde 2016 yılında 5,195 puan idi.",0,,0,0,,0,0,,0,12,0,0,0,0,0,0,0,0,0,"{""7"": [], ""11"": []}",0.0,0.0,0.0,,0.0,0.0,0.0,,0.0,0.0
yenicag:1024105,yenicag,2026-04-29,2,26,2155,2227,"Yani orta sıranın biraz üstünde iken, 2025 yılında 4,053 puana geriledi.",0,,0,0,,0,0,,0,14,0,0,0,0,0,0,0,0,0,"{""7"": [], ""11"": []}",0.0,0.0,0.0,,0.0,0.0,0.0,,0.0,0.0
yenicag:1024105,yenicag,2026-04-29,2,27,2228,2314,(İktisatçı meslektaşım İbrahim Kahvecide aynı tespiti iki gün önce köşesinde yazmıştı.,0,,0,0,,0,0,,0,13,0,0,0,0,0,0,0,0,0,"{""7"": [], ""11"": []}",0.0,0.0,0.0,,0.0,0.0,0.0,,0.0,0.0
yenicag:1024105,yenicag,2026-04-29,2,28,2314,2315,),0,,0,0,,0,0,,0,1,0,0,0,0,0,0,0,0,0,"{""7"": [], ""11"": []}",0.0,0.0,0.0,,0.0,0.0,0.0,,0.0,0.0
yenicag:1024105,yenicag,2026-04-29,2,29,2317,2406,Aşağıdaki grafite mülkiyet hakları endeksinde Türkiye’nin puanın nasıl düştüğü görülüyor.,1,görülüyor,1,0,,0,0,,1,12,0,0,0,0,0,0,0,0,0,"{""7"": [], ""11"": []}",0.0,0.0,0.0,,0.0,0.0,0.0,,0.0,0.0
yenicag:1024105,yenicag,2026-04-29,2,30,2408,2542,"Öte yandan sermaye girişi beklenen Dubai ve bazı gelişmekte olan ülkelerde, 2025 yılında mülkiyet güven endeksi bizden daha yüksektir.",1,beklenen,1,0,,0,0,,1,22,0,0,0,0,0,0,0,0,0,"{""7"": [], ""11"": []}",0.0,0.0,0.0,,0.0,0.0,0.0,,0.0,0.0
yenicag:1024105,yenicag,2026-04-29,2,31,2544,2644,"Yabancı, bir ülkeye girme kararı için önce mülkiyet güvencesi ne durumda diye bu endekslere bakıyor.",0,,0,0,,0,0,,0,17,0,0,0,0,0,0,0,0,0,"{""7"": [], ""11"": []}",0.0,0.0,0.0,,0.0,0.0,0.0,,0.0,0.0
yenicag:1024105,yenicag,2026-04-29,2,32,2646,2705,Avrupa Sermayesi de doğal olarak önce AB raporlarına bakar.,0,,0,0,,0,0,,0,10,0,0,0,0,0,0,0,0,0,"{""7"": [], ""11"": []}",0.0,0.0,0.0,,0.0,0.0,0.0,,0.0,0.0
yenicag:1024105,yenicag,2026-04-29,2,33,2706,2903,"AB parlamentosu dış ilişkiler komitesi Türkiye raporunda, Türkiye’de yargı bağımsızlığı, basın özgürlüğü, insan hakları ihlalleri ve muhalif belediyeleri yargılama ve kayyum sorunu tenkit ediliyor.",1,ediliyor,1,0,,0,0,,1,28,0,0,0,0,0,0,0,0,0,"{""7"": [], ""11"": []}",0.0,0.0,0.0,,0.0,0.0,0.0,,0.0,0.0
yenicag:1024105,yenicag,2026-04-29,2,34,2904,2953,Ebette Yargı sermaye için öncelikli bir sorundur.,0,,0,0,,0,0,,0,10,0,0,0,0,0,0,0,0,0,"{""7"": [], ""11"": []}",0.0,0.0,0.0,,0.0,0.0,0.0,,0.0,0.0
yenicag:1024105,yenicag,2026-04-29,2,35,2955,3031,Öte yandan aynı rapor CHP’nin demokrasi için alternatif olduğunu vurguluyor.,0,,0,0,,0,0,,0,11,0,1,0,1,0,0,0,0,0,"{""7"": [""Attack on Reputation""], ""11"": []}",1.0,1.0,1.0,,1.0,1.0,1.0,,1.0,1.0
yenicag:1024105,yenicag,2026-04-29,2,36,3032,3115,Ama bizde kayyum ve mutlak butlan CHP’nin başında demoklasın kılıcı gibi tutuluyor.,1,tutuluyor,1,0,,0,0,,1,13,0,0,0,1,0,0,0,0,0,"{""7"": [""Attack on Reputation""], ""11"": []}",0.0,0.0,0.0,,1.0,1.0,1.0,,0.0,1.0
yenicag:1024105,yenicag,2026-04-29,2,37,3117,3241,Bizim ihtiyacımız olan yabancı yatırım sermayesi ve uzun dönemli kalıcı yatırımları çekmemiz için teşvike dahi gerek yoktur.,0,,0,0,,0,0,,0,20,0,0,0,0,0,0,0,1,0,"{""7"": [""Call""], ""11"": []}",0.0,0.0,0.0,,1.0,1.0,1.0,,0.0,1.0
yenicag:1024105,yenicag,2026-04-29,2,38,3243,3374,"Yapmamız gereken, demokratik parlamenter sisteme dönmek, Öngörülebilir hukuku, bağımsız yargıyı ve kurumsal devleti tesis etmektir.",0,,0,0,,0,0,,0,20,0,0,0,0,0,0,0,1,0,"{""7"": [""Call""], ""11"": [""Call""]}",0.0,0.0,0.0,,0.0,0.0,0.0,0.0,0.0,1.0
yenicag:1026243,yenicag,2026-05-05,2,0,0,47,"Hayat pahalılığı, enflasyondan daha hızlı arttı",0,,0,0,,0,0,,0,7,0,0,0,0,0,0,0,0,0,"{""7"": [], ""11"": []}",0.0,0.0,0.0,,0.0,0.0,0.0,,0.0,0.0
yenicag:1026243,yenicag,2026-05-05,2,1,49,78,Nisan ayı enflasyon verileri;,0,,0,0,,0,0,,0,5,0,0,0,0,0,0,0,0,0,"{""7"": [], ""11"": []}",0.0,0.0,0.0,,0.0,0.0,0.0,,0.0,0.0
yenicag:1026243,yenicag,2026-05-05,2,2,80,164,"- TÜİK aylık TÜFE oranı yüzde 4,18,
- İTO aylık geçinme endeksinde yüzde artış 3,74,",0,,0,0,,0,0,,0,20,0,0,0,0,0,0,0,0,0,"{""7"": [], ""11"": []}",0.0,0.0,0.0,,0.0,0.0,0.0,,0.0,0.0
yenicag:1026243,yenicag,2026-05-05,2,3,166,247,"- TÜİK yıllık TÜFE oranı yüzde 32,37,
- İTO geçinme endeksinde yüzde artış 40,63,",0,,0,0,,0,0,,0,20,0,0,0,0,0,0,0,0,0,"{""7"": [], ""11"": []}",0.0,0.0,0.0,,0.0,0.0,0.0,,0.0,0.0
yenicag:1026243,yenicag,2026-05-05,2,4,249,341,"- TÜİK aylık gıda fiyat artışı yüzde 8,72,
- TÜİK yıllık gıda fiyat artışı yüzde 34,56 oldu.",0,,0,0,,0,0,,0,21,0,0,0,0,0,0,0,0,0,"{""7"": [], ""11"": []}",0.0,0.0,0.0,,0.0,0.0,0.0,,0.0,0.0
yenicag:1026243,yenicag,2026-05-05,2,5,343,452,"- Mayıs ayı kira artış oranı için yasal olarak geçerli TÜİK 12 aylık ortalama TÜFE oranı da yüzde 32,43 oldu.",0,,0,0,,0,0,,0,22,0,0,0,0,0,0,0,0,0,"{""7"": [], ""11"": []}",0.0,0.0,0.0,,0.0,0.0,0.0,,0.0,0.0
yenicag:1026243,yenicag,2026-05-05,2,6,454,526,"Yüzde 4,18 aylık enflasyon, dünya yıllık ortalama enflasyonuna yakındır.",0,,0,0,,0,0,,0,13,0,0,0,0,0,0,0,0,0,"{""7"": [], ""11"": []}",0.0,0.0,0.0,,0.0,0.0,0.0,,0.0,0.0
yenicag:1026243,yenicag,2026-05-05,2,7,527,628,"Temel sorun, ekonomide yüksek kırılganlık, yapısal sorunlar, mali disiplin sorunu ve güven sorunudur.",0,,0,0,,0,0,,0,18,0,0,0,0,0,0,0,0,0,"{""7"": [], ""11"": []}",0.0,0.0,0.0,,0.0,0.0,0.0,,0.0,0.0
yenicag:1026243,yenicag,2026-05-05,2,8,629,718,"Bu nedenle savaş gibi nedenler, Türkiye’de enflasyonun daha fazla artmasına neden oluyor.",0,,0,0,,0,0,,0,14,0,0,0,0,0,0,0,0,0,"{""7"": [], ""11"": []}",0.0,0.0,0.0,,0.0,0.0,0.0,,0.0,0.0
yenicag:1026243,yenicag,2026-05-05,2,9,720,1071,"Bu nedenler, petrol ve enerji fiyatlarının artması, mevsimsel olarak gıda fiyatlarının artması, dolaylı vergiler, kamu tarafından belirlenen elektrik, doğalgaz fiyatlarının artırılması, iç siyasi sorunlarda tırmanmanın Beklentiler ve fiyatlama davranışlarında negatif değişme ve en önemlisi politikalara ve ekonomi yönetimine olan güvenin azalmasıdır.",1,artması | belirlenen | artırılması,3,0,,0,1,,0,49,0,0,0,0,0,0,0,0,0,"{""7"": [], ""11"": []}",0.0,0.0,0.0,,0.0,0.0,0.0,,0.0,0.0
yenicag:1026243,yenicag,2026-05-05,2,10,1073,1145,Yüksek enflasyonun ekonomik ve sosyal yapı üzerinde bozucu etkileri var.,0,,0,0,,0,0,,0,11,0,0,0,0,0,0,0,0,0,"{""7"": [], ""11"": []}",0.0,0.0,0.0,,0.0,0.0,0.0,,0.0,0.0
yenicag:1026243,yenicag,2026-05-05,2,11,1146,1186,Bunların başında hayat pahalılığı gelir.,0,,0,0,,0,0,,0,6,0,0,0,0,0,0,0,0,0,"{""7"": [], ""11"": []}",0.0,0.0,0.0,,0.0,0.0,0.0,,0.0,0.0
yenicag:1026243,yenicag,2026-05-05,2,12,1188,1255,Hayat Pahalılığı: Gelir artışının enflasyonun gerisinde kalmasıdır.,0,,0,0,,0,0,,0,10,0,0,0,0,0,0,0,0,0,"{""7"": [], ""11"": []}",0.0,0.0,0.0,,0.0,0.0,0.0,,0.0,0.0
yenicag:1026243,yenicag,2026-05-05,2,13,1256,1375,Başka bir ifade ile hayat pahalılığı fiyatlar artarken gelirlerin daha düşük oranda artması ile satın alma gücü azalır.,0,,0,0,,0,0,,0,19,0,0,0,0,0,0,0,0,0,"{""7"": [], ""11"": []}",0.0,0.0,0.0,,0.0,0.0,0.0,,0.0,0.0
yenicag:1026243,yenicag,2026-05-05,2,14,1376,1473,"Söz gelimi, fiyatlar yüzde 40 artarken gelirler yüzde 30 artıyorsa hayat pahalılığı var demektir.",0,,0,0,,0,0,,0,17,0,0,0,0,0,0,0,0,0,"{""7"": [], ""11"": []}",0.0,0.0,0.0,,0.0,0.0,0.0,,0.0,0.0
yenicag:1026243,yenicag,2026-05-05,2,15,1475,1543,Söz gelimi 2025 yılında ele geçen asgari ücret artışı yüzde 30 oldu.,0,,0,0,,0,0,,0,13,0,0,0,0,0,0,0,0,0,"{""7"": [], ""11"": []}",0.0,0.0,0.0,,0.0,0.0,0.0,,0.0,0.0
yenicag:1026243,yenicag,2026-05-05,2,16,1544,1638,"Buna karşılık 2025 yılı 1995 temel yılına göre İTO geçinme endeksi yüzde 40,12 oranında arttı.",0,,0,0,,0,0,,0,16,0,0,0,0,0,0,0,0,0,"{""7"": [], ""11"": []}",0.0,0.0,0.0,,0.0,0.0,0.0,,0.0,0.0
yenicag:1026243,yenicag,2026-05-05,2,17,1639,1744,Eğer İTO İstanbul geçinme endeksine bakarsak İstanbul’da yaşayan asgari ücretlinin satın alma gücü düştü.,0,,0,0,,0,0,,0,15,0,0,0,0,0,0,0,0,0,"{""7"": [], ""11"": []}",0.0,0.0,0.0,,0.0,0.0,0.0,,0.0,0.0
yenicag:1026243,yenicag,2026-05-05,2,18,1746,1867,"Parantez içinde söylersek, İstanbul’da mal ve hizmet fiyatları Türkiye’nin diğer illerine göre orta sıralarda yer alıyor.",0,,0,0,,0,0,,0,18,0,0,0,0,0,0,0,0,0,"{""7"": [], ""11"": []}",0.0,0.0,0.0,,0.0,0.0,0.0,,0.0,0.0
yenicag:1026243,yenicag,2026-05-05,2,19,1868,1950,Bu nedenle İTO İstanbullular geçinme endeksini Türkiye geneli için kullanabiliriz.,0,,0,0,,0,0,,0,11,0,0,0,0,0,0,0,0,0,"{""7"": [], ""11"": []}",0.0,0.0,0.0,,0.0,0.0,0.0,,0.0,0.0
yenicag:1026243,yenicag,2026-05-05,2,20,1952,2024,"- 2024 yılında Türkiye de ele geçen net asgari ücret 17.002,12 lira idi.",0,,0,0,,0,0,,0,15,0,0,0,0,0,0,0,0,0,"{""7"": [], ""11"": []}",0.0,0.0,0.0,,0.0,0.0,0.0,,0.0,0.0
yenicag:1026243,yenicag,2026-05-05,2,21,2025,2087,Asgari ücretli 100 liralık bir maldan 170 adet satın alıyordu.,0,,0,0,,0,0,,0,12,0,0,0,0,0,0,0,0,0,"{""7"": [], ""11"": []}",0.0,0.0,0.0,,0.0,0.0,0.0,,0.0,0.0
yenicag:1026243,yenicag,2026-05-05,2,22,2089,2138,"- 2025’te asgari ücret 22.104,12 liraya yükseldi.",0,,0,0,,0,0,,0,9,0,0,0,0,0,0,0,0,0,"{""7"": [], ""11"": []}",0.0,0.0,0.0,,0.0,0.0,0.0,,0.0,0.0
yenicag:1026243,yenicag,2026-05-05,2,23,2139,2208,"Ancak 100 liralık mal da İTO geçinme endeksine göre 140,12 lira oldu.",0,,0,0,,0,0,,0,13,0,0,0,0,0,0,0,0,0,"{""7"": [], ""11"": []}",0.0,0.0,0.0,,0.0,0.0,0.0,,0.0,0.0
yenicag:1026243,yenicag,2026-05-05,2,24,2209,2300,"Bu durumda 22.002,12 lira alan asgari ücretli aynı maldan bu defa, 13 adet daha az, 157 ade",0,,0,0,,0,0,,0,20,0,0,0,0,0,0,0,0,0,"{""7"": [], ""11"": []}",0.0,0.0,0.0,,0.0,0.0,0.0,,0.0,0.0
yenicag:1026243,yenicag,2026-05-05,2,25,2300,2301,t,0,,0,0,,0,0,,0,1,0,0,0,0,0,0,0,0,0,"{""7"": [], ""11"": []}",0.0,0.0,0.0,,0.0,0.0,0.0,,0.0,0.0
yenicag:1026243,yenicag,2026-05-05,2,26,2303,2337,Enflasyonla paramız da pula döndü.,0,,0,0,,0,0,,0,6,0,0,0,0,0,0,0,0,0,"{""7"": [], ""11"": []}",0.0,0.0,0.0,,0.0,0.0,0.0,,0.0,0.0
yenicag:1026243,yenicag,2026-05-05,2,27,2339,2341,1.,0,,0,0,,0,0,,0,2,0,0,0,0,0,0,0,0,0,"{""7"": [], ""11"": []}",0.0,0.0,0.0,,0.0,0.0,0.0,,0.0,0.0
yenicag:1026243,yenicag,2026-05-05,2,28,2342,2396,İnternette Merkez Bankası enflasyon hesaplayıcısı var.,0,,0,0,,0,0,,0,7,0,0,0,0,0,0,0,0,0,"{""7"": [], ""11"": []}",0.0,0.0,0.0,,0.0,0.0,0.0,,0.0,0.0
yenicag:1026243,yenicag,2026-05-05,2,29,2397,2482,"2008 Ocak ayı ile 2006 nisan ayı arasında, TÜFE oranı yüzde 2.503,71 oranında artmış.",1,artmış,1,1,artmış,1,0,,1,18,0,0,0,0,0,0,0,0,0,"{""7"": [], ""11"": []}",0.0,0.0,0.0,,0.0,0.0,0.0,,0.0,0.0
yenicag:1026243,yenicag,2026-05-05,2,30,2483,2602,"Bu hesaba göre 2008 Ocak ayında basılan 200 liralık banknotun satın alma gücü olarak bugünkü karşılığı 5007,42 liradır.",1,basılan,1,0,,0,0,,1,22,0,0,0,0,0,0,0,0,0,"{""7"": [], ""11"": []}",0.0,0.0,0.0,,0.0,0.0,0.0,,0.0,0.0
yenicag:1026243,yenicag,2026-05-05,2,31,2603,2723,Yani 2009 Ocak ayında 200 liralık banknot karşılığı olarak Merkez Bankasının bugün 5000 liralık banknot basması gerekir.,0,,0,0,,0,0,,0,18,0,0,0,0,0,0,0,0,0,"{""7"": [], ""11"": []}",0.0,0.0,0.0,,0.0,0.0,0.0,,0.0,0.0
yenicag:1026243,yenicag,2026-05-05,2,32,2725,2727,1.,0,,0,0,,0,0,,0,2,0,0,0,0,0,0,0,0,0,"{""7"": [], ""11"": []}",0.0,0.0,0.0,,0.0,0.0,0.0,,0.0,0.0
yenicag:1026243,yenicag,2026-05-05,2,33,2728,2792,İTO İstanbullular geçinme endeksine göre durum daha da vahimdir.,0,,0,0,,0,0,,0,11,0,0,0,0,0,0,0,0,0,"{""7"": [], ""11"": []}",0.0,0.0,0.0,,0.0,0.0,0.0,,0.0,0.0
yenicag:1026243,yenicag,2026-05-05,2,34,2793,2860,"1995 baz yılına göre 2009 ocak ayı genel endeks değeri 7.769,8’dir.",0,,0,0,,0,0,,0,16,0,0,0,0,0,0,0,0,0,"{""7"": [], ""11"": []}",0.0,0.0,0.0,,0.0,0.0,0.0,,0.0,0.0
yenicag:1026243,yenicag,2026-05-05,2,35,2862,2899,"2026 endeks değeri de 288.694,16’dır.",0,,0,0,,0,0,,0,10,0,0,0,0,0,0,0,0,0,"{""7"": [], ""11"": []}",0.0,0.0,0.0,,0.0,0.0,0.0,,0.0,0.0
yenicag:1026243,yenicag,2026-05-05,2,36,2900,2999,"2009 Ocak ayı ile 2026 Nisan ayı arasında, İTO genel geçinme endeksi yüzde 3.715,01 oranında arttı.",0,,0,0,,0,0,,0,19,0,0,0,0,0,0,0,0,0,"{""7"": [], ""11"": []}",0.0,0.0,0.0,,0.0,0.0,0.0,,0.0,0.0
yenicag:1026243,yenicag,2026-05-05,2,37,3000,3073,Bu durumda 2009 başındaki 200 liranın bugünkü karşılığı da 7.430 liradır.,0,,0,0,,0,0,,0,15,0,0,0,0,0,0,0,0,0,"{""7"": [], ""11"": []}",0.0,0.0,0.0,,0.0,0.0,0.0,,0.0,0.0
yenicag:1026243,yenicag,2026-05-05,2,38,3075,3251,"2009 Ocak ayında, cüzdanında bir adet 200 lira taşıyan birinin bugün, ya 37 adet 200 lira veya bir adet 5000, iki adet 1000 ve 4 adet 100 lira ve 3 adet 10 lira taşıması lazım.",1,taşıması,1,0,,0,0,,1,39,0,0,0,0,0,0,0,0,0,"{""7"": [], ""11"": []}",0.0,0.0,0.0,,0.0,0.0,0.0,,0.0,0.0
yenicag:1026243,yenicag,2026-05-05,2,39,3252,3275,Elbette cüzdana sığmaz.,0,,0,0,,0,0,,0,4,0,0,0,0,0,0,0,0,0,"{""7"": [], ""11"": []}",0.0,0.0,0.0,,0.0,0.0,0.0,,0.0,0.0
yenicag:1026243,yenicag,2026-05-05,2,40,3277,3366,Siyasi iktidar paradan 6 sıfır atarak başarılı bir iş yaptı ve fakat arkasını getiremedi.,0,,0,0,,0,0,,0,15,0,0,0,0,0,0,0,0,0,"{""7"": [], ""11"": []}",0.0,0.0,0.0,,0.0,0.0,0.0,,0.0,0.0
yenicag:1031154,yenicag,2026-05-18,2,0,0,31,Tahta kurusundan manda yoğurdun,0,,0,0,,0,0,,0,4,0,0,0,0,0,0,0,0,0,"{""6"": [], ""11"": []}",0.0,0.0,0.0,,0.0,0.0,0.0,,0.0,0.0
yenicag:1031154,yenicag,2026-05-18,2,1,31,32,a,0,,0,0,,0,0,,0,1,0,0,0,0,0,0,0,0,0,"{""6"": [], ""11"": []}",0.0,0.0,0.0,,0.0,0.0,0.0,,0.0,0.0
yenicag:1031154,yenicag,2026-05-18,2,2,34,166,"Cumhurbaşkanı Recep Tayyip Erdoğan, 2020 yılında Tokat'ta bir araya geldiği çiftçilerle sohbet ederken “Ben her akşam manda yoğurdu…",0,,0,0,,0,0,,0,20,1,0,0,0,0,0,0,0,0,"{""6"": [], ""11"": []}",1.0,1.0,1.0,,0.0,0.0,0.0,,1.0,0.0
yenicag:1031154,yenicag,2026-05-18,2,3,167,221,Onun içine Medine hurması doğrarım 3 tane veya 5 tane.,0,,0,0,,0,0,,0,11,0,0,0,0,0,0,0,0,0,"{""6"": [], ""11"": []}",0.0,0.0,0.0,,0.0,0.0,0.0,,0.0,0.0
yenicag:1031154,yenicag,2026-05-18,2,4,222,285,Ona biraz çay kaşığı kestane balı ve bir de içine yulaf atarım.,0,,0,0,,0,0,,0,13,0,0,0,0,0,0,0,0,0,"{""6"": [], ""11"": []}",0.0,0.0,0.0,,0.0,0.0,0.0,,0.0,0.0
yenicag:1031154,yenicag,2026-05-18,2,5,286,324,"Bu dörtlüyü karıştırarak yer, yatarım.",0,,0,0,,0,0,,0,7,0,0,0,0,0,0,0,0,0,"{""6"": [], ""11"": []}",0.0,0.0,0.0,,0.0,0.0,0.0,,0.0,0.0
yenicag:1031154,yenicag,2026-05-18,2,6,325,345,Şifa… Yoğurt önemli.,0,,0,0,,0,0,,0,6,0,0,0,0,0,0,0,0,0,"{""6"": [], ""11"": []}",0.0,0.0,0.0,,0.0,0.0,0.0,,0.0,0.0
yenicag:1031154,yenicag,2026-05-18,2,7,346,418,Sizdeki belediye sürekli bakraç içinde manda yoğurdumu mutlaka gönderir.,0,,0,0,,0,0,,0,12,0,0,0,0,0,0,0,0,0,"{""6"": [], ""11"": []}",0.0,0.0,0.0,,0.0,0.0,0.0,,0.0,0.0
yenicag:1031154,yenicag,2026-05-18,2,8,419,465,Ankara Mamak Belediye Başkanımız temin ediyor.,0,,0,0,,0,0,,0,7,0,0,0,0,0,0,0,0,0,"{""6"": [], ""11"": []}",0.0,0.0,0.0,,0.0,0.0,0.0,,0.0,0.0
yenicag:1031154,yenicag,2026-05-18,2,9,466,498,"Tavsiye ederim, çok çok faydalı.",0,,0,0,,0,0,,0,8,0,0,0,0,0,0,0,0,0,"{""6"": [], ""11"": []}",0.0,0.0,0.0,,0.0,0.0,0.0,,0.0,0.0
yenicag:1031154,yenicag,2026-05-18,2,10,499,516,"Şifadır"" demişti.",0,,0,0,,0,0,,0,5,0,0,0,0,0,0,0,0,0,"{""6"": [], ""11"": []}",0.0,0.0,0.0,,0.0,0.0,0.0,,0.0,0.0
yenicag:1031154,yenicag,2026-05-18,2,11,518,657,"Erdoğan, verdiği tarifteki ürünlerin fiyatları üzerinden sert eleştiriler yapılınca, birkaç gün sonra ""Sanki Türkiye manda fakiri bir ülke.",1,yapılınca,1,0,,0,0,,1,23,0,0,0,0,0,0,0,0,0,"{""6"": [], ""11"": []}",0.0,0.0,0.0,,0.0,0.0,0.0,,0.0,0.0
yenicag:1031154,yenicag,2026-05-18,2,12,658,750,"Anadolu’da benim insanım istediği marketten, istediği gibi her türlü yoğurdu bulabiliyor mu?",0,,0,0,,0,0,,0,14,0,0,0,0,0,0,0,0,0,"{""6"": [], ""11"": []}",0.0,0.0,0.0,,0.0,0.0,0.0,,0.0,0.0
yenicag:1031154,yenicag,2026-05-18,2,13,751,833,"Manda yoğurdunu da buluyor, koyun yoğurdunu da buluyor, keçi yoğurdunu da buluyor.",0,,0,0,,0,0,,0,15,0,0,0,0,0,0,0,0,0,"{""6"": [], ""11"": []}",0.0,0.0,0.0,,0.0,0.0,0.0,,0.0,0.0
yenicag:1031154,yenicag,2026-05-18,2,14,834,872,Kaldı ki zaten evinde kendisi yapıyor.,0,,0,0,,0,0,,0,7,0,0,0,0,0,0,0,0,0,"{""6"": [], ""11"": []}",0.0,0.0,0.0,,0.0,0.0,0.0,,0.0,0.0
yenicag:1031154,yenicag,2026-05-18,2,15,873,930,"Onunla da kalmıyor, ondan her tür tereyağını da üretiyor.",0,,0,0,,0,0,,0,11,0,0,0,0,0,0,0,0,0,"{""6"": [], ""11"": []}",0.0,0.0,0.0,,0.0,0.0,0.0,,0.0,0.0
yenicag:1031154,yenicag,2026-05-18,2,16,931,1060,"Benim Anadolu'daki çiftçim, köylüm her türlü hayvanın sütünün türevini peyniriyle, yoğurduyla, tereyağıyla kendi evinde üretiyor.",0,,0,0,,0,0,,0,20,0,0,0,0,0,0,0,0,0,"{""6"": [], ""11"": []}",0.0,0.0,0.0,,0.0,0.0,0.0,,0.0,0.0
yenicag:1031154,yenicag,2026-05-18,2,17,1061,1098,Durum böyleyken diyor ki bal demişim.,0,,0,1,demişim,1,0,,0,7,0,0,0,0,0,0,0,0,0,"{""6"": [], ""11"": []}",0.0,0.0,0.0,,0.0,0.0,0.0,,0.0,0.0
yenicag:1031154,yenicag,2026-05-18,2,18,1099,1141,"Tamam da, orada benim karşımda kimler var?",0,,0,0,,0,0,,0,9,0,0,0,0,0,0,0,0,0,"{""6"": [], ""11"": []}",0.0,0.0,0.0,,0.0,0.0,0.0,,0.0,0.0
yenicag:1031154,yenicag,2026-05-18,2,19,1142,1165,Tokat’ın arıcıları var.,0,,0,0,,0,0,,0,4,0,0,0,0,0,0,0,0,0,"{""6"": [], ""11"": []}",0.0,0.0,0.0,,0.0,0.0,0.0,,0.0,0.0
yenicag:1031154,yenicag,2026-05-18,2,20,1166,1189,Bunlar bal işi yapıyor.,0,,0,0,,0,0,,0,5,0,0,0,0,0,0,0,0,0,"{""6"": [], ""11"": []}",0.0,0.0,0.0,,0.0,0.0,0.0,,0.0,0.0
yenicag:1031154,yenicag,2026-05-18,2,21,1190,1210,Benim söylediğim ne?,0,,0,0,,0,0,,0,4,0,0,0,0,0,0,0,0,0,"{""6"": [], ""11"": []}",0.0,0.0,0.0,,0.0,0.0,0.0,,0.0,0.0
yenicag:1031154,yenicag,2026-05-18,2,22,1211,1256,Bir çay kaşığı kestane balından bahsediyorum.,0,,0,0,,0,0,,0,7,0,0,0,0,0,0,0,0,0,"{""6"": [], ""11"": []}",0.0,0.0,0.0,,0.0,0.0,0.0,,0.0,0.0
yenicag:1031154,yenicag,2026-05-18,2,23,1257,1286,Bir şeyden daha bahsediyorum.,0,,0,0,,0,0,,0,5,0,0,0,0,0,0,0,0,0,"{""6"": [], ""11"": []}",0.0,0.0,0.0,,0.0,0.0,0.0,,0.0,0.0
yenicag:1031154,yenicag,2026-05-18,2,24,1287,1301,Yulaf diyorum.,0,,0,0,,0,0,,0,3,0,0,0,0,0,0,0,0,0,"{""6"": [], ""11"": []}",0.0,0.0,0.0,,0.0,0.0,0.0,,0.0,0.0
yenicag:1031154,yenicag,2026-05-18,2,25,1302,1345,Anadolu’da yulafın olmadığı çiftçim mi var?,0,,0,0,,0,0,,0,7,0,0,0,0,0,0,0,0,0,"{""6"": [], ""11"": []}",0.0,0.0,0.0,,0.0,0.0,0.0,,0.0,0.0
yenicag:1031154,yenicag,2026-05-18,2,26,1346,1366,Hepsinin evinde var.,0,,0,0,,0,0,,0,4,0,0,0,0,0,0,0,0,0,"{""6"": [], ""11"": []}",0.0,0.0,0.0,,0.0,0.0,0.0,,0.0,0.0
yenicag:1031154,yenicag,2026-05-18,2,27,1367,1461,Bunu da orada karşımdaki çiftçilerle konuşuyorum ve çiftçilerin hepsinde de tabi bir mutluluk.,0,,0,0,,0,0,,0,15,0,0,0,0,0,0,0,0,0,"{""6"": [], ""11"": []}",0.0,0.0,0.0,,0.0,0.0,0.0,,0.0,0.0
yenicag:1031154,yenicag,2026-05-18,2,28,1462,1467,Niye?,0,,0,0,,0,0,,0,2,0,0,0,0,0,0,0,0,0,"{""6"": [], ""11"": []}",0.0,0.0,0.0,,0.0,0.0,0.0,,0.0,0.0
yenicag:1031154,yenicag,2026-05-18,2,29,1468,1544,"Onun sofrasındakini paylaşıyorsun"" diye duruma açıklık getirmeye çalışmıştı.",0,,0,0,,0,0,,0,11,0,0,0,0,0,0,0,0,0,"{""6"": [], ""11"": []}",0.0,0.0,0.0,,0.0,0.0,0.0,,0.0,0.0
yenicag:1031154,yenicag,2026-05-18,2,30,1546,1729,"Yine de Erdoğan’ın manda yoğurdu ile başlayan tarifi, Fransız Devrimi sırasında Kraliçe Marie Antoinette'e atfedilen “Ekmek bulamayan pasta yesin” sözüne benzetilmiş ve yadırganmıştı.",1,atfedilen | benzetilmiş,2,1,benzetilmiş,1,0,,1,25,1,0,0,1,0,0,0,0,0,"{""6"": [""Attack on Reputation""], ""11"": []}",1.0,1.0,1.0,,1.0,1.0,1.0,,1.0,1.0
yenicag:1031154,yenicag,2026-05-18,2,31,1731,1929,"Aradan dört yıl geçtikten sonra Artvin’in Hopa ilçesinde yaşayan ÇAYKUR’dan emekli Şükrü Mısırlıoğlu, Facebook’ta elinde rakı kadehi ve yanında bira içen bir akrabasıyla birlikte fotoğraf yayınladı.",0,,0,0,,0,0,,0,28,0,0,1,0,0,0,0,0,0,"{""6"": [], ""11"": []}",1.0,1.0,1.0,,0.0,0.0,0.0,,1.0,0.0
yenicag:1031154,yenicag,2026-05-18,2,32,1930,2057,"Mısırlıoğlu’nun arkadaşlarıyla kurduğu “çilingir sofrası”nın fotoğrafını da “ ‘İsraf yapmayın, porsiyonları küçültün’ diyorlar.",0,,0,0,,0,0,,0,16,0,0,0,0,0,0,0,0,0,"{""6"": [], ""11"": []}",0.0,0.0,0.0,,0.0,0.0,0.0,,0.0,0.0
yenicag:1031154,yenicag,2026-05-18,2,33,2058,2099,İyi de bizim porsiyonlar hiç büyümedi ki.,0,,0,0,,0,0,,0,8,0,0,0,0,0,0,0,0,0,"{""6"": [], ""11"": []}",0.0,0.0,0.0,,0.0,0.0,0.0,,0.0,0.0
yenicag:1031154,yenicag,2026-05-18,2,34,2100,2183,"Ejder meyvesi, manda yoğurdu, karides ve diğer pahalı mamullerle hiç işimiz olmadı.",0,,0,0,,0,0,,0,15,0,0,0,0,0,0,0,0,0,"{""6"": [], ""11"": []}",0.0,0.0,0.0,,0.0,0.0,0.0,,0.0,0.0
yenicag:1031154,yenicag,2026-05-18,2,35,2184,2242,"Rakı, salata, inek yoğurdu hepsi bu…” sözleriyle paylaştı.",0,,0,0,,0,0,,0,12,0,0,0,0,0,0,0,0,0,"{""6"": [], ""11"": []}",0.0,0.0,0.0,,0.0,0.0,0.0,,0.0,0.0
yenicag:1031154,yenicag,2026-05-18,2,36,2244,2409,"Tabii buradaki manda yoğurdu ve ejder meyvesi, akıllara Erdoğan’ın manda yoğurdu tarifini ve Cumhurbaşkanlığı resepsiyonlarında ikram edilen ejder meyvesini getirdi.",1,edilen,1,0,,0,0,,1,23,0,0,0,0,0,0,0,0,0,"{""6"": [], ""11"": []}",0.0,0.0,0.0,,0.0,0.0,0.0,,0.0,0.0
yenicag:1031154,yenicag,2026-05-18,2,37,2411,2517,Derken Mısırlıoğlu’na Tarım ve Orman Bakanlığı Tütün ve Alkol Dairesi Başkanlığı’ndan tebligat gönderildi.,1,gönderildi,1,0,,0,0,,1,14,1,0,0,0,0,0,0,0,0,"{""6"": [], ""11"": []}",1.0,1.0,1.0,,0.0,0.0,0.0,,1.0,0.0
yenicag:1031154,yenicag,2026-05-18,2,38,2518,2694,"Facebook hesabında bira, viski ya da rakı içerken çekilmiş fotoğraflarını paylaşan Mısırlıoğlu’na gönderilen tebligatta “alkol reklam yasağını ihlal ettiği” ifadeleri yer aldı.",1,çekilmiş | gönderilen,2,1,çekilmiş,1,0,,1,24,0,0,1,0,0,0,0,0,0,"{""6"": [], ""11"": []}",1.0,1.0,1.0,,0.0,0.0,0.0,,1.0,0.0
yenicag:1031154,yenicag,2026-05-18,2,39,2696,2943,"Tebligatta, 4250 sayılı İspirto ve İspirtolu İçkiler İnhisarı Kanunu’nun alkol reklamını yasaklayan 6. maddesine atıfta bulunularak, yasağın ihlali halinde 82 bin liradan 3 milyon 291 bin liraya kadar idari para cezası uygulanabileceği belirtildi.",1,bulunularak | uygulanabileceği,2,0,,0,0,,1,36,0,0,0,0,0,0,0,0,0,"{""6"": [], ""11"": []}",0.0,0.0,0.0,,0.0,0.0,0.0,,0.0,0.0
yenicag:1031154,yenicag,2026-05-18,2,40,2944,3083,"Bakanlık, Mısırlıoğlu’ndan 15 gün içinde savunmasını iletmesini isterken, aksi halde mevcut bilgiler üzerinden karar verileceğini bildirdi.",1,iletmesini | verileceğini,2,0,,0,0,,1,19,0,0,0,0,0,0,0,0,0,"{""6"": [], ""11"": []}",0.0,0.0,0.0,,0.0,0.0,0.0,,0.0,0.0
yenicag:1031154,yenicag,2026-05-18,2,41,3085,3304,"Anlaşılan o ki Tarım Bakanlığı’nın Alkol Dairesi’ndeki görevliler, manda yoğurdundan ve ejder meyvesinden bahsetmenin Erdoğan’a eleştiri olduğunu ve zarar vereceğini öngörmüşler ama bu bir suç değil ki ceza yazsınlar...",1,Anlaşılan,1,1,öngörmüşler,1,0,,1,32,0,0,0,0,1,0,0,0,0,"{""6"": [""Justification""], ""11"": []}",0.0,0.0,0.0,,1.0,1.0,1.0,,0.0,1.0
yenicag:1031154,yenicag,2026-05-18,2,42,3305,3400,Bunun yerine “çilingir sofrası yayını alkol reklamıdır” diye vatandaşa ceza tebligatı yaptılar.,0,,0,0,,0,0,,0,15,0,0,0,0,1,0,0,0,0,"{""6"": [""Justification""], ""11"": []}",0.0,0.0,0.0,,1.0,1.0,1.0,,0.0,1.0
yenicag:1031154,yenicag,2026-05-18,2,43,3401,3422,Tam bir işgüzarlık...,0,,0,0,,0,0,,0,4,0,0,0,0,1,0,0,0,0,"{""6"": [""Justification""], ""11"": []}",0.0,0.0,0.0,,1.0,1.0,1.0,,0.0,1.0
yenicag:1031154,yenicag,2026-05-18,2,44,3424,3577,"Böyle yapınca, Erdoğan’ın manda yoğurdu tarifini ve sarayda ejder meyvesi ikram edilmesini bir defa daha bütün Türkiye’ye hatta dünyaya duyurmuş oldular.",1,edilmesini,1,1,duyurmuş,1,0,,1,23,0,0,0,0,0,0,0,0,0,"{""6"": [], ""11"": []}",0.0,0.0,0.0,,0.0,0.0,0.0,,0.0,0.0
yenicag:1031154,yenicag,2026-05-18,2,45,3579,3602,"Bu görevliler, sanki 2.",0,,0,0,,0,0,,0,6,1,0,0,1,0,0,0,0,0,"{""6"": [""Attack on Reputation""], ""11"": []}",0.0,1.0,0.0,0.0,1.0,1.0,1.0,,1.0,1.0
yenicag:1031154,yenicag,2026-05-18,2,46,3603,3649,Abdülhamit’in sansür kurulu gibi davranmışlar.,0,,0,1,davranmışlar,1,0,,0,6,1,0,0,1,0,0,0,0,0,"{""6"": [""Attack on Reputation""], ""11"": []}",0.0,1.0,0.0,0.0,1.0,1.0,1.0,,1.0,1.0
yenicag:1031154,yenicag,2026-05-18,2,47,3650,3652,2.,0,,0,0,,0,0,,0,2,0,0,0,0,0,0,0,0,0,"{""6"": [], ""11"": []}",0.0,0.0,0.0,,0.0,0.0,0.0,,0.0,0.0
yenicag:1031154,yenicag,2026-05-18,2,48,3653,3716,Abdülhamit döneminde basında bazı sözcükleri kullanmak yasaktı.,0,,0,0,,0,0,,0,8,0,0,0,0,0,0,0,0,0,"{""6"": [], ""11"": []}",0.0,0.0,0.0,,0.0,0.0,0.0,,0.0,0.0
yenicag:1031154,yenicag,2026-05-18,2,49,3718,3993,"Bülent Tanör’ün araştırmasına göre “Girit, Makedonya, Kanun-i esasi, hukuk-ı millet, ıslahat, hürriyet, müsavat, vatan, cumhuriyet, bomba, dinamit, millet, zulüm, adalet, deli, birader hasta, yıldız, tepe, sakal, boya ve burun ve Reşat” gibi sözcüklerin kullanılması yasaktı.",1,kullanılması | yasaktı,2,0,,0,0,,1,59,0,0,0,0,0,0,0,0,0,"{""6"": [], ""11"": []}",0.0,0.0,0.0,,0.0,0.0,0.0,,0.0,0.0
yenicag:1031154,yenicag,2026-05-18,2,50,3994,4071,"“Tahtakurusu” sözcüğü bile, “tahtın kurusun""u çağrıştırdığından listedeydi...",0,,0,0,,0,0,,0,10,0,0,0,0,0,0,0,0,0,"{""6"": [], ""11"": []}",0.0,0.0,0.0,,0.0,0.0,0.0,,0.0,0.0
yenicag:1031154,yenicag,2026-05-18,2,51,4073,4211,"Şimdi de sansür kurulu gibi davranan Alkol Dairesi görevlileri, “manda yoğurdu” ve “ejder meyvesi” sözcüklerini yasak zannediyor herhalde.",0,,0,0,,0,0,,0,20,0,0,0,0,0,0,0,0,0,"{""6"": [], ""11"": []}",0.0,0.0,0.0,,0.0,0.0,0.0,,0.0,0.0
yenicag:1031154,yenicag,2026-05-18,2,52,4213,4306,"Aziz Nesin, “Ben hikâyelerimi gerçek hayattan alıyorum” demişti ya, işte size gerçek hayat...",0,,0,0,,0,0,,0,17,0,0,0,0,0,0,0,0,0,"{""6"": [], ""11"": []}",0.0,0.0,0.0,,0.0,0.0,0.0,,0.0,0.0
yenicag:1041339,yenicag,2026-06-17,3,0,0,36,Turan koridoru mu Trump koridoru mu?,0,,0,0,,0,0,,0,7,0,0,0,0,0,0,1,0,0,"{""6"": [""Simplification""], ""7"": [], ""11"": []}",0.0,0.0,0.0,,1.0,1.0,1.0,,0.0,1.0
yenicag:1041339,yenicag,2026-06-17,3,1,38,265,"MHP Genel Başkanı Devlet Bahçeli, haftalık grup konuşmasında Türklük dozajı yüksek ifadeler kullandı ve “Türk dünyasının batıyla doğu arasındaki stratejik irtibatı olan Zengezur hattı üzerinde ayrıca ve dikkatle durmak gerekir.",0,,0,0,,0,0,,0,33,0,1,0,0,0,0,0,0,0,"{""6"": [], ""7"": [], ""11"": []}",1.0,1.0,1.0,,0.0,0.0,0.0,,1.0,0.0
yenicag:1041339,yenicag,2026-06-17,3,2,266,439,"Nahçıvan'ın ana vatan Azerbaycan'la bağını güçlendirecek, Türkiye'yi kardeş ülke Azerbaycan üzerinden Hazar'a, Hazar'ın ötesinde Türkistan'a ulaştıracak tarihî bir geçittir.",0,,0,0,,0,0,,0,23,0,1,0,0,0,0,0,0,0,"{""6"": [], ""7"": [], ""11"": []}",1.0,1.0,1.0,,0.0,0.0,0.0,,1.0,0.0
yenicag:1041339,yenicag,2026-06-17,3,3,440,485,Zengezur dedik ama artık adını doğru koyalım.,0,,0,0,,0,0,,0,8,0,0,0,0,0,0,0,0,0,"{""6"": [], ""7"": [], ""11"": []}",0.0,0.0,0.0,,0.0,0.0,0.0,,0.0,0.0
yenicag:1041339,yenicag,2026-06-17,3,4,486,513,"Bu hat, Turan Koridoru'dur.",0,,0,0,,0,0,,0,7,0,0,0,0,0,0,0,0,0,"{""6"": [], ""7"": [], ""11"": []}",0.0,0.0,0.0,,0.0,0.0,0.0,,0.0,0.0
yenicag:1041339,yenicag,2026-06-17,3,5,514,607,"Turan Koridoru, Kars'tan Türkistan bozkırlarına uzanan tarihî ve kültürel istikbal kapısıdır.",1,uzanan,1,0,,0,0,,1,14,0,0,1,0,0,0,0,0,0,"{""6"": [], ""7"": [], ""11"": []}",1.0,1.0,1.0,,0.0,0.0,0.0,,1.0,0.0
yenicag:1041339,yenicag,2026-06-17,3,6,608,840,"Bu kapı açıldığında asırlar boyunca gönüllerde saklanan kavuşma ülküsü ete kemiğe bürünecek, Anadolu ile Türkistan arasına örülmek istenen setler dağılacak, Turan ufku daha berrak, daha yakın ve daha kudretli hâle gelecektir.” dedi.",1,açıldığında | saklanan | bürünecek | örülmek | istenen,5,0,,0,0,,1,39,0,0,0,0,0,0,0,0,0,"{""6"": [], ""7"": [], ""11"": []}",0.0,0.0,0.0,,0.0,0.0,0.0,,0.0,0.0
yenicag:1041339,yenicag,2026-06-17,3,7,842,1053,"Bahçeli, “Ermenistan aklını başına alır ve bölgesel iş birliği zeminine dürüstçe katılırsa, Turan Koridoru yalnız Azerbaycan'ın ve Türkiye'nin değil, Ermenistan'ın da ekonomik yalnızlıktan çıkış kapısı olabilir.",1,katılırsa,1,0,,0,0,,1,30,0,0,0,0,0,0,0,0,0,"{""6"": [], ""7"": [], ""11"": []}",0.0,0.0,0.0,,0.0,0.0,0.0,,0.0,0.0
yenicag:1041339,yenicag,2026-06-17,3,8,1054,1153,"Aksi hâlde Ermenistan, dünden yitip gitmiş hayallere tutunarak yarının fırsatlarını heba edecektir.",0,,0,1,gitmiş,1,0,,0,14,0,0,0,0,0,0,0,0,0,"{""6"": [], ""7"": [], ""11"": []}",0.0,0.0,0.0,,0.0,0.0,0.0,,0.0,0.0
yenicag:1041339,yenicag,2026-06-17,3,9,1154,1412,"Can Azerbaycan'ın kazanımlarını aşındıran, Türk dünyasının önüne ket vuran, ilhamını Sovyet tortularından alan hiçbir formül kalıcı olamaz.” dedi ve “Milliyetçi Hareket Partisinin Turan ülküsü ile Cumhur İttifakı'nın 2053 ve 2071 vizyonu aynı istikamettedir.",0,,0,0,,0,0,,0,39,0,0,0,1,0,0,0,0,0,"{""6"": [""Attack on Reputation""], ""7"": [], ""11"": []}",0.0,0.0,0.0,,1.0,1.0,1.0,,0.0,1.0
yenicag:1041339,yenicag,2026-06-17,3,10,1413,1477,Bu istikamet Türk ve Türkiye Yüzyılı'dır.” ifadelerini kullandı.,0,,0,0,,0,0,,0,11,0,0,0,0,0,0,0,0,0,"{""6"": [], ""7"": [], ""11"": []}",0.0,0.0,0.0,,0.0,0.0,0.0,,0.0,0.0
yenicag:1041339,yenicag,2026-06-17,3,11,1479,1522,Konuyu geçen yıl bu sütunda incelemiştim...,0,,0,0,,0,0,,0,7,0,0,0,0,0,0,0,0,0,"{""6"": [], ""7"": [], ""11"": []}",0.0,0.0,0.0,,0.0,0.0,0.0,,0.0,0.0
yenicag:1041339,yenicag,2026-06-17,3,12,1524,1615,"Zengezur Koridoru, 16. yüzyıldan sonra Osmanlı egemenliğindeki Karabağ Hanlığı’na bağlıydı.",0,,0,0,,0,0,,0,14,0,0,1,0,1,0,0,0,0,"{""6"": [""Justification""], ""7"": [], ""11"": []}",1.0,1.0,1.0,,1.0,1.0,1.0,,1.0,1.0
yenicag:1041339,yenicag,2026-06-17,3,13,1616,1670,19. yüzyılın başlarında Rusya tarafından işgal edildi.,1,edildi,1,0,,0,1,,0,8,0,0,0,0,0,0,0,0,0,"{""6"": [], ""7"": [], ""11"": []}",0.0,0.0,0.0,,0.0,0.0,0.0,,0.0,0.0
yenicag:1041339,yenicag,2026-06-17,3,14,1671,1782,Azerbaycan Halk Cumhuriyeti döneminde (1918-1920) Karabağ Valiliği'nin dört ilçesinden biri Zengezur ilçesiydi.,0,,0,0,,0,0,,0,18,0,0,0,0,0,0,0,0,0,"{""6"": [], ""7"": [], ""11"": []}",0.0,0.0,0.0,,0.0,0.0,0.0,,0.0,0.0
yenicag:1041339,yenicag,2026-06-17,3,15,1783,1914,"Yani Ebulfez Elçibey, 1992’deki görüşmemizde bana “Karabağ, Türk dünyasının gırtlağıdır” derken, Zengezur Koridoru’nu kastediyordu.",0,,0,0,,0,0,,0,21,0,1,0,0,0,1,0,0,0,"{""6"": [""Manipulative Wording""], ""7"": [], ""11"": []}",1.0,1.0,1.0,,1.0,1.0,1.0,,1.0,1.0
yenicag:1041339,yenicag,2026-06-17,3,16,1916,2041,"Azerbaycan, Ermenistan tarafından işgal edilen Karabağ’ın büyük kısmını savaşarak geri aldı ama Zengezur Koridoru’nu alamadı.",1,edilen,1,0,,0,1,,0,17,1,0,0,0,0,0,0,0,0,"{""6"": [], ""7"": [], ""11"": []}",1.0,1.0,1.0,,0.0,0.0,0.0,,1.0,0.0
yenicag:1041339,yenicag,2026-06-17,3,17,2042,2361,"Bakü’de 2021’de yapılan 19.Türk Konseyi Zirvesi’nde, Kazakistan cumhurbaşkanı Nursultan Nazarbayev, tarihte Asya ile Avrupa’yı birbirine bağlayan İpek Yolu Projesi gibi bütün Türk dünyasını kara yoluyla birbirine bağlayan “Trans-Hazar Uluslararası Ulaşım Koridoru”nun adının, “Turan Koridoru” olmasını teklif etmişti...",1,yapılan,1,0,,0,0,,1,43,0,0,0,0,0,0,0,0,0,"{""6"": [], ""7"": [], ""11"": []}",0.0,0.0,0.0,,0.0,0.0,0.0,,0.0,0.0
yenicag:1041339,yenicag,2026-06-17,3,18,2363,2562,"Yalnız Azerbaycan ve Ermenistan Cumhurbaşkanlarını geçen yıl ""barış"" için Beyazsaray'da buluşturan ABD Başkanı Trump, Zengezur Koridoru’nun işletmesini de 100 yıl süreyle ABD'nin yapacağını açıkladı!",0,,0,0,,0,0,,0,26,0,0,0,0,1,0,0,0,0,"{""6"": [""Justification""], ""7"": [], ""11"": []}",0.0,0.0,0.0,,1.0,1.0,1.0,,0.0,1.0
yenicag:1041339,yenicag,2026-06-17,3,19,2563,2742,"Yani, Rusya'nın Karabağ anlaşmasıyla kontrol etmeye çalıştığı Zengezur Koridoru, iki ülkenin Cumhurbaşkanı tarafından, Türkiye ve Rusya'nın sessiz kalmasıyla ABD'ye teslim edildi.",1,edildi,1,0,,0,1,,0,25,1,0,0,0,0,0,0,0,0,"{""6"": [], ""7"": [], ""11"": []}",1.0,1.0,1.0,,0.0,0.0,0.0,,1.0,0.0
yenicag:1041339,yenicag,2026-06-17,3,20,2744,2847,"Rusya, 200 yıldır, Turan koridoruna, yani Türk Dünyası'nın gırtlağına çökmüştü; 100 yıl da ABD çökecek!",1,çökecek,1,0,,0,0,,1,21,1,0,1,0,0,1,0,0,0,"{""6"": [""Manipulative Wording""], ""7"": [], ""11"": []}",1.0,1.0,0.0,1.0,1.0,1.0,1.0,,1.0,1.0
yenicag:1041339,yenicag,2026-06-17,3,21,2848,2899,“Sovyet tortusu”nun yerini Amerikan tortusu alacak!,0,,0,0,,0,0,,0,7,0,0,0,0,0,0,0,0,0,"{""6"": [], ""7"": [], ""11"": []}",0.0,0.0,0.0,,0.0,0.0,0.0,,0.0,0.0
yenicag:1041339,yenicag,2026-06-17,3,22,2901,3040,"ABD, ""Trump Rotası"" ile hem Rusya'yı, hem İran'ı, hem Türkiye'yi kontrol edecek hem de Çin'in Kuşakyol Projesi’ndeki yolunu tıkamış olacak!",0,,0,1,tıkamış,1,0,,0,26,0,0,0,1,0,0,0,0,0,"{""6"": [], ""7"": [], ""11"": [""Attack on Reputation""]}",0.0,0.0,0.0,,1.0,1.0,1.0,,0.0,1.0
yenicag:1041339,yenicag,2026-06-17,3,23,3042,3107,"ABD’nin planının ne olduğunu ise Tom Barrack, geçen yıl açıkladı:",0,,0,0,,0,0,,0,12,1,0,0,0,0,0,0,0,0,"{""6"": [], ""7"": [], ""11"": []}",1.0,1.0,1.0,,0.0,0.0,0.0,,1.0,0.0
yenicag:1041339,yenicag,2026-06-17,3,24,3109,3236,"“Batıya doğru uzanan bölge için değil, doğuya doğru uzanan tüm bölge için bu güvenlik mekanizmasının merkezi olmamız gerekiyor.",1,uzanan | uzanan,2,0,,0,0,,1,21,0,0,0,0,0,0,0,0,0,"{""6"": [], ""7"": [], ""11"": []}",0.0,0.0,0.0,,0.0,0.0,0.0,,0.0,0.0
yenicag:1041339,yenicag,2026-06-17,3,25,3237,3266,Benim patronum sonuç istiyor.,0,,0,0,,0,0,,0,5,0,0,0,0,0,0,0,0,0,"{""6"": [], ""7"": [], ""11"": []}",0.0,0.0,0.0,,0.0,0.0,0.0,,0.0,0.0
yenicag:1041339,yenicag,2026-06-17,3,26,3267,3316,Ve bunu kendi görev süresi içinde yapmak istiyor.,0,,0,0,,0,0,,0,9,0,0,0,0,0,0,0,0,0,"{""6"": [], ""7"": [], ""11"": []}",0.0,0.0,0.0,,0.0,0.0,0.0,,0.0,0.0
yenicag:1041339,yenicag,2026-06-17,3,27,3317,3406,"Burada istediği şey şu: Türkiye’nin Amerika ile yan yana, daha yüksek bir öneme ulaşması.",0,,0,0,,0,0,,0,17,0,0,0,0,0,0,0,0,0,"{""6"": [], ""7"": [], ""11"": []}",0.0,0.0,0.0,,0.0,0.0,0.0,,0.0,0.0
yenicag:1041339,yenicag,2026-06-17,3,28,3407,3478,Ortadoğu’nun bir tür İbrahim Anlaşmaları çerçevesinde barışa kavuşması.,0,,0,0,,0,0,,0,9,0,0,0,0,0,0,0,0,0,"{""6"": [], ""7"": [], ""11"": []}",0.0,0.0,0.0,,0.0,0.0,0.0,,0.0,0.0
yenicag:1041339,yenicag,2026-06-17,3,29,3479,3634,"Sadece düşünün, Abraham Anlaşmaları’nı, bölgenin güçlü oyuncularından Türkiye’yi ki Türkiye her geçen gün bölgedeki önemini artırıyor; birleştirdiğinizi...",0,,0,0,,0,0,,0,22,0,0,0,0,0,0,0,0,0,"{""6"": [], ""7"": [], ""11"": []}",0.0,0.0,0.0,,0.0,0.0,0.0,,0.0,0.0
yenicag:1041339,yenicag,2026-06-17,3,30,3635,3808,"Ama sadece Türkiye değil; Arap olmayan nüfusu Müslüman ağırlıklı bir ülke olarak Türkiye, İsrail, Körfez, Suriye, Lübnan, Irak, Ürdün, kuzeye çıkın Azerbaycan, Ermenistan...",0,,0,0,,0,0,,0,34,0,0,0,0,0,0,0,0,0,"{""6"": [], ""7"": [], ""11"": []}",0.0,0.0,0.0,,0.0,0.0,0.0,,0.0,0.0
yenicag:1041339,yenicag,2026-06-17,3,31,3809,3875,Bunları birleştirdiğinizde dünyanın en güçlü bölgesi ortaya çıkar.,0,,0,0,,0,0,,0,9,0,0,0,0,0,0,0,0,0,"{""6"": [], ""7"": [], ""11"": []}",0.0,0.0,0.0,,0.0,0.0,0.0,,0.0,0.0
yenicag:1041339,yenicag,2026-06-17,3,32,3876,3890,Neden olmasın?,0,,0,0,,0,0,,0,3,0,0,0,0,0,0,0,0,0,"{""6"": [], ""7"": [], ""11"": []}",0.0,0.0,0.0,,0.0,0.0,0.0,,0.0,0.0
yenicag:1041339,yenicag,2026-06-17,3,33,3890,3891,”,0,,0,0,,0,0,,0,1,0,0,0,0,0,0,0,0,0,"{""6"": [], ""7"": [], ""11"": []}",0.0,0.0,0.0,,0.0,0.0,0.0,,0.0,0.0
yenicag:1041339,yenicag,2026-06-17,3,34,3893,3978,"Yani, Türklerin kontrolünde olmayan bir Orta Doğu Konfederasyonu! Trump'ın rotası bu!",0,,0,0,,0,0,,0,14,1,0,1,0,0,0,0,0,0,"{""6"": [], ""7"": [], ""11"": []}",1.0,1.0,1.0,,0.0,0.0,0.0,,1.0,0.0
yenicag:1041339,yenicag,2026-06-17,3,35,3980,4051,Açılım süreci de komisyona katılan partiler de bu rotaya hizmet ediyor.,1,katılan,1,0,,0,0,,1,12,0,0,0,0,0,0,0,0,0,"{""6"": [], ""7"": [], ""11"": []}",0.0,0.0,0.0,,0.0,0.0,0.0,,0.0,0.0
yenicag:1041339,yenicag,2026-06-17,3,36,4052,4187,Cumhur İttifakının uzun bacağı olan AKP ise Turan’dan değil Barrack’ın sınırlarını açıkladığı “Türk-Arap-Kürt İttifakı”ndan bahsediyor.,0,,0,0,,0,0,,0,20,0,0,0,0,0,0,0,0,0,"{""6"": [], ""7"": [], ""11"": []}",0.0,0.0,0.0,,0.0,0.0,0.0,,0.0,0.0
yenicag:1041339,yenicag,2026-06-17,3,37,4189,4315,Trump Koridoru ise NATO gizli belgelerinde “nükleer silahlardan daha tehlikeli” kabul edilen “Türk Birliği”ni önlemek içindir.,1,edilen,1,0,,0,0,,1,18,0,1,0,0,0,0,0,0,0,"{""6"": [], ""7"": [], ""11"": []}",1.0,1.0,1.0,,0.0,0.0,0.0,,1.0,0.0
yenicag:1041339,yenicag,2026-06-17,3,38,4317,4405,"Bahçeli, “Trump Koridoru”ndan hiç bahsetmeden, “Turan Koridoru” dedi ama tablo ortada...",0,,0,0,,0,0,,0,14,0,0,0,1,0,0,0,0,0,"{""6"": [""Attack on Reputation""], ""7"": [], ""11"": []}",0.0,0.0,0.0,,1.0,1.0,1.0,,0.0,1.0
yenicag:283292,yenicag,2021-04-16,2,0,0,30,Milli Devlet düşmanlığı neden?,0,,0,0,,0,0,,0,5,0,0,0,0,0,0,0,0,0,"{""7"": [], ""11"": []}",0.0,0.0,0.0,,0.0,0.0,0.0,,0.0,0.0
yenicag:283292,yenicag,2021-04-16,2,1,31,38,/ Prof.,0,,0,0,,0,0,,0,3,0,0,0,0,0,0,0,0,0,"{""7"": [], ""11"": []}",0.0,0.0,0.0,,0.0,0.0,0.0,,0.0,0.0
yenicag:283292,yenicag,2021-04-16,2,2,38,41,Dr.,0,,0,0,,0,0,,0,2,0,0,0,0,0,0,0,0,0,"{""7"": [], ""11"": []}",0.0,0.0,0.0,,0.0,0.0,0.0,,0.0,0.0
yenicag:283292,yenicag,2021-04-16,2,3,42,55,Mustafa Erkal,0,,0,0,,0,0,,0,2,0,0,0,0,0,0,0,0,0,"{""7"": [], ""11"": []}",0.0,0.0,0.0,,0.0,0.0,0.0,,0.0,0.0
yenicag:283292,yenicag,2021-04-16,2,4,57,285,"Milli devlet ortak iradeleri ve tasavvurları şekillenmemiş ortak bir geçmişe ve geleceğe inanma durumunda olmayan kolayca çözülen kalabalıkların değil; milletin, milletleşme yönünde mesafe almış toplumların örgütlenmiş, halidir.",1,şekillenmemiş | çözülen | örgütlenmiş,3,1,şekillenmemiş | almış | örgütlenmiş,3,0,,1,32,0,0,0,0,0,0,0,0,0,"{""7"": [], ""11"": []}",0.0,0.0,0.0,,0.0,0.0,0.0,,0.0,0.0
yenicag:283292,yenicag,2021-04-16,2,5,286,510,"Milletleşme süreci de her türlü boy, kabile, aşiret, etnisite, mezhep, cemaat ve bölgecilik şuurunun üstünde milli seviyede kültürel bir mutabakata ve mensubiyet şuuruna varılabilmesi ve bunlardan pay ve güç alınabilmesidir.",1,varılabilmesi,1,0,,0,0,,1,37,0,0,0,0,0,0,0,0,0,"{""7"": [], ""11"": []}",0.0,0.0,0.0,,0.0,0.0,0.0,,0.0,0.0
yenicag:283292,yenicag,2021-04-16,2,6,511,548,Milli devletlerin milli kimliği olur.,0,,0,0,,0,0,,0,6,0,0,0,0,0,0,0,0,0,"{""7"": [], ""11"": []}",0.0,0.0,0.0,,0.0,0.0,0.0,,0.0,0.0
yenicag:283292,yenicag,2021-04-16,2,7,549,585,Kurucu bir iradesi ve unsuru vardır.,0,,0,0,,0,0,,0,8,0,0,0,0,0,0,0,0,0,"{""7"": [], ""11"": []}",0.0,0.0,0.0,,0.0,0.0,0.0,,0.0,0.0
yenicag:283292,yenicag,2021-04-16,2,8,586,666,Yaşama tarzı belirli bir coğrafyaya damgasını vurmuş ve orayı vatanlaştırmıştır.,0,,0,1,vurmuş | vatanlaştırmıştır,2,0,,0,11,0,0,0,0,0,0,0,0,0,"{""7"": [], ""11"": []}",0.0,0.0,0.0,,0.0,0.0,0.0,,0.0,0.0
yenicag:283292,yenicag,2021-04-16,2,9,667,708,Milli kimlik herkes tarafında paylaşılır.,1,paylaşılır,1,0,,0,0,,1,6,0,0,0,0,0,0,0,0,0,"{""7"": [], ""11"": []}",0.0,0.0,0.0,,0.0,0.0,0.0,,0.0,0.0
yenicag:283292,yenicag,2021-04-16,2,10,709,778,Etnik çağrışım yapmaz; milli kimlikle yarışmaz ve rakip gösterilemez.,1,yarışmaz | gösterilemez,2,0,,0,0,,1,11,0,0,0,0,0,0,0,0,0,"{""7"": [], ""11"": []}",0.0,0.0,0.0,,0.0,0.0,0.0,,0.0,0.0
yenicag:283292,yenicag,2021-04-16,2,11,779,969,"Koronavirüs salgını dolayısıyla Türkiye’nin uçaklar göndererek yurt dışındaki vatandaşlarını ülkeye getirme erdemi ve hemen hemen her konuda ayırım yapmaması, milli devlet olmanın gereğidir.",0,,0,0,,0,0,,0,27,0,0,0,0,0,0,0,0,0,"{""7"": [], ""11"": []}",0.0,0.0,0.0,,0.0,0.0,0.0,,0.0,0.0
yenicag:283292,yenicag,2021-04-16,2,12,970,1097,Milli Mücadele sonrasında Ankara hükümeti milli bir devletin hükümeti olduğu için Lozan’da milli devlet olarak kabul görmüştür.,0,,0,1,görmüştür,1,0,,0,18,0,1,0,0,0,0,0,0,0,"{""7"": [], ""11"": []}",1.0,1.0,1.0,,0.0,0.0,0.0,,1.0,0.0
yenicag:283292,yenicag,2021-04-16,2,13,1098,1182,"Büyük çoğunluk ve kurucu unsur, ortak irade dışlanarak etnisiteleri yaşatmak zordur.",0,,0,0,,0,0,,0,14,0,0,0,0,0,0,0,0,0,"{""7"": [], ""11"": []}",0.0,0.0,0.0,,0.0,0.0,0.0,,0.0,0.0
yenicag:283292,yenicag,2021-04-16,2,14,1183,1279,Bütünün reddedildiği yerde parçalara yaşama hakkı tanınmaz; ama sırası geldiğinde kullanılırlar.,1,reddedildiği | tanınmaz | kullanılırlar,3,0,,0,0,,1,13,0,0,0,0,0,0,0,0,0,"{""7"": [], ""11"": []}",0.0,0.0,0.0,,0.0,0.0,0.0,,0.0,0.0
yenicag:283292,yenicag,2021-04-16,2,15,1281,1447,Türk Milletinin kurucu unsuru Milli Mücadeleye soyunmuş Türkler ve kendilerini bu vatanın ayrılmaz bir parçası olarak gören ve kendilerini Türk olarak hissedenlerdir.,0,,0,1,soyunmuş,1,0,,0,24,0,1,0,0,0,0,0,0,0,"{""7"": [], ""11"": []}",1.0,1.0,1.0,,0.0,0.0,0.0,,1.0,0.0
yenicag:283292,yenicag,2021-04-16,2,16,1448,1555,Virüs salgını dolayısıyla insanlarımızın etnisitelerine bakılmaksızın onlara üstün hizmetler götürülmüştür.,1,bakılmaksızın | götürülmüştür,2,1,götürülmüştür,1,0,,1,11,0,0,0,0,0,0,0,0,0,"{""7"": [], ""11"": []}",0.0,0.0,0.0,,0.0,0.0,0.0,,0.0,0.0
yenicag:283292,yenicag,2021-04-16,2,17,1556,1602,"Çünkü, onlar TC vatandaşıdırlar ve Türkdürler.",0,,0,0,,0,0,,0,9,0,0,0,0,0,0,0,0,0,"{""7"": [], ""11"": []}",0.0,0.0,0.0,,0.0,0.0,0.0,,0.0,0.0
yenicag:283292,yenicag,2021-04-16,2,18,1603,1651,Bu durum mahalli sıfatlarının reddi de değildir.,0,,0,0,,0,0,,0,8,0,0,0,0,0,0,0,0,0,"{""7"": [], ""11"": []}",0.0,0.0,0.0,,0.0,0.0,0.0,,0.0,0.0
yenicag:283292,yenicag,2021-04-16,2,19,1652,1726,"Aksi bir anlayış, mahalliliğe takılmak ve farklılıkçı ırkçılığa özenmedir.",1,takılmak,1,0,,0,0,,1,12,0,0,0,0,0,0,0,0,0,"{""7"": [], ""11"": []}",0.0,0.0,0.0,,0.0,0.0,0.0,,0.0,0.0
yenicag:283292,yenicag,2021-04-16,2,20,1727,1792,Bugün Dünyada küresel çapta milli devletler sistemi işlemektedir.,0,,0,0,,0,0,,0,10,0,0,0,0,0,0,0,0,0,"{""7"": [], ""11"": []}",0.0,0.0,0.0,,0.0,0.0,0.0,,0.0,0.0
yenicag:283292,yenicag,2021-04-16,2,21,1793,1853,Kimsenin amuda kalkarak Dünyayı seyretmesine ihtiyaç yoktur.,0,,0,0,,0,0,,0,9,0,0,0,0,0,0,0,0,0,"{""7"": [], ""11"": []}",0.0,0.0,0.0,,0.0,0.0,0.0,,0.0,0.0
yenicag:283292,yenicag,2021-04-16,2,22,1854,1946,Milli devletlerin yerini alabileceği ileri sürülen uluslar üstü kurumlar oluşturulamamıştır.,1,sürülen | oluşturulamamıştır,2,1,oluşturulamamıştır,1,0,,1,11,0,0,0,0,0,0,0,0,0,"{""7"": [], ""11"": []}",0.0,0.0,0.0,,0.0,0.0,0.0,,0.0,0.0
yenicag:283292,yenicag,2021-04-16,2,23,1947,1994,AB’nin zayıflama sebeplerinden birisi de budur.,0,,0,0,,0,0,,0,8,0,0,1,0,0,0,0,0,0,"{""7"": [], ""11"": []}",1.0,1.0,1.0,,0.0,0.0,0.0,,1.0,0.0
yenicag:283292,yenicag,2021-04-16,2,24,1995,2029,BM’nin acıklı durumu da ortadadır.,0,,0,0,,0,0,,0,7,0,0,1,0,0,0,0,0,0,"{""7"": [], ""11"": []}",1.0,1.0,1.0,,0.0,0.0,0.0,,1.0,0.0
yenicag:283292,yenicag,2021-04-16,2,25,2031,2109,Önü açılan milli devletlerin üniter yapılarıyla oynandığı bir dönem yaşıyoruz.,1,açılan | oynandığı,2,0,,0,0,,1,11,0,0,0,0,0,0,0,0,0,"{""7"": [], ""11"": []}",0.0,0.0,0.0,,0.0,0.0,0.0,,0.0,0.0
yenicag:283292,yenicag,2021-04-16,2,26,2110,2279,"Etniklik ve mezhepçilik, yapay cemaatleştirme gibi millet altı unsurlar başta olmak üzere, toplumu ufalayıcı her malzeme artık ideolojik çatıştırmaların yerini almıştır.",0,,0,1,almıştır,1,0,,0,25,0,0,0,0,0,0,0,0,0,"{""7"": [], ""11"": []}",0.0,0.0,0.0,,0.0,0.0,0.0,,0.0,0.0
yenicag:283292,yenicag,2021-04-16,2,27,2280,2339,Anadolu coğrafyasının mozaik olduğu iddiaları da bundandır.,0,,0,0,,0,0,,0,10,0,0,0,0,0,0,0,0,0,"{""7"": [], ""11"": []}",0.0,0.0,0.0,,0.0,0.0,0.0,,0.0,0.0
yenicag:283292,yenicag,2021-04-16,2,28,2340,2444,Bu coğrafyada ileri sürüldüğünün aksine hakim Türk kültürü egemen olmuş ve kurucu unsur rolü oynamıştır.,1,sürüldüğünün,1,1,olmuş | oynamıştır,2,0,,1,16,0,0,0,0,0,0,0,0,0,"{""7"": [], ""11"": []}",0.0,0.0,0.0,,0.0,0.0,0.0,,0.0,0.0
yenicag:283292,yenicag,2021-04-16,2,29,2445,2499,1071 öncesinde de Türk toplulukları burada yaşamıştır.,0,,0,1,yaşamıştır,1,0,,0,8,0,0,0,0,0,0,0,0,0,"{""7"": [], ""11"": []}",0.0,0.0,0.0,,0.0,0.0,0.0,,0.0,0.0
yenicag:283292,yenicag,2021-04-16,2,30,2500,2576,Dünyada sınırlar ortadan kalkmamış; Dünya tek devletle birleştirilememiştir.,1,birleştirilememiştir,1,1,kalkmamış | birleştirilememiştir,2,0,,1,10,0,0,0,0,0,0,0,0,0,"{""7"": [], ""11"": []}",0.0,0.0,0.0,,0.0,0.0,0.0,,0.0,0.0
yenicag:283292,yenicag,2021-04-16,2,31,2577,2649,Bölgesel hayali devletler içinde farklı milli devletler eritilememiştir.,1,eritilememiştir,1,1,eritilememiştir,1,0,,1,9,0,0,0,0,0,0,0,0,0,"{""7"": [], ""11"": []}",0.0,0.0,0.0,,0.0,0.0,0.0,,0.0,0.0
yenicag:283292,yenicag,2021-04-16,2,32,2651,2723,"Osmanlı Balkanlar’dan çözüldü, TC’de Ortadoğu’dan çözülmeye çalışılıyor.",1,çözüldü | çözülmeye | çalışılıyor,3,0,,0,0,,1,9,0,0,0,0,0,0,1,0,0,"{""7"": [""Simplification""], ""11"": []}",0.0,0.0,0.0,,1.0,1.0,1.0,,0.0,1.0
yenicag:283292,yenicag,2021-04-16,2,33,2724,2801,Bundan dolayı mozaik tartışmalarına ve çok kimliklik iddialarına sığınılıyor.,1,sığınılıyor,1,0,,0,0,,1,10,0,0,0,0,0,0,1,0,0,"{""7"": [""Simplification""], ""11"": []}",0.0,0.0,0.0,,1.0,1.0,1.0,,0.0,1.0
yenicag:283292,yenicag,2021-04-16,2,34,2802,2849,Mozaik iddiaları bundan dolayı ortaya atılıyor.,1,atılıyor,1,0,,0,0,,1,7,0,0,0,0,0,0,1,0,0,"{""7"": [""Simplification""], ""11"": []}",0.0,0.0,0.0,,1.0,1.0,1.0,,0.0,1.0
yenicag:283292,yenicag,2021-04-16,2,35,2851,2925,Milletleşemeyen milli devlet olamayan ülkeler yabancı işgallerine gebedir.,0,,0,0,,0,0,,0,10,0,0,0,0,0,0,0,0,0,"{""7"": [], ""11"": []}",0.0,0.0,0.0,,0.0,0.0,0.0,,0.0,0.0
yenicag:283292,yenicag,2021-04-16,2,36,2926,3052,Suriye ve Irak milli devlet olup içerde etnik ve mezhep kavgalarıyla uğraşmasalardı; ABD ve Rusya bu ülkelerde at oynatamazdı.,0,,0,0,,0,0,,0,21,0,0,0,0,0,0,0,0,0,"{""7"": [], ""11"": []}",0.0,0.0,0.0,,0.0,0.0,0.0,,0.0,0.0
yenicag:283292,yenicag,2021-04-16,2,37,3054,3251,"Milli devletlere meydan okuyan küreselci tezler büyük yara aldı; ama küreselleştirmenin hedef aldığı, engel gördüğü milli devlet düşmanlığı, çoğu kere başka bir milli devlet adına sürdürülmektedir.",0,,0,0,,0,0,,0,31,0,0,0,0,0,0,0,0,0,"{""7"": [], ""11"": []}",0.0,0.0,0.0,,0.0,0.0,0.0,,0.0,0.0
yenicag:283292,yenicag,2021-04-16,2,38,3252,3379,"Unutulmamalıdır ki; küreselleştirmenin işleyişine tepki gösterenler, Dünyadan soyutlanmayı ve içe kapanmayı savunmamaktadırlar.",1,soyutlanmayı,1,0,,0,0,,1,16,0,0,0,0,0,0,0,0,0,"{""7"": [], ""11"": []}",0.0,0.0,0.0,,0.0,0.0,0.0,,0.0,0.0
yenicag:283292,yenicag,2021-04-16,2,39,3380,3411,Bunu isteseniz de yapamazsınız.,0,,0,0,,0,0,,0,5,0,0,0,0,0,0,0,1,0,"{""7"": [""Call""], ""11"": []}",0.0,0.0,0.0,,1.0,1.0,1.0,,0.0,1.0
yenicag:283292,yenicag,2021-04-16,2,40,3412,3477,Siyasi ve ekonomik ilişkilerin ve etkilerin dışında kalamazsınız.,0,,0,0,,0,0,,0,9,0,0,0,0,0,0,0,1,0,"{""7"": [""Call""], ""11"": []}",0.0,0.0,0.0,,1.0,1.0,1.0,,0.0,1.0
yenicag:283292,yenicag,2021-04-16,2,41,3478,3530,Ancak milli çıkarlarınızı da korumak durumundasınız.,0,,0,0,,0,0,,0,8,0,0,0,0,0,0,0,0,0,"{""7"": [], ""11"": []}",0.0,0.0,0.0,,0.0,0.0,0.0,,0.0,0.0
yenicag:283292,yenicag,2021-04-16,2,42,3531,3629,"Günümüzde Dünyada sağlıklı, dengeli, adil, insan haklarına saygılı bir küreselleşme ortamı yoktur.",0,,0,0,,0,0,,0,18,0,0,0,0,0,0,0,0,0,"{""7"": [], ""11"": []}",0.0,0.0,0.0,,0.0,0.0,0.0,,0.0,0.0
yenicag:283292,yenicag,2021-04-16,2,43,3630,3704,Dünyanın güçlü ekonomik ve siyasi ülkeleri ilişkileri şekillendirmektedir.,0,,0,0,,0,0,,0,10,0,0,0,0,0,0,0,0,0,"{""7"": [], ""11"": []}",0.0,0.0,0.0,,0.0,0.0,0.0,,0.0,0.0
yenicag:283292,yenicag,2021-04-16,2,44,3705,3788,Serbest piyasa ekonomisi yerini kapalı ve kontrollü piyasa ekonomisine bırakmıştır.,0,,0,1,bırakmıştır,1,0,,0,11,0,0,0,0,0,0,0,0,0,"{""7"": [], ""11"": []}",0.0,0.0,0.0,,0.0,0.0,0.0,,0.0,0.0
yenicag:283292,yenicag,2021-04-16,2,45,3789,3839,Küreselleştirme sadece ekonomik bir konu değildir.,0,,0,0,,0,0,,0,7,0,0,0,0,0,0,0,0,0,"{""7"": [], ""11"": []}",0.0,0.0,0.0,,0.0,0.0,0.0,,0.0,0.0
yenicag:283292,yenicag,2021-04-16,2,46,3840,3883,Dinler bile şekillendirilmek istenmektedir.,1,istenmekte,1,0,,0,0,,1,6,0,0,0,0,0,0,0,0,1,"{""7"": [""Distraction""], ""11"": []}",0.0,0.0,0.0,,1.0,1.0,1.0,,0.0,1.0
yenicag:283292,yenicag,2021-04-16,2,47,3884,3919,Evangelistlerin çabaları bundandır.,0,,0,0,,0,0,,0,5,0,0,0,0,0,0,0,0,1,"{""7"": [""Distraction""], ""11"": []}",0.0,0.0,0.0,,1.0,1.0,1.0,,0.0,1.0
yenicag:283292,yenicag,2021-04-16,2,48,3920,4026,Bundan dolayı İslam ılımlılaştırılıp yozlaştırılıp kontrol altına alınıp küresel güce bağlanmak isteniyor.,1,ılımlılaştırılıp | yozlaştırılıp | alınıp | bağlanmak | isteniyor,5,0,,0,0,,1,13,0,0,0,0,0,0,0,0,1,"{""7"": [""Distraction""], ""11"": []}",0.0,0.0,0.0,,1.0,1.0,1.0,,0.0,1.0
yenicag:283292,yenicag,2021-04-16,2,49,4027,4104,Türkiye’de dış güdümlü 15 Temmuz 2016 işgal ve darbe teşebbüsü neden yapıldı?,1,yapıldı,1,0,,0,0,,1,13,0,0,0,0,0,0,0,0,1,"{""7"": [""Distraction""], ""11"": []}",0.0,0.0,0.0,,1.0,1.0,1.0,,0.0,1.0
yenicag:283292,yenicag,2021-04-16,2,50,4106,4206,"Milli devleti reddetmek, federal bir yapıya geçmek ve egemenliği paylaşacak yeni ortaklar aramaktır.",0,,0,0,,0,0,,0,16,0,0,0,0,0,0,0,0,0,"{""7"": [], ""11"": []}",0.0,0.0,0.0,,0.0,0.0,0.0,,0.0,0.0
yenicag:283292,yenicag,2021-04-16,2,51,4207,4290,Milli devleti reddedenler bir süper güç ve patron devlete yanaşmak durumundadırlar.,0,,0,0,,0,0,,0,13,0,0,0,0,0,0,0,0,0,"{""7"": [], ""11"": []}",0.0,0.0,0.0,,0.0,0.0,0.0,,0.0,0.0
yenicag:283292,yenicag,2021-04-16,2,52,4291,4365,Federal yapı ve eyalet sistemine geçiş bugünlerde kötü örneklerle doludur.,0,,0,0,,0,0,,0,12,0,0,0,0,0,0,0,0,0,"{""7"": [], ""11"": []}",0.0,0.0,0.0,,0.0,0.0,0.0,,0.0,0.0
yenicag:283292,yenicag,2021-04-16,2,53,4366,4459,"Virüs salgını karşısında ABD eyalet sistemi içinde olduğu için bocalamış, çok başlı olmuştur.",0,,0,1,bocalamış | olmuştur,2,0,,0,15,0,0,0,0,0,0,0,0,0,"{""7"": [], ""11"": []}",0.0,0.0,0.0,,0.0,0.0,0.0,,0.0,0.0
yenicag:283292,yenicag,2021-04-16,2,54,4460,4566,Bölücülüğün ve toprak bütünlüğünün sorun olmadığı ABD böyle olursa; yarın Türkiye nelerle karşılaşacaktır?,0,,0,0,,0,0,,0,15,0,0,0,0,0,0,0,0,0,"{""7"": [], ""11"": []}",0.0,0.0,0.0,,0.0,0.0,0.0,,0.0,0.0
yenicag:283292,yenicag,2021-04-16,2,55,4568,4638,Türkiye açık artırmaya çıkarılmamıştır ve etnik bir havuz da değildir.,1,çıkarılmamıştır,1,0,,0,0,,1,11,0,0,0,0,0,0,0,1,0,"{""7"": [""Call""], ""11"": []}",0.0,0.0,0.0,,1.0,1.0,1.0,,0.0,1.0
yenicag:283292,yenicag,2021-04-16,2,56,4639,4711,Etnisitelere kültürel haklar tanımak ile siyasi tanıma farklı şeylerdir.,0,,0,0,,0,0,,0,11,0,0,0,0,0,0,0,0,0,"{""7"": [], ""11"": []}",0.0,0.0,0.0,,0.0,0.0,0.0,,0.0,0.0
yenicag:404893,yenicag,2020-04-22,3,0,0,22,Demokrasi olmadan asla,0,,0,0,,0,0,,0,3,0,0,0,0,1,0,0,0,0,"{""6"": [""Justification""], ""7"": [], ""11"": []}",0.0,0.0,0.0,,1.0,1.0,1.0,,0.0,1.0
yenicag:404893,yenicag,2020-04-22,3,1,24,123,"Geçmişte yaşadığımız ekonomik krizler de, ''krizi fırsata çevirmek'' diye bir yaklaşım kullanırdık.",0,,0,0,,0,0,,0,14,0,0,0,0,0,0,0,0,0,"{""6"": [], ""7"": [], ""11"": []}",0.0,0.0,0.0,,0.0,0.0,0.0,,0.0,0.0
yenicag:404893,yenicag,2020-04-22,3,2,124,193,Yüksek büyüme ve istikrarlı bir ekonomi için teşvik anlamına gelirdi.,0,,0,0,,0,0,,0,11,0,0,0,0,0,0,0,0,0,"{""6"": [], ""7"": [], ""11"": []}",0.0,0.0,0.0,,0.0,0.0,0.0,,0.0,0.0
yenicag:404893,yenicag,2020-04-22,3,3,194,285,"Bu defaki kriz için böyle bir söz söylemek yanlış olur, zira insan kaybının telafisi olmaz.",0,,0,0,,0,0,,0,17,0,0,0,0,0,0,0,0,0,"{""6"": [], ""7"": [], ""11"": []}",0.0,0.0,0.0,,0.0,0.0,0.0,,0.0,0.0
yenicag:404893,yenicag,2020-04-22,3,4,287,374,Dünya; yaşanmakta olan ve Pandemi'nin yarattığı ekonomik krizden daha hızlı çıkacaktır.,0,,0,0,,0,0,,0,13,0,0,0,0,0,0,0,0,0,"{""6"": [], ""7"": [], ""11"": []}",0.0,0.0,0.0,,0.0,0.0,0.0,,0.0,0.0
yenicag:404893,yenicag,2020-04-22,3,5,375,431,Ne var ki kalıcı istikrar için temel şart; Demokrasidir.,0,,0,0,,0,0,,0,12,0,1,0,0,0,0,0,0,0,"{""6"": [], ""7"": [], ""11"": []}",1.0,1.0,1.0,,0.0,0.0,0.0,,1.0,0.0
yenicag:404893,yenicag,2020-04-22,3,6,433,608,"Doğu Asya'yı hariç tutarsak, petrol krizinden beri geçen yarım yüzyıl içinde yoksul demokrasiler ekonomilerini demokratik olmayan ülkelere göre yüzde 50 daha hızlı büyüttüler.",0,,0,0,,0,0,,0,25,0,0,0,0,0,0,0,0,0,"{""6"": [], ""7"": [], ""11"": []}",0.0,0.0,0.0,,0.0,0.0,0.0,,0.0,0.0
yenicag:404893,yenicag,2020-04-22,3,7,609,769,"Baltık ülkeleri, Botsvana, Kosta Rika, Gana ve Senegal gibi fakir demokrasiler Angola, Suriye, Özbekistan ve Zimbabve gibi demokrasilerden daha hızlı büyüdüler.",0,,0,0,,0,0,,0,27,0,0,0,0,0,0,0,0,0,"{""6"": [], ""7"": [], ""11"": []}",0.0,0.0,0.0,,0.0,0.0,0.0,,0.0,0.0
yenicag:404893,yenicag,2020-04-22,3,8,769,794,(The Democracy Advantage),0,,0,0,,0,0,,0,5,0,0,0,0,0,0,0,0,0,"{""6"": [], ""7"": [], ""11"": []}",0.0,0.0,0.0,,0.0,0.0,0.0,,0.0,0.0
yenicag:404893,yenicag,2020-04-22,3,9,796,1135,"Demokrasi ve büyüme tartışmalarında, demokratik kuralların yatırım kararlarını ve yatırım sürecini uzattığı, tüketimi artırma yönünde baskı yarattığı ve büyümeyi etkilediği, oysaki otoriter rejimlerde yüksek merkezi güçler sayesinde, daha hızlı karar alınmakta ve yatırım projelerinin daha kısa sürede tamamlanmakta olduğu öne sürülmüştür.",1,alınmakta | sürülmüştür,2,1,sürülmüştür,1,0,,1,47,0,0,0,0,0,0,0,0,0,"{""6"": [], ""7"": [], ""11"": []}",0.0,0.0,0.0,,0.0,0.0,0.0,,0.0,0.0
yenicag:404893,yenicag,2020-04-22,3,10,1137,1243,Aslında ise bu düşünceler hem kısa dönem içindir ve hem de Dünyada fiili durum tam tersini göstermektedir.,0,,0,0,,0,0,,0,20,0,0,0,0,0,0,0,0,0,"{""6"": [], ""7"": [], ""11"": []}",0.0,0.0,0.0,,0.0,0.0,0.0,,0.0,0.0
yenicag:404893,yenicag,2020-04-22,3,11,1244,1299,Otokratik yönetimlerde bürokratik süreç daha pahalıdır.,0,,0,0,,0,0,,0,8,0,0,0,1,0,0,0,0,0,"{""6"": [""Attack on Reputation""], ""7"": [], ""11"": []}",0.0,0.0,0.0,,1.0,1.0,1.0,,0.0,1.0
yenicag:404893,yenicag,2020-04-22,3,12,1300,1335,Kamu kaynakları etkin kullanılamaz.,1,kullanılamaz,1,0,,0,0,,1,5,0,0,0,1,0,0,0,0,0,"{""6"": [""Attack on Reputation""], ""7"": [], ""11"": []}",0.0,0.0,0.0,,1.0,1.0,1.0,,0.0,1.0
yenicag:404893,yenicag,2020-04-22,3,13,1336,1429,"Otokrasi kendi geleceği için kamu kaynaklarını ve devlet imkanlarını, popülizmde kullanırlar.",0,,0,0,,0,0,,0,13,0,0,0,1,0,0,0,0,0,"{""6"": [""Attack on Reputation""], ""7"": [], ""11"": []}",0.0,0.0,0.0,,1.0,1.0,1.0,,0.0,1.0
yenicag:404893,yenicag,2020-04-22,3,14,1430,1480,Popülizm kaynaklarının etkin kullanılmasını önler.,1,kullanılmasını,1,0,,0,0,,1,6,0,0,0,0,0,0,0,0,0,"{""6"": [], ""7"": [], ""11"": []}",0.0,0.0,0.0,,0.0,0.0,0.0,,0.0,0.0
yenicag:404893,yenicag,2020-04-22,3,15,1481,1580,Aynı zamanda toplu tepkilerden korktukları için bütün despot yönetimler yandaş gruplar yaratmıştır.,0,,0,1,yaratmıştır,1,0,,0,13,0,0,0,0,0,0,0,0,0,"{""6"": [], ""7"": [], ""11"": []}",0.0,0.0,0.0,,0.0,0.0,0.0,,0.0,0.0
yenicag:404893,yenicag,2020-04-22,3,16,1581,1653,Bu yollarla haksız rekabet ortaya çıkmış ve haksız zenginleşme olmuştur.,0,,0,1,çıkmış | olmuştur,2,0,,0,11,0,0,0,0,0,0,0,0,0,"{""6"": [], ""7"": [], ""11"": []}",0.0,0.0,0.0,,0.0,0.0,0.0,,0.0,0.0
yenicag:404893,yenicag,2020-04-22,3,17,1655,1846,"Diktatörün niyetine bağlı olmak üzere, otoriter rejimlerde başlangıçta kısa ve orta dönemde önemli bir büyüme yaşanabilse de, Şili Pinochet örneğinde olduğu gibi sonrasında sürdürülememiştir.",1,yaşanabilse | sürdürülememiştir,2,1,sürdürülememiştir,1,0,,1,28,1,0,0,0,0,0,0,0,0,"{""6"": [], ""7"": [], ""11"": []}",1.0,1.0,1.0,,0.0,0.0,0.0,,1.0,0.0
yenicag:404893,yenicag,2020-04-22,3,18,1848,2097,"İstisnalar olmakla birlikte genel olarak bakarsak, fert başına gelir seviyesi yüksek olan ülkelerin aynı zamanda daha demokratik ülkeler olduğunu, fert başına gelirin daha düşük olduğu gelişmemiş ülkelerde ise otokrasinin hakim olduğu görülmektedir.",1,gelişmemiş | görülmekte,2,1,gelişmemiş,1,0,,1,36,0,0,0,0,0,0,0,0,0,"{""6"": [], ""7"": [], ""11"": []}",0.0,0.0,0.0,,0.0,0.0,0.0,,0.0,0.0
yenicag:404893,yenicag,2020-04-22,3,19,2099,2301,"Dünyadaki ülkeleri fert başına GSYH grupları içinde sıralar ve Freedom House 2017 raporunda özgürlük endeksi kapsamındaki ülkelerle karşılaştırırsak, bu doğrusal ilişkiyi daha net olarak ta görebiliriz.",0,,0,0,,0,0,,0,31,0,0,0,0,0,0,0,0,0,"{""6"": [], ""7"": [], ""11"": []}",0.0,0.0,0.0,,0.0,0.0,0.0,,0.0,0.0
yenicag:404893,yenicag,2020-04-22,3,20,2303,2439,"Kaynak: Bu tablo Freedom House 2017 raporunda özgür, yarı özgür ve özgür olmayan ülkelerin fert başına gelir olarak sınıflandırılmıştır.",1,sınıflandırılmıştır,1,1,sınıflandırılmıştır,1,0,,1,22,0,0,0,0,0,0,0,0,0,"{""6"": [], ""7"": [], ""11"": []}",0.0,0.0,0.0,,0.0,0.0,0.0,,0.0,0.0
yenicag:404893,yenicag,2020-04-22,3,21,2441,2611,"Fert başına gelir seviyesi yüksek , 113.000 dolar ile 20.000 dolar arasında olan olan 38 ülkenin 31'i özgür (yüzde 81.6) ikisi kısmen özgür ve beşi özgür olmayan ülkedir.",0,,0,0,,0,0,,0,32,0,0,0,0,0,0,0,0,0,"{""6"": [], ""7"": [], ""11"": []}",0.0,0.0,0.0,,0.0,0.0,0.0,,0.0,0.0
yenicag:404893,yenicag,2020-04-22,3,22,2612,2717,Fert başına gelir seviyesi düştükçe özgür ülke sayısı azalmakta ve özgür olmayan ülke sayısı artmaktadır.,0,,0,0,,0,0,,0,17,0,0,0,0,0,0,0,0,0,"{""6"": [], ""7"": [], ""11"": []}",0.0,0.0,0.0,,0.0,0.0,0.0,,0.0,0.0
yenicag:404893,yenicag,2020-04-22,3,23,2718,2832,"En düşük fert başına gelir seviyesi bin doların altına kalan 34 ülkenin yalnızca biri (yüzde 2,9)'u özgür ülkedir.",0,,0,0,,0,0,,0,24,0,0,0,0,0,0,0,0,0,"{""6"": [], ""7"": [], ""11"": []}",0.0,0.0,0.0,,0.0,0.0,0.0,,0.0,0.0
yenicag:404893,yenicag,2020-04-22,3,24,2834,2904,Çoğu dikta rejimlerde diktatörler kendi savunma militanlarını kuruyor.,0,,0,0,,0,0,,0,9,0,0,0,1,0,0,0,0,0,"{""6"": [""Attack on Reputation""], ""7"": [], ""11"": []}",0.0,0.0,0.0,,1.0,1.0,1.0,,0.0,1.0
yenicag:404893,yenicag,2020-04-22,3,25,2905,2956,"Hitler de SS'ler , İran'da devrim muhafızları gibi.",0,,0,0,,0,0,,0,9,1,0,0,1,0,0,0,0,0,"{""6"": [""Attack on Reputation""], ""7"": [], ""11"": []}",1.0,1.0,1.0,,1.0,1.0,1.0,,1.0,1.0
yenicag:404893,yenicag,2020-04-22,3,26,2957,3002,Kamu kaynaklarının bir kısmı bunlara gidiyor.,0,,0,0,,0,0,,0,7,0,0,0,0,0,0,0,0,0,"{""6"": [], ""7"": [], ""11"": []}",0.0,0.0,0.0,,0.0,0.0,0.0,,0.0,0.0
yenicag:404893,yenicag,2020-04-22,3,27,3003,3039,Kamu kaynaklarında etkinlik düşüyor.,0,,0,0,,0,0,,0,5,0,0,0,0,0,0,0,0,0,"{""6"": [], ""7"": [], ""11"": []}",0.0,0.0,0.0,,0.0,0.0,0.0,,0.0,0.0
yenicag:404893,yenicag,2020-04-22,3,28,3041,3136,Özetle; Demokrasi temeline dayanmayan büyüme hem sürdürülemez hem de toplumsal refahı sağlamaz.,1,sürdürülemez,1,0,,0,0,,1,14,0,1,0,0,0,0,0,0,0,"{""6"": [], ""7"": [], ""11"": []}",1.0,1.0,1.0,,0.0,0.0,0.0,,1.0,0.0
yenicag:404893,yenicag,2020-04-22,3,29,3137,3180,Zira toplumsal refah kalkınma ile sağlanır.,1,sağlanır,1,0,,0,0,,1,7,0,0,0,0,0,0,0,0,0,"{""6"": [], ""7"": [], ""11"": []}",0.0,0.0,0.0,,0.0,0.0,0.0,,0.0,0.0
yenicag:404893,yenicag,2020-04-22,3,30,3181,3241,Demokrasinin olmadığı dikta rejimlerinde de büyüme olabilir.,0,,0,0,,0,0,,0,8,1,0,0,0,0,0,0,0,0,"{""6"": [], ""7"": [], ""11"": []}",1.0,1.0,1.0,,0.0,0.0,0.0,,1.0,0.0
yenicag:404893,yenicag,2020-04-22,3,31,3242,3333,"Ancak kaynakların dikta elinde veya bir azınlık gurupta toplanması, gelir dağılımını bozar.",1,toplanması,1,0,,0,0,,1,14,0,0,0,0,0,0,0,0,0,"{""6"": [], ""7"": [], ""11"": []}",0.0,0.0,0.0,,0.0,0.0,0.0,,0.0,0.0
yenicag:404893,yenicag,2020-04-22,3,32,3334,3521,"Devletin sağlık, eğitim ve istihdam yaratmak için ayırması gereken kaynakları, otokrasiyi sürdürmek için destek olanlara dağıtması, gelir dağılımı yanında refah göstergelerini de düşürür.",0,,0,0,,0,0,,0,27,0,0,0,0,0,0,0,0,0,"{""6"": [], ""7"": [], ""11"": []}",0.0,0.0,0.0,,0.0,0.0,0.0,,0.0,0.0
yenicag:404893,yenicag,2020-04-22,3,33,3522,3570,Uzun vadede kaynak kullanımında etkinlik azalır.,0,,0,0,,0,0,,0,7,0,0,0,0,0,0,0,0,0,"{""6"": [], ""7"": [], ""11"": []}",0.0,0.0,0.0,,0.0,0.0,0.0,,0.0,0.0
yenicag:404893,yenicag,2020-04-22,3,34,3571,3650,"Kaynak kullanımda etkinliğin düşmesi, orta ve uzun dönemde büyümeyi de düşürür.",0,,0,0,,0,0,,0,13,0,0,0,0,0,0,0,0,0,"{""6"": [], ""7"": [], ""11"": []}",0.0,0.0,0.0,,0.0,0.0,0.0,,0.0,0.0
yenicag:404893,yenicag,2020-04-22,3,35,3651,3773,"Bu nedenle önceki krizlerden farklı olarak, Birleşmiş Milletler gibi örgütler Demokrasinin yolunu açmak için çalışmalıdır.",0,,0,0,,0,0,,0,19,0,0,1,0,0,0,0,0,0,"{""6"": [], ""7"": [], ""11"": []}",1.0,1.0,1.0,,0.0,0.0,0.0,,1.0,0.0
yenicag:406023,yenicag,2020-08-29,2,0,0,40,"Millet olarak ""adalet nedir"" unuttuk mu?",0,,0,0,,0,0,,0,9,0,0,0,0,0,0,0,0,0,"{""7"": [], ""11"": []}",0.0,0.0,0.0,,0.0,0.0,0.0,,0.0,0.0
yenicag:406023,yenicag,2020-08-29,2,1,42,82,"Adalet, hak ve hukuka uygunluk demektir.",0,,0,0,,0,0,,0,9,0,0,0,0,0,0,0,0,0,"{""7"": [], ""11"": []}",0.0,0.0,0.0,,0.0,0.0,0.0,,0.0,0.0
yenicag:406023,yenicag,2020-08-29,2,2,83,149,"Adil olmak, hakkı ve hukuku gözeterek gereğini yerine getirmektir.",0,,0,0,,0,0,,0,12,0,0,0,0,0,0,0,0,0,"{""7"": [], ""11"": []}",0.0,0.0,0.0,,0.0,0.0,0.0,,0.0,0.0
yenicag:406023,yenicag,2020-08-29,2,3,150,179,Temelinde dürüst olmak yatar.,0,,0,0,,0,0,,0,5,0,0,0,0,0,0,0,0,0,"{""7"": [], ""11"": []}",0.0,0.0,0.0,,0.0,0.0,0.0,,0.0,0.0
yenicag:406023,yenicag,2020-08-29,2,4,180,297,"Eski Türklerde, ""töre"" kelimesi, yazılı olmayan kanunlar anlamında kullanıldığı gibi adalet anlayışını da ifade eder.",1,kullanıldığı,1,0,,0,0,,1,19,0,0,0,0,0,0,0,0,0,"{""7"": [], ""11"": []}",0.0,0.0,0.0,,0.0,0.0,0.0,,0.0,0.0
yenicag:406023,yenicag,2020-08-29,2,5,298,385,"""İl gider töre kalır"" sözü, ""devlet yıkılsa bile hukuk yaşar"" anlamında kullanılmıştır.",1,yıkılsa | kullanılmıştır,2,1,kullanılmıştır,1,0,,1,15,0,0,0,0,0,0,0,0,0,"{""7"": [], ""11"": []}",0.0,0.0,0.0,,0.0,0.0,0.0,,0.0,0.0
yenicag:406023,yenicag,2020-08-29,2,6,386,441,"Bu söz, aynı zamanda hukukun üstünlüğünü de ifade eder.",0,,0,0,,0,0,,0,11,0,0,0,0,0,0,0,0,0,"{""7"": [], ""11"": []}",0.0,0.0,0.0,,0.0,0.0,0.0,,0.0,0.0
yenicag:406023,yenicag,2020-08-29,2,7,443,575,"Uzun zamandan beri, Türk toplumuna ""Bizden olan her zaman ve her şartta haklıdır"" gibi ahlâkı kökünden yıkan bir anlayış hâkim oldu.",0,,0,0,,0,0,,0,26,0,0,0,0,0,0,0,0,0,"{""7"": [], ""11"": []}",0.0,0.0,0.0,,0.0,0.0,0.0,,0.0,0.0
yenicag:406023,yenicag,2020-08-29,2,8,576,640,"Bu anlayışa göre bizden olmayanlar, her türlü musibete layıktır!",0,,0,0,,0,0,,0,12,0,0,0,0,0,0,0,0,0,"{""7"": [], ""11"": []}",0.0,0.0,0.0,,0.0,0.0,0.0,,0.0,0.0
yenicag:406023,yenicag,2020-08-29,2,9,641,801,"Bu durumun yaygınlaşmasına, iktidarların partizan uygulamaları sebep olmuştur denilebilir ama daha derinde yatan, halkın adalet duygusunun zayıflamış olmasıdır.",1,yaygınlaşmasına | denilebilir,2,1,olmuştur | zayıflamış,2,0,,1,22,0,0,0,0,0,0,0,0,0,"{""7"": [], ""11"": []}",0.0,0.0,0.0,,0.0,0.0,0.0,,0.0,0.0
yenicag:406023,yenicag,2020-08-29,2,10,803,948,"Dini değerlerin lafzen bu kadar yüceltildiği bir dönemde, adaletin yerlerde sürünmesinin sebebi, dini değerlerin de zayıfladığını göstermektedir.",1,yüceltildiği | sürünmesinin,2,0,,0,0,,1,21,0,0,0,0,0,0,0,0,0,"{""7"": [], ""11"": []}",0.0,0.0,0.0,,0.0,0.0,0.0,,0.0,0.0
yenicag:406023,yenicag,2020-08-29,2,11,950,1089,"Kurân'da, ""Şüphesiz Allah, emanetleri ehline vermenizi, insanlar arasında hükmettiğinizde adaletle hükmetmenizi emreder..."" denilmiyor mu?.",1,denilmiyor,1,0,,0,0,,1,21,0,0,0,0,0,0,0,0,0,"{""7"": [], ""11"": []}",0.0,0.0,0.0,,0.0,0.0,0.0,,0.0,0.0
yenicag:406023,yenicag,2020-08-29,2,12,1090,1099,(Nisa-58),0,,0,0,,0,0,,0,5,0,0,0,0,0,0,0,0,0,"{""7"": [], ""11"": []}",0.0,0.0,0.0,,0.0,0.0,0.0,,0.0,0.0
yenicag:406023,yenicag,2020-08-29,2,13,1101,1209,"Bugün, Türkiye'de emanetler ehline mi veriliyor, yoksa yandaş olmaktan başka bir özelliği bulunmayanlara mı?",1,veriliyor,1,0,,0,0,,1,18,0,0,0,0,0,0,0,0,0,"{""7"": [], ""11"": []}",0.0,0.0,0.0,,0.0,0.0,0.0,,0.0,0.0
yenicag:406023,yenicag,2020-08-29,2,14,1211,1297,"Bugün veya son dönemlerde, insanlar arasında hükmedildiğinde adaletle mi hükmediliyor?",1,hükmedildiğinde | hükmediliyor,2,0,,0,0,,1,12,0,0,0,0,0,0,0,0,0,"{""7"": [], ""11"": []}",0.0,0.0,0.0,,0.0,0.0,0.0,,0.0,0.0
yenicag:406023,yenicag,2020-08-29,2,15,1298,1379,"Ergenekon, Balyoz, Askeri Casusluk, oda tv gibi davalarda adaletle mi hükmedildi?",1,hükmedildi,1,0,,0,0,,1,15,0,0,1,0,0,0,0,0,0,"{""7"": [], ""11"": []}",1.0,1.0,1.0,,0.0,0.0,0.0,,1.0,0.0
yenicag:406023,yenicag,2020-08-29,2,16,1380,1459,Bu davaların hakim-savcıları ve uydurma delil üreten polisleri şimdi nerededir?,0,,0,0,,0,0,,0,14,0,0,0,0,0,0,0,0,0,"{""7"": [], ""11"": []}",0.0,0.0,0.0,,0.0,0.0,0.0,,0.0,0.0
yenicag:406023,yenicag,2020-08-29,2,17,1461,1505,Bu davalarda mağduriyetler giderilebildi mi?,1,giderilebildi,1,0,,0,0,,1,6,0,0,0,0,0,0,0,0,0,"{""7"": [], ""11"": []}",0.0,0.0,0.0,,0.0,0.0,0.0,,0.0,0.0
yenicag:406023,yenicag,2020-08-29,2,18,1506,1567,İntihar edenler veya kahrından ölenler geri getirilebilir mi?,1,getirilebilir,1,0,,0,0,,1,9,0,0,0,0,0,0,0,0,0,"{""7"": [], ""11"": []}",0.0,0.0,0.0,,0.0,0.0,0.0,,0.0,0.0
yenicag:406023,yenicag,2020-08-29,2,19,1568,1608,Ya kaybolan gelecek hayalleri ne olacak?,0,,0,0,,0,0,,0,7,0,0,0,0,0,0,0,0,0,"{""7"": [], ""11"": []}",0.0,0.0,0.0,,0.0,0.0,0.0,,0.0,0.0
yenicag:406023,yenicag,2020-08-29,2,20,1610,1676,Aynı uygulamalar bugün de başkalarına yönelik olarak devam ediyor.,0,,0,0,,0,0,,0,10,0,0,0,0,0,0,0,0,0,"{""7"": [], ""11"": []}",0.0,0.0,0.0,,0.0,0.0,0.0,,0.0,0.0
yenicag:406023,yenicag,2020-08-29,2,21,1677,1813,"15 Temmuz'u planlayanlar serbestken, o gece sahaya sürülen askerler ve askeri öğrencilerin bir kısmı müebbet hapis cezasına çarptırıldı!",1,çarptırıldı,1,0,,0,0,,1,20,0,0,0,0,0,0,0,0,0,"{""7"": [], ""11"": []}",0.0,0.0,0.0,,0.0,0.0,0.0,,0.0,0.0
yenicag:406023,yenicag,2020-08-29,2,22,1815,1883,"15 Temmuz gecesi, ağır suçlar işleyenlerin soruşturulması ise yasak!",1,soruşturulması,1,0,,0,0,,1,11,0,0,0,0,0,0,0,0,0,"{""7"": [], ""11"": []}",0.0,0.0,0.0,,0.0,0.0,0.0,,0.0,0.0
yenicag:406023,yenicag,2020-08-29,2,23,1884,1990,"O gece gerçekte ne olduğunu, duruşmaları takip ederek anlamaya ve yazmaya çalışan Müyesser Yıldız tutuklu!",0,,0,0,,0,0,,0,17,0,0,1,0,0,0,0,0,0,"{""7"": [], ""11"": []}",1.0,1.0,1.0,,0.0,0.0,0.0,,1.0,0.0
yenicag:406023,yenicag,2020-08-29,2,24,1991,2068,"Murat Ağırel, yolsuzlukların hangi sistemle yapıldığını yazdığı için tutuklu!",1,yapıldığını,1,0,,0,0,,1,11,0,0,1,0,0,0,0,0,0,"{""7"": [], ""11"": []}",0.0,0.0,0.0,0.0,0.0,0.0,0.0,,1.0,0.0
yenicag:406023,yenicag,2020-08-29,2,25,2069,2150,Barış Pehlivan da sistemin nasıl metastaz yaptığını gösterdiği için hedef alındı.,1,alındı,1,0,,0,0,,1,12,0,0,1,0,0,0,0,0,0,"{""7"": [], ""11"": []}",0.0,0.0,0.0,0.0,0.0,0.0,0.0,,1.0,0.0
yenicag:406023,yenicag,2020-08-29,2,26,2152,2205,"Yürürlükteki sistem, insanları partizanlığa zorluyor.",0,,0,0,,0,0,,0,8,1,0,0,1,0,0,0,0,0,"{""7"": [], ""11"": [""Attack on Reputation""]}",1.0,1.0,1.0,,1.0,1.0,1.0,,1.0,1.0
yenicag:406023,yenicag,2020-08-29,2,27,2206,2250,"Seçmen, kendi oyunu hisse senedi zannediyor.",0,,0,0,,0,0,,0,8,0,0,0,1,0,0,0,0,0,"{""7"": [], ""11"": [""Attack on Reputation""]}",0.0,0.0,0.0,,1.0,1.0,1.0,,0.0,1.0
yenicag:406023,yenicag,2020-08-29,2,28,2251,2360,"Seçimi kazanan partinin seçmeni, oyunu veya siyasi faaliyetini paraya, mevkiye dönüştürmenin çaresini arıyor.",0,,0,0,,0,0,,0,16,0,0,0,1,0,0,0,0,0,"{""7"": [], ""11"": [""Attack on Reputation""]}",0.0,0.0,0.0,,1.0,1.0,1.0,,0.0,1.0
yenicag:406023,yenicag,2020-08-29,2,29,2361,2431,Hak etmediği makamlara talip oluyor veya yakınlarına çıkar sağlıyor...,0,,0,0,,0,0,,0,10,0,0,0,1,0,0,0,0,0,"{""7"": [], ""11"": [""Attack on Reputation""]}",0.0,0.0,0.0,,1.0,1.0,1.0,,0.0,1.0
yenicag:406023,yenicag,2020-08-29,2,30,2433,2483,"Yetkiyi ele geçiren herkes, yakınlarını kayırıyor.",0,,0,0,,0,0,,0,8,0,0,0,0,0,0,1,0,0,"{""7"": [""Simplification""], ""11"": []}",0.0,0.0,0.0,,1.0,1.0,1.0,,0.0,1.0
yenicag:406023,yenicag,2020-08-29,2,31,2485,2628,"Gerçi, adalet anlayışının dine dayandırılması gerekmez ama İslam'dan bahsedenler, hayatları boyunca Nisa Suresi, 135'inci ayeti hiç mi okumadı?",1,dayandırılması,1,0,,0,0,,1,22,0,0,0,0,0,0,0,0,0,"{""7"": [], ""11"": []}",0.0,0.0,0.0,,0.0,0.0,0.0,,0.0,0.0
yenicag:406023,yenicag,2020-08-29,2,32,2630,2647,"""Ey iman edenler!",0,,0,0,,0,0,,0,5,0,0,0,0,0,0,0,0,0,"{""7"": [], ""11"": []}",0.0,0.0,0.0,,0.0,0.0,0.0,,0.0,0.0
yenicag:406023,yenicag,2020-08-29,2,33,2648,2724,"Haktan yana olup, adaleti sapasağlam ayakta tutun, Allah için şahitler olun.",0,,0,0,,0,0,,0,14,0,0,0,0,0,0,0,0,0,"{""7"": [], ""11"": []}",0.0,0.0,0.0,,0.0,0.0,0.0,,0.0,0.0
yenicag:406023,yenicag,2020-08-29,2,34,2725,2841,"İsterse kendinizin veya ana-babanızın ya da yakınlarınızın aleyhine olsun, isterse onlar zengin veya fakir bulunsun.",1,bulunsun,1,0,,0,0,,1,19,0,0,0,0,0,0,0,0,0,"{""7"": [], ""11"": []}",0.0,0.0,0.0,,0.0,0.0,0.0,,0.0,0.0
yenicag:406023,yenicag,2020-08-29,2,35,2842,2888,Allah onları korumada herhalde sizden öndedir.,0,,0,0,,0,0,,0,8,0,0,0,0,0,0,0,0,0,"{""7"": [], ""11"": []}",0.0,0.0,0.0,,0.0,0.0,0.0,,0.0,0.0
yenicag:406023,yenicag,2020-08-29,2,36,2889,2926,Artık hak ve adalette hevese uymayın.,0,,0,0,,0,0,,0,7,0,0,0,0,0,0,0,0,0,"{""7"": [], ""11"": []}",0.0,0.0,0.0,,0.0,0.0,0.0,,0.0,0.0
yenicag:406023,yenicag,2020-08-29,2,37,2927,3005,"Eğer dilinizi büker veya yüz çevirirseniz, Allah yaptıklarınızdan haberdardır.",0,,0,0,,0,0,,0,12,0,0,0,0,0,0,0,0,0,"{""7"": [], ""11"": []}",0.0,0.0,0.0,,0.0,0.0,0.0,,0.0,0.0
yenicag:406023,yenicag,2020-08-29,2,38,3005,3017,""" (Nisa-135)",0,,0,0,,0,0,,0,6,0,0,0,0,0,0,0,0,0,"{""7"": [], ""11"": []}",0.0,0.0,0.0,,0.0,0.0,0.0,,0.0,0.0
yenicag:406023,yenicag,2020-08-29,2,39,3019,3097,Tabii ki adaletsizlik anlayışı sadece dini istismar edenlerde yaygın değildir.,0,,0,0,,0,0,,0,11,0,0,0,0,0,1,0,0,0,"{""7"": [""Manipulative Wording""], ""11"": []}",0.0,0.0,0.0,,1.0,1.0,1.0,,0.0,1.0
yenicag:406023,yenicag,2020-08-29,2,40,3098,3240,"Dini sohbet programlarından kazandığı paralarla konuşulan bir kişi korona virüse yakalanıyor, bir güruh, ""ölsün, gebersin"" diye tempo tutuyor!",1,konuşulan | yakalanıyor,2,0,,0,0,,1,23,0,0,0,0,0,1,0,0,0,"{""7"": [""Manipulative Wording""], ""11"": []}",0.0,0.0,0.0,,1.0,1.0,1.0,,0.0,1.0
yenicag:406023,yenicag,2020-08-29,2,41,3241,3262,Bu nasıl insanlıktır?,0,,0,0,,0,0,,0,5,0,0,0,0,0,1,0,0,0,"{""7"": [""Manipulative Wording""], ""11"": []}",0.0,0.0,0.0,,1.0,1.0,1.0,,0.0,1.0
yenicag:406023,yenicag,2020-08-29,2,42,3264,3555,"Yine gizli tanık ifadesiyle DHKP-C örgütüyle ilişkili oldukları iddia edilen ve tutuklanan iki avukat adil yargılanmak talebiyle açlık grevi yapıyor, birisi ölüyor, bu ölümün yargı sistemindeki sorunlardan dolayı önlenememiş olmasını eleştirenler, sanki terör destekçisiymiş gibi suçlanıyor!",1,edilen | tutuklanan | yargılanmak | ölüyor | önlenememiş | suçlanıyor,6,1,önlenememiş | siymiş,2,0,,1,44,0,0,1,0,0,0,0,0,0,"{""7"": [], ""11"": []}",1.0,1.0,1.0,,0.0,0.0,0.0,,1.0,0.0
yenicag:406023,yenicag,2020-08-29,2,43,3557,3598,"Adalet nedir, kimse anlamış değil galiba?",0,,0,1,anlamış,1,0,,0,8,0,0,0,0,0,0,0,0,0,"{""7"": [], ""11"": []}",0.0,0.0,0.0,,0.0,0.0,0.0,,0.0,0.0
yenicag:406023,yenicag,2020-08-29,2,44,3599,3640,Hukukun evrensel ilkeleri kimin umurunda?,0,,0,0,,0,0,,0,6,0,0,0,0,0,0,0,0,0,"{""7"": [], ""11"": []}",0.0,0.0,0.0,,0.0,0.0,0.0,,0.0,0.0
yenicag:406023,yenicag,2020-08-29,2,45,3641,3711,Hangi suçu işlemiş olursa olsun herkesin adil yargılanma hakkı vardır.,1,yargılanma,1,1,işlemiş,1,0,,1,12,0,0,0,0,0,0,0,0,0,"{""7"": [], ""11"": []}",0.0,0.0,0.0,,0.0,0.0,0.0,,0.0,0.0
yenicag:406023,yenicag,2020-08-29,2,46,3712,3772,Kaldı ki suçu ispat edilene kadar herkes masum sayılmalıdır.,1,edilene | sayılmalı,2,0,,0,0,,1,11,0,0,0,0,0,0,0,0,0,"{""7"": [], ""11"": []}",0.0,0.0,0.0,,0.0,0.0,0.0,,0.0,0.0
yenicag:406417,yenicag,2020-10-10,2,0,0,28,Milyarlar havada uçuşuyor...,0,,0,0,,0,0,,0,4,0,0,0,0,0,0,0,0,0,"{""7"": [], ""11"": []}",0.0,0.0,0.0,,0.0,0.0,0.0,,0.0,0.0
yenicag:406417,yenicag,2020-10-10,2,1,29,66,Altı milyar iki yüz on altı milyon TL,0,,0,0,,0,0,,0,8,0,0,0,0,0,0,0,0,0,"{""7"": [], ""11"": []}",0.0,0.0,0.0,,0.0,0.0,0.0,,0.0,0.0
yenicag:406417,yenicag,2020-10-10,2,2,68,164,Bugün size kamu kaynaklarından milyarlarca liranın nasıl kamu dışına aktarılacağını anlatacağım.,1,aktarılacağını,1,0,,0,0,,1,12,0,0,0,0,0,1,0,0,0,"{""7"": [], ""11"": [""Manipulative Wording""]}",0.0,0.0,0.0,,1.0,1.0,1.0,,0.0,1.0
yenicag:406417,yenicag,2020-10-10,2,3,166,175,Ama önce…,0,,0,0,,0,0,,0,3,0,0,0,0,0,0,0,0,0,"{""7"": [], ""11"": []}",0.0,0.0,0.0,,0.0,0.0,0.0,,0.0,0.0
yenicag:406417,yenicag,2020-10-10,2,4,177,268,"""Sivil Toplum Örgütü"" veya ""Kâr Amacı Gütmeyen Kuruluş"" (KAGK) denince aklınıza ne geliyor?",0,,0,0,,0,0,,0,18,0,0,0,0,0,0,0,0,0,"{""7"": [], ""11"": []}",0.0,0.0,0.0,,0.0,0.0,0.0,,0.0,0.0
yenicag:406417,yenicag,2020-10-10,2,5,270,383,Türkiye'de bunların adını bir yerde duyuyorsanız bilin ki ya tarikattır ya da iktidar yanlısı think-thank'lerdir.,0,,0,0,,0,0,,0,20,1,0,0,1,1,0,0,0,0,"{""7"": [""Justification""], ""11"": [""Attack on Reputation""]}",1.0,1.0,1.0,,1.0,1.0,0.0,1.0,1.0,1.0
yenicag:406417,yenicag,2020-10-10,2,6,385,548,"Gerçi hayat mücadelesi içerisinde çocuklarını okutmaya, evine ekmek götürüp karnını doyurmaya çalışan kişiler için pek önemsenecek bir konu da değil işin açıkçası.",1,önemsenecek,1,0,,0,0,,1,24,0,0,0,0,0,0,0,0,0,"{""7"": [], ""11"": []}",0.0,0.0,0.0,,0.0,0.0,0.0,,0.0,0.0
yenicag:406417,yenicag,2020-10-10,2,7,550,629,Fakat aksi gibi tam da bizi yani evini ailesini düşünenlerin parası söz konusu…,0,,0,0,,0,0,,0,14,0,0,0,0,0,0,0,0,0,"{""7"": [], ""11"": []}",0.0,0.0,0.0,,0.0,0.0,0.0,,0.0,0.0
yenicag:406417,yenicag,2020-10-10,2,8,631,657,Bunları neden anlatıyorum?,0,,0,0,,0,0,,0,4,0,0,0,0,0,0,0,0,0,"{""7"": [], ""11"": []}",0.0,0.0,0.0,,0.0,0.0,0.0,,0.0,0.0
yenicag:406417,yenicag,2020-10-10,2,9,659,701,Sayıştay raporları açıklandı biliyorsunuz.,1,açıklandı,1,0,,0,0,,1,5,0,0,0,0,0,0,0,0,0,"{""7"": [], ""11"": []}",0.0,0.0,0.0,,0.0,0.0,0.0,,0.0,0.0
yenicag:406417,yenicag,2020-10-10,2,10,703,795,Raporları okumaya başladığımda sadece raporlarda belirtilen bilgiler ile sınırlı kalmıyorum.,1,belirtilen,1,0,,0,0,,1,11,0,0,0,0,0,0,0,0,0,"{""7"": [], ""11"": []}",0.0,0.0,0.0,,0.0,0.0,0.0,,0.0,0.0
yenicag:406417,yenicag,2020-10-10,2,11,796,851,Denetlenen her kurumun mali tablolarını da inceliyorum.,1,Denetlenen,1,0,,0,0,,1,8,0,0,0,0,0,0,0,0,0,"{""7"": [], ""11"": []}",0.0,0.0,0.0,,0.0,0.0,0.0,,0.0,0.0
yenicag:406417,yenicag,2020-10-10,2,12,852,925,Okuduğum denetim raporlarının mali tablolarında çok ilginç bir durum var.,0,,0,0,,0,0,,0,11,0,0,0,0,0,0,0,0,0,"{""7"": [], ""11"": []}",0.0,0.0,0.0,,0.0,0.0,0.0,,0.0,0.0
yenicag:406417,yenicag,2020-10-10,2,13,927,983,"Üstelik bu ""ilginçlik"" hemen hemen her kurumda yaşanmış.",1,yaşanmış,1,1,yaşanmış,1,0,,1,10,0,0,0,0,0,0,0,0,0,"{""7"": [], ""11"": []}",0.0,0.0,0.0,,0.0,0.0,0.0,,0.0,0.0
yenicag:406417,yenicag,2020-10-10,2,14,985,1000,Konuya girelim!,0,,0,0,,0,0,,0,3,0,0,0,0,0,0,0,0,0,"{""7"": [], ""11"": []}",0.0,0.0,0.0,,0.0,0.0,0.0,,0.0,0.0
yenicag:406417,yenicag,2020-10-10,2,15,1002,1051,Mesela Çevre ve Şehircilik Bakanlığını anlatalım…,0,,0,0,,0,0,,0,7,1,0,0,0,0,0,0,0,0,"{""7"": [], ""11"": []}",1.0,1.0,1.0,,0.0,0.0,0.0,,1.0,0.0
yenicag:406417,yenicag,2020-10-10,2,16,1053,1186,"Bakanlığın mali tablolarında ""Kâr Amacı Gütmeyen Kurumlara yapılan transferler"" adı altında ne kadar para aktarılmış biliyor musunuz?",1,yapılan | aktarılmış,2,1,aktarılmış,1,0,,1,19,0,0,0,0,1,1,0,0,0,"{""7"": [""Manipulative Wording""], ""11"": [""Justification""]}",0.0,0.0,0.0,,1.0,1.0,0.0,1.0,0.0,1.0
yenicag:406417,yenicag,2020-10-10,2,17,1188,1226,Tam 2 milyar 441 milyon TL aktarılmış.,1,aktarılmış,1,1,aktarılmış,1,0,,1,8,0,0,0,0,1,1,0,0,0,"{""7"": [""Manipulative Wording""], ""11"": [""Justification""]}",0.0,0.0,0.0,,1.0,1.0,0.0,1.0,0.0,1.0
yenicag:406417,yenicag,2020-10-10,2,18,1227,1286,(Siyasileri deyimiyle eski parayla 2 katrilyon 441 trilyon…,0,,0,0,,0,0,,0,10,0,0,0,0,1,1,0,0,0,"{""7"": [""Manipulative Wording""], ""11"": [""Justification""]}",0.0,0.0,0.0,,1.0,1.0,0.0,1.0,0.0,1.0
yenicag:406417,yenicag,2020-10-10,2,19,1286,1287,),0,,0,0,,0,0,,0,1,0,0,0,0,1,1,0,0,0,"{""7"": [""Manipulative Wording""], ""11"": [""Justification""]}",0.0,0.0,0.0,,1.0,1.0,0.0,1.0,0.0,1.0
yenicag:406417,yenicag,2020-10-10,2,20,1289,1398,"Dışişleri Bakanlığı bünyesinde ""Avrupa Birliği Başkanlığı"" diye bir şey kuruldu, belki ilk defa duyuyorsunuz.",1,kuruldu,1,0,,0,0,,1,17,1,0,0,0,1,0,0,0,0,"{""7"": [], ""11"": [""Justification""]}",1.0,1.0,1.0,,1.0,1.0,1.0,,1.0,1.0
yenicag:406417,yenicag,2020-10-10,2,21,1399,1525,"Burası aynı şekilde ""Kâr Amacı Gütmeyen Kurumlara yapılan Transferler"" başlığı altında 896 milyon TL parayı bunlara göndermiş.",1,yapılan,1,1,göndermiş,1,0,,1,19,0,0,0,0,1,0,0,0,0,"{""7"": [], ""11"": [""Justification""]}",0.0,0.0,0.0,,1.0,1.0,1.0,,0.0,1.0
yenicag:406417,yenicag,2020-10-10,2,22,1527,1541,Devamı da var.,0,,0,0,,0,0,,0,4,0,0,0,0,0,0,0,0,0,"{""7"": [], ""11"": []}",0.0,0.0,0.0,,0.0,0.0,0.0,,0.0,0.0
yenicag:406417,yenicag,2020-10-10,2,23,1543,1559,Tek tek yazalım…,0,,0,0,,0,0,,0,4,0,0,0,0,0,0,0,0,0,"{""7"": [], ""11"": []}",0.0,0.0,0.0,,0.0,0.0,0.0,,0.0,0.0
yenicag:406417,yenicag,2020-10-10,2,24,1561,1609,"Gençlik ve Spor Bakanlığı 195 milyon 763 bin TL,",0,,0,0,,0,0,,0,10,0,0,0,0,1,0,0,0,0,"{""7"": [], ""11"": [""Justification""]}",0.0,0.0,0.0,,1.0,1.0,1.0,,0.0,1.0
yenicag:406417,yenicag,2020-10-10,2,25,1611,1659,"Cumhurbaşkanlığı İletişim Başkanlığı 393 bin TL,",0,,0,0,,0,0,,0,7,0,0,0,0,1,0,0,0,0,"{""7"": [], ""11"": [""Justification""]}",0.0,0.0,0.0,,1.0,1.0,1.0,,0.0,1.0
yenicag:406417,yenicag,2020-10-10,2,26,1661,1702,"Hazine ve Maliye Bakanlığı 800 Milyon TL,",0,,0,0,,0,0,,0,8,0,0,0,0,1,0,0,0,0,"{""7"": [], ""11"": [""Justification""]}",0.0,0.0,0.0,,1.0,1.0,1.0,,0.0,1.0
yenicag:406417,yenicag,2020-10-10,2,27,1704,1753,"Kültür ve Turizm Bakanlığı 176 Milyon 929 Bin TL,",0,,0,0,,0,0,,0,10,0,0,0,0,1,0,0,0,0,"{""7"": [], ""11"": [""Justification""]}",0.0,0.0,0.0,,1.0,1.0,1.0,,0.0,1.0
yenicag:406417,yenicag,2020-10-10,2,28,1755,1786,Sağlık Bakanlığı 139 Milyon TL.,0,,0,0,,0,0,,0,6,0,0,0,0,1,0,0,0,0,"{""7"": [], ""11"": [""Justification""]}",0.0,0.0,0.0,,1.0,1.0,1.0,,0.0,1.0
yenicag:406417,yenicag,2020-10-10,2,29,1788,1844,Raporlarda yer alan 92 kurumda bu para transferi mevcut.,0,,0,0,,0,0,,0,10,0,0,0,0,1,0,0,0,0,"{""7"": [], ""11"": [""Justification""]}",0.0,0.0,0.0,,1.0,1.0,1.0,,0.0,1.0
yenicag:406417,yenicag,2020-10-10,2,30,1846,1918,Toplam tutarı ise ben okuyunca dudağım uçukladı; 6 milyar 216 milyon TL.,1,uçukladı,1,0,,0,0,,1,14,0,0,0,0,1,1,0,0,0,"{""7"": [""Manipulative Wording""], ""11"": [""Justification""]}",0.0,0.0,0.0,,1.0,1.0,0.0,1.0,0.0,1.0
yenicag:406417,yenicag,2020-10-10,2,31,1920,1979,Yazı ile de yazalım: Altı milyar iki yüz on altı milyon TL.,0,,0,0,,0,0,,0,14,0,0,0,0,1,0,0,0,0,"{""7"": [], ""11"": [""Justification""]}",0.0,0.0,0.0,,1.0,1.0,1.0,,0.0,1.0
yenicag:406417,yenicag,2020-10-10,2,32,1980,2077,Yani eski para ile kâr amacı gütmeyen kurumlara transfer edilen tutar 6 katrilyon 216 trilyon TL.,1,edilen,1,0,,0,0,,1,17,0,0,0,0,1,0,0,0,0,"{""7"": [], ""11"": [""Justification""]}",0.0,0.0,0.0,,1.0,1.0,1.0,,0.0,1.0
yenicag:406417,yenicag,2020-10-10,2,33,2079,2100,Kamu adına soruyorum…,0,,0,0,,0,0,,0,4,0,0,0,0,0,0,0,0,0,"{""7"": [], ""11"": []}",0.0,0.0,0.0,,0.0,0.0,0.0,,0.0,0.0
yenicag:406417,yenicag,2020-10-10,2,34,2102,2143,Bu kar amacı gütmeyen kurumlar kimlerdir?,0,,0,0,,0,0,,0,8,0,0,0,0,0,0,0,0,0,"{""7"": [], ""11"": []}",0.0,0.0,0.0,,0.0,0.0,0.0,,0.0,0.0
yenicag:406417,yenicag,2020-10-10,2,35,2145,2183,Bu para hangi kurumlara aktarılmıştır?,1,aktarılmıştır,1,1,aktarılmıştır,1,0,,1,6,0,0,0,0,0,0,0,0,0,"{""7"": [], ""11"": []}",0.0,0.0,0.0,,0.0,0.0,0.0,,0.0,0.0
yenicag:406417,yenicag,2020-10-10,2,36,2185,2245,Bu kurumlar aldıkları para ile nasıl hizmetler vermişlerdir?,0,,0,0,,0,0,,0,9,0,0,0,0,0,0,0,0,0,"{""7"": [], ""11"": []}",0.0,0.0,0.0,,0.0,0.0,0.0,,0.0,0.0
yenicag:406417,yenicag,2020-10-10,2,37,2247,2252,Yahu…,0,,0,0,,0,0,,0,2,0,0,0,0,0,0,0,0,0,"{""7"": [], ""11"": []}",0.0,0.0,0.0,,0.0,0.0,0.0,,0.0,0.0
yenicag:406417,yenicag,2020-10-10,2,38,2254,2349,"İnsanlara pandemi sürecinde aylık bin TL verirken bu ""kâr amacı gütmeyen kuruluşlar"" neredeydi?",0,,0,0,,0,0,,0,15,0,0,0,0,0,0,0,0,0,"{""7"": [], ""11"": []}",0.0,0.0,0.0,,0.0,0.0,0.0,,0.0,0.0
yenicag:406417,yenicag,2020-10-10,2,39,2351,2384,Nasıl bir kitleyi zengin ettiniz?,0,,0,0,,0,0,,0,6,0,0,0,1,0,0,0,0,0,"{""7"": [""Attack on Reputation""], ""11"": []}",0.0,0.0,0.0,,1.0,1.0,1.0,,0.0,1.0
yenicag:406417,yenicag,2020-10-10,2,40,2386,2461,EBA'ya bağlanılması için dağ tepelerine çıkan çocukları da mı düşünmediniz?,1,bağlanılması,1,0,,0,0,,1,11,0,0,1,0,0,1,0,0,0,"{""7"": [""Manipulative Wording""], ""11"": []}",1.0,1.0,1.0,,1.0,1.0,1.0,,1.0,1.0
yenicag:406417,yenicag,2020-10-10,2,41,2463,2597,"Pazardan çürük sebze toplayan insanımızı, tarlasını ekemeyen çiftçiyi, üretimi durdurulan fabrikada çalışan işçiyi de mi düşünmediniz.",1,durdurulan,1,0,,0,0,,1,19,0,0,1,0,0,1,0,0,0,"{""7"": [""Manipulative Wording""], ""11"": []}",1.0,1.0,1.0,,1.0,1.0,1.0,,1.0,1.0
yenicag:406417,yenicag,2020-10-10,2,42,2599,2709,Bu kâr amacı gütmeyen kurumların bu insanlara karşılıksız veya kampanyasız yardım ettiğini gören duyan var mı?,0,,0,0,,0,0,,0,17,1,0,0,0,0,0,0,0,0,"{""7"": [], ""11"": []}",1.0,1.0,1.0,,0.0,0.0,0.0,,1.0,0.0
yenicag:406417,yenicag,2020-10-10,2,43,2711,2779,Bu paralar yoksul halkın zar zor alın teri ile kazandığı paralardır.,0,,0,0,,0,0,,0,13,0,0,0,0,0,0,0,1,0,"{""7"": [""Call""], ""11"": []}",0.0,0.0,0.0,,1.0,1.0,1.0,,0.0,1.0
yenicag:406417,yenicag,2020-10-10,2,44,2780,2847,Paralarının hangi kurumlara verildiğini öğrenmek en tabii hakkıdır.,1,verildiğini,1,0,,0,0,,1,10,0,0,0,0,0,0,0,1,0,"{""7"": [""Call""], ""11"": []}",0.0,0.0,0.0,,1.0,1.0,1.0,,0.0,1.0
yenicag:406417,yenicag,2020-10-10,2,45,2849,2865,Çıkın açıklayın…,0,,0,0,,0,0,,0,3,0,0,0,0,0,0,0,1,0,"{""7"": [""Call""], ""11"": []}",0.0,0.0,0.0,,1.0,1.0,1.0,,0.0,1.0
yenicag:450637,yenicag,2021-05-07,3,0,0,61,"Bir dozdur, iki dozdur üç dozdur, dört dozdur on dört dozdur!",0,,0,0,,0,0,,0,14,0,0,0,0,0,0,0,0,0,"{""6"": [], ""7"": [], ""11"": []}",0.0,0.0,0.0,,0.0,0.0,0.0,,0.0,0.0
yenicag:450637,yenicag,2021-05-07,3,1,63,216,"Sağlık Bakanı Fahrettin Koca, Türkiye nüfusunun 3 katı kadar aşı için sözleşme yapıldığını, yerli aşının eylül ya da ekim ayında hazır olacağını söyledi.",1,yapıldığını,1,0,,0,0,,1,26,1,0,0,0,0,0,0,0,0,"{""6"": [], ""7"": [], ""11"": []}",1.0,1.0,1.0,0.0,0.0,0.0,0.0,,1.0,0.0
yenicag:450637,yenicag,2021-05-07,3,2,217,401,"Koca, Yeni Şafak gazetesine verdiği röportajda, ikinci dozdan 6 ay sonra tavsiye edilen ve ""üçüncü doz"" olarak ifade edilen ""hatırlatma dozu""nun yerli aşı ile yapılabileceğini söyledi.",1,edilen | edilen | yapılabileceğini,3,0,,0,0,,1,30,0,0,0,0,0,0,0,0,0,"{""6"": [], ""7"": [], ""11"": []}",0.0,0.0,0.0,,0.0,0.0,0.0,,0.0,0.0
yenicag:450637,yenicag,2021-05-07,3,3,401,437,Üçüncü dozu kim tavsiye ediyor peki?,0,,0,0,,0,0,,0,7,0,0,0,0,1,0,0,0,0,"{""6"": [], ""7"": [""Justification""], ""11"": []}",0.0,0.0,0.0,,1.0,1.0,1.0,,0.0,1.0
yenicag:450637,yenicag,2021-05-07,3,4,438,808,"Bakanın açıklamasında o belli değil ama üçüncü dozu hatta yılda bir aşı olmayı, aşı üreten şirketlerin tavsiye ettiğini bütün dünya biliyor!Son olarak Moderna firması, hem mevcut korona virüsü aşısının hem de deneysel yeni bir aşı adayının üçüncü dozunun, ilk olarak Brezilya ve Güney Afrika''da ortaya çıkan virüs varyantlarına karşı bağışıklığı arttırdığını öne sürdü!",0,,0,0,,0,0,,0,59,1,0,0,0,1,0,0,0,0,"{""6"": [], ""7"": [""Justification""], ""11"": []}",1.0,1.0,1.0,,1.0,1.0,1.0,,1.0,1.0
yenicag:450637,yenicag,2021-05-07,3,5,808,878,"""İnsanları aşı manyağı yapacaklar"" diyordum da birçokları inanmıyordu!",0,,0,0,,0,0,,0,11,0,0,0,0,0,1,0,0,0,"{""6"": [""Manipulative Wording""], ""7"": [], ""11"": []}",0.0,0.0,0.0,,1.0,1.0,1.0,,0.0,1.0
yenicag:450637,yenicag,2021-05-07,3,6,878,918,Kaldı ki Moderna Inc.''in tıbbi şefi Dr.,0,,0,0,,0,0,,0,8,0,0,0,0,1,0,0,0,0,"{""6"": [""Justification""], ""7"": [], ""11"": []}",0.0,0.0,0.0,,1.0,1.0,1.0,,0.0,1.0
yenicag:450637,yenicag,2021-05-07,3,7,919,1024,"Tal Zaks''ın, 2017yılında yaptığı konuşmada ""Aslında biz mRNA aşılarıyla, hayatın yazılımını hackliyoruz.",0,,0,0,,0,0,,0,16,0,0,0,0,1,0,0,0,0,"{""6"": [""Justification""], ""7"": [], ""11"": []}",0.0,0.0,0.0,,1.0,1.0,1.0,,0.0,1.0
yenicag:450637,yenicag,2021-05-07,3,8,1025,1089,Hücrenin ne yapacağını belirleyen kritik bilgiyi değiştiriyoruz.,0,,0,0,,0,0,,0,8,0,0,0,0,1,0,0,0,0,"{""6"": [""Justification""], ""7"": [], ""11"": []}",0.0,0.0,0.0,,1.0,1.0,1.0,,0.0,1.0
yenicag:450637,yenicag,2021-05-07,3,9,1090,1271,"Hastaya bir virüsün proteinini vermek yerine, onlara proteinin nasıl yapılacağı, vücudun kendi aşısını nasıl yapabileceği konusunda talimatlar verdiğimizi düşünün"" dediği biliniyor.",1,yapılacağı | biliniyor,2,0,,0,0,,1,25,0,0,0,0,1,0,0,0,0,"{""6"": [""Justification""], ""7"": [], ""11"": []}",0.0,0.0,0.0,,1.0,1.0,1.0,,0.0,1.0
yenicag:450637,yenicag,2021-05-07,3,10,1271,1384,Yöntemin kanser hücrelerini çoğaltacağını sonra da kansere karşı yeni aşı tavsiye edileceğini söyleyenler de var.,1,edileceğini,1,0,,0,0,,1,16,0,0,0,0,0,0,0,0,0,"{""6"": [], ""7"": [], ""11"": []}",0.0,0.0,0.0,,0.0,0.0,0.0,,0.0,0.0
yenicag:450637,yenicag,2021-05-07,3,11,1384,1524,"Bağımsız gazetecilik yapan Leo Hohmann, ""mRNA aşısının potansiyel olarak en yıkıcı yan etkilerinden biri, kanser hücreleriyle etkileşimidir.",0,,0,0,,0,0,,0,23,0,1,0,0,0,0,0,0,0,"{""6"": [], ""7"": [], ""11"": []}",1.0,1.0,1.0,,0.0,0.0,0.0,,1.0,0.0
yenicag:450637,yenicag,2021-05-07,3,12,1525,1769,"New York City merkezli Sloan Kettering Kanser Merkezi''nde yapılan bir araştırmaya göre, mRNA''nın tümör baskılayıcı proteinleri inaktive etme eğilimi var, bu da zaten var olan kanser hücrelerinin büyümesini destekleyebileceği anlamına geliyor.",1,yapılan,1,0,,0,0,,1,34,0,0,0,0,1,0,0,0,0,"{""6"": [""Justification""], ""7"": [], ""11"": []}",0.0,0.0,0.0,,1.0,1.0,1.0,,0.0,1.0
yenicag:450637,yenicag,2021-05-07,3,13,1769,1835,Hem Moderna hem de Pfizer enjeksiyonları deneysel mRNA aşılarıdır.,0,,0,0,,0,0,,0,11,1,0,0,0,0,0,0,0,0,"{""6"": [], ""7"": [], ""11"": []}",1.0,1.0,1.0,,0.0,0.0,0.0,,1.0,0.0
yenicag:450637,yenicag,2021-05-07,3,14,1836,2020,"FDA bu enjeksiyonlara sadece 2023''e kadar Acil Kullanım İzni vermiştir ancak hükümet, medya ve şirketler bunların hepsi güvenli oldukları garanti edilmiş gibi aşıya teşvik etmektedir.",1,edilmiş,1,1,vermiştir | edilmiş,2,0,,1,29,1,0,0,0,0,0,0,0,0,"{""6"": [], ""7"": [], ""11"": []}",1.0,1.0,1.0,0.0,0.0,0.0,0.0,,1.0,0.0
yenicag:450637,yenicag,2021-05-07,3,15,2020,2194,"Bu sistemik aldatma, bence, tarihin dikiz aynasında insan ırkına karşı şimdiye kadar işlenmiş en pervasız tıbbi ihanet eylemlerinden biri olarak yargılanacaktır."" diye yazdı.",1,işlenmiş | yargılanacaktır,2,1,işlenmiş,1,0,,1,27,0,0,0,0,0,1,0,0,0,"{""6"": [""Manipulative Wording""], ""7"": [""Manipulative Wording""], ""11"": []}",0.0,0.0,0.0,,1.0,1.0,1.0,0.0,0.0,1.0
yenicag:450637,yenicag,2021-05-07,3,16,2194,2278,"Öyleyse nüfusun tamamını aşılamak, nüfusun tamamını kanser etmek anlamına gelebilir!",0,,0,0,,0,0,,0,13,0,0,0,0,0,0,1,0,0,"{""6"": [""Simplification""], ""7"": [""Simplification""], ""11"": []}",0.0,0.0,0.0,,1.0,1.0,1.0,0.0,0.0,1.0
yenicag:450637,yenicag,2021-05-07,3,17,2279,2324,Konuyla ilgili hiçbir bilimsel araştırma yok.,0,,0,0,,0,0,,0,7,0,0,0,0,0,0,0,0,0,"{""6"": [], ""7"": [], ""11"": []}",0.0,0.0,0.0,,0.0,0.0,0.0,,0.0,0.0
yenicag:450637,yenicag,2021-05-07,3,18,2325,2348,"Aşılar, yasal da değil!",0,,0,0,,0,0,,0,6,0,0,0,0,0,0,0,0,0,"{""6"": [], ""7"": [], ""11"": []}",0.0,0.0,0.0,,0.0,0.0,0.0,,0.0,0.0
yenicag:450637,yenicag,2021-05-07,3,19,2349,2550,"Hükûmetler, ""Acil Kullanım Onayı"" veriyor ama bu onayların hiçbir bilimsel dayanağı yok!Anlaşılıyor ki birinci doz, ikince doz, üçüncü doz, dördüncü doz, on dördüncü doz diye aşılamaya devam edecekler.",1,Anlaşılıyor,1,0,,0,0,,1,37,1,0,0,0,0,0,0,0,0,"{""6"": [], ""7"": [], ""11"": []}",1.0,1.0,1.0,,0.0,0.0,0.0,,1.0,0.0
yenicag:450637,yenicag,2021-05-07,3,20,2551,2938,"Eğer takatimiz kalırsa, ayakta durabilirsek, ""Bir dozdur, iki dozdur, üç dozdur dört dozdur on dört dozdur, bana bir bade doldur, bu ne biçim düğündür, ha ninnah!"" diye hep birlikte oynamaya başlarız!Dışişleri Bakanı Mevlüt Çavuşoğlu ise Almanya Dışişleri Bakanı Maas ile heyetler arası görüşmenin ardından ortak basın toplantısında ""Turizm sektöründe çalışanların tamamını aşılayacağız.",0,,0,0,,0,0,,0,66,1,0,0,0,0,1,0,0,0,"{""6"": [""Manipulative Wording""], ""7"": [], ""11"": []}",1.0,1.0,1.0,0.0,1.0,1.0,1.0,,1.0,1.0
yenicag:450637,yenicag,2021-05-07,3,21,2939,2985,15 yataklı otellere bile sertifikasyon verdik.,0,,0,0,,0,0,,0,7,0,0,0,0,0,0,0,0,0,"{""6"": [], ""7"": [], ""11"": []}",0.0,0.0,0.0,,0.0,0.0,0.0,,0.0,0.0
yenicag:450637,yenicag,2021-05-07,3,22,2986,3021,PCR testi uygulamamızı genişlettik.,0,,0,0,,0,0,,0,5,0,0,0,0,0,0,0,0,0,"{""6"": [], ""7"": [], ""11"": []}",0.0,0.0,0.0,,0.0,0.0,0.0,,0.0,0.0
yenicag:450637,yenicag,2021-05-07,3,23,3022,3061,Vaka sayılarımız her geçen gün düşüyor.,0,,0,0,,0,0,,0,7,0,0,0,0,0,0,0,0,0,"{""6"": [], ""7"": [], ""11"": []}",0.0,0.0,0.0,,0.0,0.0,0.0,,0.0,0.0
yenicag:450637,yenicag,2021-05-07,3,24,3062,3235,"Turizm sezonuna güvenli bir şekilde girebilmek ve vatandaşlarımızın güvenliği için bazı tedbirler aldık, turistin görebileceği herkesi Mayıs sonuna kadar aşılayacağız"" dedi.",0,,0,0,,0,0,,0,25,0,1,0,0,0,0,0,0,0,"{""6"": [], ""7"": [], ""11"": []}",1.0,1.0,1.0,,0.0,0.0,0.0,,1.0,0.0
yenicag:450637,yenicag,2021-05-07,3,25,3235,3273,Yani burada önemli olan turistin canı!,0,,0,0,,0,0,,0,8,0,0,0,0,0,0,0,0,0,"{""6"": [], ""7"": [], ""11"": []}",0.0,0.0,0.0,,0.0,0.0,0.0,,0.0,0.0
yenicag:450637,yenicag,2021-05-07,3,26,3274,3327,"Türk, aşı olacak ama kendisi için değil, turist için!",0,,0,0,,0,0,,0,12,0,0,1,0,0,0,1,0,0,"{""6"": [""Simplification""], ""7"": [], ""11"": []}",1.0,1.0,1.0,0.0,1.0,1.0,1.0,,1.0,1.0
yenicag:450637,yenicag,2021-05-07,3,27,3328,3338,Bilesiniz!,0,,0,0,,0,0,,0,2,0,0,0,0,0,0,0,0,0,"{""6"": [], ""7"": [], ""11"": []}",0.0,0.0,0.0,,0.0,0.0,0.0,,0.0,0.0
yenicag:450637,yenicag,2021-05-07,3,28,3340,3341,#,0,,0,0,,0,0,,0,1,0,0,0,0,0,0,0,0,0,"{""6"": [], ""7"": [], ""11"": []}",0.0,0.0,0.0,,0.0,0.0,0.0,,0.0,0.0
yenicag:450637,yenicag,2021-05-07,3,29,3342,3403,"Bir dozdur, iki dozdur üç dozdur, dört dozdur on dört dozdur!",0,,0,0,,0,0,,0,14,0,0,0,0,0,0,0,0,0,"{""6"": [], ""7"": [], ""11"": []}",0.0,0.0,0.0,,0.0,0.0,0.0,,0.0,0.0
yenicag:491121,yenicag,2021-12-06,2,0,0,42,"Bir kadın gazeteci, Fauci'yi perişan etti!",0,,0,0,,0,0,,0,8,0,0,0,0,0,0,0,0,0,"{""7"": [], ""11"": []}",0.0,0.0,0.0,,0.0,0.0,0.0,,0.0,0.0
yenicag:491121,yenicag,2021-12-06,2,1,44,77,"Dünyada ""bilim""i kim temsil eder?",0,,0,0,,0,0,,0,7,0,0,0,0,0,0,0,0,0,"{""7"": [], ""11"": []}",0.0,0.0,0.0,,0.0,0.0,0.0,,0.0,0.0
yenicag:491121,yenicag,2021-12-06,2,2,78,162,"Bu soruyu cevaplandırmak için öncelikle ""bilim""in ne olduğunu doğru anlamak gerekir.",0,,0,0,,0,0,,0,13,0,0,0,0,0,0,0,0,0,"{""7"": [], ""11"": []}",0.0,0.0,0.0,,0.0,0.0,0.0,,0.0,0.0
yenicag:491121,yenicag,2021-12-06,2,3,163,220,"Bilim, doğada zaten mevcut olan yasaları bulmaya çalışır.",0,,0,0,,0,0,,0,10,0,0,0,0,0,0,0,0,0,"{""7"": [], ""11"": []}",0.0,0.0,0.0,,0.0,0.0,0.0,,0.0,0.0
yenicag:491121,yenicag,2021-12-06,2,4,221,285,"""Yer çekimi kanunu, insan tarafından anlaşılmadan önce de vardı.",1,anlaşılmadan,1,0,,0,1,,0,13,0,0,0,0,0,0,0,0,0,"{""7"": [], ""11"": []}",0.0,0.0,0.0,,0.0,0.0,0.0,,0.0,0.0
yenicag:491121,yenicag,2021-12-06,2,5,286,336,"İnsan sadece onu keşfetti"" diyebileceğimiz gibi...",0,,0,0,,0,0,,0,7,0,0,0,0,0,0,0,0,0,"{""7"": [], ""11"": []}",0.0,0.0,0.0,,0.0,0.0,0.0,,0.0,0.0
yenicag:491121,yenicag,2021-12-06,2,6,338,395,"Bilimin temeli, araştırma, deney, gözlem ve sorgulamadır.",0,,0,0,,0,0,,0,12,0,0,0,0,0,0,0,0,0,"{""7"": [], ""11"": []}",0.0,0.0,0.0,,0.0,0.0,0.0,,0.0,0.0
yenicag:491121,yenicag,2021-12-06,2,7,396,548,"Bu yöntemleri reddederek, ""Benim kabullerim bilimdir, karşı çıkan bilime karşıdır"" dediğiniz zaman, bilimi değil, zorbalığı temsil ediyorsunuz demektir.",0,,0,0,,0,0,,0,28,0,0,0,0,0,0,0,0,0,"{""7"": [], ""11"": []}",0.0,0.0,0.0,,0.0,0.0,0.0,,0.0,0.0
yenicag:491121,yenicag,2021-12-06,2,8,550,645,"""Toplumun yüzde 60''ı, 70''i aşı olacak ki pandemi ortadan kalksın"" diye bir kabulü dayattılar.",0,,0,0,,0,0,,0,17,0,0,0,0,0,0,0,0,0,"{""7"": [], ""11"": []}",0.0,0.0,0.0,,0.0,0.0,0.0,,0.0,0.0
yenicag:491121,yenicag,2021-12-06,2,9,646,813,"Başlangıçta herkes medya üzerinden korkutulduğu için ""Yaşanan olay, gerçekte virüse bağlı bir pandemi midir yoksa başka sebeplere mi dayanıyor"" diye kimse araştırmadı.",1,Yaşanan,1,0,,0,0,,1,27,0,0,0,0,0,0,0,0,0,"{""7"": [], ""11"": []}",0.0,0.0,0.0,,0.0,0.0,0.0,,0.0,0.0
yenicag:491121,yenicag,2021-12-06,2,10,815,1054,"Sisler dağılmaya başladığından ve aşı dedikleri genetik terapi sıvılarının, hastalanmayı ve bulaşmayı önlemediği halde, hâlâ ""ölümleri engelliyor"" gerekçesiyle aşı olmayanları sokağa çıkarmayarak, bilim adına zorbalık yağmaya çalışıyorlar.",1,hastalanmayı | bulaşmayı,2,0,,0,0,,1,32,0,0,0,0,1,0,0,0,0,"{""7"": [""Justification""], ""11"": []}",0.0,0.0,0.0,,1.0,1.0,1.0,,0.0,1.0
yenicag:491121,yenicag,2021-12-06,2,11,1055,1170,Aşıların ölümleri önlemediği de anlaşıldı ama otopsiye izin vermedikleri için insanların neden öldüğü ortada kaldı?,1,anlaşıldı,1,0,,0,0,,1,16,0,0,0,0,1,0,0,0,0,"{""7"": [""Justification""], ""11"": []}",0.0,0.0,0.0,,1.0,1.0,1.0,,0.0,1.0
yenicag:491121,yenicag,2021-12-06,2,12,1171,1318,"Hastalığın, vücudun sıvı elektrolit dengesini bozarak başladığını, tedavisinin çok basit olduğunu söyleyen ve hastalarının tamamını iyileştiren Dr.",0,,0,0,,0,0,,0,19,0,0,0,0,0,0,0,0,0,"{""7"": [], ""11"": []}",0.0,0.0,0.0,,0.0,0.0,0.0,,0.0,0.0
yenicag:491121,yenicag,2021-12-06,2,13,1319,1494,"Orhan Kara hakkında ""Sağlık Bakanlığı tedavi şemasına uymuyor, yoğurt, kefir ve kayısı suyu tavsiye ediyor"" diye soruşturma açtılar, emeklilik isteğini de hemen kabul ettiler.",0,,0,0,,0,0,,0,30,0,0,0,0,0,0,0,0,0,"{""7"": [], ""11"": []}",0.0,0.0,0.0,,0.0,0.0,0.0,,0.0,0.0
yenicag:491121,yenicag,2021-12-06,2,14,1495,1544,"Şimdi, aşı bulduğunu söyleyen ama aşı olmayan Dr.",0,,0,0,,0,0,,0,9,0,0,0,0,0,0,0,0,0,"{""7"": [], ""11"": []}",0.0,0.0,0.0,,0.0,0.0,0.0,,0.0,0.0
yenicag:491121,yenicag,2021-12-06,2,15,1545,1591,Uğur Şahin''in her gün kefir içtiği anlaşıldı.,1,anlaşıldı,1,0,,0,0,,1,8,0,0,0,0,0,0,0,0,0,"{""7"": [], ""11"": []}",0.0,0.0,0.0,,0.0,0.0,0.0,,0.0,0.0
yenicag:491121,yenicag,2021-12-06,2,16,1593,1809,"Son varyant Omicron''u tespit eden Güney Afrikalı doktor, ""Çok hafif seyrediyor"" dediği ve bu varyanttan kimse ölmediği halde, bu gelişmeyi zorunlu aşı veya aşısızlara sokağa çıkma yasağı için kullanmaya kalkıştılar.",0,,0,0,,0,0,,0,36,0,0,0,0,0,0,0,0,0,"{""7"": [], ""11"": []}",0.0,0.0,0.0,,0.0,0.0,0.0,,0.0,0.0
yenicag:491121,yenicag,2021-12-06,2,17,1811,1949,Bütün bu zorbalıkların kaynağında bulunan kişi 1984''ten beri ABD Ulusal Alerji ve Enfeksiyon Hastalıkları Enstitüsü''nün başkanı olan Dr.,0,,0,0,,0,0,,0,18,0,0,0,0,0,0,0,0,0,"{""7"": [], ""11"": []}",0.0,0.0,0.0,,0.0,0.0,0.0,,0.0,0.0
yenicag:491121,yenicag,2021-12-06,2,18,1950,2044,Anthony Fauci''nin başı bugünlerde Fox News yayın hizmeti sunucusu Lara Logan ile başı dertte.,0,,0,0,,0,0,,0,15,0,0,0,0,0,0,0,0,0,"{""7"": [], ""11"": []}",0.0,0.0,0.0,,0.0,0.0,0.0,,0.0,0.0
yenicag:491121,yenicag,2021-12-06,2,19,2046,2110,"Lara Logan, Güney Afrikalı bir kadın gazeteci ve savaş muhabiri.",0,,0,0,,0,0,,0,12,0,0,0,0,0,0,0,0,0,"{""7"": [], ""11"": []}",0.0,0.0,0.0,,0.0,0.0,0.0,,0.0,0.0
yenicag:491121,yenicag,2021-12-06,2,20,2111,2194,"Son yıllarda Fox News''de haber sunuculuğu ve ""60 dakika"" diye bir program yapıyor.",0,,0,0,,0,0,,0,14,0,0,0,0,0,0,0,0,0,"{""7"": [], ""11"": []}",0.0,0.0,0.0,,0.0,0.0,0.0,,0.0,0.0
yenicag:491121,yenicag,2021-12-06,2,21,2196,2227,"Lara Logan, ""İnsanlar bana''Dr.",0,,0,0,,0,0,,0,7,0,0,0,0,0,0,0,0,0,"{""7"": [], ""11"": []}",0.0,0.0,0.0,,0.0,0.0,0.0,,0.0,0.0
yenicag:491121,yenicag,2021-12-06,2,22,2228,2287,"Fauci''de ne buluyorsunuz, o bilimi temsil etmiyor'' diyor.",0,,0,0,,0,0,,0,10,0,0,0,0,0,0,0,0,0,"{""7"": [], ""11"": []}",0.0,0.0,0.0,,0.0,0.0,0.0,,0.0,0.0
yenicag:491121,yenicag,2021-12-06,2,23,2288,2291,Dr.,0,,0,0,,0,0,,0,2,1,0,0,0,0,0,0,0,0,"{""7"": [], ""11"": []}",1.0,1.0,1.0,,0.0,0.0,0.0,,1.0,0.0
yenicag:491121,yenicag,2021-12-06,2,24,2292,2443,"Fauci, İkinci Dünya Savaşı sırasında, toplama kamplarında Yahudiler üzerinde deneyler yapan Nazi doktoru Josef Mengele''yi temsil ediyor"" diye konuştu.",0,,0,0,,0,0,,0,23,1,0,0,0,0,0,0,0,0,"{""7"": [], ""11"": []}",1.0,1.0,1.0,,0.0,0.0,0.0,,1.0,0.0
yenicag:491121,yenicag,2021-12-06,2,25,2445,2448,Dr.,0,,0,0,,0,0,,0,2,0,0,0,1,0,0,0,0,0,"{""7"": [], ""11"": [""Attack on Reputation""]}",0.0,0.0,0.0,,1.0,1.0,1.0,,0.0,1.0
yenicag:491121,yenicag,2021-12-06,2,26,2449,2515,"Fauci ise, ""Fox haber ağı, bunları söylemesine nasıl izin veriyor?",0,,0,0,,0,0,,0,14,0,0,0,1,0,0,0,0,0,"{""7"": [], ""11"": [""Attack on Reputation""]}",0.0,0.0,0.0,,1.0,1.0,1.0,,0.0,1.0
yenicag:491121,yenicag,2021-12-06,2,27,2516,2585,"Neden ona bir ceza verilmedi, buna hayret ediyorum"" diye cevap verdi.",1,verilmedi,1,0,,0,0,,1,14,0,0,0,1,0,0,0,0,0,"{""7"": [], ""11"": [""Attack on Reputation""]}",0.0,0.0,0.0,,1.0,1.0,1.0,,0.0,1.0
yenicag:491121,yenicag,2021-12-06,2,28,2587,2617,Washington Times''ta Cheryl K.,0,,0,0,,0,0,,0,5,0,0,0,0,0,0,0,0,0,"{""7"": [], ""11"": []}",0.0,0.0,0.0,,0.0,0.0,0.0,,0.0,0.0
yenicag:491121,yenicag,2021-12-06,2,29,2618,2661,"Chumley ise bu tartışmayı özetleyerek, ""Dr.",0,,0,0,,0,0,,0,9,0,0,0,0,0,0,0,0,0,"{""7"": [], ""11"": []}",0.0,0.0,0.0,,0.0,0.0,0.0,,0.0,0.0
yenicag:491121,yenicag,2021-12-06,2,30,2662,2721,"Fauci, şimdi de haberleri sansürlemek istiyor."" diye yazdı.",0,,0,0,,0,0,,0,11,0,0,0,0,0,0,0,0,0,"{""7"": [], ""11"": []}",0.0,0.0,0.0,,0.0,0.0,0.0,,0.0,0.0
yenicag:491121,yenicag,2021-12-06,2,31,2723,3117,"Fauci''yi ""Sinsi bir yılan yağı satıcısı""na benzeten Chumley, ""Koronavirüs çılgınlığı boyunca bireysel özgürlüklere kısıtlama getirmek, işletmeleri kapatmak, okulları kapatmak, kiliseleri kapatmak, insanları önce bir yüz maskesi sonra iki yüz maskesi takmaya ve önce bir aşı sonra iki aşı daha sonra güçlendirici aşıya zorlamak yetmemiş gibi bir de politika yapmadığını öne sürüyor"" diye yazdı.",0,,0,1,yetmemiş,1,0,,0,62,0,0,0,0,0,0,0,0,0,"{""7"": [], ""11"": []}",0.0,0.0,0.0,,0.0,0.0,0.0,,0.0,0.0
yenicag:491121,yenicag,2021-12-06,2,32,3119,3314,"""Yılan yağı satıcısı,"" Amerika''da şehir şehir, kasaba kasaba dolaşarak hastalıklara iyi geldiği iddiasıyla faydasız sıvıları, yılan yağı gibi isimlerle ilaç diye satan dolandırıcılara deniliyor.",1,deniliyor,1,0,,0,0,,1,30,0,0,0,0,0,0,0,0,0,"{""7"": [], ""11"": []}",0.0,0.0,0.0,,0.0,0.0,0.0,,0.0,0.0
yenicag:491121,yenicag,2021-12-06,2,33,3315,3422,Sonradan değersiz bir malı değerliymiş gibi göstererek satanların hepsi bu deyimle ifade edilmeye başlandı.,1,edilmeye | başlandı,2,0,,0,0,,1,16,0,0,0,0,0,0,0,0,0,"{""7"": [], ""11"": []}",0.0,0.0,0.0,,0.0,0.0,0.0,,0.0,0.0
yenicag:507458,yenicag,2022-02-07,2,0,0,34,"AB, AİHM, Demokrasi - Kerim Yılmaz",0,,0,0,,0,0,,0,8,0,0,0,0,0,0,0,0,0,"{""7"": [], ""11"": []}",0.0,0.0,0.0,,0.0,0.0,0.0,,0.0,0.0
yenicag:507458,yenicag,2022-02-07,2,1,36,118,Her aşaması muhataralı olsa da altmış yıllık AB maceramızın kökü epeyce eskilerde.,0,,0,0,,0,0,,0,13,0,0,0,0,0,0,0,0,0,"{""7"": [], ""11"": []}",0.0,0.0,0.0,,0.0,0.0,0.0,,0.0,0.0
yenicag:507458,yenicag,2022-02-07,2,2,119,238,Bugünlerde dizilerde İngiliz elçisi tokatlayan Abdülhamit dahil Osmanlı''nın son 2 asrında yüzü hep Avrupa''ya dönüktü.,0,,0,0,,0,0,,0,16,0,0,0,0,0,0,0,0,0,"{""7"": [], ""11"": []}",0.0,0.0,0.0,,0.0,0.0,0.0,,0.0,0.0
yenicag:507458,yenicag,2022-02-07,2,3,239,325,Cumhuriyet''le birlikte modern devletimizin inşası ve gelişmesinde de çok etkili oldu.,0,,0,0,,0,0,,0,12,0,0,0,0,0,0,0,0,0,"{""7"": [], ""11"": []}",0.0,0.0,0.0,,0.0,0.0,0.0,,0.0,0.0
yenicag:507458,yenicag,2022-02-07,2,4,326,517,"Hukuk devrimi yapan Atatürk’ün izinde yürüyen İnönü, Menderes, Demirel, Özal ve Ecevit Avrupa ile kategorik karşıtlık yerine eşitlikçi bir anlayışla ilişki kurup hukuki metinleri imzaladılar.",0,,0,0,,0,0,,0,29,1,0,0,0,0,0,0,0,0,"{""7"": [], ""11"": []}",1.0,1.0,1.0,,0.0,0.0,0.0,,1.0,0.0
yenicag:507458,yenicag,2022-02-07,2,5,518,582,Örneğin; Avrupa İnsan Hakları Sözleşmesi''ni 1952''de imzaladık.,0,,0,0,,0,0,,0,9,0,0,0,0,0,0,0,0,0,"{""7"": [], ""11"": []}",0.0,0.0,0.0,,0.0,0.0,0.0,,0.0,0.0
yenicag:507458,yenicag,2022-02-07,2,6,583,664,Her akit taraf gibi (ihtirazi kayıt dışında) bizi de bağlayacağını taahhüt ettik.,0,,0,0,,0,0,,0,15,0,0,0,0,0,0,0,0,0,"{""7"": [], ""11"": []}",0.0,0.0,0.0,,0.0,0.0,0.0,,0.0,0.0
yenicag:507458,yenicag,2022-02-07,2,7,666,767,"Şimdilerde bizi bağlar bağlamaz, tanırız tanımayız lafları hukuken, siyaseten ve aklen boş laflardır.",0,,0,0,,0,0,,0,17,0,0,0,0,0,0,0,0,0,"{""7"": [], ""11"": []}",0.0,0.0,0.0,,0.0,0.0,0.0,,0.0,0.0
yenicag:507458,yenicag,2022-02-07,2,8,768,840,Taraf olduğumuz ve imzamızla taahhüt ettiğimiz her sözleşme bizi bağlar.,0,,0,0,,0,0,,0,11,0,0,0,0,0,0,0,0,0,"{""7"": [], ""11"": []}",0.0,0.0,0.0,,0.0,0.0,0.0,,0.0,0.0
yenicag:507458,yenicag,2022-02-07,2,9,841,887,AİHM de bu sözleşmenin bir unsuru ve hükmüdür.,0,,0,0,,0,0,,0,10,0,0,0,0,0,0,0,0,0,"{""7"": [], ""11"": []}",0.0,0.0,0.0,,0.0,0.0,0.0,,0.0,0.0
yenicag:507458,yenicag,2022-02-07,2,10,888,1019,İşin ironik yanı AİHM’nin bizim mahkeme kararlarımız üzerinde insan hakları denetimini yapmasını ‘tanıyan’ da R.Tayyip Erdoğan’dır.,0,,0,0,,0,0,,0,18,0,1,0,1,0,0,0,0,0,"{""7"": [""Attack on Reputation""], ""11"": []}",1.0,1.0,1.0,,1.0,1.0,1.0,,1.0,1.0
yenicag:507458,yenicag,2022-02-07,2,11,1021,1242,Zira insan hak ve özgürlükleri konusundaki uluslararası sözleşmeleri iç hukukumuzdan daha üst norm yapan Anayasa’nın 90. maddesi 2004 yılında bu iktidar döneminde ve Başbakan Erdoğan’ın imzaladığı teklifle Meclis’e geldi.,0,,0,0,,0,0,,0,31,0,0,0,0,0,0,0,0,0,"{""7"": [], ""11"": []}",0.0,0.0,0.0,,0.0,0.0,0.0,,0.0,0.0
yenicag:507458,yenicag,2022-02-07,2,12,1243,1284,Çoğunlukla da AKP oylarıyla kabul edildi.,1,edildi,1,0,,0,0,,1,7,0,0,0,0,0,0,0,0,0,"{""7"": [], ""11"": []}",0.0,0.0,0.0,,0.0,0.0,0.0,,0.0,0.0
yenicag:507458,yenicag,2022-02-07,2,13,1286,1451,Anayasa 90''a göre AİHS iç hukuktaki kanunlarımızdan üstündür ve Türkiye “Avrupa İnsan Hakları Mahkemesi’nin denetleyici yargı yetkisine tâbi olmayı” kabul etmiştir.,0,,0,1,etmiştir,1,0,,0,25,0,0,0,0,0,0,0,0,0,"{""7"": [], ""11"": []}",0.0,0.0,0.0,,0.0,0.0,0.0,,0.0,0.0
yenicag:507458,yenicag,2022-02-07,2,14,1452,1511,"Tanımıyorum, kabul etmiyorum deme şans ve imkânınız yoktur.",0,,0,0,,0,0,,0,11,0,0,0,0,0,0,0,0,0,"{""7"": [], ""11"": []}",0.0,0.0,0.0,,0.0,0.0,0.0,,0.0,0.0
yenicag:507458,yenicag,2022-02-07,2,15,1512,1557,Etmezseniz ne olur sözleşmede o da yazılıdır.,0,,0,0,,0,0,,0,9,0,0,0,0,0,0,0,0,0,"{""7"": [], ""11"": []}",0.0,0.0,0.0,,0.0,0.0,0.0,,0.0,0.0
yenicag:507458,yenicag,2022-02-07,2,16,1558,1648,AİHM kararlarını uygulamayan ülkeler hakkında “Bakanlar Komitesi” ihlal sürecini başlatır.,0,,0,0,,0,0,,0,11,0,0,0,0,0,0,0,0,0,"{""7"": [], ""11"": []}",0.0,0.0,0.0,,0.0,0.0,0.0,,0.0,0.0
yenicag:507458,yenicag,2022-02-07,2,17,1650,1705,Başlatsa ne olur derseniz Avrupa Konseyinden çıkarılır.,1,çıkarılır,1,0,,0,0,,1,8,0,0,0,0,0,0,0,0,0,"{""7"": [], ""11"": []}",0.0,0.0,0.0,,0.0,0.0,0.0,,0.0,0.0
yenicag:507458,yenicag,2022-02-07,2,18,1706,1747,Neredeyse 2 asırlık uğraşımız boşa gider.,0,,0,0,,0,0,,0,8,0,0,0,0,0,0,0,0,0,"{""7"": [], ""11"": []}",0.0,0.0,0.0,,0.0,0.0,0.0,,0.0,0.0
yenicag:507458,yenicag,2022-02-07,2,19,1748,1824,Tamamen siyasi saiklerle yargımızın itibarını yerle bir eden bu kapris niye?,0,,0,0,,0,0,,0,12,0,0,0,0,0,0,0,0,0,"{""7"": [], ""11"": []}",0.0,0.0,0.0,,0.0,0.0,0.0,,0.0,0.0
yenicag:507458,yenicag,2022-02-07,2,20,1825,1865,Atılan taş ürkütülen kurbağaya değer mi?,1,Atılan | ürkütülen,2,0,,0,0,,1,7,0,0,0,0,0,0,0,0,0,"{""7"": [], ""11"": []}",0.0,0.0,0.0,,0.0,0.0,0.0,,0.0,0.0
yenicag:507458,yenicag,2022-02-07,2,21,1867,2040,"AB istatistiklerine göre; 2002 ile 2017 arasında ifade özgürlüğü ve adil yargılanma hakkı ihlali yanı sıra, çeşitli temel hak ve özgürlükleri en çok ihlal eden ülke Türkiye.",1,yargılanma,1,0,,0,0,,1,31,0,0,0,0,0,0,0,0,0,"{""7"": [], ""11"": []}",0.0,0.0,0.0,,0.0,0.0,0.0,,0.0,0.0
yenicag:507458,yenicag,2022-02-07,2,22,2041,2151,"AİHM kararları gereği, Avrupa Konseyi''ne üye 47 ülke arasında en çok tazminat ödemeye mahkûm olan da Türkiye.",0,,0,0,,0,0,,0,19,0,0,0,0,0,0,0,0,0,"{""7"": [], ""11"": []}",0.0,0.0,0.0,,0.0,0.0,0.0,,0.0,0.0
yenicag:507458,yenicag,2022-02-07,2,23,2152,2198,On beş yılda 270 milyon 816 bin Euro ödemişiz.,0,,0,0,,0,0,,0,10,0,0,0,0,0,0,0,0,0,"{""7"": [], ""11"": []}",0.0,0.0,0.0,,0.0,0.0,0.0,,0.0,0.0
yenicag:507458,yenicag,2022-02-07,2,24,2200,2278,Hukuk devletinde uzaklaşıp bu ucube sisteme geçişimizle tazminatlar da artmış.,0,,0,1,artmış,1,0,,0,11,0,0,0,0,0,0,0,0,0,"{""7"": [], ""11"": []}",0.0,0.0,0.0,,0.0,0.0,0.0,,0.0,0.0
yenicag:507458,yenicag,2022-02-07,2,25,2279,2367,"2017''den sonra 11 milyon 600 bin, 20 milyon 743 bin Euro gibi tazminatlara hükmedilmiş.",1,hükmedilmiş,1,1,hükmedilmiş,1,0,,1,16,0,0,0,0,0,0,0,0,0,"{""7"": [], ""11"": []}",0.0,0.0,0.0,,0.0,0.0,0.0,,0.0,0.0
yenicag:507458,yenicag,2022-02-07,2,26,2368,2417,Tanımayacaktık madem bunca tazminatı niye ödedik?,0,,0,0,,0,0,,0,7,0,0,0,0,0,0,0,0,0,"{""7"": [], ""11"": []}",0.0,0.0,0.0,,0.0,0.0,0.0,,0.0,0.0
yenicag:507458,yenicag,2022-02-07,2,27,2418,2540,Hukuku uygulamak ve adil olmak çok daha kolay ve onurlu iken neden yapmadık da fakir halkın sırtına bir de bunları sardık.,0,,0,0,,0,0,,0,23,0,0,0,0,0,0,0,0,0,"{""7"": [], ""11"": []}",0.0,0.0,0.0,,0.0,0.0,0.0,,0.0,0.0
yenicag:507458,yenicag,2022-02-07,2,28,2542,2673,Daha önce Erdoğan ve Gül''ün hak aramaya gittikleri AİHM yabancı şimdilerde bize de düşman o yüzden aleyhimize karar verdi diyelim.,0,,0,0,,0,0,,0,21,1,0,0,0,0,0,0,0,0,"{""7"": [], ""11"": []}",1.0,1.0,1.0,,0.0,0.0,0.0,,1.0,0.0
yenicag:507458,yenicag,2022-02-07,2,29,2674,2807,Geçenlerde Anayasa Mahkemesi Başkanı özellikle yargı uygulamalarına karşı bireysel başvuruların yüzde yetmişinde hak ihlali var dedi.,0,,0,0,,0,0,,0,17,0,0,0,0,0,0,0,0,0,"{""7"": [], ""11"": []}",0.0,0.0,0.0,,0.0,0.0,0.0,,0.0,0.0
yenicag:507458,yenicag,2022-02-07,2,30,2808,2829,Buna ne diyeceksiniz?,0,,0,0,,0,0,,0,4,0,0,0,0,0,0,0,0,0,"{""7"": [], ""11"": []}",0.0,0.0,0.0,,0.0,0.0,0.0,,0.0,0.0
yenicag:507458,yenicag,2022-02-07,2,31,2830,2940,"Bir ülkede bizzat ilk derece hukuku katlediyor hakları ihlal ediyorsa, ona buna şuna efelenmenin anlamı olmaz.",0,,0,0,,0,0,,0,18,0,0,0,1,0,0,0,0,0,"{""7"": [""Attack on Reputation""], ""11"": []}",0.0,0.0,0.0,,1.0,1.0,1.0,,0.0,1.0
yenicag:507458,yenicag,2022-02-07,2,32,2942,3034,AİHM''e diklenmek yerine Anayasa mahkemesi hükmünü tanımayan ilk derece hakimlerine bakınız.,0,,0,0,,0,0,,0,12,0,0,0,0,0,0,0,0,0,"{""7"": [], ""11"": []}",0.0,0.0,0.0,,0.0,0.0,0.0,,0.0,0.0
yenicag:507458,yenicag,2022-02-07,2,33,3035,3117,"Onların kararları yüzünden ülke sürekli tazminata mahkum oluyor, niye görmezsiniz?",0,,0,0,,0,0,,0,12,0,0,0,0,0,0,0,0,0,"{""7"": [], ""11"": []}",0.0,0.0,0.0,,0.0,0.0,0.0,,0.0,0.0
yenicag:507458,yenicag,2022-02-07,2,34,3119,3197,"Demokrasi, hukuk devleti, güçlü sivil toplum ve özgür medya sacayağına oturur.",0,,0,0,,0,0,,0,14,0,0,0,0,0,0,0,0,0,"{""7"": [], ""11"": []}",0.0,0.0,0.0,,0.0,0.0,0.0,,0.0,0.0
yenicag:507458,yenicag,2022-02-07,2,35,3198,3247,Hukuk devletinin temeli de yargı bağımsızlığıdır.,0,,0,0,,0,0,,0,8,0,0,0,0,0,0,0,0,0,"{""7"": [], ""11"": []}",0.0,0.0,0.0,,0.0,0.0,0.0,,0.0,0.0
yenicag:507458,yenicag,2022-02-07,2,36,3248,3318,Bunu yok ederek hukuk devletini zayıflatırsanız diğerleri de yok olur.,0,,0,0,,0,0,,0,11,0,0,0,0,0,0,0,0,0,"{""7"": [], ""11"": []}",0.0,0.0,0.0,,0.0,0.0,0.0,,0.0,0.0
yenicag:507458,yenicag,2022-02-07,2,37,3319,3452,"Bugün ülkemizde üçünün de yok denecek kadar azalması, zayıflaması içeride halkı mutsuz ediyor, dışarıda ülkemizi itibarsızlaştırıyor.",1,denecek,1,0,,0,0,,1,19,0,0,0,0,0,0,0,0,0,"{""7"": [], ""11"": []}",0.0,0.0,0.0,,0.0,0.0,0.0,,0.0,0.0
yenicag:507458,yenicag,2022-02-07,2,38,3454,3555,"Dışarıyı da unutalım bir an için, bu ülke insanı özgür mutlu ve refah içerisinde yaşasa kötü mü olur?",0,,0,0,,0,0,,0,20,0,0,0,0,0,0,0,0,0,"{""7"": [], ""11"": []}",0.0,0.0,0.0,,0.0,0.0,0.0,,0.0,0.0
yenicag:507458,yenicag,2022-02-07,2,39,3556,3663,"Adil bir yönetim pratiği çok daha kolay iken içeride, dışarıda herkesle kavgalı olmanın kime ne yararı var?",0,,0,0,,0,0,,0,19,0,0,0,0,0,0,0,0,0,"{""7"": [], ""11"": []}",0.0,0.0,0.0,,0.0,0.0,0.0,,0.0,0.0
yenicag:507458,yenicag,2022-02-07,2,40,3664,3706,Kapris ve komplekslerle devlet yönetilmez.,1,yönetilmez,1,0,,0,0,,1,6,0,0,0,0,0,0,0,0,0,"{""7"": [], ""11"": []}",0.0,0.0,0.0,,0.0,0.0,0.0,,0.0,0.0
yenicag:507458,yenicag,2022-02-07,2,41,3708,3798,Herkes ve her kesim için sığınılacak en son ve en salim liman demokratik hukuk devletidir.,1,sığınılacak,1,0,,0,0,,1,17,0,0,0,0,0,0,0,0,0,"{""7"": [], ""11"": []}",0.0,0.0,0.0,,0.0,0.0,0.0,,0.0,0.0
yenicag:507458,yenicag,2022-02-07,2,42,3799,3876,Bu konuda anlaşıp uzlaştığımızda diğer sorunların çözümü çok daha kolay olur.,0,,0,0,,0,0,,0,12,0,0,0,0,0,0,0,0,0,"{""7"": [], ""11"": []}",0.0,0.0,0.0,,0.0,0.0,0.0,,0.0,0.0
yenicag:507458,yenicag,2022-02-07,2,43,3877,3992,"Aksi halde içeride bitmeyen kutuplaşma, dışarıda gölge boksuyla enerjimizi tüketir, ekonomik krizlere sürükleniriz.",0,,0,0,,0,0,,0,16,0,0,0,0,0,0,0,0,0,"{""7"": [], ""11"": []}",0.0,0.0,0.0,,0.0,0.0,0.0,,0.0,0.0
yenicag:586304,yenicag,2022-10-12,3,0,0,36,Nansen Mülteci Ödülü kimin hakkıydı?,0,,0,0,,0,0,,0,7,0,0,0,0,0,0,0,0,0,"{""6"": [], ""7"": [], ""11"": []}",0.0,0.0,0.0,,0.0,0.0,0.0,,0.0,0.0
yenicag:586304,yenicag,2022-10-12,3,1,38,172,Almanya''yı 16 yıl yöneten Angela Merkel''e Birleşmiş Milletler Mülteciler Yüksek Komiserliği tarafından Nansen Mülteci Ödülü verildi.,1,verildi,1,0,,0,1,,0,17,0,1,0,0,0,0,0,0,0,"{""6"": [], ""7"": [], ""11"": []}",1.0,1.0,1.0,,0.0,0.0,0.0,,1.0,0.0
yenicag:586304,yenicag,2022-10-12,3,2,174,349,"Merkel, 2015 ve 2016 yıllarında mülteci krizinin yaşandığı dönemde, 1,2 milyondan fazla mülteci ve sığınmacıyı ülkeye kabul ettiği için Nansen Mülteci Ödülü''ne layık görüldü.",1,yaşandığı | görüldü,2,0,,0,0,,1,28,0,1,0,0,0,0,0,0,0,"{""6"": [], ""7"": [], ""11"": []}",1.0,1.0,1.0,,0.0,0.0,0.0,,1.0,0.0
yenicag:586304,yenicag,2022-10-12,3,3,351,583,"İsviçre''nin Cenevre kentinde yapılan ödül töreninde konuşan Merkel, ""Benim görüşüme göre, bu onuru öncelikle o zamanlar işe başlayan ve durumu yönettiğimiz, başardığımız için teşekkür etmemiz gereken sayısız insana borçluyuz"" dedi.",1,yapılan,1,0,,0,0,,1,36,0,0,0,0,0,0,0,0,0,"{""6"": [], ""7"": [], ""11"": []}",0.0,0.0,0.0,,0.0,0.0,0.0,,0.0,0.0
yenicag:586304,yenicag,2022-10-12,3,4,585,756,"Ülkelerinden uzağa gitmek istemeyen çok sayıda mülteciye Türkiye''nin ev sahipliği yaptığını söyleyen Merkel, ""Türkiye, Orta Doğu''dan 3,8 milyon mülteciyi ağırladı"" dedi.",0,,0,0,,0,0,,0,28,0,0,0,0,0,0,0,0,0,"{""6"": [], ""7"": [], ""11"": []}",0.0,0.0,0.0,,0.0,0.0,0.0,,0.0,0.0
yenicag:586304,yenicag,2022-10-12,3,5,758,971,"Türkiye''nin mülteci krizinde Almanya''dan daha büyük bir yükü üstlendiğini söyleyen Merkel, mültecilerin ülkelerine güvenli bir şekilde dönebilmeleri için sürdürülebilir çözümler bulunması gerektiğine de değindi.",1,sürdürülebilir | bulunması,2,0,,0,0,,1,27,0,0,0,0,0,0,0,0,0,"{""6"": [], ""7"": [], ""11"": []}",0.0,0.0,0.0,,0.0,0.0,0.0,,0.0,0.0
yenicag:586304,yenicag,2022-10-12,3,6,973,1098,"Gerçek ise şudur: Tayyip Erdoğan, Suriyelileri Türkiye''de tutmak için Merkel ile anlaşmasa hemen hepsi Avrupa''ya giderdi...",0,,0,0,,0,0,,0,19,1,0,0,0,1,0,0,0,0,"{""6"": [""Justification""], ""7"": [], ""11"": []}",1.0,1.0,1.0,,1.0,1.0,1.0,,1.0,1.0
yenicag:586304,yenicag,2022-10-12,3,7,1100,1226,"Merkel, Nansen ödülünü kabul etti ama konuşmasıyla bu ödülün aslında Tayyip Erdoğan''a verilmesi gerektiğini ifade etmiş oldu.",1,verilmesi,1,1,etmiş,1,0,,1,19,0,0,0,0,0,0,0,0,0,"{""6"": [], ""7"": [], ""11"": []}",0.0,0.0,0.0,,0.0,0.0,0.0,,0.0,0.0
yenicag:586304,yenicag,2022-10-12,3,8,1227,1335,Türkiye''ye sürülenlerin sayısı ise Zafer Partisi Genel Başkanı Ümit Özdağ''ın verilerine göre 13 milyondur.,1,sürülenlerin,1,0,,0,0,,1,16,0,1,0,0,0,0,0,0,0,"{""6"": [], ""7"": [], ""11"": []}",1.0,1.0,1.0,,0.0,0.0,0.0,,1.0,0.0
yenicag:586304,yenicag,2022-10-12,3,9,1336,1420,İçişleri Bakanı Süleyman Soylu ise konu ile ilgili son olarak şu bilgileri paylaştı:,0,,0,0,,0,0,,0,14,1,0,0,0,0,0,0,0,0,"{""6"": [], ""7"": [], ""11"": []}",1.0,1.0,1.0,,0.0,0.0,0.0,,1.0,0.0
yenicag:586304,yenicag,2022-10-12,3,10,1422,1630,"""Türkiye''deki toplam Suriyeli kardeşimiz, yani ''geçici koruma altında'' olarak nitelendirdiğimiz Suriye''deki iç karışıklıktan dolayı Türkiye''ye gelen ve geçici koruma altında bulunan 3 milyon 646 bin 278.",0,,0,0,,0,0,,0,31,0,0,0,0,0,0,0,0,0,"{""6"": [], ""7"": [], ""11"": []}",0.0,0.0,0.0,,0.0,0.0,0.0,,0.0,0.0
yenicag:586304,yenicag,2022-10-12,3,11,1631,1720,"Açık açık söyleyeyim, 10 milyon değil, 15 milyon değil, 20 milyon değil, 25 milyon değil.",0,,0,0,,0,0,,0,20,0,0,0,0,0,0,0,0,0,"{""6"": [], ""7"": [], ""11"": []}",0.0,0.0,0.0,,0.0,0.0,0.0,,0.0,0.0
yenicag:586304,yenicag,2022-10-12,3,12,1721,1769,Türkiye Cumhuriyeti Devleti ciddi bir devlettir.,0,,0,0,,0,0,,0,8,0,0,0,0,0,0,0,0,0,"{""6"": [], ""7"": [], ""11"": []}",0.0,0.0,0.0,,0.0,0.0,0.0,,0.0,0.0
yenicag:586304,yenicag,2022-10-12,3,13,1770,1821,"Belgesini, yazısını ortaya koyabilen bir devlettir.",0,,0,0,,0,0,,0,9,0,0,0,0,0,0,0,0,0,"{""6"": [], ""7"": [], ""11"": []}",0.0,0.0,0.0,,0.0,0.0,0.0,,0.0,0.0
yenicag:586304,yenicag,2022-10-12,3,14,1821,1822,"""",0,,0,0,,0,0,,0,1,0,0,0,0,0,0,0,0,0,"{""6"": [], ""7"": [], ""11"": []}",0.0,0.0,0.0,,0.0,0.0,0.0,,0.0,0.0
yenicag:586304,yenicag,2022-10-12,3,15,1824,1863,"Peki, adına ödül verilen Nansen kimdir?",1,verilen,1,0,,0,0,,1,9,0,0,0,0,0,0,0,0,0,"{""6"": [], ""7"": [], ""11"": []}",0.0,0.0,0.0,,0.0,0.0,0.0,,0.0,0.0
yenicag:586304,yenicag,2022-10-12,3,16,1864,1915,Ne yapmıştır da adına mülteci ödülü düzenlenmiştir?,1,düzenlenmiştir,1,1,yapmıştır | düzenlenmiştir,2,0,,1,8,0,0,0,0,0,0,0,0,0,"{""6"": [], ""7"": [], ""11"": []}",0.0,0.0,0.0,,0.0,0.0,0.0,,0.0,0.0
yenicag:586304,yenicag,2022-10-12,3,17,1917,1999,Ankara Üniversitesi Türk İnkılâp Tarihi Enstitüsü''nde yıllardır görev yapan Prof.,0,,0,0,,0,0,,0,12,0,0,0,0,0,0,0,0,0,"{""6"": [], ""7"": [], ""11"": []}",0.0,0.0,0.0,,0.0,0.0,0.0,,0.0,0.0
yenicag:586304,yenicag,2022-10-12,3,18,2000,2147,"Dr. Necdet Aysal''ın doçent iken yazdığı ""Türk-Rum Nüfus Mübadelesi: Ortodoksların Anadolu''dan Zorunlu Göçü"" başlıklı makaleden özetle nakledeyim:",0,,0,0,,0,0,,0,24,0,0,0,0,0,0,0,0,0,"{""6"": [], ""7"": [], ""11"": []}",0.0,0.0,0.0,,0.0,0.0,0.0,,0.0,0.0
yenicag:586304,yenicag,2022-10-12,3,19,2149,2385,"""11 Ekim 1922 tarihli Mudanya Ateşkes Antlaşması sonrasında başlayan Lozan Barış Görüşmelerinde Türkiye ile Yunanistan arasında 30 Ocak 1923 tarihinde''Yunan ve Türk Halklarının Mübadelesine İlişkin Sözleşme ve Protokol'' imzalanmıştır.",1,imzalanmıştır,1,1,imzalanmıştır,1,0,,1,32,0,0,0,0,0,0,0,0,0,"{""6"": [], ""7"": [], ""11"": []}",0.0,0.0,0.0,,0.0,0.0,0.0,,0.0,0.0
yenicag:586304,yenicag,2022-10-12,3,20,2386,2579,"Mudanya Ateşkes Antlaşması''ndan önce İzmir ve çevresinden 300 bin, sonrasında ise Doğu Trakya ve İstanbul''dan 50 bin civarındaki Rum''un Yunanistan''a göç etmek zorunda kaldığı görülmektedir.",1,görülmekte,1,0,,0,0,,1,29,0,0,0,0,0,0,0,0,0,"{""6"": [], ""7"": [], ""11"": []}",0.0,0.0,0.0,,0.0,0.0,0.0,,0.0,0.0
yenicag:586304,yenicag,2022-10-12,3,21,2580,2709,"Yunanistan, bu büyük göç dalgasında yer sorunuyla karşı karşıya kalmış ve bu sıkıntılı konuyu Milletler Cemiyeti''ne götürmüştür.",0,,0,1,kalmış | götürmüştür,2,0,,0,19,0,0,0,0,0,0,0,0,0,"{""6"": [], ""7"": [], ""11"": []}",0.0,0.0,0.0,,0.0,0.0,0.0,,0.0,0.0
yenicag:586304,yenicag,2022-10-12,3,22,2710,2781,"Cemiyet, Türk-Yunan göçmenleri sorununa çözüm bulması için Norveçli Dr.",0,,0,0,,0,0,,0,13,0,1,0,0,0,0,0,0,0,"{""6"": [], ""7"": [], ""11"": []}",1.0,1.0,1.0,,0.0,0.0,0.0,,1.0,0.0
yenicag:586304,yenicag,2022-10-12,3,23,2782,2819,Fridtjof Nansen''i görevlendirmiştir.,0,,0,1,görevlendirmiştir,1,0,,0,4,0,1,0,0,0,0,0,0,0,"{""6"": [], ""7"": [], ""11"": []}",1.0,1.0,1.0,,0.0,0.0,0.0,,1.0,0.0
yenicag:586304,yenicag,2022-10-12,3,24,2820,2823,Dr.,0,,0,0,,0,0,,0,2,0,0,0,0,0,0,0,0,0,"{""6"": [], ""7"": [], ""11"": []}",0.0,0.0,0.0,,0.0,0.0,0.0,,0.0,0.0
yenicag:586304,yenicag,2022-10-12,3,25,2824,3066,"Nansen, göreve başlar başlamaz 27 Eylül 1922''de Mustafa Kemal Paşa ile yazışmalar gerçekleştirmiş ve 12 Ekim''de İstanbul''a gelerek Ankara Hükümeti temsilcisi Hamit (Hasancan) Bey ile görüşmeler yapmış, mübadele için önerilerde bulunmuştur.",0,,0,1,gerçekleştirmiş | yapmış | bulunmuştur,3,0,,0,36,0,0,0,0,0,0,0,0,0,"{""6"": [], ""7"": [], ""11"": []}",0.0,0.0,0.0,,0.0,0.0,0.0,,0.0,0.0
yenicag:586304,yenicag,2022-10-12,3,26,3067,3107,"Görüşmeler, Lozan''da da devam etmiştir.",0,,0,1,etmiştir,1,0,,0,7,0,0,0,0,0,0,0,0,0,"{""6"": [], ""7"": [], ""11"": []}",0.0,0.0,0.0,,0.0,0.0,0.0,,0.0,0.0
yenicag:586304,yenicag,2022-10-12,3,27,3108,3213,"Mübadele Sözleşmesi ve protokolü 30 Ocak 1923''te imzalanmış, 25 Ağustos 1923''te TBMM''de onaylanmıştır.",1,imzalanmış | onaylanmıştır,2,1,imzalanmış | onaylanmıştır,2,0,,1,15,0,0,0,0,0,0,0,0,0,"{""6"": [], ""7"": [], ""11"": []}",0.0,0.0,0.0,,0.0,0.0,0.0,,0.0,0.0
yenicag:586304,yenicag,2022-10-12,3,28,3213,3214,"""",0,,0,0,,0,0,,0,1,0,0,0,0,0,0,0,0,0,"{""6"": [], ""7"": [], ""11"": []}",0.0,0.0,0.0,,0.0,0.0,0.0,,0.0,0.0
yenicag:586304,yenicag,2022-10-12,3,29,3216,3302,"SORU: Suriyeliler ve Afgan askerleri, hangi anlaşmaya göre Türkiye''ye gönderilmiştir?",1,gönderilmiştir,1,1,gönderilmiştir,1,0,,1,13,0,0,0,0,1,0,0,0,0,"{""6"": [""Justification""], ""7"": [""Justification""], ""11"": []}",0.0,0.0,0.0,,1.0,1.0,1.0,0.0,0.0,1.0
yenicag:586304,yenicag,2022-10-12,3,30,3304,3375,CEVAP: Ortada resmî bir anlaşma yok ama gizli bir anlaşma olduğu kesin!,0,,0,0,,0,0,,0,14,0,0,0,0,1,0,0,0,0,"{""6"": [""Justification""], ""7"": [""Justification""], ""11"": []}",0.0,0.0,0.0,,1.0,1.0,1.0,0.0,0.0,1.0
yenicag:586304,yenicag,2022-10-12,3,31,3376,3489,"Yoksa milyonlarca insan, mayından temizlenmiş Suriye ve İran sınırlarından yürüyerek Türkiye''ye girebilir miydi?",1,temizlenmiş,1,1,temizlenmiş,1,0,,1,16,0,0,0,0,1,0,0,0,0,"{""6"": [""Justification""], ""7"": [], ""11"": []}",0.0,0.0,0.0,,1.0,1.0,1.0,,0.0,1.0
yenicag:586304,yenicag,2022-10-12,3,32,3491,3534,Nansen resmî bir anlaşmaya öncülük etmişti.,0,,0,0,,0,0,,0,7,0,0,0,0,0,0,0,0,0,"{""6"": [], ""7"": [], ""11"": []}",0.0,0.0,0.0,,0.0,0.0,0.0,,0.0,0.0
yenicag:586304,yenicag,2022-10-12,3,33,3535,3686,"Merkel ise ""Geri Kabul Anlaşması""nı Erdoğan''a ""resmen"" kabul ettirdiği, sığınmacıları Türkiye''de tuttuğu için ""Nansen Mülteci Ödülü""ne layık görüldü!",1,görüldü,1,0,,0,0,,1,22,1,0,0,1,0,0,0,0,0,"{""6"": [""Attack on Reputation""], ""7"": [], ""11"": []}",1.0,1.0,1.0,,1.0,1.0,1.0,,1.0,1.0
yenicag:586304,yenicag,2022-10-12,3,34,3687,3707,Yine de övünmüyor...,0,,0,0,,0,0,,0,4,0,0,0,1,0,0,0,0,0,"{""6"": [""Attack on Reputation""], ""7"": [], ""11"": []}",0.0,0.0,0.0,,1.0,1.0,1.0,,0.0,1.0
yenicag:666218,yenicag,2023-05-17,3,0,0,22,Ekonomide kritik dönem,0,,0,0,,0,0,,0,3,0,0,0,0,0,0,0,0,0,"{""6"": [], ""7"": [], ""11"": []}",0.0,0.0,0.0,,0.0,0.0,0.0,,0.0,0.0
yenicag:666218,yenicag,2023-05-17,3,1,24,134,"İkinci tur tarihi 28 Mayıs'a kadar, piyasa hareketlerinin daralması, işletmelerin beklemede kalması normaldir.",0,,0,0,,0,0,,0,16,0,0,1,0,0,0,0,0,0,"{""6"": [], ""7"": [], ""11"": []}",1.0,1.0,1.0,,0.0,0.0,0.0,,1.0,0.0
yenicag:666218,yenicag,2023-05-17,3,2,135,225,"Ancak önceden biriken istikrar ve güven sorunu, bu süreyi daha kırılgan ve riskli yapıyor.",0,,0,0,,0,0,,0,16,0,0,0,0,0,0,0,0,0,"{""6"": [], ""7"": [], ""11"": []}",0.0,0.0,0.0,,0.0,0.0,0.0,,0.0,0.0
yenicag:666218,yenicag,2023-05-17,3,3,227,229,1.,0,,0,0,,0,0,,0,2,0,0,0,0,0,0,0,0,0,"{""6"": [], ""7"": [], ""11"": []}",0.0,0.0,0.0,,0.0,0.0,0.0,,0.0,0.0
yenicag:666218,yenicag,2023-05-17,3,4,230,263,"En kritik sorun, döviz sorunudur.",0,,0,0,,0,0,,0,8,0,0,0,0,0,0,0,0,0,"{""6"": [], ""7"": [], ""11"": []}",0.0,0.0,0.0,,0.0,0.0,0.0,,0.0,0.0
yenicag:666218,yenicag,2023-05-17,3,5,264,372,"Dün bankalar arası işlemlerde 19,67 TL olan dolar kuru, Kapalıçarşı'da yüzde 15 daha yüksek ve 22,60 TL idi.",0,,0,0,,0,0,,0,22,0,0,0,0,0,0,0,0,0,"{""6"": [], ""7"": [], ""11"": []}",0.0,0.0,0.0,,0.0,0.0,0.0,,0.0,0.0
yenicag:666218,yenicag,2023-05-17,3,6,373,429,Yüzde 15 fark ikili piyasa yapısı ve karaborsa demektir.,0,,0,0,,0,0,,0,11,0,0,0,0,0,0,1,0,0,"{""6"": [""Simplification""], ""7"": [], ""11"": []}",0.0,0.0,0.0,,1.0,1.0,1.0,,0.0,1.0
yenicag:666218,yenicag,2023-05-17,3,7,430,495,Ancak dalgalı kur sistemi olduğu için adına karaborsa denilmiyor.,1,denilmiyor,1,0,,0,0,,1,10,0,0,0,0,0,0,0,0,0,"{""6"": [], ""7"": [], ""11"": []}",0.0,0.0,0.0,,0.0,0.0,0.0,,0.0,0.0
yenicag:666218,yenicag,2023-05-17,3,8,497,635,Merkez Bankasının talimatı ile bankalar döviz - alış ve satış kuru arasında yüzde 10 fark yaratarak yoldan döviz satışını kısıtlamış oldu.,0,,0,1,kısıtlamış,1,0,,0,22,1,0,0,0,0,0,0,0,0,"{""6"": [], ""7"": [], ""11"": []}",1.0,1.0,1.0,,0.0,0.0,0.0,,1.0,0.0
yenicag:666218,yenicag,2023-05-17,3,9,636,717,Kaldı ki bankalar döviz çekmek isteyenlere istedikleri dövizi hemen veremiyorlar.,0,,0,0,,0,0,,0,11,0,0,0,0,0,0,0,0,0,"{""6"": [], ""7"": [], ""11"": []}",0.0,0.0,0.0,,0.0,0.0,0.0,,0.0,0.0
yenicag:666218,yenicag,2023-05-17,3,10,718,757,Çünkü fiziki olarak döviz bulamıyorlar.,0,,0,0,,0,0,,0,6,0,0,0,0,0,0,0,0,0,"{""6"": [], ""7"": [], ""11"": []}",0.0,0.0,0.0,,0.0,0.0,0.0,,0.0,0.0
yenicag:666218,yenicag,2023-05-17,3,11,759,843,Öte yandan kuru tutmak için kamu bankaları döviz sattı ve fakat yeterli çare olmadı.,0,,0,0,,0,0,,0,15,1,0,0,0,0,0,0,0,0,"{""6"": [], ""7"": [], ""11"": []}",1.0,1.0,1.0,,0.0,0.0,0.0,,1.0,0.0
yenicag:666218,yenicag,2023-05-17,3,12,845,941,Dalgalı kur sisteminde aşırı döviz hareketlerini Merkez bankası döviz alarak ve satarak ayarlar.,0,,0,0,,0,0,,0,14,0,0,0,0,0,0,0,0,0,"{""6"": [], ""7"": [], ""11"": []}",0.0,0.0,0.0,,0.0,0.0,0.0,,0.0,0.0
yenicag:666218,yenicag,2023-05-17,3,13,942,1007,Ancak Merkez bankasının resmi rezervleri eksi 73 milyar dolardır.,0,,0,0,,0,0,,0,10,0,0,0,0,1,0,0,0,0,"{""6"": [""Justification""], ""7"": [], ""11"": []}",0.0,0.0,0.0,,1.0,1.0,1.0,,0.0,1.0
yenicag:666218,yenicag,2023-05-17,3,14,1008,1042,Dövize müdahalesi sınırlı kalıyor.,0,,0,0,,0,0,,0,5,0,0,0,0,1,0,0,0,0,"{""6"": [""Justification""], ""7"": [], ""11"": []}",0.0,0.0,0.0,,1.0,1.0,1.0,,0.0,1.0
yenicag:666218,yenicag,2023-05-17,3,15,1044,1088,"Kamu bankalarının görevi, kuru tutmak değil.",0,,0,0,,0,0,,0,8,0,0,0,0,0,0,0,0,0,"{""6"": [], ""7"": [], ""11"": []}",0.0,0.0,0.0,,0.0,0.0,0.0,,0.0,0.0
yenicag:666218,yenicag,2023-05-17,3,16,1089,1171,Çünkü bu bankaların pozisyon açıklarının maliyetini ve zararlarını toplum çekiyor.,0,,0,0,,0,0,,0,11,0,0,1,0,0,0,0,0,0,"{""6"": [], ""7"": [], ""11"": []}",1.0,1.0,1.0,,0.0,0.0,0.0,,1.0,0.0
yenicag:666218,yenicag,2023-05-17,3,17,1173,1246,"Ayrıca seçim ikinci tura kaldığı için, yabancılar borsada satış yaptılar.",0,,0,0,,0,0,,0,13,0,0,0,0,0,0,0,0,0,"{""6"": [], ""7"": [], ""11"": []}",0.0,0.0,0.0,,0.0,0.0,0.0,,0.0,0.0
yenicag:666218,yenicag,2023-05-17,3,18,1248,1319,Bu süreçte tek çözüm yüksek faizle kısa vadeli dış borç bulmak kalıyor.,0,,0,0,,0,0,,0,14,0,0,0,0,0,0,0,0,0,"{""6"": [], ""7"": [], ""11"": []}",0.0,0.0,0.0,,0.0,0.0,0.0,,0.0,0.0
yenicag:666218,yenicag,2023-05-17,3,19,1321,1323,2.,0,,0,0,,0,0,,0,2,0,0,0,0,0,0,0,0,0,"{""6"": [], ""7"": [], ""11"": []}",0.0,0.0,0.0,,0.0,0.0,0.0,,0.0,0.0
yenicag:666218,yenicag,2023-05-17,3,20,1324,1366,Para ve sermaye piyasalarında borsa düştü.,0,,0,0,,0,0,,0,7,0,0,0,0,0,0,0,0,0,"{""6"": [], ""7"": [], ""11"": []}",0.0,0.0,0.0,,0.0,0.0,0.0,,0.0,0.0
yenicag:666218,yenicag,2023-05-17,3,21,1367,1401,Bankalar nakdi kredileri daralttı.,0,,0,0,,0,0,,0,5,0,0,0,0,0,0,0,0,0,"{""6"": [], ""7"": [], ""11"": []}",0.0,0.0,0.0,,0.0,0.0,0.0,,0.0,0.0
yenicag:666218,yenicag,2023-05-17,3,22,1402,1433,Mevduat faizi yüzde 40'a çıktı.,0,,0,0,,0,0,,0,6,0,0,0,0,0,0,0,0,0,"{""6"": [], ""7"": [], ""11"": []}",0.0,0.0,0.0,,0.0,0.0,0.0,,0.0,0.0
yenicag:666218,yenicag,2023-05-17,3,23,1435,1557,"Merkez Bankasının bankalara aşırı müdahalesi, bankaların piyasa kuralları dışına çıkmasına ve aksak rekabete neden oluyor.",0,,0,0,,0,0,,0,17,0,1,0,1,0,0,0,0,0,"{""6"": [""Attack on Reputation""], ""7"": [], ""11"": []}",1.0,1.0,1.0,,1.0,1.0,1.0,,1.0,1.0
yenicag:666218,yenicag,2023-05-17,3,24,1558,1578,Kırılganlık artıyor.,0,,0,0,,0,0,,0,3,0,0,0,1,0,0,0,0,0,"{""6"": [""Attack on Reputation""], ""7"": [], ""11"": []}",0.0,0.0,0.0,,1.0,1.0,1.0,,0.0,1.0
yenicag:666218,yenicag,2023-05-17,3,25,1580,1629,Merkez Bankası müdahalesi güven sorunu yaratıyor.,0,,0,0,,0,0,,0,7,0,0,0,0,0,0,0,0,0,"{""6"": [], ""7"": [], ""11"": []}",0.0,0.0,0.0,,0.0,0.0,0.0,,0.0,0.0
yenicag:666218,yenicag,2023-05-17,3,26,1630,1733,Bu nedenle MB piyasa kurallarına aykırı kararlar vermemeli ve bankalara müdahaleyi en aza indirmelidir.,1,vermemeli,1,0,,0,0,,1,16,0,0,0,0,0,0,0,0,0,"{""6"": [], ""7"": [], ""11"": []}",0.0,0.0,0.0,,0.0,0.0,0.0,,0.0,0.0
yenicag:666218,yenicag,2023-05-17,3,27,1735,1737,3.,0,,0,0,,0,0,,0,2,0,0,0,0,0,0,0,0,0,"{""6"": [], ""7"": [], ""11"": []}",0.0,0.0,0.0,,0.0,0.0,0.0,,0.0,0.0
yenicag:666218,yenicag,2023-05-17,3,28,1738,1759,Bütçe açıkları arttı.,0,,0,0,,0,0,,0,4,0,0,0,0,0,0,0,0,0,"{""6"": [], ""7"": [], ""11"": []}",0.0,0.0,0.0,,0.0,0.0,0.0,,0.0,0.0
yenicag:666218,yenicag,2023-05-17,3,29,1760,1810,Beklenti bu sene açığın yüksek olacağı yönündedir.,0,,0,0,,0,0,,0,9,0,0,0,0,0,0,0,0,0,"{""6"": [], ""7"": [], ""11"": []}",0.0,0.0,0.0,,0.0,0.0,0.0,,0.0,0.0
yenicag:666218,yenicag,2023-05-17,3,30,1811,1861,"2023 bütçesinde açık hedefi 659,4 milyar dolardır.",0,,0,0,,0,0,,0,10,0,0,0,0,0,0,0,0,0,"{""6"": [], ""7"": [], ""11"": []}",0.0,0.0,0.0,,0.0,0.0,0.0,,0.0,0.0
yenicag:666218,yenicag,2023-05-17,3,31,1862,1945,"Ocak-Nisan 4 aylık açık 382,4 milyar liradır ve toplam hedefin yüzde 58'i kadardır.",0,,0,0,,0,0,,0,20,0,0,0,0,1,0,0,0,0,"{""6"": [""Justification""], ""7"": [], ""11"": []}",0.0,0.0,0.0,,1.0,1.0,1.0,,0.0,1.0
yenicag:666218,yenicag,2023-05-17,3,32,1947,2076,"Memur alımının artması, maaş ve ücret artışları, EYT'liler, deprem maliyetleri, bütçe açığının daha da artmasına neden olacaktır.",0,,0,0,,0,0,,0,22,0,0,0,0,0,0,0,0,0,"{""6"": [], ""7"": [], ""11"": []}",0.0,0.0,0.0,,0.0,0.0,0.0,,0.0,0.0
yenicag:666218,yenicag,2023-05-17,3,33,2077,2149,"Bütçe açığının artması, kamu iç ve dış borçlarının artmasına neden olur.",0,,0,0,,0,0,,0,13,0,0,0,0,0,0,0,0,0,"{""6"": [], ""7"": [], ""11"": []}",0.0,0.0,0.0,,0.0,0.0,0.0,,0.0,0.0
yenicag:666218,yenicag,2023-05-17,3,34,2150,2201,Ayrıca cari harcamaların artması enflasyona yansır.,0,,0,0,,0,0,,0,8,0,0,0,0,0,0,0,0,0,"{""6"": [], ""7"": [], ""11"": []}",0.0,0.0,0.0,,0.0,0.0,0.0,,0.0,0.0
yenicag:666218,yenicag,2023-05-17,3,35,2203,2289,"Ancak bütçe açıkları sorunu, döviz sorunu gibi anında piyasayı ve fiyatları etkilemez.",0,,0,0,,0,0,,0,14,0,0,0,0,0,0,0,0,0,"{""6"": [], ""7"": [], ""11"": []}",0.0,0.0,0.0,,0.0,0.0,0.0,,0.0,0.0
yenicag:666218,yenicag,2023-05-17,3,36,2290,2308,Gecikmeli etkiler.,0,,0,0,,0,0,,0,3,0,0,0,0,0,0,0,0,0,"{""6"": [], ""7"": [], ""11"": []}",0.0,0.0,0.0,,0.0,0.0,0.0,,0.0,0.0
yenicag:666218,yenicag,2023-05-17,3,37,2309,2402,Bu nedenle 28 Mayıs'a kadar bütçe ilave bir maliyet getirecek ama şok bir etki yapmayacaktır.,0,,0,0,,0,0,,0,16,0,0,0,0,0,0,0,0,0,"{""6"": [], ""7"": [], ""11"": []}",0.0,0.0,0.0,,0.0,0.0,0.0,,0.0,0.0
yenicag:666218,yenicag,2023-05-17,3,38,2404,2605,"28 Mayıs sonrasında, siyasi iktidar bugüne kadar uyguladığı iktisat politikalarını terk edip, denenmiş ortadoks politikalara dönmeli, popülizme ara vermeli, yerli ve yabancı sermayeye güven vermelidir.",1,denenmiş,1,1,denenmiş,1,0,,1,31,1,1,0,0,0,0,0,1,0,"{""6"": [""Call""], ""7"": [], ""11"": []}",1.0,1.0,1.0,,1.0,1.0,1.0,,1.0,1.0
yenicag:698689,yenicag,2023-08-19,2,0,0,39,Dünyayı yönetecek kadrolar yetiştirmek!,0,,0,0,,0,0,,0,5,0,0,0,0,0,0,0,0,0,"{""7"": [], ""11"": []}",0.0,0.0,0.0,,0.0,0.0,0.0,,0.0,0.0
yenicag:698689,yenicag,2023-08-19,2,1,41,154,"Yıllar sonra diplomatik ilişkileri yeniden başlatan İran ve Suudi Arabistan, ilk kez Nisan ayında Çin'de görüştü.",0,,0,0,,0,0,,0,18,0,0,0,0,0,0,0,0,0,"{""7"": [], ""11"": []}",0.0,0.0,0.0,,0.0,0.0,0.0,,0.0,0.0
yenicag:698689,yenicag,2023-08-19,2,2,155,231,Bu görüşme sonrası iki ülkenin savunma bakanları Moskova'da bir araya geldi.,0,,0,0,,0,0,,0,12,0,0,0,0,0,0,0,0,0,"{""7"": [], ""11"": []}",0.0,0.0,0.0,,0.0,0.0,0.0,,0.0,0.0
yenicag:698689,yenicag,2023-08-19,2,3,232,328,"İran Dışişleri Bakanı Hüseyin Amir Abdullahian, mevkidaşı Faisal bin Farhan Al-Saud ile görüştü.",0,,0,0,,0,0,,0,17,0,0,0,0,0,0,0,0,0,"{""7"": [], ""11"": []}",0.0,0.0,0.0,,0.0,0.0,0.0,,0.0,0.0
yenicag:698689,yenicag,2023-08-19,2,4,330,512,"Milliyet gazetesinin haberine göre bir Suudi yetkili, Pekin’deki görüşmeden önce, ABD'nin Orta Doğu politikalarına gönderme yaparak “ABD'nin bu bölgeye müdahil olma dönemi sona erdi.",0,,0,0,,0,0,,0,28,1,0,0,0,0,0,0,0,0,"{""7"": [], ""11"": []}",1.0,1.0,1.0,,0.0,0.0,0.0,,1.0,0.0
yenicag:698689,yenicag,2023-08-19,2,5,513,634,Bölge ülkeleri Washington'un müdahalesi olmadan Orta Doğu'da güvenlik ve istikrarı koruma kapasitesine sahiptir” demişti.,0,,0,0,,0,0,,0,15,0,0,0,0,0,0,0,0,0,"{""7"": [], ""11"": []}",0.0,0.0,0.0,,0.0,0.0,0.0,,0.0,0.0
yenicag:698689,yenicag,2023-08-19,2,6,636,725,"Afrika’daki durumu ise eski Avusturya Dışişleri Bakanı Karin Kneissl, Sputnik’e özetledi.",0,,0,0,,0,0,,0,14,0,0,0,0,0,0,0,0,0,"{""7"": [], ""11"": []}",0.0,0.0,0.0,,0.0,0.0,0.0,,0.0,0.0
yenicag:698689,yenicag,2023-08-19,2,7,727,785,"Kneissl, “Fransızları Mali'den, Burkina-Faso'dan kovdular.",0,,0,0,,0,0,,0,10,0,0,0,0,0,0,0,0,0,"{""7"": [], ""11"": []}",0.0,0.0,0.0,,0.0,0.0,0.0,,0.0,0.0
yenicag:698689,yenicag,2023-08-19,2,8,786,852,"Şimdi de Nijer, ülkedeki Fransız askerî üslerini kapatmak istiyor.",0,,0,0,,0,0,,0,12,0,0,0,0,0,0,0,0,0,"{""7"": [], ""11"": []}",0.0,0.0,0.0,,0.0,0.0,0.0,,0.0,0.0
yenicag:698689,yenicag,2023-08-19,2,9,853,948,Bunun Fransa için 'Fransız Afrika' politikasının resmen sona ermesi olduğunu düşünüyorum” dedi.,0,,0,0,,0,0,,0,14,0,0,0,0,0,0,0,0,0,"{""7"": [], ""11"": []}",0.0,0.0,0.0,,0.0,0.0,0.0,,0.0,0.0
yenicag:698689,yenicag,2023-08-19,2,10,950,1146,"Afrika ülkelerinin bugün Rusya, Türkiye, Çin ve Hindistan gibi ülkeleri kendilerine ortak olarak seçebileceklerini söyleyen Kneissl, kıtada daha fazla fırsat ve aktörün ortaya çıkacağını kaydetti.",0,,0,0,,0,0,,0,29,0,0,0,0,0,0,0,0,0,"{""7"": [], ""11"": []}",0.0,0.0,0.0,,0.0,0.0,0.0,,0.0,0.0
yenicag:698689,yenicag,2023-08-19,2,11,1148,1298,"Orta Doğu ve Afrika’da bu gelişmeler yaşanırken, G-20 ülkelerinin liderleri, Eylül ayında “Tek Dünya, Tek Aile, Tek Gelecek” odaklı zirvede buluşacak.",0,,0,0,,0,0,,0,27,0,0,0,0,0,0,0,0,0,"{""7"": [], ""11"": []}",0.0,0.0,0.0,,0.0,0.0,0.0,,0.0,0.0
yenicag:698689,yenicag,2023-08-19,2,12,1300,1389,"G-20 ülkelerinden Rusya, Çin ve Hindistan, kendi dış politikalarını uygulamaya çalışıyor.",0,,0,0,,0,0,,0,15,0,0,0,0,0,0,0,0,0,"{""7"": [], ""11"": []}",0.0,0.0,0.0,,0.0,0.0,0.0,,0.0,0.0
yenicag:698689,yenicag,2023-08-19,2,13,1390,1477,ABD ve İngiltere’nin başını çektiği Batı dünyasında ise tek dünyacıların dediği oluyor.,0,,0,0,,0,0,,0,13,0,0,0,0,0,0,0,0,0,"{""7"": [], ""11"": []}",0.0,0.0,0.0,,0.0,0.0,0.0,,0.0,0.0
yenicag:698689,yenicag,2023-08-19,2,14,1478,1699,"Arada kalan Türkiye, Almanya, Arjantin, Avustralya, Brezilya, Endonezya, Fransa, Güney Afrika, Güney Kore, İtalya, Japonya, Kanada, Meksika ve Suudi Arabistan ise güçler arasında denge politikaları uygulamaya çalışıyor...",0,,0,0,,0,0,,0,40,0,0,0,0,0,0,0,0,0,"{""7"": [], ""11"": []}",0.0,0.0,0.0,,0.0,0.0,0.0,,0.0,0.0
yenicag:698689,yenicag,2023-08-19,2,15,1701,1765,"ABD, Ukrayna’dan Rusya’yı, Tayvan’dan Çin’i kuşatmaya çalışıyor.",0,,0,0,,0,0,,0,10,0,0,0,0,0,0,0,0,0,"{""7"": [], ""11"": []}",0.0,0.0,0.0,,0.0,0.0,0.0,,0.0,0.0
yenicag:698689,yenicag,2023-08-19,2,16,1766,1801,"Ukrayna, vekâlet savaşı sürdürüyor.",0,,0,0,,0,0,,0,6,0,0,0,0,0,0,0,0,0,"{""7"": [], ""11"": []}",0.0,0.0,0.0,,0.0,0.0,0.0,,0.0,0.0
yenicag:698689,yenicag,2023-08-19,2,17,1803,1893,"ABD ve Rusya, Sovyet dönemi de dâhil olmak üzere bugüne kadar hiç doğrudan savaşa girmedi.",0,,0,0,,0,0,,0,17,0,0,0,0,0,0,0,0,0,"{""7"": [], ""11"": []}",0.0,0.0,0.0,,0.0,0.0,0.0,,0.0,0.0
yenicag:698689,yenicag,2023-08-19,2,18,1894,2113,"Suriye’de Rusya ile Türkiye karşı karşıya geldiği dönemde, karşılıklı birer savaş uçağı düşürdüler ama aynı hava sahasında Amerikan ve Rus uçakları, neredeyse kuyrukları birbirine değecek şekilde kardeş kardeş uçuyor...",0,,0,0,,0,0,,0,33,0,0,0,0,0,0,0,0,0,"{""7"": [], ""11"": []}",0.0,0.0,0.0,,0.0,0.0,0.0,,0.0,0.0
yenicag:698689,yenicag,2023-08-19,2,19,2115,2190,"G-20 zirvesinde, bakalım bu çelişkili durumu sorgulayan bir ülke olacak mı?",0,,0,0,,0,0,,0,14,0,0,0,0,0,0,0,0,0,"{""7"": [], ""11"": []}",0.0,0.0,0.0,,0.0,0.0,0.0,,0.0,0.0
yenicag:698689,yenicag,2023-08-19,2,20,2192,2274,Konuyla ilgili bir önceki yazım hakkında Dörtyol’dan Kazım Yalçın bir yorum yaptı:,0,,0,0,,0,0,,0,14,0,0,0,0,0,0,0,0,0,"{""7"": [], ""11"": []}",0.0,0.0,0.0,,0.0,0.0,0.0,,0.0,0.0
yenicag:698689,yenicag,2023-08-19,2,21,2276,2289,"“Sayın Bulut,",0,,0,0,,0,0,,0,3,0,0,0,0,0,0,0,0,0,"{""7"": [], ""11"": []}",0.0,0.0,0.0,,0.0,0.0,0.0,,0.0,0.0
yenicag:698689,yenicag,2023-08-19,2,22,2291,2601,"Dünyayı küresel sermayenin ve küresel şirketlerin aracılığıyla bir merkezden veya bölgesel ve kıtasal iktidarları tarafından yönetmeye çalışanların kodlanmış ideolojisi olan‘tek dünya, tek aile, tek gelecek’ politikasının karşısına, yine sizin de ifade ettiğiniz gibi küresel bir organizasyonla çıkmak gerekir.",1,kodlanmış,1,1,kodlanmış,1,1,,0,42,0,0,0,0,0,0,0,0,0,"{""7"": [], ""11"": []}",0.0,0.0,0.0,,0.0,0.0,0.0,,0.0,0.0
yenicag:698689,yenicag,2023-08-19,2,23,2603,2972,"‘Tek dünya’ ifadesiyle bütün insanlığın bir güç merkezi tarafından yönetilmesini, ‘tek aile’ ifadesiyle bütün ulusları oluşturan maddi ve manevi değerlerin aynılaşmasını, diğer bir ifadeyle tek dünya kültürü oluşmasını, ‘tek gelecek’ derken de çokuluslu güçlerin tayin ettiği geleceğin dışında bir gelecek tasavvurunun olmadığı bir dünya kastediyorlar diye algılıyorum.",1,yönetilmesini | aynılaşmasını,2,0,,0,1,,0,52,0,0,0,0,0,0,0,0,0,"{""7"": [], ""11"": []}",0.0,0.0,0.0,,0.0,0.0,0.0,,0.0,0.0
yenicag:698689,yenicag,2023-08-19,2,24,2974,3071,"Bu sürece,‘Dünya Antiemperyalizm Birliği’ gibi bir uluslararası organizasyonla karşı çıkılabilir.",1,çıkılabilir,1,0,,0,0,,1,13,0,0,0,0,0,0,0,0,0,"{""7"": [], ""11"": []}",0.0,0.0,0.0,,0.0,0.0,0.0,,0.0,0.0
yenicag:698689,yenicag,2023-08-19,2,25,3072,3159,"Tabii bunun ön koşulu, devletleri yöneten kişilerin G-20'lerin taşeronları olmamasıdır.",0,,0,0,,0,0,,0,13,0,0,0,0,0,0,0,0,0,"{""7"": [], ""11"": []}",0.0,0.0,0.0,,0.0,0.0,0.0,,0.0,0.0
yenicag:698689,yenicag,2023-08-19,2,26,3159,3160,”,0,,0,0,,0,0,,0,1,0,0,0,0,0,0,0,0,0,"{""7"": [], ""11"": []}",0.0,0.0,0.0,,0.0,0.0,0.0,,0.0,0.0
yenicag:698689,yenicag,2023-08-19,2,27,3162,3284,"Küresel güç merkezleri, kendi yörüngelerindeki ülkeler için devlet başkanı, başbakan, bakan, general, rektör yetiştiriyor.",0,,0,0,,0,0,,0,21,1,0,0,0,0,0,0,0,0,"{""7"": [], ""11"": []}",1.0,1.0,1.0,,0.0,0.0,0.0,,1.0,0.0
yenicag:698689,yenicag,2023-08-19,2,28,3285,3553,"Öyle ki Amerikalı Senatör William Fulbright, 1945’te Fulbright Değişim Programını kurmak için gerekli yasal düzenlemeyi başlatırken bir Amerikalı uzman, “Hedefimiz, 1975 yılına kadar Türkiye’nin yönetiminde Amerikan eğitimi almamış tek bir kişi bırakmamaktır” demişti.",0,,0,1,almamış,1,0,,0,37,0,0,0,0,0,0,0,0,0,"{""7"": [], ""11"": []}",0.0,0.0,0.0,,0.0,0.0,0.0,,0.0,0.0
yenicag:698689,yenicag,2023-08-19,2,29,3555,3901,"ABD’nin yakın tarihteki Ankara Büyükelçisi David Satterfield, 1949 yılında kurulan Fulbright Komisyonu'nun 70. yılı dolayısıyla 2021’de yaptığı konuşmada “Fulbright Türkiye Komisyonu'nu geride kalan 70 yıl içinde 5000’den fazla bursiyere burs sağlama konusunda gösterdiği çabalardan dolayı kutluyor ve Komisyon’a şükranlarımı sunuyorum.” demişti.",1,kurulan,1,0,,0,0,,1,45,0,1,0,0,0,0,0,0,0,"{""7"": [], ""11"": []}",1.0,1.0,1.0,,0.0,0.0,0.0,,1.0,0.0
yenicag:698689,yenicag,2023-08-19,2,30,3903,3946,5000 kişi sadece Türkiye için yetiştirildi.,1,yetiştirildi,1,0,,0,0,,1,7,0,0,0,0,0,0,0,0,0,"{""7"": [], ""11"": []}",0.0,0.0,0.0,,0.0,0.0,0.0,,0.0,0.0
yenicag:698689,yenicag,2023-08-19,2,31,3947,4063,"ABD Dışişleri Bakanlığı, alenen “Yetiştirdiğimiz devlet ve hükûmet başkanları” diye 185 kişilik bir liste yayınladı.",1,alenen,1,0,,0,0,,1,17,0,0,0,0,0,0,0,0,0,"{""7"": [], ""11"": []}",0.0,0.0,0.0,,0.0,0.0,0.0,,0.0,0.0
yenicag:698689,yenicag,2023-08-19,2,32,4064,4141,"Yani, adamlar, dünyayı yönetecek kadroları, 1945’ten itibaren yetiştiriyor...",0,,0,0,,0,0,,0,12,0,0,0,0,0,0,0,0,0,"{""7"": [], ""11"": []}",0.0,0.0,0.0,,0.0,0.0,0.0,,0.0,0.0
yenicag:698689,yenicag,2023-08-19,2,33,4143,4179,Yine de dünyaya hâkim olamıyorlar...,0,,0,0,,0,0,,0,6,0,0,0,0,0,0,0,0,0,"{""7"": [], ""11"": []}",0.0,0.0,0.0,,0.0,0.0,0.0,,0.0,0.0
yenicag:698689,yenicag,2023-08-19,2,34,4180,4212,İşte Suudi-Arabistan diyaloğu...,0,,0,0,,0,0,,0,6,0,0,0,0,0,0,0,0,0,"{""7"": [], ""11"": []}",0.0,0.0,0.0,,0.0,0.0,0.0,,0.0,0.0
yenicag:698689,yenicag,2023-08-19,2,35,4213,4269,"İşte Mali, Burkina-Faso ve Nijer’in Fransa’yı kovması...",0,,0,0,,0,0,,0,11,0,0,0,0,0,0,0,0,0,"{""7"": [], ""11"": []}",0.0,0.0,0.0,,0.0,0.0,0.0,,0.0,0.0
yenicag:759815,yenicag,2024-01-30,2,0,0,33,İç içe üç geçmiş üç kaos çemberi!,0,,0,0,,0,0,,0,8,0,0,0,0,0,0,0,0,0,"{""7"": [], ""11"": []}",0.0,0.0,0.0,,0.0,0.0,0.0,,0.0,0.0
yenicag:759815,yenicag,2024-01-30,2,1,35,89,Perde arkasını bilmediğimiz garip olaylar yaşanıyor...,0,,0,0,,0,0,,0,7,0,0,0,0,0,1,0,0,0,"{""7"": [""Manipulative Wording""], ""11"": []}",0.0,0.0,0.0,,1.0,1.0,1.0,,0.0,1.0
yenicag:759815,yenicag,2024-01-30,2,2,90,313,"Tam da “İsrail, ABD’nin İran’a saldırması için çaba sarf ediyor” denildiği bir zamanda, Ürdün'de, Suriye sınırına yakın bir bölgede bulunan ABD üssüne yapılan insansız hava aracı saldırısında 3 ABD askeri hayatını kaybetti.",1,denildiği | bulunan | yapılan,3,0,,0,0,,1,37,1,0,1,0,0,1,0,0,0,"{""7"": [""Manipulative Wording""], ""11"": []}",1.0,1.0,1.0,,1.0,1.0,1.0,,1.0,1.0
yenicag:759815,yenicag,2024-01-30,2,3,314,346,Saldırıda 25 asker de yaralandı.,1,yaralandı,1,0,,0,0,,1,6,0,0,0,0,0,1,0,0,0,"{""7"": [""Manipulative Wording""], ""11"": []}",0.0,0.0,0.0,,1.0,1.0,1.0,,0.0,1.0
yenicag:759815,yenicag,2024-01-30,2,4,348,405,ABD Başkanı Joe Biden yaptığı açıklamada şunları söyledi:,0,,0,0,,0,0,,0,9,0,0,0,0,0,0,0,0,0,"{""7"": [], ""11"": []}",0.0,0.0,0.0,,0.0,0.0,0.0,,0.0,0.0
yenicag:759815,yenicag,2024-01-30,2,5,407,559,"“Ürdün'ün kuzeydoğusunda Suriye sınırına yakın güçlerimize düzenlenen insansız hava aracı saldırısında 3 ABD askeri öldü, çok sayıda asker de yaralandı.",1,düzenlenen | yaralandı,2,0,,0,0,,1,22,0,0,0,0,0,0,0,0,0,"{""7"": [], ""11"": []}",0.0,0.0,0.0,,0.0,0.0,0.0,,0.0,0.0
yenicag:759815,yenicag,2024-01-30,2,6,560,714,Saldırıyı araştırmaya devam ettiğimizde bunun Irak ve Suriye'de faaliyet gösteren İran destekli radikal gruplar tarafından gerçekleştirildiğini biliyoruz.,0,,0,0,,0,1,,0,18,1,0,0,0,0,0,0,0,0,"{""7"": [], ""11"": []}",1.0,1.0,1.0,,0.0,0.0,0.0,,1.0,0.0
yenicag:759815,yenicag,2024-01-30,2,7,715,829,Sorumluların hepsini cezalandıracağımızdan şüpheniz olmasın ama zamanımızı ve yöntemimizi kendimiz belirleyeceğiz.,0,,0,0,,0,0,,0,12,0,0,0,0,0,0,0,0,0,"{""7"": [], ""11"": []}",0.0,0.0,0.0,,0.0,0.0,0.0,,0.0,0.0
yenicag:759815,yenicag,2024-01-30,2,8,829,830,”,0,,0,0,,0,0,,0,1,0,0,0,0,0,0,0,0,0,"{""7"": [], ""11"": []}",0.0,0.0,0.0,,0.0,0.0,0.0,,0.0,0.0
yenicag:759815,yenicag,2024-01-30,2,9,832,1047,Türkiye’de ise “Yapılan operasyonlarla IŞİD’in kiliselere saldırısı önlendi” denildiği bir sırada Sarıyer'de bulunan Santa Maria Kilisesi'ne Pazar ayini sırasında maskeli iki kişi tarafından silahlı saldırı yapıldı.,1,“Yapılan | önlendi” | denildiği | bulunan | yapıldı,5,0,,0,1,,0,27,1,0,1,0,0,0,0,0,0,"{""7"": [], ""11"": []}",1.0,1.0,1.0,,0.0,0.0,0.0,,1.0,0.0
yenicag:759815,yenicag,2024-01-30,2,10,1049,1167,"Saldırıda 52 yaşındaki Tuncer Murat Cihan hayatını kaybederken, silahlı saldırıyı gerçekleştiren şüpheliler yakalandı.",0,,0,0,,0,0,,0,16,0,0,1,0,0,0,0,0,0,"{""7"": [], ""11"": []}",1.0,1.0,1.0,,0.0,0.0,0.0,,1.0,0.0
yenicag:759815,yenicag,2024-01-30,2,11,1168,1231,Operasyonlarda saldırıyı gerçekleştiren Tacikistan uyruklu A.K.,0,,0,0,,0,0,,0,9,1,0,0,0,0,0,0,0,0,"{""7"": [], ""11"": []}",1.0,1.0,1.0,,0.0,0.0,0.0,,1.0,0.0
yenicag:759815,yenicag,2024-01-30,2,12,1232,1254,ile Rusya uyruklu D.T.,0,,0,0,,0,0,,0,6,1,0,0,0,0,0,0,0,0,"{""7"": [], ""11"": []}",1.0,1.0,1.0,,0.0,0.0,0.0,,1.0,0.0
yenicag:759815,yenicag,2024-01-30,2,13,1255,1332,ile birlikte saldırıyla ilgisi olduğu tespit edilen 51 kişi gözaltına alındı.,1,edilen | alındı,2,0,,0,0,,1,12,0,0,0,0,0,0,0,0,0,"{""7"": [], ""11"": []}",0.0,0.0,0.0,,0.0,0.0,0.0,,0.0,0.0
yenicag:759815,yenicag,2024-01-30,2,14,1334,1538,"Öte yandan şüphelilerin olayda kullandığı aracın bir sene önce Polonya’dan Türkiye’ye getirildiği, aracın bu süre içerisinde hiç trafiğe çıkmadığı, olay günü şüpheliler tarafından kullanıldığı belirlendi!",1,getirildiği | kullanıldığı | belirlendi,3,0,,0,1,,0,28,0,0,0,0,0,0,0,0,0,"{""7"": [], ""11"": []}",0.0,0.0,0.0,,0.0,0.0,0.0,,0.0,0.0
yenicag:759815,yenicag,2024-01-30,2,15,1540,1672,"Saldırıyı gerçekleştiren şüphelilerden A.K.’nin silahının tutukluk yapması sonucu, şüphelilerin panik yapıp kaçtığı da ortaya çıktı.",0,,0,0,,0,0,,0,17,0,0,0,0,0,0,0,0,0,"{""7"": [], ""11"": []}",0.0,0.0,0.0,,0.0,0.0,0.0,,0.0,0.0
yenicag:759815,yenicag,2024-01-30,2,16,1674,1703,Bu olayda da tuhaflıklar var.,0,,0,0,,0,0,,0,6,0,0,0,0,0,1,0,0,0,"{""7"": [""Manipulative Wording""], ""11"": []}",0.0,0.0,0.0,,1.0,1.0,1.0,,0.0,1.0
yenicag:759815,yenicag,2024-01-30,2,17,1704,1889,"IŞİD gibi ABD tarafından kurulduğu Trump tarafından söylenen istihbarat güdümlü bir örgüt, silahı tutukluk yapacak ve paniğe kapılıp kaçacak kadar amatör kişilerle mi çalışmaya başladı?",1,kurulduğu | söylenen,2,0,,0,1,,0,28,1,0,0,0,0,1,0,0,0,"{""7"": [""Manipulative Wording""], ""11"": []}",1.0,1.0,1.0,,1.0,1.0,1.0,,1.0,1.0
yenicag:759815,yenicag,2024-01-30,2,18,1890,1926,"İŞİD, tek tabancayla eylem yapar mı?",0,,0,0,,0,0,,0,8,0,0,0,0,0,1,0,0,0,"{""7"": [""Manipulative Wording""], ""11"": []}",0.0,0.0,0.0,,1.0,1.0,1.0,,0.0,1.0
yenicag:759815,yenicag,2024-01-30,2,19,1928,1978,"Strateji uzmanı Nejat Eslen, durumu şöyle görüyor:",0,,0,0,,0,0,,0,9,0,0,0,0,0,0,0,0,0,"{""7"": [], ""11"": []}",0.0,0.0,0.0,,0.0,0.0,0.0,,0.0,0.0
yenicag:759815,yenicag,2024-01-30,2,20,1980,2087,-Ürdün’ün Suriye sınırına yakın bir yerde Amerikan askerlerine saldırı kimin işine yarar diye bakmak lâzım.,0,,0,0,,0,0,,0,17,0,0,0,0,0,0,0,0,0,"{""7"": [], ""11"": []}",0.0,0.0,0.0,,0.0,0.0,0.0,,0.0,0.0
yenicag:759815,yenicag,2024-01-30,2,21,2088,2175,İran neden kendi ülkesine bir ABD saldırısına sebep olabilecek bir saldırıyı yaptırsın?,0,,0,0,,0,0,,0,13,0,0,0,0,0,0,0,0,0,"{""7"": [], ""11"": []}",0.0,0.0,0.0,,0.0,0.0,0.0,,0.0,0.0
yenicag:759815,yenicag,2024-01-30,2,22,2176,2280,"Olayı İran ile bağlantılı bir örgüt üstlenmiş olabilir ama bu, saldırıyı İran’ın yaptırdığını göstermez.",0,,0,1,üstlenmiş,1,0,,0,16,0,0,0,0,0,0,0,0,0,"{""7"": [], ""11"": []}",0.0,0.0,0.0,,0.0,0.0,0.0,,0.0,0.0
yenicag:759815,yenicag,2024-01-30,2,23,2281,2313,Bir istihbarat oyunu olabilir...,0,,0,0,,0,0,,0,5,0,0,0,0,0,0,0,0,0,"{""7"": [], ""11"": []}",0.0,0.0,0.0,,0.0,0.0,0.0,,0.0,0.0
yenicag:759815,yenicag,2024-01-30,2,24,2314,2378,"İsrail, ABD seçimlerinden önce ABD’yi İran’a saldırtmak istiyor.",0,,0,0,,0,0,,0,10,1,0,0,0,0,0,0,0,0,"{""7"": [], ""11"": []}",1.0,1.0,1.0,,0.0,0.0,0.0,,1.0,0.0
yenicag:759815,yenicag,2024-01-30,2,25,2379,2442,Çünkü Trump seçilirse ABD’nin dış politikası tamamen değişecek.,0,,0,0,,0,0,,0,9,0,0,0,0,0,0,0,0,0,"{""7"": [], ""11"": []}",0.0,0.0,0.0,,0.0,0.0,0.0,,0.0,0.0
yenicag:759815,yenicag,2024-01-30,2,26,2443,2544,"Trump, “Biz Ukrayna’ya 200 milyar dolar harcadık, NATO üyesi Avrupa ülkeleri 20 milyar dolar verdi...",0,,0,0,,0,0,,0,18,0,0,0,0,0,0,0,0,0,"{""7"": [], ""11"": []}",0.0,0.0,0.0,,0.0,0.0,0.0,,0.0,0.0
yenicag:759815,yenicag,2024-01-30,2,27,2545,2627,"ABD saldırıya uğrasa, NATO’nun Avrupalı üyeleri, bize 200 milyar dolar verecek mi?",0,,0,0,,0,0,,0,15,0,0,0,0,0,0,0,0,0,"{""7"": [], ""11"": []}",0.0,0.0,0.0,,0.0,0.0,0.0,,0.0,0.0
yenicag:759815,yenicag,2024-01-30,2,28,2628,2720,"Orta Doğu’da 9 trilyon dolar harcadık, milyonlarca insan öldürdük, elimize ne geçti?” diyor.",0,,0,0,,0,0,,0,18,0,0,0,0,0,0,0,0,0,"{""7"": [], ""11"": []}",0.0,0.0,0.0,,0.0,0.0,0.0,,0.0,0.0
yenicag:759815,yenicag,2024-01-30,2,29,2722,2748,-İç içe üç çember düşünün.,0,,0,0,,0,0,,0,7,0,0,0,0,0,0,0,0,0,"{""7"": [], ""11"": []}",0.0,0.0,0.0,,0.0,0.0,0.0,,0.0,0.0
yenicag:759815,yenicag,2024-01-30,2,30,2749,2929,En büyük dış çemberde ABD’nin küresel liderliğini korumak için uğraştığı ama bu sebeple küresel bir kaosa sebep olduğu ve kendisinin de her geçen gün güç kaybettiği bir dönemdeyiz.,0,,0,0,,0,0,,0,30,0,0,0,0,0,0,0,0,0,"{""7"": [], ""11"": []}",0.0,0.0,0.0,,0.0,0.0,0.0,,0.0,0.0
yenicag:759815,yenicag,2024-01-30,2,31,2930,3017,Sovyetler Birliği’nin dağılmasından sonra ortaya çıkan jeopolitik boşluk doldurulamadı.,1,doldurulamadı,1,0,,0,0,,1,10,0,0,0,0,0,0,0,0,0,"{""7"": [], ""11"": []}",0.0,0.0,0.0,,0.0,0.0,0.0,,0.0,0.0
yenicag:759815,yenicag,2024-01-30,2,32,3018,3065,ABD’nin kendi içinde de büyük sorunlar başladı.,0,,0,0,,0,0,,0,8,0,0,0,0,0,0,0,0,0,"{""7"": [], ""11"": []}",0.0,0.0,0.0,,0.0,0.0,0.0,,0.0,0.0
yenicag:759815,yenicag,2024-01-30,2,33,3066,3106,Teksas eyaleti ile yaşanan sorun gibi...,1,yaşanan,1,0,,0,0,,1,7,0,0,0,0,0,0,0,0,0,"{""7"": [], ""11"": []}",0.0,0.0,0.0,,0.0,0.0,0.0,,0.0,0.0
yenicag:759815,yenicag,2024-01-30,2,34,3108,3149,-İkinci çember de Orta Doğu’daki kaostur.,0,,0,0,,0,0,,0,10,0,0,0,0,0,0,0,0,0,"{""7"": [], ""11"": []}",0.0,0.0,0.0,,0.0,0.0,0.0,,0.0,0.0
yenicag:759815,yenicag,2024-01-30,2,35,3150,3321,"İsrail, ABD’yi Büyük Orta Doğu Projesi ve Arap Baharı ile yönlendirdi ve bölgede kendisi için tehdit oluşturacak Irak, Suriye, Libya, Sudan ve Yemen’i istikrarsızlaştırdı.",0,,0,0,,0,0,,0,29,1,0,1,0,0,0,0,0,0,"{""7"": [], ""11"": []}",1.0,1.0,1.0,,0.0,0.0,0.0,,1.0,0.0
yenicag:759815,yenicag,2024-01-30,2,36,3322,3359,Mısır da Arap Baharı ile yumuşatıldı.,1,yumuşatıldı,1,0,,0,0,,1,7,0,0,0,0,0,0,0,0,0,"{""7"": [], ""11"": []}",0.0,0.0,0.0,,0.0,0.0,0.0,,0.0,0.0
yenicag:759815,yenicag,2024-01-30,2,37,3360,3495,"İsrail bu defa, en büyük tehdit olarak gördüğü İran’a doğrudan bir ABD müdahalesi planlıyor; bunun gerekçelerini oluşturmaya çalışıyor.",0,,0,0,,0,0,,0,21,1,0,1,0,0,0,0,0,0,"{""7"": [], ""11"": []}",1.0,1.0,1.0,,0.0,0.0,0.0,,1.0,0.0
yenicag:759815,yenicag,2024-01-30,2,38,3497,3534,"-Üçüncü çember, Türkiye’deki kaostur.",0,,0,0,,0,0,,0,9,0,0,1,0,0,0,0,0,0,"{""7"": [], ""11"": []}",0.0,0.0,0.0,0.0,0.0,0.0,0.0,,1.0,0.0
yenicag:759815,yenicag,2024-01-30,2,39,3535,3682,"İçeride, müthiş bir kutuplaşma yaşanırken, sığınmacıların kabulü yüzünden, IŞİD’in hücre tipi yapılanmalar ile Türkiye’ye yerleştiği anlaşılıyor...",1,yaşanırken | anlaşılıyor,2,0,,0,0,,1,20,1,0,0,0,0,0,0,0,0,"{""7"": [], ""11"": []}",1.0,1.0,1.0,,0.0,0.0,0.0,,1.0,0.0
yenicag:759815,yenicag,2024-01-30,2,40,3683,3757,"Kiliselere saldırı yapılacağı istihbaratı alınmışken, saldırı yaşanıyor...",1,yapılacağı | alınmışken | yaşanıyor,3,0,,0,0,,1,9,0,0,0,0,0,0,0,0,0,"{""7"": [], ""11"": []}",0.0,0.0,0.0,,0.0,0.0,0.0,,0.0,0.0
yenicag:759815,yenicag,2024-01-30,2,41,3758,3797,Saldırı IŞİD eylemlerine de benzemiyor!,0,,0,0,,0,0,,0,6,0,0,0,0,0,0,0,0,0,"{""7"": [], ""11"": []}",0.0,0.0,0.0,,0.0,0.0,0.0,,0.0,0.0
yenicag:759815,yenicag,2024-01-30,2,42,3799,3871,"-Küresel kaos, bölgesel kaos ve ülkede kaos eş zamanlı olarak yaşanıyor.",1,yaşanıyor,1,0,,0,0,,1,14,0,0,0,0,0,0,0,0,0,"{""7"": [], ""11"": []}",0.0,0.0,0.0,,0.0,0.0,0.0,,0.0,0.0
yenicag:759815,yenicag,2024-01-30,2,43,3872,3932,Bu durumda Atatürk’ün işaret ettiği iç cephe önem kazanıyor.,0,,0,0,,0,0,,0,10,0,1,0,0,0,0,0,0,0,"{""7"": [], ""11"": []}",1.0,1.0,1.0,,0.0,0.0,0.0,,1.0,0.0
yenicag:759815,yenicag,2024-01-30,2,44,3933,4011,İç cepheyi yeniden güçlü kılmak ne AKP’nin ne de CHP’nin yapabileceği bir şey.,0,,0,0,,0,0,,0,14,0,0,0,0,0,0,0,0,0,"{""7"": [], ""11"": []}",0.0,0.0,0.0,,0.0,0.0,0.0,,0.0,0.0
yenicag:759815,yenicag,2024-01-30,2,45,4012,4084,Çünkü iç cephenin zayıflamasına bu iki partinin zaafları sebep oluyor...,0,,0,0,,0,0,,0,11,0,0,0,0,0,0,0,0,0,"{""7"": [], ""11"": []}",0.0,0.0,0.0,,0.0,0.0,0.0,,0.0,0.0
yenicag:759815,yenicag,2024-01-30,2,46,4085,4146,Bu sebeple Atatürk politikalarına dönmekten başka çare yok...,0,,0,0,,0,0,,0,9,0,1,0,0,0,0,0,0,0,"{""7"": [], ""11"": []}",1.0,1.0,1.0,,0.0,0.0,0.0,,1.0,0.0
yenicag:839975,yenicag,2024-09-15,2,0,0,35,"22 yılda 1,1 trilyon dolar dış açık",0,,0,0,,0,0,,0,8,0,0,0,0,0,0,0,0,0,"{""7"": [], ""11"": []}",0.0,0.0,0.0,,0.0,0.0,0.0,,0.0,0.0
yenicag:839975,yenicag,2024-09-15,2,1,37,132,"Simit hesabı, halkın yoksulluğunu gösteriyor ve fakat bu yoksulluk buzdağının görünen kısmıdır.",0,,0,0,,0,0,,0,15,0,0,0,0,0,0,0,0,0,"{""7"": [], ""11"": []}",0.0,0.0,0.0,,0.0,0.0,0.0,,0.0,0.0
yenicag:839975,yenicag,2024-09-15,2,2,133,169,Asıl sorun ülkenin yoksullaşmasıdır.,0,,0,0,,0,0,,0,6,0,0,0,0,0,0,0,0,0,"{""7"": [], ""11"": []}",0.0,0.0,0.0,,0.0,0.0,0.0,,0.0,0.0
yenicag:839975,yenicag,2024-09-15,2,3,170,260,Maalesef günübirlik yaşayan bir toplum olduğumuz için ülkenin yoksullaşmasını göremiyoruz.,0,,0,0,,0,0,,0,11,0,0,0,0,0,0,0,0,0,"{""7"": [], ""11"": []}",0.0,0.0,0.0,,0.0,0.0,0.0,,0.0,0.0
yenicag:839975,yenicag,2024-09-15,2,4,262,363,"2003 yılından 2024 Temmuz ayı sonuna kadar geçen 21 yıl 7 ayda, 1,1 trilyon dış ticaret açığı verdik.",0,,0,0,,0,0,,0,21,0,0,0,0,0,0,0,0,0,"{""7"": [], ""11"": []}",0.0,0.0,0.0,,0.0,0.0,0.0,,0.0,0.0
yenicag:839975,yenicag,2024-09-15,2,5,364,406,Türkiye’nin bir yıllık millî geliri kadar.,0,,0,0,,0,0,,0,7,0,0,0,0,0,0,0,0,0,"{""7"": [], ""11"": []}",0.0,0.0,0.0,,0.0,0.0,0.0,,0.0,0.0
yenicag:839975,yenicag,2024-09-15,2,6,407,444,Ve 736 milyar dolar cari açık verdik.,0,,0,0,,0,0,,0,8,0,0,0,0,0,0,0,0,0,"{""7"": [], ""11"": []}",0.0,0.0,0.0,,0.0,0.0,0.0,,0.0,0.0
yenicag:839975,yenicag,2024-09-15,2,7,445,462,(Aşağıdaki tablo.,0,,0,0,,0,0,,0,5,0,0,0,0,0,0,0,0,0,"{""7"": [], ""11"": []}",0.0,0.0,0.0,,0.0,0.0,0.0,,0.0,0.0
yenicag:839975,yenicag,2024-09-15,2,8,462,463,),0,,0,0,,0,0,,0,1,0,0,0,0,0,0,0,0,0,"{""7"": [], ""11"": []}",0.0,0.0,0.0,,0.0,0.0,0.0,,0.0,0.0
yenicag:839975,yenicag,2024-09-15,2,9,465,521,Cari açık ülkenin döviz ve aynı zamanda servet kaybıdır.,0,,0,0,,0,0,,0,11,0,0,0,0,0,0,0,0,0,"{""7"": [], ""11"": []}",0.0,0.0,0.0,,0.0,0.0,0.0,,0.0,0.0
yenicag:839975,yenicag,2024-09-15,2,10,522,639,Beş yıl öncesine kadar bu açık kısmen doğrudan yabancı yatırım sermayesi ile kısmen de dış borçla finanse ediliyordu.,1,ediliyordu,1,0,,0,0,,1,19,0,0,0,0,0,0,0,0,0,"{""7"": [], ""11"": []}",0.0,0.0,0.0,,0.0,0.0,0.0,,0.0,0.0
yenicag:839975,yenicag,2024-09-15,2,11,640,690,Artık doğrudan yabancı yatırım sermayesi gelmiyor.,0,,0,0,,0,0,,0,7,0,0,0,0,0,0,0,0,0,"{""7"": [], ""11"": []}",0.0,0.0,0.0,,0.0,0.0,0.0,,0.0,0.0
yenicag:839975,yenicag,2024-09-15,2,12,691,755,Bu nedenle cari açığın finansmanı doğrudan dış borçla yapılıyor.,1,yapılıyor,1,0,,0,0,,1,10,0,0,0,0,0,0,0,0,0,"{""7"": [], ""11"": []}",0.0,0.0,0.0,,0.0,0.0,0.0,,0.0,0.0
yenicag:839975,yenicag,2024-09-15,2,13,757,831,"Gelecekte bu borçları, faizleri ve kâr transferlerini yine biz ödeyeceğiz.",0,,0,0,,0,0,,0,12,0,0,0,0,0,0,0,0,0,"{""7"": [], ""11"": []}",0.0,0.0,0.0,,0.0,0.0,0.0,,0.0,0.0
yenicag:839975,yenicag,2024-09-15,2,14,832,957,"Ödediğimizde dışarıya giden faiz ve kârların GSMH’ya oranı büyüme oranından daha yüksek olursa, ülke daha da fakirleşecektir.",0,,0,0,,0,0,,0,19,0,0,0,0,0,0,0,0,0,"{""7"": [], ""11"": []}",0.0,0.0,0.0,,0.0,0.0,0.0,,0.0,0.0
yenicag:839975,yenicag,2024-09-15,2,15,959,1020,Öte yandan bu 21 yılda yalnızca kaynak ve servet kaybetmedik.,0,,0,0,,0,0,,0,11,0,0,0,0,0,0,0,0,0,"{""7"": [], ""11"": []}",0.0,0.0,0.0,,0.0,0.0,0.0,,0.0,0.0
yenicag:839975,yenicag,2024-09-15,2,16,1021,1095,"Başkanlık sistemiyle otokrasi sertleştikçe, beşeri sermayeyi de kaybettik.",1,sertleştikçe,1,0,,0,0,,1,10,1,0,0,0,0,0,0,0,0,"{""7"": [], ""11"": []}",1.0,1.0,1.0,,0.0,0.0,0.0,,1.0,0.0
yenicag:839975,yenicag,2024-09-15,2,17,1096,1232,"TÜİK’in uluslararası göç istatistiklerine göre 2016 yılından 2023 yılı sonuna kadar 8 yılda toplam 2,9 milyon kişi yurt dışına göç etti.",0,,0,0,,0,0,,0,24,0,0,0,0,0,0,0,0,0,"{""7"": [], ""11"": []}",0.0,0.0,0.0,,0.0,0.0,0.0,,0.0,0.0
yenicag:839975,yenicag,2024-09-15,2,18,1233,1293,"Bunların en az yarısı eğitilmiş iş gücü, yani beyin göçüdür.",1,eğitilmiş,1,1,eğitilmiş,1,0,,1,13,0,0,0,0,0,0,0,0,0,"{""7"": [], ""11"": []}",0.0,0.0,0.0,,0.0,0.0,0.0,,0.0,0.0
yenicag:839975,yenicag,2024-09-15,2,19,1294,1393,"Venezuela’da otokrasi nedeni ile 3 milyon kişi yurdunu terk etti derken, kendi hâlimizi görmüyoruz.",0,,0,0,,0,0,,0,16,0,0,0,0,0,0,1,0,0,"{""7"": [""Simplification""], ""11"": []}",0.0,0.0,0.0,,1.0,1.0,1.0,,0.0,1.0
yenicag:839975,yenicag,2024-09-15,2,20,1395,1458,"Beyin göçü, bir fabrikayı tamamlayıp başkasına vermek demektir.",0,,0,0,,0,0,,0,11,0,0,0,0,0,0,0,0,0,"{""7"": [], ""11"": []}",0.0,0.0,0.0,,0.0,0.0,0.0,,0.0,0.0
yenicag:839975,yenicag,2024-09-15,2,21,1459,1633,"Siz, bir kişiyi eğitiyorsunuz, uzman yapıyorsunuz, masraf yapıyorsunuz ama bunu güven ve iş veremediğiniz için, başka ülkeye hediye ediyorsunuz, gidip başka ülkede çalışıyor.",0,,0,0,,0,0,,0,29,0,0,0,0,0,0,0,0,0,"{""7"": [], ""11"": []}",0.0,0.0,0.0,,0.0,0.0,0.0,,0.0,0.0
yenicag:839975,yenicag,2024-09-15,2,22,1634,1759,"Yani maliyetini siz karşılıyorsunuz, faydasını gelişmiş ülkeler, Amerika Birleşik Devletleri ve Almanya gibi ülkeler görüyor.",0,,0,1,gelişmiş,1,0,,0,18,0,0,0,0,0,0,0,0,0,"{""7"": [], ""11"": []}",0.0,0.0,0.0,,0.0,0.0,0.0,,0.0,0.0
yenicag:839975,yenicag,2024-09-15,2,23,1761,1918,"Cari açık ve beyin göçü yanında son yıllarda doğrudan yabancı yatırım sermaye girişi (yabancıya gayrimenkul satışı hariç) azaldı, yerli sermaye çıkışı arttı.",0,,0,0,,0,0,,0,26,0,0,0,0,0,0,0,0,0,"{""7"": [], ""11"": []}",0.0,0.0,0.0,,0.0,0.0,0.0,,0.0,0.0
yenicag:839975,yenicag,2024-09-15,2,24,1919,1937,(Aşağıdaki grafik.,0,,0,0,,0,0,,0,5,0,0,0,0,0,0,0,0,0,"{""7"": [], ""11"": []}",0.0,0.0,0.0,,0.0,0.0,0.0,,0.0,0.0
yenicag:839975,yenicag,2024-09-15,2,25,1937,1938,),0,,0,0,,0,0,,0,1,0,0,0,0,0,0,0,0,0,"{""7"": [], ""11"": []}",0.0,0.0,0.0,,0.0,0.0,0.0,,0.0,0.0
yenicag:839975,yenicag,2024-09-15,2,26,1940,2029,"Yolsuzluk, hırsızlık, yurt içinde GSYH içinde bir kesimden bir kesime gelir transferidir.",0,,0,0,,0,0,,0,16,0,0,0,0,0,0,0,0,0,"{""7"": [], ""11"": []}",0.0,0.0,0.0,,0.0,0.0,0.0,,0.0,0.0
yenicag:839975,yenicag,2024-09-15,2,27,2030,2106,"Birileri zenginleşir, birileri yoksullaşır ve fakat kaynaklar içeride kalır.",1,yoksullaşır,1,0,,0,0,,1,11,0,0,0,0,0,0,0,0,0,"{""7"": [], ""11"": []}",0.0,0.0,0.0,,0.0,0.0,0.0,,0.0,0.0
yenicag:839975,yenicag,2024-09-15,2,28,2107,2211,"Cari açık ve beyin göçü ile yurt dışına sermaye çıkışı, yurt dışına kaynak ve servet transferi demektir.",0,,0,0,,0,0,,0,20,0,0,0,0,0,0,0,0,0,"{""7"": [], ""11"": []}",0.0,0.0,0.0,,0.0,0.0,0.0,,0.0,0.0
yenicag:839975,yenicag,2024-09-15,2,29,2212,2256,Ülkenin topyekûn yoksullaşmasına neden olur.,0,,0,0,,0,0,,0,6,0,0,0,0,0,0,0,0,0,"{""7"": [], ""11"": []}",0.0,0.0,0.0,,0.0,0.0,0.0,,0.0,0.0
yenicag:839975,yenicag,2024-09-15,2,30,2258,2322,"Türkiye üstüne bu kadar sömürü düzeni harple, silahla kurulamaz.",1,kurulamaz,1,0,,0,0,,1,11,0,0,0,0,0,0,0,0,0,"{""7"": [], ""11"": []}",0.0,0.0,0.0,,0.0,0.0,0.0,,0.0,0.0
yenicag:839975,yenicag,2024-09-15,2,31,2324,2385,"Cari açık, beyin ve sermaye çıkışı konusunu her zaman yazdım.",0,,0,0,,0,0,,0,12,0,0,0,0,0,0,0,0,0,"{""7"": [], ""11"": []}",0.0,0.0,0.0,,0.0,0.0,0.0,,0.0,0.0
yenicag:839975,yenicag,2024-09-15,2,32,2386,2437,Ama 2007’den beri sorunu derinlemesine irdeliyorum.,0,,0,0,,0,0,,0,7,0,0,0,0,0,0,0,0,0,"{""7"": [], ""11"": []}",0.0,0.0,0.0,,0.0,0.0,0.0,,0.0,0.0
yenicag:839975,yenicag,2024-09-15,2,33,2438,2614,"27 Kasım 2007’de “cari açık Türkiye’nin yumuşak karnıdır” diye yazdım ve yazının başlangıcında “IMF dâhil, dış çevreler Türkiye’nin cari açığını Aşil’in topuğuna benzetiyorlar.",0,,0,0,,0,0,,0,27,0,0,0,0,0,0,0,0,0,"{""7"": [], ""11"": []}",0.0,0.0,0.0,,0.0,0.0,0.0,,0.0,0.0
yenicag:839975,yenicag,2024-09-15,2,34,2615,2740,"Aşil’in topuğu benzetmesi, cari açığın ekonominin en hassas ve riskli sorunu olduğunu belirtmek için kullanılıyor.” demiştim.",1,kullanılıyor,1,0,,0,0,,1,19,0,0,0,0,0,0,0,0,0,"{""7"": [], ""11"": []}",0.0,0.0,0.0,,0.0,0.0,0.0,,0.0,0.0
yenicag:839975,yenicag,2024-09-15,2,35,2742,2901,"Siyasilerden, cari açık konusunda buz dağının görünmeyen kısmını yalnızca Rahmetli Deniz Baykal görmüştü ve görmeyenler için akıl tutulması yaşıyorlar demişti.",1,tutulması,1,0,,0,0,,1,23,0,0,0,0,0,0,0,0,0,"{""7"": [], ""11"": []}",0.0,0.0,0.0,,0.0,0.0,0.0,,0.0,0.0
yenicag:839975,yenicag,2024-09-15,2,36,2903,2959,Türkiye üstüne bu kadar yoğun sömürü düzenini kim kurdu?,0,,0,0,,0,0,,0,10,0,0,0,0,0,0,0,0,0,"{""7"": [], ""11"": []}",0.0,0.0,0.0,,0.0,0.0,0.0,,0.0,0.0
yenicag:839975,yenicag,2024-09-15,2,37,2960,3072,"Bir kısmı bellidir, spekülatif sermayenin, sıcak paranın babası Soros vakıfları ve siyasi İslam FETÖ iş birliği.",0,,0,0,,0,0,,0,20,1,0,0,0,0,0,0,0,0,"{""7"": [], ""11"": []}",0.0,1.0,0.0,0.0,0.0,0.0,0.0,,1.0,0.0
yenicag:839975,yenicag,2024-09-15,2,38,3073,3162,Muhalefetten ve iktidardan Soros vakıflarında ve FETÖ yanlısı olanları hepimiz biliyoruz.,0,,0,0,,0,0,,0,12,0,0,0,0,1,0,0,0,0,"{""7"": [""Justification""], ""11"": []}",0.0,0.0,0.0,,1.0,1.0,1.0,,0.0,1.0
yenicag:839975,yenicag,2024-09-15,2,39,3163,3220,"Bir grup daha var, ki onu da yine herkes tahmin edebilir.",0,,0,0,,0,0,,0,13,0,0,0,0,1,0,0,0,0,"{""7"": [""Justification""], ""11"": []}",0.0,0.0,0.0,,1.0,1.0,1.0,,0.0,1.0
yenicag:839975,yenicag,2024-09-15,2,40,3222,3248,Mesele halkın uyanmasıdır.,0,,0,0,,0,0,,0,5,0,0,0,0,0,0,0,1,0,"{""7"": [""Call""], ""11"": []}",0.0,0.0,0.0,,1.0,1.0,1.0,,0.0,1.0
yenicag:839975,yenicag,2024-09-15,2,41,3249,3286,Yoksa bu yıkımın altından kalkamayız.,0,,0,0,,0,0,,0,7,0,0,0,0,0,0,0,1,0,"{""7"": [""Call""], ""11"": []}",0.0,0.0,0.0,,1.0,1.0,1.0,,0.0,1.0
yenicag:948280,yenicag,2025-08-26,2,0,0,78,Etik yapay zekâ: Algoritmalar karar alırken ahlaki değerleri kim belirleyecek?,0,,0,0,,0,0,,0,12,0,0,0,0,0,0,0,0,0,"{""6"": [], ""7"": []}",0.0,0.0,0.0,,0.0,0.0,0.0,,0.0,0.0
yenicag:948280,yenicag,2025-08-26,2,1,80,254,"Yapay zekâ, hayatımızın hemen her alanına sızdı: tıp, eğitim, ulaşım, adalet ve hatta bireysel kararlarımızı etkileyen sosyal medya algoritmaları bile birer yapay zekâ ürünü.",0,,0,0,,0,0,,0,30,0,0,0,0,0,0,0,0,0,"{""6"": [], ""7"": []}",0.0,0.0,0.0,,0.0,0.0,0.0,,0.0,0.0
yenicag:948280,yenicag,2025-08-26,2,2,255,438,"Ancak bu sistemler, sadece verileri işlemekle kalmıyor; artık kararlar veriyor, önerilerde bulunuyor ve zaman zaman insanların hayatını etkileyebilecek kadar kritik roller üstleniyor.",1,bulunuyor,1,0,,0,0,,1,26,0,0,0,0,0,0,0,0,0,"{""6"": [], ""7"": []}",0.0,0.0,0.0,,0.0,0.0,0.0,,0.0,0.0
yenicag:948280,yenicag,2025-08-26,2,3,439,474,"Peki, bu kararlar ne kadar “doğru”?",0,,0,0,,0,0,,0,8,0,0,0,0,0,0,0,0,0,"{""6"": [], ""7"": []}",0.0,0.0,0.0,,0.0,0.0,0.0,,0.0,0.0
yenicag:948280,yenicag,2025-08-26,2,4,475,527,"Ve daha önemlisi, “doğruluk” neye göre tanımlanıyor?",1,tanımlanıyor,1,0,,0,0,,1,10,0,0,0,0,0,0,0,0,0,"{""6"": [], ""7"": []}",0.0,0.0,0.0,,0.0,0.0,0.0,,0.0,0.0
yenicag:948280,yenicag,2025-08-26,2,5,528,582,"Bu noktada etik, yani ahlaki değerler devreye giriyor.",0,,0,0,,0,0,,0,10,0,0,0,0,0,0,0,0,0,"{""6"": [], ""7"": []}",0.0,0.0,0.0,,0.0,0.0,0.0,,0.0,0.0
yenicag:948280,yenicag,2025-08-26,2,6,583,673,"Fakat insanlar için bile zor olan etik karar verme süreci, bir makineye nasıl öğretilmeli?",1,öğretilmeli,1,0,,0,0,,1,16,0,0,0,0,0,0,0,0,0,"{""6"": [], ""7"": []}",0.0,0.0,0.0,,0.0,0.0,0.0,,0.0,0.0
yenicag:948280,yenicag,2025-08-26,2,7,675,784,"Etik, yüzlerce yıllık felsefi tartışmalara konu olmuş, toplumdan topluma, bireyden bireye değişen bir kavram.",0,,0,1,olmuş,1,0,,0,18,0,0,0,0,0,0,0,0,0,"{""6"": [], ""7"": []}",0.0,0.0,0.0,,0.0,0.0,0.0,,0.0,0.0
yenicag:948280,yenicag,2025-08-26,2,8,785,885,"Ancak algoritmalar söz konusu olduğunda, bu değişkenlik sistematik karar mekanizmalarıyla çelişiyor.",0,,0,0,,0,0,,0,13,0,0,0,0,0,0,0,0,0,"{""6"": [], ""7"": []}",0.0,0.0,0.0,,0.0,0.0,0.0,,0.0,0.0
yenicag:948280,yenicag,2025-08-26,2,9,886,981,"Bir yapay zekâ sistemi, binlerce örnek veriyi analiz ederek “en iyi” sonucu üretmeye çalışıyor.",0,,0,0,,0,0,,0,16,0,0,0,0,0,0,0,0,0,"{""6"": [], ""7"": []}",0.0,0.0,0.0,,0.0,0.0,0.0,,0.0,0.0
yenicag:948280,yenicag,2025-08-26,2,10,982,1013,Ama bu “en iyi” neye dayanıyor?,0,,0,0,,0,0,,0,7,0,0,0,0,0,0,0,0,0,"{""6"": [], ""7"": []}",0.0,0.0,0.0,,0.0,0.0,0.0,,0.0,0.0
yenicag:948280,yenicag,2025-08-26,2,11,1014,1143,"Mesela bir otonom aracın kaza anında kimi kurtaracağına karar vermesi gerekiyorsa, bu kararda hangi ahlaki sistem geçerli olacak?",0,,0,0,,0,0,,0,20,0,0,0,0,0,0,0,0,0,"{""6"": [], ""7"": []}",0.0,0.0,0.0,,0.0,0.0,0.0,,0.0,0.0
yenicag:948280,yenicag,2025-08-26,2,12,1144,1230,"Faydacılık mı, deontoloji mi, yoksa tamamen istatistiksel bir olasılık hesaplaması mı?",0,,0,0,,0,0,,0,15,0,0,0,0,0,0,0,0,0,"{""6"": [], ""7"": []}",0.0,0.0,0.0,,0.0,0.0,0.0,,0.0,0.0
yenicag:948280,yenicag,2025-08-26,2,13,1231,1283,Üstelik bu karar anlık veriliyor ve geri dönüşü yok.,1,veriliyor,1,0,,0,0,,1,10,0,0,0,0,0,0,0,0,0,"{""6"": [], ""7"": []}",0.0,0.0,0.0,,0.0,0.0,0.0,,0.0,0.0
yenicag:948280,yenicag,2025-08-26,2,14,1284,1345,"Hangi hayatın daha değerli olduğuna kim, nasıl karar verecek?",0,,0,0,,0,0,,0,11,0,0,0,0,0,0,0,0,0,"{""6"": [], ""7"": []}",0.0,0.0,0.0,,0.0,0.0,0.0,,0.0,0.0
yenicag:948280,yenicag,2025-08-26,2,15,1347,1423,"Bu sorular, sadece teknik uzmanlık alanlarının çözebileceği meseleler değil.",0,,0,0,,0,0,,0,11,0,0,0,0,0,0,0,0,0,"{""6"": [], ""7"": []}",0.0,0.0,0.0,,0.0,0.0,0.0,,0.0,0.0
yenicag:948280,yenicag,2025-08-26,2,16,1424,1497,"Toplumsal, hukuki ve bireysel boyutları da olan çok katmanlı sorunsallar.",0,,0,0,,0,0,,0,12,0,0,0,0,0,0,0,0,0,"{""6"": [], ""7"": []}",0.0,0.0,0.0,,0.0,0.0,0.0,,0.0,0.0
yenicag:948280,yenicag,2025-08-26,2,17,1498,1640,"Etik kodların bir yapay zekâya entegre edilmesi, geliştiricilerin kendi ahlaki değerlerini evrensel bir norma dönüştürmesi anlamına gelebilir.",1,edilmesi,1,0,,0,0,,1,19,0,0,0,0,0,0,0,0,0,"{""6"": [], ""7"": []}",0.0,0.0,0.0,,0.0,0.0,0.0,,0.0,0.0
yenicag:948280,yenicag,2025-08-26,2,18,1641,1707,"Bu ise, teknolojiye gizli bir ideolojik yönlendirme katmanı ekler.",0,,0,0,,0,0,,0,11,0,0,0,0,0,0,0,0,0,"{""6"": [], ""7"": []}",0.0,0.0,0.0,,0.0,0.0,0.0,,0.0,0.0
yenicag:948280,yenicag,2025-08-26,2,19,1708,1831,"Yani bir bakıma, algoritmalar yalnızca hesap yapmıyor; aynı zamanda kültürel ve ideolojik bir duruş da sergiliyor olabilir.",0,,0,0,,0,0,,0,20,0,0,0,0,0,0,0,0,0,"{""6"": [], ""7"": []}",0.0,0.0,0.0,,0.0,0.0,0.0,,0.0,0.0
yenicag:948280,yenicag,2025-08-26,2,20,1832,1943,Japonya’daki bir robot ile Avrupa’daki bir yapay zekânın verdiği kararların aynı etik zeminde olması mümkün mü?,0,,0,0,,0,0,,0,19,0,0,0,0,0,0,0,0,0,"{""6"": [], ""7"": []}",0.0,0.0,0.0,,0.0,0.0,0.0,,0.0,0.0
yenicag:948280,yenicag,2025-08-26,2,21,1945,2043,"Ayrıca verilerle yoğun şekilde beslenecek bu sistemler, geçmişteki önyargıları yeniden üretebilir.",1,beslenecek,1,0,,0,0,,1,15,0,0,0,0,0,0,0,0,0,"{""6"": [], ""7"": []}",0.0,0.0,0.0,,0.0,0.0,0.0,,0.0,0.0
yenicag:948280,yenicag,2025-08-26,2,22,2044,2173,"Örneğin, daha önce erkeklere daha yüksek maaş öneren bir algoritma, bu örnekleri veri olarak aldıysa aynı hatayı tekrar edebilir.",0,,0,0,,0,0,,0,22,0,0,0,0,0,0,0,0,0,"{""6"": [], ""7"": []}",0.0,0.0,0.0,,0.0,0.0,0.0,,0.0,0.0
yenicag:948280,yenicag,2025-08-26,2,23,2174,2278,"Adli karar sistemlerinde yapay zekâ kullanımının, etnik ayrımcılığı yeniden ürettiği bilinen bir gerçek.",1,bilinen,1,0,,0,0,,1,15,0,0,0,0,0,0,0,0,0,"{""6"": [], ""7"": []}",0.0,0.0,0.0,,0.0,0.0,0.0,,0.0,0.0
yenicag:948280,yenicag,2025-08-26,2,24,2279,2414,"Bu, algoritmaların “ahlaki” kararlar vermesinin, verinin kendisinin tarafsız olmaması durumunda nasıl tehlikeli olabileceğini gösterir.",0,,0,0,,0,0,,0,17,0,0,0,0,0,0,0,0,0,"{""6"": [], ""7"": []}",0.0,0.0,0.0,,0.0,0.0,0.0,,0.0,0.0
yenicag:948280,yenicag,2025-08-26,2,25,2415,2549,Yani algoritmaların yanlış karar vermesi için kötü niyetli yazılmış olmaları gerekmez; yanlış verilerle eğitilmiş olmaları yeterlidir.,1,yazılmış | eğitilmiş,2,1,yazılmış | eğitilmiş,2,0,,1,20,0,0,0,0,0,0,0,0,0,"{""6"": [], ""7"": []}",0.0,0.0,0.0,,0.0,0.0,0.0,,0.0,0.0
yenicag:948280,yenicag,2025-08-26,2,26,2550,2653,"Dahası, bu hatalar çoğu zaman fark edilmeden sistematik hâle gelir ve ciddi toplumsal zararlar doğurur.",1,edilmeden,1,0,,0,0,,1,17,0,0,0,0,0,0,0,0,0,"{""6"": [], ""7"": []}",0.0,0.0,0.0,,0.0,0.0,0.0,,0.0,0.0
yenicag:948280,yenicag,2025-08-26,2,27,2655,2734,"İşin bir diğer boyutu da, yapay zekânın kararlarından kimin sorumlu olacağıdır.",0,,0,0,,0,0,,0,14,0,0,0,0,0,0,0,0,0,"{""6"": [], ""7"": []}",0.0,0.0,0.0,,0.0,0.0,0.0,,0.0,0.0
yenicag:948280,yenicag,2025-08-26,2,28,2735,2847,"Etik bir karar hatası, geliştiriciye mi, kullanıcıya mı, yoksa yapay zekânın “bağımsız” algoritmasına mı aittir?",0,,0,0,,0,0,,0,21,0,0,0,0,0,0,0,0,0,"{""6"": [], ""7"": []}",0.0,0.0,0.0,,0.0,0.0,0.0,,0.0,0.0
yenicag:948280,yenicag,2025-08-26,2,29,2848,2928,"Bu sorumluluk zinciri flu kaldıkça, sistemlerin hesap verilebilirliği de azalır.",1,verilebilirliği,1,0,,0,0,,1,12,0,0,0,0,0,0,0,0,0,"{""6"": [], ""7"": []}",0.0,0.0,0.0,,0.0,0.0,0.0,,0.0,0.0
yenicag:948280,yenicag,2025-08-26,2,30,2929,3025,"Bir karar yanlış çıktığında, sorumluluğu üstlenecek bir merci yoksa, güven inşa etmek de zordur.",0,,0,0,,0,0,,0,19,0,0,0,0,0,0,0,0,0,"{""6"": [], ""7"": []}",0.0,0.0,0.0,,0.0,0.0,0.0,,0.0,0.0
yenicag:948280,yenicag,2025-08-26,2,31,3026,3161,"Bu nedenle, sadece “doğru karar” veren sistemler değil; aynı zamanda şeffaf, denetlenebilir ve sorgulanabilir yapay zekâlar gereklidir.",1,denetlenebilir | sorgulanabilir,2,0,,0,0,,1,22,0,0,0,0,0,0,0,0,0,"{""6"": [], ""7"": []}",0.0,0.0,0.0,,0.0,0.0,0.0,,0.0,0.0
yenicag:948280,yenicag,2025-08-26,2,32,3162,3264,"Kod satırlarının satır aralarında, insanların hayatlarını etkileyen etik tercihlerin izi okunabilmeli.",1,okunabilmeli,1,0,,0,0,,1,13,0,0,0,0,0,0,0,0,0,"{""6"": [], ""7"": []}",0.0,0.0,0.0,,0.0,0.0,0.0,,0.0,0.0
yenicag:948280,yenicag,2025-08-26,2,33,3266,3384,"Gelecekte bizi bekleyen başka bir mesele de şudur: İnsanlar zamanla, bu sistemlere körü körüne güvenmeye başlayabilir.",0,,0,0,,0,0,,0,19,0,0,0,0,0,0,0,0,0,"{""6"": [], ""7"": []}",0.0,0.0,0.0,,0.0,0.0,0.0,,0.0,0.0
yenicag:948280,yenicag,2025-08-26,2,34,3385,3486,“Nasıl olsa algoritma karar verdi” diyerek eleştirel düşünme reflekslerini kaybetme riski oluşabilir.,0,,0,0,,0,0,,0,13,0,0,0,0,0,0,0,0,0,"{""6"": [], ""7"": []}",0.0,0.0,0.0,,0.0,0.0,0.0,,0.0,0.0
yenicag:948280,yenicag,2025-08-26,2,35,3487,3535,Bu da aslında etik sorunu daha da derinleştirir.,0,,0,0,,0,0,,0,9,0,0,0,0,0,0,0,0,0,"{""6"": [], ""7"": []}",0.0,0.0,0.0,,0.0,0.0,0.0,,0.0,0.0
yenicag:948280,yenicag,2025-08-26,2,36,3536,3627,"Çünkü artık sadece algoritmanın değil, insanın da pasifleştiği bir yapay etik düzeni doğar.",0,,0,0,,0,0,,0,15,0,0,0,0,0,0,0,0,0,"{""6"": [], ""7"": []}",0.0,0.0,0.0,,0.0,0.0,0.0,,0.0,0.0
yenicag:948280,yenicag,2025-08-26,2,37,3628,3721,"İnsanların kendilerini etik sorumluluktan muaf görmesi, toplumsal duyarlılığı zayıflatabilir.",0,,0,0,,0,0,,0,11,0,0,0,0,0,0,0,0,0,"{""6"": [], ""7"": []}",0.0,0.0,0.0,,0.0,0.0,0.0,,0.0,0.0
yenicag:948280,yenicag,2025-08-26,2,38,3722,3815,"Bu da bizi, etik kararların makinelere bırakıldığı, sorgusuz bir toplum yapısına götürebilir.",1,bırakıldığı,1,0,,0,0,,1,15,0,0,0,0,0,0,0,0,0,"{""6"": [], ""7"": []}",0.0,0.0,0.0,,0.0,0.0,0.0,,0.0,0.0
yenicag:948280,yenicag,2025-08-26,2,39,3817,3901,"Bir başka önemli boyut da, yapay zekânın farklı kültürel yapılar içindeki işlevidir.",0,,0,0,,0,0,,0,17,0,0,0,0,0,0,0,0,0,"{""6"": [], ""7"": []}",0.0,0.0,0.0,,0.0,0.0,0.0,,0.0,0.0
yenicag:948280,yenicag,2025-08-26,2,40,3902,4031,"Örneğin Batı merkezli değerlerle eğitilmiş bir algoritma, Ortadoğu veya Asya toplumlarında tepki çekebilecek sonuçlar üretebilir.",1,eğitilmiş,1,1,eğitilmiş,1,0,,1,17,0,0,0,0,0,0,0,0,0,"{""6"": [], ""7"": []}",0.0,0.0,0.0,,0.0,0.0,0.0,,0.0,0.0
yenicag:948280,yenicag,2025-08-26,2,41,4032,4192,"Bu bağlamda, yapay zekâ geliştiricilerinin kültürel çeşitliliği göz önünde bulundurması, etik kararların yerel bağlamlara göre esnek olmasını sağlaması gerekir.",1,bulundurması,1,0,,0,0,,1,22,0,0,0,0,0,0,0,0,0,"{""6"": [], ""7"": []}",0.0,0.0,0.0,,0.0,0.0,0.0,,0.0,0.0
yenicag:948280,yenicag,2025-08-26,2,42,4193,4294,"Aksi takdirde, evrensellik iddiası taşıyan sistemler, yerel düzeyde etik dışı sonuçlara yol açabilir.",0,,0,0,,0,0,,0,16,0,0,0,0,0,0,0,0,0,"{""6"": [], ""7"": []}",0.0,0.0,0.0,,0.0,0.0,0.0,,0.0,0.0
yenicag:948280,yenicag,2025-08-26,2,43,4296,4436,"Sonuç olarak, yapay zekânın karar alma süreçlerinde etik sorular, sadece yazılım satırlarına sığdırılamayacak kadar derin ve çok boyutludur.",1,sığdırılamayacak,1,0,,0,0,,1,23,0,0,0,0,0,0,0,0,0,"{""6"": [], ""7"": []}",0.0,0.0,0.0,,0.0,0.0,0.0,,0.0,0.0
yenicag:948280,yenicag,2025-08-26,2,44,4437,4528,"Bu sürece felsefeciler, sosyologlar, hukukçular ve geliştiriciler birlikte dahil olmalıdır.",0,,0,0,,0,0,,0,14,0,0,0,0,0,0,0,0,0,"{""6"": [], ""7"": []}",0.0,0.0,0.0,,0.0,0.0,0.0,,0.0,0.0
yenicag:948280,yenicag,2025-08-26,2,45,4529,4612,"“Doğru” kararlara ulaşmak için, önce “kimin doğrusu” sorusunu cesaretle sormalıyız.",0,,0,0,,0,0,,0,12,0,0,0,0,0,0,0,0,0,"{""6"": [], ""7"": []}",0.0,0.0,0.0,,0.0,0.0,0.0,,0.0,0.0
yenicag:948280,yenicag,2025-08-26,2,46,4613,4736,"Aksi takdirde, algoritmalar bizim yerimize karar verirken, hangi değerleri yönlendirdiklerinin farkında bile olmayabiliriz.",0,,0,0,,0,0,,0,16,0,0,0,0,0,1,0,0,0,"{""6"": [""Manipulative Wording""], ""7"": []}",0.0,0.0,0.0,,1.0,1.0,1.0,,0.0,1.0
yenicag:948280,yenicag,2025-08-26,2,47,4737,4797,"Ve belki de en büyük tehlike, bu farkındalığın eksikliğidir.",0,,0,0,,0,0,,0,12,0,0,0,0,0,1,0,0,0,"{""6"": [""Manipulative Wording""], ""7"": []}",0.0,0.0,0.0,,1.0,1.0,1.0,,0.0,1.0
yenicag:948280,yenicag,2025-08-26,2,48,4798,4891,"Yapay zekâyı insana yaklaştırmanın yolu, ona sadece bilgi değil; vicdan da öğretmekten geçer.",0,,0,0,,0,0,,0,16,0,0,0,0,1,0,0,0,0,"{""6"": [""Justification""], ""7"": []}",0.0,0.0,0.0,,1.0,1.0,1.0,,0.0,1.0
